"figure","mass","amplitude","toys_per_hypothesis","tail_3nu","tail_4nu","p3_corrected","p4_corrected","cls_corrected","q","observed_test_statistic","tested_point_index","figure_point_index"
"fig3a","0.01","0.0001","5000","2696","2651","0.5392921415716857","0.5302939412117577","0.9833147942157953","0.5033293341331734","-0.0002113178713045727","0","0"
"fig3a","0.01","0.00011659144011798323","5000","2691","2706","0.5382923415316937","0.5412917416516697","1.0","0.514377124575085","-0.0002463774264640506","1","1"
"fig3a","0.01","0.00013593563908785255","5000","2709","2758","0.5418916216756648","0.5516896620675865","1.0","0.5245950809838033","-0.0002872534626305878","2","2"
"fig3a","0.01","0.00015848931924611142","5000","2712","2679","0.5424915016996601","0.5358928214357128","0.9878363435311462","0.5087682463507298","-0.00033491087350512316","3","3"
"fig3a","0.01","0.00018478497974222906","5000","2653","2626","0.5306938612277544","0.5252949410117976","0.9898266767143934","0.4987602479504099","-0.00039047458889740483","4","4"
"fig3a","0.01","0.00021544346900318845","5000","2661","2710","0.5322935412917417","0.5420915816836632","1.0","0.5154769046190761","-0.0004552561114223863","5","5"
"fig3a","0.01","0.00025118864315095795","5000","2693","2662","0.5386922615476905","0.53249350129974","0.9884929472902747","0.5055588882223555","-0.0005307844432422826","6","6"
"fig3a","0.01","0.00029286445646252375","5000","2689","2652","0.5378924215156968","0.530493901219756","0.9862453531598513","0.5035992801439712","-0.0006188421397155253","7","7"
"fig3a","0.01","0.0003414548873833601","5000","2755","2793","0.5510897820435913","0.5586882623475304","1.0","0.5311337732453508","-0.0007215073297288654","8","8"
"fig3a","0.01","0.00039810717055349735","5000","2732","2734","0.5464907018596281","0.5468906218756249","1.0","0.5195660867826435","-0.0008412026912765214","9","9"
"fig3a","0.01","0.00046415888336127773","5000","2733","2728","0.5466906618676265","0.5456908618276345","0.9981711777615215","0.5183563287342532","-0.000980752531518192","10","10"
"fig3a","0.01","0.0005411695265464637","5000","2730","2692","0.5460907818436312","0.5384923015396921","0.9860856829000367","0.5111877624475105","-0.0011434493040951565","11","11"
"fig3a","0.01","0.000630957344480193","5000","2724","2732","0.5448910217956409","0.5464907018596281","1.0","0.519246150769846","-0.0013331311191961959","12","12"
"fig3a","0.01","0.0007356422544596414","5000","2706","2692","0.5412917416516697","0.5384923015396921","0.9948282231252308","0.5114277144571086","-0.0015542720601899873","13","13"
"fig3a","0.01","0.0008576958985908946","5000","2699","2814","0.5398920215956808","0.562887422515497","1.0","0.5358928214357129","-0.0018120874023566103","14","14"
"fig3a","0.01","0.001","5000","2787","2777","0.5574885022995401","0.555488902219556","0.996413199426112","0.5276144771045791","-0.0021126561850906","15","15"
"fig3a","0.01","0.001165914401179831","5000","2829","2823","0.5658868226354729","0.5646870625874825","0.9978798586572438","0.5363927214557088","-0.0024630639729252835","16","16"
"fig3a","0.01","0.0013593563908785254","5000","2814","2809","0.562887422515497","0.5618876224755049","0.9982238010657194","0.5337432513497301","-0.0028715691090610562","17","17"
"fig3a","0.01","0.001584893192461114","5000","2875","2820","0.5750849830033993","0.5640871825634873","0.9808762169680113","0.5353329334133173","-0.003347796284231208","18","18"
"fig3a","0.01","0.0018478497974222907","5000","2836","2890","0.5672865426914617","0.5780843831233753","1.0","0.5497200559888022","-0.003902961855203557","19","19"
"fig3a","0.01","0.002154434690031882","5000","2928","3003","0.5856828634273146","0.6006798640271945","1.0","0.5713957208558288","-0.004550136056764131","20","20"
"fig3a","0.01","0.0025118864315095794","5000","2926","2921","0.5852829434113177","0.5842831433713257","0.9982917663136317","0.5550189962007598","-0.005304548043426394","21","21"
"fig3a","0.01","0.0029286445646252374","5000","2883","3053","0.5766846630673865","0.6106778644271146","1.0","0.5818436312737453","-0.006183940632126905","22","22"
"fig3a","0.01","0.003414548873833601","5000","3043","3070","0.6086782643471306","0.6140771845630874","1.0","0.5836432713457308","-0.007208982661268237","23","23"
"fig3a","0.01","0.003981071705534973","5000","3079","3050","0.615876824635073","0.6100779844031193","0.9905844155844156","0.5792841431713657","-0.008403748081491358","24","24"
"fig3a","0.01","0.004641588833612782","5000","3055","3112","0.6110777844431113","0.6224755048990201","1.0","0.5919216156768646","-0.009796272245665705","25","25"
"fig3a","0.01","0.0054116952654646375","5000","3153","3097","0.6306738652269546","0.6194761047790442","0.9822447685478759","0.5879424115176966","-0.011419197390296176","26","26"
"fig3a","0.01","0.006309573444801929","5000","3146","3171","0.6292741451709658","0.6342731453709258","1.0","0.6028094381123775","-0.013310520988454755","27","27"
"fig3a","0.01","0.007356422544596414","5000","3164","3176","0.6328734253149371","0.6352729454109178","1.0","0.603629274145171","-0.015514462532109974","28","28"
"fig3a","0.01","0.008576958985908946","5000","3253","3190","0.6506698660267947","0.6380723855228955","0.980639213275968","0.6055388922215558","-0.018082466348147364","29","29"
"fig3a","0.01","0.01","5000","3213","3337","0.6426714657068586","0.6674665066986603","1.0","0.6353329334133173","-0.021074360226180033","30","30"
"fig3a","0.01","0.01165914401179831","5000","3343","3326","0.6686662667466506","0.6652669466106779","0.9949162679425838","0.6318336332733453","-0.02455969194448926","31","31"
"fig3a","0.01","0.013593563908785255","5000","3367","3315","0.6734653069386123","0.6630673865226955","0.984560570071259","0.6293941211757649","-0.02861926809396209","32","32"
"fig3a","0.01","0.01584893192461114","5000","3433","3388","0.6866626674665067","0.6776644671065787","0.9868957483983692","0.6433313337332534","-0.033346921823920184","33","33"
"fig3a","0.01","0.018478497974222907","5000","3443","3430","0.6886622675464907","0.6860627874425115","0.9962253193960511","0.6516296740651869","-0.038851538113135575","34","34"
"fig3a","0.01","0.021544346900318843","5000","3492","3469","0.6984603079384123","0.6938612277544491","0.9934154022330376","0.6589382123575285","-0.045259366575692184","35","35"
"fig3a","0.01","0.025118864315095794","5000","3474","3424","0.6948610277944411","0.6848630273945211","0.9856115107913669","0.6501199760047991","-0.05271665231430234","36","36"
"fig3a","0.01","0.029286445646252372","5000","3562","3527","0.7124575084983004","0.7054589082183563","0.9901768172888016","0.6698360327934413","-0.06139261435984622","37","37"
"fig3a","0.01","0.034145488738336005","5000","3570","3562","0.7140571885622875","0.7124575084983004","0.9977597311677402","0.676754649070186","-0.07148279797684154","38","38"
"fig3a","0.01","0.039810717055349734","5000","3593","3555","0.7186562687462508","0.7110577884423115","0.9894268224819142","0.6751249750049989","-0.08321282055794654","39","39"
"fig3a","0.01","0.046415888336127774","5000","3648","3512","0.7296540691861627","0.7024595080983803","0.9627295149355989","0.6659768046390722","-0.09684251938566035","40","40"
"fig3a","0.01","0.054116952654646375","5000","3618","3638","0.7236552689462108","0.7276544691061788","1.0","0.6914717056588683","-0.11267049128827011","41","41"
"fig3a","0.01","0.0630957344480193","5000","3652","3585","0.7304539092181563","0.7170565886822635","0.9816589104845332","0.6805338932213557","-0.13103898626110322","42","42"
"fig3a","0.01","0.07356422544596414","5000","3651","3635","0.730253949210158","0.7270545890821836","0.9956188389923329","0.6905418916216757","-0.15233907590896933","43","43"
"fig3a","0.01","0.08576958985908938","5000","3632","3605","0.7264547090581883","0.7210557888422315","0.9925681255161024","0.6847330533893221","-0.1770159580351276","44","44"
"fig3a","0.01","0.1","5000","3643","3559","0.7286542691461708","0.7118576284743051","0.9769484083424806","0.6754249150169965","-0.20557417445346005","45","45"
"fig3a","0.01","0.11659144011798311","5000","3707","3559","0.7414517096580684","0.7118576284743051","0.9600862998921251","0.6747850429914017","-0.23858240162772404","46","46"
"fig3a","0.01","0.13593563908785256","5000","3655","3581","0.7310537892421516","0.7162567486502699","0.9797592997811815","0.6797040591881623","-0.2766773121521169","47","47"
"fig3a","0.01","0.1584893192461114","5000","3724","3462","0.7448510297940412","0.6924615076984603","0.9296644295302013","0.6552189562087583","-0.3205657855562549","48","48"
"fig3a","0.01","0.18478497974222907","5000","3636","3516","0.727254549090182","0.7032593481303739","0.9670057739895519","0.6668966206758649","-0.3710244521510617","49","49"
"fig3a","0.01","0.21544346900318845","5000","3708","3528","0.7416516696660668","0.7056588682263547","0.9514693987597735","0.6685762847430514","-0.4288951625982804","50","50"
"fig3a","0.01","0.25118864315095796","5000","3642","3504","0.7284543091381723","0.7008598280343932","0.962119132583036","0.6644371125774846","-0.4950744635337969","51","51"
"fig3a","0.01","0.29286445646252374","5000","3620","3365","0.7240551889622076","0.6730653869226155","0.9295774647887325","0.6368626274745052","-0.570494497465404","52","52"
"fig3a","0.01","0.34145488738336005","5000","3634","3328","0.7268546290741852","0.6656668666266746","0.9158184319119669","0.6293241351729654","-0.6560919024499299","53","53"
"fig3a","0.01","0.3981071705534973","5000","3622","3285","0.7244551089782043","0.6570685862827434","0.9069831631244826","0.6208458308338333","-0.752760233572161","54","54"
"fig3a","0.01","0.46415888336127775","5000","3606","3207","0.7212557488502299","0.6414717056588682","0.889381757693374","0.6054089182163568","-0.8612801389823801","55","55"
"fig3a","0.01","0.5411695265464638","5000","3530","3156","0.7060587882423516","0.6312737452509498","0.8940809968847352","0.5959708058388322","-0.9822199866301276","56","56"
"fig3a","0.01","0.630957344480193","5000","3595","2950","0.7190561887622475","0.5900819836032793","0.8206340378197998","0.5541291741651669","-1.115797867338074","57","57"
"fig3a","0.01","0.7356422544596414","5000","3545","2867","0.7090581883623275","0.5734853029394121","0.8087986463620982","0.5380323935212957","-1.2616939509920542","58","58"
"fig3a","0.01","0.8576958985908937","5000","3488","2627","0.6976604679064187","0.525494901019796","0.7532244196044712","0.49061187762447506","-1.4188001650392437","59","59"
"fig3a","0.01","1.0","5000","3427","2468","0.6854629074185163","0.4937012597480504","0.72024504084014","0.4594281143771246","-1.5848923086723516","60","60"
"fig3a","0.011659144011798317","0.0001","5000","2649","2642","0.5298940211957609","0.528494301139772","0.9973584905660376","0.501999600079984","-0.0002871691679047217","61","61"
"fig3a","0.011659144011798317","0.00011659144011798323","5000","2637","2668","0.52749450109978","0.5336932613477304","1.0","0.5073185362927415","-0.0003348125944171443","62","62"
"fig3a","0.011659144011798317","0.00013593563908785255","5000","2609","2701","0.5218956208758249","0.5402919416116777","1.0","0.5141971605678864","-0.0003903600056673895","63","63"
"fig3a","0.011659144011798317","0.00015848931924611142","5000","2730","2693","0.5460907818436312","0.5386922615476905","0.9864518491395093","0.5113877224555089","-0.00045512251955415195","64","64"
"fig3a","0.011659144011798317","0.00018478497974222906","5000","2616","2684","0.5232953409318136","0.5368926214757048","1.0","0.5107278544291142","-0.0005306286894892764","65","65"
"fig3a","0.011659144011798317","0.00021544346900318845","5000","2601","2623","0.5202959408118376","0.5246950609878024","1.0","0.4986802639472105","-0.0006186605487528141","66","66"
"fig3a","0.011659144011798317","0.00025118864315095795","5000","2695","2617","0.5390921815636872","0.523495300939812","0.9710682492581603","0.49654069186162764","-0.0007212956155342454","67","67"
"fig3a","0.011659144011798317","0.00029286445646252375","5000","2744","2748","0.5488902219556089","0.5496900619876025","1.0","0.522245550889822","-0.0008409558590756205","68","68"
"fig3a","0.011659144011798317","0.0003414548873833601","5000","2754","2798","0.5508898220355929","0.5596880623875224","1.0","0.5321435712857427","-0.0009804647573332659","69","69"
"fig3a","0.011659144011798317","0.00039810717055349735","5000","2638","2662","0.5276944611077784","0.53249350129974","1.0","0.5061087782443511","-0.0011431137984345696","70","70"
"fig3a","0.011659144011798317","0.00046415888336127773","5000","2714","2679","0.5428914217156569","0.5358928214357128","0.9871086556169428","0.50874825034993","-0.0013327399685181263","71","71"
"fig3a","0.011659144011798317","0.0005411695265464637","5000","2724","2735","0.5448910217956409","0.5470905818836233","1.0","0.5198460307938412","-0.0015538160393475664","72","72"
"fig3a","0.011659144011798317","0.000630957344480193","5000","2737","2705","0.5474905018996201","0.5410917816436712","0.9883126369612855","0.5137172565486903","-0.0018115557584224007","73","73"
"fig3a","0.011659144011798317","0.0007356422544596414","5000","2800","2716","0.5600879824035193","0.5432913417316537","0.9700107104605499","0.5152869426114778","-0.0021120363838633693","74","74"
"fig3a","0.011659144011798317","0.0008576958985908946","5000","2797","2804","0.5594881023795241","0.5608878224355129","1.0","0.5329134173165367","-0.0024623414064421922","75","75"
"fig3a","0.011659144011798317","0.001","5000","2868","2748","0.5736852629474105","0.5496900619876025","0.9581735796444755","0.521005798840232","-0.0028707267516665524","76","76"
"fig3a","0.011659144011798317","0.001165914401179831","5000","2794","2808","0.5588882223555289","0.5616876624675065","1.0","0.53374325134973","-0.0033468142942183476","77","77"
"fig3a","0.011659144011798317","0.0013593563908785254","5000","2816","2822","0.5632873425314937","0.5644871025794841","1.0","0.5363227354529094","-0.003901817111056971","78","78"
"fig3a","0.011659144011798317","0.001584893192461114","5000","2865","2863","0.5730853829234153","0.5726854629074185","0.9993021632937893","0.5440311937612478","-0.004548801616635956","79","79"
"fig3a","0.011659144011798317","0.0018478497974222907","5000","2839","2874","0.5678864227154569","0.5748850229954009","1.0","0.546490701859628","-0.005302992518863903","80","80"
"fig3a","0.011659144011798317","0.002154434690031882","5000","2963","2969","0.5926814637072585","0.593881223755249","1.0","0.5642471505698861","-0.00618212745615665","81","81"
"fig3a","0.011659144011798317","0.0025118864315095794","5000","2984","2945","0.596880623875225","0.5890821835632873","0.986934673366834","0.5592381523695261","-0.007206869240860669","82","82"
"fig3a","0.011659144011798317","0.0029286445646252374","5000","3027","2944","0.6054789042191562","0.588882223555289","0.9725891677675034","0.5586082783443311","-0.0084012848127486","83","83"
"fig3a","0.011659144011798317","0.003414548873833601","5000","3005","3003","0.6010797840431914","0.6006798640271945","0.9993346640053226","0.570625874825035","-0.009793401370416177","84","84"
"fig3a","0.011659144011798317","0.003981071705534973","5000","3033","3058","0.6066786642671466","0.6116776644671066","1.0","0.5813437312537493","-0.011415851670591337","85","85"
"fig3a","0.011659144011798317","0.004641588833612782","5000","3029","3052","0.6058788242351529","0.6104779044191162","1.0","0.5801839632073585","-0.013306622169920956","86","86"
"fig3a","0.011659144011798317","0.0054116952654646375","5000","3130","3144","0.6260747850429914","0.628874225154969","1.0","0.5975704859028195","-0.015509919567477937","87","87"
"fig3a","0.011659144011798317","0.006309573444801929","5000","3205","3192","0.6410717856428714","0.6384723055388922","0.9959451029320026","0.6064187162567487","-0.018077173341680464","88","88"
"fig3a","0.011659144011798317","0.007356422544596414","5000","3203","3158","0.6406718656268746","0.6316736652669466","0.9859550561797752","0.5996400719856029","-0.02106819406239424","89","89"
"fig3a","0.011659144011798317","0.008576958985908946","5000","3246","3189","0.6492701459708058","0.637872425514897","0.9824453341546042","0.6054089182163567","-0.02455250955875954","90","90"
"fig3a","0.011659144011798317","0.01","5000","3301","3286","0.6602679464107178","0.6572685462907418","0.9954572986069049","0.624255148970206","-0.028610903329195025","91","91"
"fig3a","0.011659144011798317","0.01165914401179831","5000","3262","3279","0.6524695060987803","0.6558688262347531","1.0","0.623245350929814","-0.033337181834127705","92","92"
"fig3a","0.011659144011798317","0.013593563908785255","5000","3384","3382","0.6768646270745851","0.6764647070585883","0.9994091580502217","0.6426214757048591","-0.038840199245385065","93","93"
"fig3a","0.011659144011798317","0.01584893192461114","5000","3418","3380","0.6836632673465307","0.6760647870425914","0.988885639075753","0.6418816236752649","-0.045246169684617144","94","94"
"fig3a","0.011659144011798317","0.018478497974222907","5000","3495","3440","0.6990601879624075","0.6880623875224955","0.9842677345537757","0.6531093781243751","-0.05270129745116492","95","95"
"fig3a","0.011659144011798317","0.021544346900318843","5000","3460","3388","0.6920615876824635","0.6776644671065787","0.9791967639410575","0.6430613877224555","-0.06137475477754606","96","96"
"fig3a","0.011659144011798317","0.025118864315095794","5000","3546","3460","0.709258148370326","0.6920615876824635","0.9757541584437552","0.6565986802639472","-0.0714620334252345","97","97"
"fig3a","0.011659144011798317","0.029286445646252372","5000","3576","3471","0.715256948610278","0.6942611477704459","0.9706457925636007","0.658498300339932","-0.08318868983113248","98","98"
"fig3a","0.011659144011798317","0.034145488738336005","5000","3585","3517","0.7170565886822635","0.7034593081383723","0.981037367540435","0.6676064787042592","-0.09681449214127724","99","99"
"fig3a","0.011659144011798317","0.039810717055349734","5000","3552","3592","0.7104579084183164","0.7184563087382524","1.0","0.6829334133173366","-0.11263795917915331","100","100"
"fig3a","0.011659144011798317","0.046415888336127774","5000","3593","3515","0.7186562687462508","0.7030593881223756","0.9782971619365609","0.667126574685063","-0.13100125351064662","101","101"
"fig3a","0.011659144011798317","0.054116952654646375","5000","3616","3592","0.7232553489302139","0.7184563087382524","0.9933646668509816","0.6822935412917417","-0.15229534953758161","102","102"
"fig3a","0.011659144011798317","0.0630957344480193","5000","3677","3552","0.7354529094181164","0.7104579084183164","0.9660141381185428","0.6736852629474105","-0.17696533810448045","103","103"
"fig3a","0.011659144011798317","0.07356422544596414","5000","3611","3538","0.7222555488902219","0.7076584683063387","0.9797895902547066","0.6715456908618276","-0.2055156448698483","104","104"
"fig3a","0.011659144011798317","0.08576958985908938","5000","3623","3544","0.7246550689862028","0.7088582283543291","0.9782008830022074","0.672625474905019","-0.2385148223310125","105","105"
"fig3a","0.011659144011798317","0.1","5000","3624","3583","0.7248550289942012","0.7166566686662668","0.9886896551724138","0.6804139172165568","-0.27659941386482956","106","106"
"fig3a","0.011659144011798317","0.11659144011798311","5000","3714","3557","0.7428514297140572","0.7114577084583084","0.9577388963660836","0.6743151369726055","-0.32047616876542406","107","107"
"fig3a","0.011659144011798317","0.13593563908785256","5000","3657","3548","0.7314537092581483","0.7096580683863227","0.9702022963367961","0.6730853829234154","-0.3709215926280933","108","108"
"fig3a","0.011659144011798317","0.1584893192461114","5000","3644","3412","0.7288542291541692","0.6824635072985403","0.9363511659807956","0.6460207958408318","-0.42877742661124785","109","109"
"fig3a","0.011659144011798317","0.18478497974222907","5000","3709","3348","0.7418516296740651","0.6696660667866426","0.9026954177897574","0.6325734853029394","-0.4949401369833879","110","110"
"fig3a","0.011659144011798317","0.21544346900318845","5000","3636","3413","0.727254549090182","0.6826634673065387","0.9386857299972505","0.6463007398520296","-0.5703418345354976","111","111"
"fig3a","0.011659144011798317","0.25118864315095796","5000","3643","3301","0.7286542691461708","0.6602679464107178","0.9061470911086718","0.6238352329534093","-0.6559192010695369","112","112"
"fig3a","0.011659144011798317","0.29286445646252374","5000","3636","3293","0.727254549090182","0.6586682663467307","0.9056915039868024","0.6223055388922216","-0.7525659470102823","113","113"
"fig3a","0.011659144011798317","0.34145488738336005","5000","3545","3153","0.7090581883623275","0.6306738652269546","0.8894529046813311","0.5952209558088382","-0.8610630352947339","114","114"
"fig3a","0.011659144011798317","0.3981071705534973","5000","3542","3058","0.7084583083383323","0.6116776644671066","0.8633926051368896","0.5762547490501899","-0.9819793703659911","115","115"
"fig3a","0.011659144011798317","0.46415888336127775","5000","3582","2958","0.7164567086582684","0.5916816636672666","0.825844264582752","0.5558588282343532","-1.11553388072943","116","116"
"fig3a","0.011659144011798317","0.5411695265464638","5000","3522","2770","0.7044591081783643","0.5540891821635673","0.78654555776327","0.5188662267546491","-1.2614079745559366","117","117"
"fig3a","0.011659144011798317","0.630957344480193","5000","3530","2648","0.7060587882423516","0.5296940611877624","0.7502124044180118","0.4943911217756448","-1.4184953396601259","118","118"
"fig3a","0.011659144011798317","0.7356422544596414","5000","3412","2408","0.6824635072985403","0.48170365926814634","0.7058306475241722","0.4475804839032193","-1.5845742021284082","119","119"
"fig3a","0.011659144011798317","0.8576958985908937","5000","3402","2195","0.6804639072185563","0.4391121775644871","0.6453129591536879","0.4050889822035593","-1.7558857817262776","120","120"
"fig3a","0.011659144011798317","1.0","5000","3246","1956","0.6492701459708058","0.39132173565286943","0.6027101940252542","0.3588582283543291","-1.9266022618520537","121","121"
"fig3a","0.013593563908785255","0.0001","5000","2696","2662","0.5392921415716857","0.53249350129974","0.9873934000741564","0.5055288942211558","-0.0003902043044377024","122","122"
"fig3a","0.013593563908785255","0.00011659144011798323","5000","2704","2736","0.5408918216356728","0.5472905418916216","1.0","0.520245950809838","-0.00045494098853282594","123","123"
"fig3a","0.013593563908785255","0.00013593563908785255","5000","2753","2669","0.5506898620275945","0.5338932213557288","0.9694989106753811","0.5063587282543491","-0.0005304170442741452","124","124"
"fig3a","0.013593563908785255","0.00015848931924611142","5000","2698","2693","0.5396920615876825","0.5386922615476905","0.9981474620229714","0.5117076584683063","-0.0006184137940863366","125","125"
"fig3a","0.013593563908785255","0.00018478497974222906","5000","2756","2654","0.5512897420515896","0.5308938212357528","0.9630032644178455","0.5033293341331733","-0.0007210079290018712","126","126"
"fig3a","0.013593563908785255","0.00021544346900318845","5000","2669","2703","0.5338932213557288","0.5406918616276745","1.0","0.5139972005598881","-0.0008406204516973048","127","127"
"fig3a","0.013593563908785255","0.00025118864315095795","5000","2630","2693","0.5260947810437913","0.5386922615476905","1.0","0.5123875224955009","-0.0009800737158229822","128","128"
"fig3a","0.013593563908785255","0.00029286445646252375","5000","2674","2717","0.5348930213957208","0.5434913017396521","1.0","0.516746650669866","-0.0011426578977307145","129","129"
"fig3a","0.013593563908785255","0.0003414548873833601","5000","2765","2677","0.5530893821235753","0.5354929014197161","0.9681851048445409","0.5078384323135373","-0.0013322084542721768","130","130"
"fig3a","0.013593563908785255","0.00039810717055349735","5000","2717","2705","0.5434913017396521","0.5410917816436712","0.9955849889624723","0.5139172165566886","-0.0015531963765340606","131","131"
"fig3a","0.013593563908785255","0.00046415888336127773","5000","2678","2690","0.5356928614277144","0.5380923815236952","1.0","0.5113077384523095","-0.0018108333349573513","132","132"
"fig3a","0.013593563908785255","0.0005411695265464637","5000","2754","2701","0.5508898220355929","0.5402919416116777","0.9807622504537206","0.5127474505098981","-0.0021111941687763647","133","133"
"fig3a","0.013593563908785255","0.000630957344480193","5000","2731","2803","0.5462907418516296","0.5606878624275144","1.0","0.533373325334933","-0.0024613595483060635","134","134"
"fig3a","0.013593563908785255","0.0007356422544596414","5000","2771","2781","0.5542891421715657","0.5562887422515497","1.0","0.5285742851429713","-0.0028695821161477397","135","135"
"fig3a","0.013593563908785255","0.0008576958985908946","5000","2798","2743","0.5596880623875224","0.5486902619476105","0.9803501250446589","0.5207058588282344","-0.0033454799192043083","136","136"
"fig3a","0.013593563908785255","0.001","5000","2732","2775","0.5464907018596281","0.5550889822035593","1.0","0.5277644471105779","-0.0039002615780532324","137","137"
"fig3a","0.013593563908785255","0.001165914401179831","5000","2842","2854","0.5684863027394521","0.5708858228354329","1.0","0.5424615076984602","-0.0045469883162923","138","138"
"fig3a","0.013593563908785255","0.0013593563908785254","5000","2805","2836","0.5610877824435113","0.5672865426914617","1.0","0.5392321535692861","-0.005300878797072528","139","139"
"fig3a","0.013593563908785255","0.001584893192461114","5000","2836","2851","0.5672865426914617","0.5702859428114377","1.0","0.5419216156768647","-0.006179663625005105","140","140"
"fig3a","0.013593563908785255","0.0018478497974222907","5000","2913","2887","0.5826834633073386","0.5774845030993802","0.9910775566231984","0.5483503299340132","-0.007203997422749353","141","141"
"fig3a","0.013593563908785255","0.002154434690031882","5000","2909","2924","0.5818836232753449","0.584883023395321","1.0","0.5557888422315537","-0.008397937602950378","142","142"
"fig3a","0.013593563908785255","0.0025118864315095794","5000","2948","2933","0.5896820635872826","0.5866826634673066","0.9949135300101729","0.5571985602879425","-0.00978950028473946","143","143"
"fig3a","0.013593563908785255","0.0029286445646252374","5000","3061","3028","0.6122775444911018","0.6056788642271546","0.989222730241672","0.5750649870025994","-0.011411305341908928","144","144"
"fig3a","0.013593563908785255","0.003414548873833601","5000","3021","3026","0.6042791441711658","0.6052789442111578","1.0","0.5750649870025996","-0.013301324262045","145","145"
"fig3a","0.013593563908785255","0.003981071705534973","5000","3054","3073","0.610877824435113","0.6146770645870826","1.0","0.584133173365327","-0.01550374636050833","146","146"
"fig3a","0.013593563908785255","0.004641588833612782","5000","3083","3090","0.6166766646670666","0.6180763847230554","1.0","0.5872425514897021","-0.0180699809374687","147","147"
"fig3a","0.013593563908785255","0.0054116952654646375","5000","3169","3191","0.633873225354929","0.6382723455308938","1.0","0.6065786842631474","-0.021059815165642704","148","148"
"fig3a","0.013593563908785255","0.006309573444801929","5000","3195","3156","0.6390721855628875","0.6312737452509498","0.9877972465581977","0.5993201359728054","-0.024542749762616722","149","149"
"fig3a","0.013593563908785255","0.007356422544596414","5000","3301","3235","0.6602679464107178","0.6470705858828234","0.9800121138703816","0.6140571885622875","-0.028599536849895912","150","150"
"fig3a","0.013593563908785255","0.008576958985908946","5000","3249","3212","0.649870025994801","0.6424715056988602","0.9886153846153847","0.6099780043991202","-0.03332394661771332","151","151"
"fig3a","0.013593563908785255","0.01","5000","3282","3282","0.6564687062587482","0.6564687062587482","1.0","0.6236452709458108","-0.038824791377351175","152","152"
"fig3a","0.013593563908785255","0.01165914401179831","5000","3379","3214","0.675864827034593","0.642871425714857","0.9511834319526628","0.6090781843631273","-0.04522823701915968","153","153"
"fig3a","0.013593563908785255","0.013593563908785255","5000","3363","3380","0.6726654669066187","0.6760647870425914","1.0","0.6424315136972605","-0.05268043239078679","154","154"
"fig3a","0.013593563908785255","0.01584893192461114","5000","3392","3382","0.6784643071385723","0.6764647070585883","0.9970527556734453","0.6425414917016596","-0.06135048613464278","155","155"
"fig3a","0.013593563908785255","0.018478497974222907","5000","3442","3383","0.6884623075384922","0.6766646670665867","0.9828637815858264","0.642241551689662","-0.0714338173006297","156","156"
"fig3a","0.013593563908785255","0.021544346900318843","5000","3446","3459","0.6892621475704859","0.6918616276744651","1.0","0.6573985202959408","-0.08315589949262403","157","157"
"fig3a","0.013593563908785255","0.025118864315095794","5000","3483","3463","0.6966606678664267","0.6926614677064588","0.9942594718714123","0.6578284343131374","-0.0967764068986412","158","158"
"fig3a","0.013593563908785255","0.029286445646252372","5000","3552","3429","0.7104579084183164","0.6858628274345131","0.965381367858148","0.6503399320135973","-0.11259375233578339","159","159"
"fig3a","0.013593563908785255","0.034145488738336005","5000","3496","3484","0.6992601479704059","0.6968606278744252","0.9965684872748071","0.6618976204759048","-0.13094997954809173","160","160"
"fig3a","0.013593563908785255","0.039810717055349734","5000","3562","3569","0.7124575084983004","0.7138572285542891","1.0","0.6782343531293741","-0.15223593083356945","161","161"
"fig3a","0.013593563908785255","0.046415888336127774","5000","3592","3511","0.7184563087382524","0.7022595480903819","0.9774561647648204","0.6663367326534693","-0.17689655166441298","162","162"
"fig3a","0.013593563908785255","0.054116952654646375","5000","3651","3504","0.730253949210158","0.7008598280343932","0.9597480832420592","0.6643471305738853","-0.20543610982369387","163","163"
"fig3a","0.013593563908785255","0.0630957344480193","5000","3641","3514","0.728254349130174","0.7028594281143771","0.9651290499725425","0.6664467106578684","-0.2384229893017391","164","164"
"fig3a","0.013593563908785255","0.07356422544596414","5000","3646","3539","0.729254149170166","0.7078584283143371","0.9706608171099533","0.6713957208558288","-0.2764935578200607","165","165"
"fig3a","0.013593563908785255","0.08576958985908938","5000","3634","3496","0.7268546290741852","0.6992601479704059","0.9620357634112792","0.6629174165166967","-0.32035438760499346","166","166"
"fig3a","0.013593563908785255","0.1","5000","3661","3483","0.732253549290142","0.6966606678664267","0.9513926815947569","0.6600479904019195","-0.3707818146575619","167","167"
"fig3a","0.013593563908785255","0.11659144011798311","5000","3673","3444","0.7346530693861227","0.6888622275544891","0.937670114316821","0.652129574085183","-0.4286174311710056","168","168"
"fig3a","0.013593563908785255","0.13593563908785256","5000","3654","3369","0.7308538292341532","0.673865226954609","0.9220246238030094","0.6373225354929014","-0.49475759398660557","169","169"
"fig3a","0.013593563908785255","0.1584893192461114","5000","3569","3394","0.7138572285542891","0.6788642271545691","0.9509803921568627","0.6431713657268546","-0.5701343705133013","170","170"
"fig3a","0.013593563908785255","0.18478497974222907","5000","3594","3273","0.7188562287542491","0.6546690661867627","0.9107093184979138","0.6187262547490502","-0.6556845016224315","171","171"
"fig3a","0.013593563908785255","0.21544346900318845","5000","3642","3282","0.7284543091381723","0.6564687062587482","0.9011803458687895","0.6200459908018396","-0.7523019083393763","172","172"
"fig3a","0.013593563908785255","0.25118864315095796","5000","3578","3178","0.7156568686262748","0.6356728654269146","0.8882369376920927","0.5998900219956008","-0.860767980739297","173","173"
"fig3a","0.013593563908785255","0.29286445646252374","5000","3674","3073","0.7348530293941212","0.6146770645870826","0.8364625850340136","0.5779344131173766","-0.9816523515048345","174","174"
"fig3a","0.013593563908785255","0.34145488738336005","5000","3516","3002","0.7032593481303739","0.6004799040191962","0.8538527153824281","0.5653169366126775","-1.1151750864585779","175","175"
"fig3a","0.013593563908785255","0.3981071705534973","5000","3532","2723","0.7064587082583483","0.5446910617876425","0.7710161335975092","0.5093681263747251","-1.2610192752273406","176","176"
"fig3a","0.013593563908785255","0.46415888336127775","5000","3464","2563","0.6928614277144571","0.5126974605078984","0.73997113997114","0.47805438912217557","-1.4180809962777516","177","177"
"fig3a","0.013593563908785255","0.5411695265464638","5000","3396","2507","0.6792641471705659","0.501499700059988","0.7382984986753017","0.4675364927014597","-1.5841417718019102","178","178"
"fig3a","0.013593563908785255","0.630957344480193","5000","3373","2221","0.6746650669866027","0.4443111377724455","0.6585655008891523","0.4105778844231154","-1.7554472488684496","179","179"
"fig3a","0.013593563908785255","0.7356422544596414","5000","3240","1977","0.6480703859228154","0.3955208958208358","0.6103054612773835","0.36311737652469506","-1.9261754182190032","180","180"
"fig3a","0.013593563908785255","0.8576958985908937","5000","3162","1672","0.6324735052989402","0.33453309338132375","0.5289282326904837","0.3029094181163767","-2.087778843263692","181","181"
"fig3a","0.013593563908785255","1.0","5000","3150","1418","0.6300739852029594","0.28374325134973005","0.45033322754681054","0.2522395520895821","-2.2281888958031857","182","182"
"fig3a","0.015848931924611134","0.0001","5000","2658","2649","0.5316936612677464","0.5298940211957609","0.9966152688980822","0.5033093381323736","-0.0005301294893058639","183","183"
"fig3a","0.015848931924611134","0.00011659144011798323","5000","2662","2654","0.53249350129974","0.5308938212357528","0.9969958693203154","0.5042691461707658","-0.0006180785371157071","184","184"
"fig3a","0.015848931924611134","0.00013593563908785255","5000","2717","2693","0.5434913017396521","0.5386922615476905","0.9911699779249448","0.5115176964607079","-0.0007206170592155559","185","185"
"fig3a","0.015848931924611134","0.00015848931924611142","5000","2722","2701","0.5444911017796441","0.5402919416116777","0.9922879177377892","0.5130673865226955","-0.0008401647459663764","186","186"
"fig3a","0.015848931924611134","0.00018478497974222906","5000","2718","2682","0.5436912617476505","0.5364927014597081","0.9867598381757999","0.5093081383723256","-0.0009795424216463289","187","187"
"fig3a","0.015848931924611134","0.00021544346900318845","5000","2754","2702","0.5508898220355929","0.5404919016196761","0.981125226860254","0.5129474105178964","-0.0011420384813618512","188","188"
"fig3a","0.015848931924611134","0.00025118864315095795","5000","2685","2727","0.5370925814837033","0.5454909018196361","1.0","0.518636272745451","-0.001331486305502949","189","189"
"fig3a","0.015848931924611134","0.00029286445646252375","5000","2705","2689","0.5410917816436712","0.5378924215156968","0.9940872135994088","0.5108378324335132","-0.0015523544630582364","190","190"
"fig3a","0.015848931924611134","0.0003414548873833601","5000","2782","2733","0.556488702259548","0.5466906618676265","0.9823931009701762","0.5188662267546491","-0.0018098518042961587","191","191"
"fig3a","0.015848931924611134","0.00039810717055349735","5000","2786","2677","0.5572885422915417","0.5354929014197161","0.9608898457122355","0.507628474305139","-0.0021100498805139978","192","192"
"fig3a","0.015848931924611134","0.00046415888336127773","5000","2773","2752","0.5546890621875625","0.5504899020195961","0.9924297043979813","0.522755448910218","-0.002460025533082444","193","193"
"fig3a","0.015848931924611134","0.0005411695265464637","5000","2763","2758","0.5526894621075785","0.5516896620675865","0.998191027496382","0.5240551889622076","-0.002868026939665924","194","194"
"fig3a","0.015848931924611134","0.000630957344480193","5000","2782","2802","0.556488702259548","0.5604879024195161","1.0","0.5326634673065387","-0.0033436669502577843","195","195"
"fig3a","0.015848931924611134","0.0007356422544596414","5000","2746","2781","0.5492901419716056","0.5562887422515497","1.0","0.5288242351529694","-0.0038981481290818465","196","196"
"fig3a","0.015848931924611134","0.0008576958985908946","5000","2703","2794","0.5406918616276745","0.5588882223555289","1.0","0.5318536292741453","-0.004544524647485559","197","197"
"fig3a","0.015848931924611134","0.001","5000","2807","2791","0.5614877024595081","0.5582883423315337","0.9943019943019943","0.5302139572085582","-0.005298006957275447","198","198"
"fig3a","0.015848931924611134","0.001165914401179831","5000","2796","2798","0.5592881423715257","0.5596880623875224","1.0","0.5317236552689462","-0.006176316102255441","199","199"
"fig3a","0.015848931924611134","0.0013593563908785254","5000","2869","2883","0.5738852229554089","0.5766846630673865","1.0","0.5479904019196161","-0.0072000955816236","200","200"
"fig3a","0.015848931924611134","0.001584893192461114","5000","2905","2887","0.5810837832433513","0.5774845030993802","0.993805918788713","0.5484303139372126","-0.008393389862646927","201","201"
"fig3a","0.015848931924611134","0.0018478497974222907","5000","2922","2887","0.5844831033793242","0.5774845030993802","0.9880260006842285","0.5482603479304139","-0.00978420001018776","202","202"
"fig3a","0.015848931924611134","0.002154434690031882","5000","2902","2954","0.5804839032193562","0.590881823635273","1.0","0.5618576284743052","-0.011405128395438169","203","203"
"fig3a","0.015848931924611134","0.0025118864315095794","5000","3008","3004","0.6016796640671865","0.6008798240351929","0.998670654702559","0.5707958408318335","-0.013294126167750164","204","204"
"fig3a","0.015848931924611134","0.0029286445646252374","5000","2997","3006","0.5994801039792041","0.6012797440511898","1.0","0.5713057388522296","-0.015495359021286959","205","205"
"fig3a","0.015848931924611134","0.003414548873833601","5000","3008","3035","0.6016796640671865","0.6070785842831433","1.0","0.576994601079784","-0.01806020884373538","206","206"
"fig3a","0.015848931924611134","0.003981071705534973","5000","3068","3021","0.6136772645470906","0.6042791441711658","0.9846855653307266","0.5735952809438113","-0.02104843101511733","207","207"
"fig3a","0.015848931924611134","0.004641588833612782","5000","3154","3083","0.6308738252349531","0.6166766646670666","0.9774960380348653","0.585132973405319","-0.024529489417858485","208","208"
"fig3a","0.015848931924611134","0.0054116952654646375","5000","3123","3087","0.6246750649870026","0.6174765046990602","0.9884763124199744","0.58624275144971","-0.028584093541354605","209","209"
"fig3a","0.015848931924611134","0.006309573444801929","5000","3156","3210","0.6312737452509498","0.6420715856828634","1.0","0.6105078984203158","-0.033305964294498835","210","210"
"fig3a","0.015848931924611134","0.007356422544596414","5000","3122","3166","0.6244751049790042","0.6332733453309338","1.0","0.6020495900819837","-0.0388038571110485","211","211"
"fig3a","0.015848931924611134","0.008576958985908946","5000","3214","3249","0.642871425714857","0.649870025994801","1.0","0.6177264547090582","-0.04520387234771306","212","212"
"fig3a","0.015848931924611134","0.01","5000","3289","3238","0.6578684263147371","0.6476704659068186","0.9844984802431611","0.6147770445910818","-0.05265208350874673","213","213"
"fig3a","0.015848931924611134","0.01165914401179831","5000","3267","3347","0.6534693061387723","0.6694661067786443","1.0","0.6367926414717057","-0.06131751282850928","214","214"
"fig3a","0.015848931924611134","0.013593563908785255","5000","3379","3323","0.675864827034593","0.6646670665866826","0.9834319526627219","0.630873825234953","-0.07139548056090916","215","215"
"fig3a","0.015848931924611134","0.01584893192461114","5000","3401","3369","0.6802639472105579","0.673865226954609","0.990593768371546","0.6398520295940812","-0.08311134775192386","216","216"
"fig3a","0.015848931924611134","0.018478497974222907","5000","3420","3434","0.6840631873625275","0.6868626274745051","1.0","0.6526594681063788","-0.09672466091762999","217","217"
"fig3a","0.015848931924611134","0.021544346900318843","5000","3363","3353","0.6726654669066187","0.6706658668266346","0.9970273483947681","0.6370325934813037","-0.11253368882523773","218","218"
"fig3a","0.015848931924611134","0.025118864315095794","5000","3456","3389","0.6912617476504699","0.6778644271145771","0.9806190338443738","0.6433013397320536","-0.13088031374985576","219","219"
"fig3a","0.015848931924611134","0.029286445646252372","5000","3493","3424","0.6986602679464107","0.6848630273945211","0.9802518603319977","0.6499300139972005","-0.1521551984639018","220","220"
"fig3a","0.015848931924611134","0.034145488738336005","5000","3552","3419","0.7104579084183164","0.6838632273545291","0.9625668449197861","0.6483403319336133","-0.17680309087137402","221","221"
"fig3a","0.015848931924611134","0.039810717055349734","5000","3643","3448","0.7286542691461708","0.6896620675864827","0.9464873765093303","0.6532293541291742","-0.2053280441812717","222","222"
"fig3a","0.015848931924611134","0.046415888336127774","5000","3602","3526","0.7204559088182364","0.705258948210358","0.9789064668331945","0.6692361527694461","-0.23829821334305734","223","223"
"fig3a","0.015848931924611134","0.054116952654646375","5000","3622","3439","0.7244551089782043","0.6878624275144971","0.9494893734474193","0.6516396720655869","-0.27634972728827734","224","224"
"fig3a","0.015848931924611134","0.0630957344480193","5000","3682","3422","0.7364527094581084","0.6844631073785243","0.9294053760521315","0.6476404719056189","-0.320188917492942","225","225"
"fig3a","0.015848931924611134","0.07356422544596414","5000","3542","3510","0.7084583083383323","0.7020595880823836","0.9909681061247531","0.6666366726654669","-0.37059188930328446","226","226"
"fig3a","0.015848931924611134","0.08576958985908938","5000","3626","3459","0.7252549490101979","0.6918616276744651","0.9539564378274056","0.6555988802239552","-0.4284000322125223","227","227"
"fig3a","0.015848931924611134","0.1","5000","3662","3347","0.7324535092981403","0.6694661067786443","0.914004914004914","0.6328434313137372","-0.4945095539805777","228","228"
"fig3a","0.015848931924611134","0.11659144011798311","5000","3642","3395","0.7284543091381723","0.6790641871625674","0.9321987373044194","0.6426414717056588","-0.5698524625469759","229","229"
"fig3a","0.015848931924611134","0.13593563908785256","5000","3669","3291","0.7338532293541292","0.6582683463307338","0.8970027247956402","0.6215756848630274","-0.6553655783505974","230","230"
"fig3a","0.015848931924611134","0.1584893192461114","5000","3620","3213","0.7240551889622076","0.6426714657068586","0.8876001104667219","0.6064687062587483","-0.7519431076677279","231","231"
"fig3a","0.015848931924611134","0.18478497974222907","5000","3575","3160","0.7150569886022795","0.6320735852829434","0.8839485458612977","0.5963207358528295","-0.86036701977946","232","232"
"fig3a","0.015848931924611134","0.21544346900318845","5000","3595","3001","0.7190561887622475","0.6002799440111978","0.8348164627363738","0.5643271345730854","-0.9812079353720833","233","233"
"fig3a","0.015848931924611134","0.25118864315095796","5000","3484","2934","0.6968606278744252","0.586882623475305","0.8421807747489239","0.5520395920815837","-1.1146874637215944","234","234"
"fig3a","0.015848931924611134","0.29286445646252374","5000","3543","2845","0.7086582683463307","0.5690861827634474","0.8030474040632055","0.5336532693461308","-1.2604909768069774","235","235"
"fig3a","0.015848931924611134","0.34145488738336005","5000","3408","2637","0.6816636672665467","0.52749450109978","0.7738339689058374","0.4934113177364527","-1.4175177985585492","236","236"
"fig3a","0.015848931924611134","0.3981071705534973","5000","3365","2395","0.6730653869226155","0.47910417916416714","0.7118241235888294","0.44545090981803637","-1.5835539263941314","237","237"
"fig3a","0.015848931924611134","0.46415888336127775","5000","3404","2249","0.6808638272345531","0.44991001799640074","0.6607929515418502","0.41586682663467306","-1.7548510190869422","238","238"
"fig3a","0.015848931924611134","0.5411695265464638","5000","3277","2060","0.6554689062187562","0.41211757648470304","0.6287370347773032","0.37934413117376525","-1.9255949537781873","239","239"
"fig3a","0.015848931924611134","0.630957344480193","5000","3280","1715","0.6560687862427514","0.34313137372525493","0.52301127704968","0.31032793441311735","-2.0872484071524866","240","240"
"fig3a","0.015848931924611134","0.7356422544596414","5000","3107","1460","0.6214757048590281","0.29214157168566285","0.4700772200772201","0.26106778644271145","-2.227755428124283","241","241"
"fig3a","0.015848931924611134","0.8576958985908937","5000","2989","1082","0.597880423915217","0.21655668866226754","0.36220735785953173","0.1866626674665067","-2.3306027092367003","242","242"
"fig3a","0.015848931924611134","1.0","5000","2821","805","0.5642871425714857","0.16116776644671066","0.2856130403968816","0.13295340931813637","-2.373743079442505","243","243"
"fig3a","0.018478497974222907","0.0001","5000","2626","2636","0.5252949410117976","0.5272945410917816","1.0","0.5010297940411917","-0.0007200860956118049","244","244"
"fig3a","0.018478497974222907","0.00011659144011798323","5000","2714","2682","0.5428914217156569","0.5364927014597081","0.9882136279926336","0.5093481303739252","-0.0008395457074925616","245","245"
"fig3a","0.018478497974222907","0.00013593563908785255","5000","2669","2731","0.5338932213557288","0.5462907418516296","1.0","0.5195960807838432","-0.0009788207038923247","246","246"
"fig3a","0.018478497974222907","0.00015848931924611142","5000","2646","2685","0.5292941411717657","0.5370925814837033","1.0","0.510627874425115","-0.0011411970569668028","247","247"
"fig3a","0.018478497974222907","0.00018478497974222906","5000","2679","2767","0.5358928214357128","0.553489302139572","1.0","0.5266946610677864","-0.0013305053262229194","248","248"
"fig3a","0.018478497974222907","0.00021544346900318845","5000","2706","2688","0.5412917416516697","0.5376924615076984","0.9933505725895825","0.5106278744251149","-0.0015512107938491226","249","249"
"fig3a","0.018478497974222907","0.00025118864315095795","5000","2676","2693","0.5352929414117177","0.5386922615476905","1.0","0.5119276144771046","-0.001808518476707377","250","250"
"fig3a","0.018478497974222907","0.00029286445646252375","5000","2719","2716","0.5438912217556489","0.5432913417316537","0.9988970588235295","0.5160967806438713","-0.002108495461413895","251","251"
"fig3a","0.018478497974222907","0.0003414548873833601","5000","2746","2683","0.5492901419716056","0.5366926614677064","0.9770658900618857","0.5092281543691262","-0.0024582133848412013","252","252"
"fig3a","0.018478497974222907","0.00039810717055349735","5000","2756","2736","0.5512897420515896","0.5472905418916216","0.9927457381211462","0.5197260547890421","-0.0028659143633831263","253","253"
"fig3a","0.018478497974222907","0.00046415888336127773","5000","2762","2750","0.55248950209958","0.5500899820035993","0.9956568946796961","0.5224655068986203","-0.003341204183982427","254","254"
"fig3a","0.018478497974222907","0.0005411695265464637","5000","2736","2738","0.5472905418916216","0.5476904619076185","1.0","0.5203259348130375","-0.0038952771852791557","255","255"
"fig3a","0.018478497974222907","0.000630957344480193","5000","2743","2791","0.5486902619476105","0.5582883423315337","1.0","0.5308538292341531","-0.004541177958401477","256","256"
"fig3a","0.018478497974222907","0.0007356422544596414","5000","2751","2781","0.5502899420115976","0.5562887422515497","1.0","0.5287742451509698","-0.005294105799777071","257","257"
"fig3a","0.018478497974222907","0.0008576958985908946","5000","2818","2820","0.5636872625474905","0.5640871825634873","1.0","0.5359028194361128","-0.006171768768695074","258","258"
"fig3a","0.018478497974222907","0.001","5000","2781","2802","0.5562887422515497","0.5604879024195161","1.0","0.5326734653069386","-0.007194795250228481","259","259"
"fig3a","0.018478497974222907","0.001165914401179831","5000","2809","2848","0.5618876224755049","0.5696860627874425","1.0","0.5415916816636672","-0.008387212129036925","260","260"
"fig3a","0.018478497974222907","0.0013593563908785254","5000","2874","2743","0.5748850229954009","0.5486902619476105","0.9544347826086957","0.5199460107978404","-0.00977700001809012","261","261"
"fig3a","0.018478497974222907","0.001584893192461114","5000","2886","2822","0.5772845430913818","0.5644871025794841","0.9778316591617595","0.535622875424915","-0.011396737512370692","262","262"
"fig3a","0.018478497974222907","0.0018478497974222907","5000","2949","2849","0.589882023595281","0.5698860227954409","0.9661016949152541","0.5403919216156768","-0.013284348133169033","263","263"
"fig3a","0.018478497974222907","0.002154434690031882","5000","2970","2948","0.5940811837632474","0.5896820635872826","0.992595085829687","0.5599780043991203","-0.015483965486993156","264","264"
"fig3a","0.018478497974222907","0.0025118864315095794","5000","2954","2921","0.590881823635273","0.5842831433713257","0.9888324873096446","0.5547390521895621","-0.018046934221530364","265","265"
"fig3a","0.018478497974222907","0.0029286445646252374","5000","2990","2984","0.5980803839232154","0.596880623875225","0.9979939819458375","0.5669766046790642","-0.02103296652896347","266","266"
"fig3a","0.018478497974222907","0.003414548873833601","5000","2996","2984","0.5992801439712058","0.596880623875225","0.9959959959959961","0.5669166166766647","-0.024511476251689146","267","267"
"fig3a","0.018478497974222907","0.003981071705534973","5000","3106","3114","0.6212757448510298","0.622875424915017","1.0","0.5918116376724656","-0.028563114963930047","268","268"
"fig3a","0.018478497974222907","0.004641588833612782","5000","3147","3150","0.6294741051789642","0.6300739852029594","1.0","0.5986002799440112","-0.033281536627697506","269","269"
"fig3a","0.018478497974222907","0.0054116952654646375","5000","3174","3089","0.634873025394921","0.617876424715057","0.973228346456693","0.5861327734453109","-0.03877541940619267","270","270"
"fig3a","0.018478497974222907","0.006309573444801929","5000","3163","3090","0.6326734653069386","0.6180763847230554","0.9769279393173199","0.5864427114577084","-0.04517077462992347","271","271"
"fig3a","0.018478497974222907","0.007356422544596414","5000","3177","3141","0.6354729054189162","0.6282743451309738","0.9886721208307111","0.596500699860028","-0.05261357344406292","272","272"
"fig3a","0.018478497974222907","0.008576958985908946","5000","3239","3254","0.647870425914817","0.650869826034793","1.0","0.6184763047390522","-0.06127272069477385","273","273"
"fig3a","0.018478497974222907","0.01","5000","3265","3247","0.6530693861227754","0.6494701059788043","0.9944886711573792","0.6168166366726655","-0.07134340241071868","274","274"
"fig3a","0.018478497974222907","0.01165914401179831","5000","3345","3276","0.6690661867626475","0.6552689462107578","0.9793783622235505","0.6218156368726254","-0.0830508267172263","275","275"
"fig3a","0.018478497974222907","0.013593563908785255","5000","3333","3401","0.6666666666666666","0.6802639472105579","1.0","0.6469306138772246","-0.0966543666673374","276","276"
"fig3a","0.018478497974222907","0.01584893192461114","5000","3367","3349","0.6734653069386123","0.669866026794641","0.9946555819477434","0.6361927614477104","-0.11245209530545708","277","277"
"fig3a","0.018478497974222907","0.018478497974222907","5000","3486","3450","0.6972605478904219","0.6900619876024795","0.9896759392027531","0.6551989602079584","-0.1307856755099408","278","278"
"fig3a","0.018478497974222907","0.021544346900318843","5000","3479","3401","0.6958608278344331","0.6802639472105579","0.9775862068965517","0.6454709058188363","-0.15204552610626365","279","279"
"fig3a","0.018478497974222907","0.025118864315095794","5000","3524","3416","0.7048590281943611","0.6832633473305338","0.9693617021276596","0.6480203959208158","-0.17667612651951003","280","280"
"fig3a","0.018478497974222907","0.029286445646252372","5000","3521","3402","0.704259148170366","0.6804639072185563","0.9662123793299262","0.645250949810038","-0.20518123834207813","281","281"
"fig3a","0.018478497974222907","0.034145488738336005","5000","3575","3485","0.7150569886022795","0.6970605878824235","0.9748322147651007","0.6613077384523096","-0.23812870520785623","282","282"
"fig3a","0.018478497974222907","0.039810717055349734","5000","3581","3488","0.7162567486502699","0.6976604679064187","0.974036850921273","0.6618476304739052","-0.27615433142742063","283","283"
"fig3a","0.018478497974222907","0.046415888336127774","5000","3583","3490","0.7166566686662668","0.6980603879224155","0.9740513392857143","0.6622275544891022","-0.3199641211173798","284","284"
"fig3a","0.018478497974222907","0.054116952654646375","5000","3627","3442","0.7254549090181963","0.6884623075384922","0.9490077177508269","0.6521895620875824","-0.37033386586739425","285","285"
"fig3a","0.018478497974222907","0.0630957344480193","5000","3569","3375","0.7138572285542891","0.6750649870025994","0.9456582633053221","0.639372125574885","-0.42810467925133366","286","286"
"fig3a","0.018478497974222907","0.07356422544596414","5000","3581","3396","0.7162567486502699","0.6792641471705659","0.9483528754885541","0.6434513097380524","-0.4941725657712084","287","287"
"fig3a","0.018478497974222907","0.08576958985908938","5000","3615","3362","0.7230553889222155","0.6724655068986203","0.9300331858407079","0.6363127374525095","-0.5694694516033394","288","288"
"fig3a","0.018478497974222907","0.1","5000","3598","3271","0.7196560687862428","0.6542691461707658","0.9091414281744928","0.6182863427314537","-0.6549322640047421","289","289"
"fig3a","0.018478497974222907","0.11659144011798311","5000","3624","3219","0.7248550289942012","0.643871225754849","0.8882758620689655","0.607628474305139","-0.7514555951086948","290","290"
"fig3a","0.018478497974222907","0.13593563908785256","5000","3579","3124","0.7158568286342731","0.624875024995001","0.872905027932961","0.5890821835632873","-0.859822198908148","291","291"
"fig3a","0.018478497974222907","0.1584893192461114","5000","3492","3052","0.6984603079384123","0.6104779044191162","0.8740337818494132","0.5755548890221955","-0.9806040355760501","292","292"
"fig3a","0.018478497974222907","0.18478497974222907","5000","3459","2914","0.6918616276744651","0.5828834233153369","0.8424855491329479","0.5482903419316136","-1.1140248077514627","293","293"
"fig3a","0.018478497974222907","0.21544346900318845","5000","3498","2817","0.6996600679864027","0.5634873025394921","0.8053729637039154","0.5285042991401719","-1.2597729837668794","294","294"
"fig3a","0.018478497974222907","0.25118864315095796","5000","3454","2667","0.6908618276344731","0.533493301339732","0.7722141823444283","0.4989502099580084","-1.4167522913965058","295","295"
"fig3a","0.018478497974222907","0.29286445646252374","5000","3445","2432","0.6890621875624875","0.486502699460108","0.7060359837492746","0.45204959008198364","-1.5827548015781758","296","296"
"fig3a","0.018478497974222907","0.34145488738336005","5000","3370","2226","0.6740651869626075","0.4453109378124375","0.6606348264609908","0.4116076784643071","-1.7540403330059462","297","297"
"fig3a","0.018478497974222907","0.3981071705534973","5000","3296","2059","0.6592681463707258","0.41191761647670466","0.6248104337276312","0.37895420915816835","-1.924805468749895","298","298"
"fig3a","0.018478497974222907","0.46415888336127775","5000","3207","1720","0.6414717056588682","0.34413117376524693","0.5364713216957605","0.3120575884823035","-2.086526616214144","299","299"
"fig3a","0.018478497974222907","0.5411695265464638","5000","3144","1431","0.628874225154969","0.28634273145370925","0.4553259141494435","0.2548990201959608","-2.2271650381891277","300","300"
"fig3a","0.018478497974222907","0.630957344480193","5000","3007","1114","0.6014797040591882","0.22295540891821636","0.3706781914893617","0.19288142371525696","-2.330228503447188","301","301"
"fig3a","0.018478497974222907","0.7356422544596414","5000","2869","804","0.5738852229554089","0.16096780643871225","0.2804878048780488","0.13227354529094182","-2.373694999858003","302","302"
"fig3a","0.018478497974222907","0.8576958985908937","5000","2739","516","0.5478904219156169","0.10337932413517296","0.1886861313868613","0.07598480303939212","-2.3288194776073396","303","303"
"fig3a","0.018478497974222907","1.0","5000","2423","318","0.48470305938812236","0.0637872425514897","0.1316006600660066","0.039552089582083574","-2.1588650708886234","304","304"
"fig3a","0.021544346900318832","0.0001","5000","2705","2697","0.5410917816436712","0.5394921015796841","0.9970436067997045","0.5124375124975005","-0.0009778405541851498","305","305"
"fig3a","0.021544346900318832","0.00011659144011798323","5000","2634","2733","0.5268946210757849","0.5466906618676265","1.0","0.5203459308138373","-0.001140054336559615","306","306"
"fig3a","0.021544346900318832","0.00013593563908785255","5000","2712","2655","0.5424915016996601","0.5310937812437513","0.9789900479174346","0.5039692061587683","-0.001329173080421242","307","307"
"fig3a","0.021544346900318832","0.00015848931924611142","5000","2707","2618","0.5414917016596681","0.5236952609478105","0.9671344165435747","0.4966206758648271","-0.0015496576016857944","308","308"
"fig3a","0.021544346900318832","0.00018478497974222906","5000","2710","2642","0.5420915816836632","0.528494301139772","0.9749170047952785","0.5013897220555888","-0.0018067077136834087","309","309"
"fig3a","0.021544346900318832","0.00021544346900318845","5000","2714","2740","0.5428914217156569","0.5480903819236153","1.0","0.5209458108378324","-0.0021063844382069874","310","310"
"fig3a","0.021544346900318832","0.00025118864315095795","5000","2720","2732","0.5440911817636472","0.5464907018596281","1.0","0.5192861427714458","-0.0024557523448152097","311","311"
"fig3a","0.021544346900318832","0.00029286445646252375","5000","2699","2750","0.5398920215956808","0.5500899820035993","1.0","0.5230953809238152","-0.0028630453182358906","312","312"
"fig3a","0.021544346900318832","0.0003414548873833601","5000","2770","2760","0.5540891821635673","0.5520895820835833","0.9963911945146157","0.524385122975405","-0.0033378595526869503","313","313"
"fig3a","0.021544346900318832","0.00039810717055349735","5000","2730","2691","0.5460907818436312","0.5382923415316937","0.985719516660564","0.5109878024395121","-0.0038913782156839716","314","314"
"fig3a","0.021544346900318832","0.00046415888336127773","5000","2783","2753","0.5566886622675465","0.5506898620275945","0.9892241379310345","0.5228554289142172","-0.004536632887948144","315","315"
"fig3a","0.021544346900318832","0.0005411695265464637","5000","2714","2735","0.5428914217156569","0.5470905818836233","1.0","0.5199460107978404","-0.005288807716681276","316","316"
"fig3a","0.021544346900318832","0.000630957344480193","5000","2779","2832","0.5558888222355529","0.5664867026594681","1.0","0.5386922615476905","-0.006165593125018631","317","317"
"fig3a","0.021544346900318832","0.0007356422544596414","5000","2737","2745","0.5474905018996201","0.5490901819636073","1.0","0.5217156568686263","-0.007187596972755728","318","318"
"fig3a","0.021544346900318832","0.0008576958985908946","5000","2766","2808","0.5532893421315737","0.5616876624675065","1.0","0.5340231953609278","-0.008378822264830887","319","319"
"fig3a","0.021544346900318832","0.001","5000","2835","2811","0.5670865826834633","0.5622875424915017","0.9915373765867418","0.5339332133573286","-0.009767221838615114","320","320"
"fig3a","0.021544346900318832","0.001165914401179831","5000","2777","2897","0.555488902219556","0.5794841031793642","1.0","0.5517096580683863","-0.011385341999925913","321","321"
"fig3a","0.021544346900318832","0.0013593563908785254","5000","2797","2896","0.5594881023795241","0.5792841431713657","1.0","0.5513097380523895","-0.013271068745268622","322","322"
"fig3a","0.021544346900318832","0.001584893192461114","5000","2861","2925","0.5722855428914218","0.5850829834033193","1.0","0.5564687062587482","-0.015468492104673714","323","323"
"fig3a","0.021544346900318832","0.0018478497974222907","5000","2895","2842","0.5790841831633673","0.5684863027394521","0.9816988950276244","0.5395320935812837","-0.01802890614737862","324","324"
"fig3a","0.021544346900318832","0.002154434690031882","5000","2926","2955","0.5852829434113177","0.5910817836432714","1.0","0.5618176364727054","-0.021011964410547534","325","325"
"fig3a","0.021544346900318832","0.0025118864315095794","5000","2961","2983","0.5922815436912617","0.5966806638672265","1.0","0.5670665866826634","-0.02448701277529608","326","326"
"fig3a","0.021544346900318832","0.0029286445646252374","5000","3033","3039","0.6066786642671466","0.607878424315137","1.0","0.5775444911017796","-0.02853462415703234","327","327"
"fig3a","0.021544346900318832","0.003414548873833601","5000","3010","3052","0.6020795840831834","0.6104779044191162","1.0","0.580373925214957","-0.03324836159197275","328","328"
"fig3a","0.021544346900318832","0.003981071705534973","5000","3062","3072","0.6124775044991002","0.6144771045790842","1.0","0.5838532293541292","-0.03873679829587218","329","329"
"fig3a","0.021544346900318832","0.004641588833612782","5000","3090","3097","0.6180763847230554","0.6194761047790442","1.0","0.5885722855428914","-0.045125824680042115","330","330"
"fig3a","0.021544346900318832","0.0054116952654646375","5000","3147","3157","0.6294741051789642","0.6314737052589482","1.0","0.6","-0.052561272863044906","331","331"
"fig3a","0.021544346900318832","0.006309573444801929","5000","3154","3183","0.6308738252349531","0.6366726654669066","1.0","0.605128974205159","-0.06121188824485557","332","332"
"fig3a","0.021544346900318832","0.007356422544596414","5000","3164","3182","0.6328734253149371","0.6364727054589082","1.0","0.6048290341931614","-0.07127267453518016","333","333"
"fig3a","0.021544346900318832","0.008576958985908946","5000","3240","3256","0.6480703859228154","0.6512697460507898","1.0","0.618866226754649","-0.08296863213911365","334","334"
"fig3a","0.021544346900318832","0.01","5000","3274","3197","0.6548690261947611","0.6394721055788842","0.9764885496183207","0.6067286542691461","-0.09655889847527988","335","335"
"fig3a","0.021544346900318832","0.01165914401179831","5000","3286","3267","0.6572685462907418","0.6534693061387723","0.9942196531791909","0.6206058788242352","-0.11234128070776705","336","336"
"fig3a","0.021544346900318832","0.013593563908785255","5000","3376","3300","0.6752649470105979","0.6600679864027195","0.9774948178856974","0.6263047390521895","-0.13065714365251324","337","337"
"fig3a","0.021544346900318832","0.01584893192461114","5000","3405","3308","0.6810637872425515","0.6616676664667066","0.9715208455666471","0.6276144771045791","-0.15189657469704798","338","338"
"fig3a","0.021544346900318832","0.018478497974222907","5000","3425","3341","0.6850629874025195","0.6682663467306539","0.9754816112084064","0.6340131973605279","-0.17650368846437914","339","339"
"fig3a","0.021544346900318832","0.021544346900318843","5000","3445","3375","0.6890621875624875","0.6750649870025994","0.9796865931514799","0.640611877624475","-0.2049818502568712","340","340"
"fig3a","0.021544346900318832","0.025118864315095794","5000","3488","3397","0.6976604679064187","0.6794641071785643","0.9739180280882775","0.6445810837832434","-0.23789848058370922","341","341"
"fig3a","0.021544346900318832","0.029286445646252372","5000","3495","3353","0.6990601879624075","0.6706658668266346","0.9593821510297482","0.6357128574285142","-0.27588894244701123","342","342"
"fig3a","0.021544346900318832","0.034145488738336005","5000","3527","3371","0.7054589082183563","0.6742651469706059","0.9557823129251701","0.6389922015596881","-0.3196587947849139","343","343"
"fig3a","0.021544346900318832","0.039810717055349734","5000","3526","3367","0.705258948210358","0.6734653069386123","0.9549191947831017","0.6382023595280943","-0.3699834022910409","344","344"
"fig3a","0.021544346900318832","0.046415888336127774","5000","3567","3428","0.7134573085382924","0.6856628674265147","0.961042600896861","0.6499900019996001","-0.42770350277203306","345","345"
"fig3a","0.021544346900318832","0.054116952654646375","5000","3585","3305","0.7170565886822635","0.6610677864427115","0.9219185722253207","0.6252149570085983","-0.4937148233124731","346","346"
"fig3a","0.021544346900318832","0.0630957344480193","5000","3561","3353","0.712257548490302","0.6706658668266346","0.9416058394160584","0.6350529894021195","-0.5689491772473616","347","347"
"fig3a","0.021544346900318832","0.07356422544596414","5000","3562","3203","0.7124575084983004","0.6406718656268746","0.8992422116194217","0.6050489902019596","-0.6543436345637019","348","348"
"fig3a","0.021544346900318832","0.08576958985908938","5000","3581","3188","0.7162567486502699","0.6376724655068986","0.890284757118928","0.6018596280743851","-0.7507933084000342","349","349"
"fig3a","0.021544346900318832","0.1","5000","3538","3130","0.7076584683063387","0.6260747850429914","0.8847131958180278","0.5906918616276745","-0.8590820146017677","350","350"
"fig3a","0.021544346900318832","0.11659144011798311","5000","3542","3022","0.7084583083383323","0.6044791041791642","0.8532317245272368","0.5690561887622475","-0.9797835276021658","351","351"
"fig3a","0.021544346900318832","0.13593563908785256","5000","3585","2878","0.7170565886822635","0.5756848630273945","0.8028443948689348","0.5398320335932814","-1.1131243869305365","352","352"
"fig3a","0.021544346900318832","0.1584893192461114","5000","3578","2715","0.7156568686262748","0.5430913817236552","0.7588711930706901","0.5073085382923415","-1.2587972585700982","353","353"
"fig3a","0.021544346900318832","0.18478497974222907","5000","3431","2617","0.6862627474505099","0.523495300939812","0.7628205128205128","0.4891821635672865","-1.4157118421105679","354","354"
"fig3a","0.021544346900318832","0.21544346900318845","5000","3396","2436","0.6792641471705659","0.48730253949210156","0.7173977038563437","0.45333933213357325","-1.5816684462986643","355","355"
"fig3a","0.021544346900318832","0.25118864315095796","5000","3321","2222","0.6642671465706859","0.4445110977804439","0.6691751956652618","0.4112977404519096","-1.75293795967238","356","356"
"fig3a","0.021544346900318832","0.29286445646252374","5000","3286","2014","0.6572685462907418","0.4029194161167766","0.6130209917858229","0.37005598880223955","-1.9237314917116919","357","357"
"fig3a","0.021544346900318832","0.34145488738336005","5000","3264","1737","0.652869426114777","0.34753049390121976","0.5323124042879019","0.3148870225954809","-2.0855440837027857","358","358"
"fig3a","0.021544346900318832","0.3981071705534973","5000","3099","1470","0.619876024795041","0.29414117176564686","0.47451612903225804","0.2631473705258948","-2.226360363429478","359","359"
"fig3a","0.021544346900318832","0.46415888336127775","5000","2913","1138","0.5826834633073386","0.22775444911017798","0.3908716540837337","0.19862027594481105","-2.3297167124698888","360","360"
"fig3a","0.021544346900318832","0.5411695265464638","5000","2843","814","0.5686862627474505","0.16296740651869626","0.2865682137834037","0.13453309338132374","-2.373625280920578","361","361"
"fig3a","0.021544346900318832","0.630957344480193","5000","2673","546","0.5346930613877224","0.10937812437512498","0.20456245325355274","0.08264347130573886","-2.329380681827672","362","362"
"fig3a","0.021544346900318832","0.7356422544596414","5000","2417","317","0.483503299340132","0.0635872825434913","0.1315136476426799","0.039412117576484704","-2.1602906582169794","363","363"
"fig3a","0.021544346900318832","0.8576958985908937","5000","2255","176","0.4511097780443911","0.03539292141571686","0.07845744680851065","0.0128374325134973","-1.8203969629212224","364","364"
"fig3a","0.021544346900318832","1.0","5000","1953","72","0.39072185562887424","0.014597080583883223","0.03735926305015353","-0.00493901219756049","-1.253280651931533","365","365"
"fig3a","0.025118864315095794","0.0001","5000","2657","2666","0.531493701259748","0.5332933413317337","1.0","0.5067186562687462","-0.0013273643980937777","366","366"
"fig3a","0.025118864315095794","0.00011659144011798323","5000","2640","2772","0.5280943811237753","0.554489102179564","1.0","0.5280843831233752","-0.001547548958654943","367","367"
"fig3a","0.025118864315095794","0.00013593563908785255","5000","2725","2673","0.5450909818036392","0.5346930613877224","0.9809244314013207","0.5074385122975404","-0.0018042493872485466","368","368"
"fig3a","0.025118864315095794","0.00015848931924611142","5000","2657","2632","0.531493701259748","0.526494701059788","0.9905944319036869","0.49992001599680064","-0.00210351847124457","369","369"
"fig3a","0.025118864315095794","0.00018478497974222906","5000","2730","2737","0.5460907818436312","0.5474905018996201","1.0","0.5201859628074386","-0.002452411188954784","370","370"
"fig3a","0.025118864315095794","0.00021544346900318845","5000","2794","2735","0.5588882223555289","0.5470905818836233","0.978890876565295","0.5191461707658468","-0.002859150244518105","371","371"
"fig3a","0.025118864315095794","0.00025118864315095795","5000","2702","2712","0.5404919016196761","0.5424915016996601","1.0","0.5154669066186763","-0.0033333188130768576","372","372"
"fig3a","0.025118864315095794","0.00029286445646252375","5000","2722","2677","0.5444911017796441","0.5354929014197161","0.9834741094381196","0.5082683463307338","-0.0038860848945887483","373","373"
"fig3a","0.025118864315095794","0.0003414548873833601","5000","2732","2790","0.5464907018596281","0.5580883823235353","1.0","0.5307638472305539","-0.00453046240491517","374","374"
"fig3a","0.025118864315095794","0.00039810717055349735","5000","2791","2705","0.5582883423315337","0.5410917816436712","0.9691977077363896","0.5131773645270945","-0.005281614925252143","375","375"
"fig3a","0.025118864315095794","0.00046415888336127773","5000","2711","2747","0.5422915416916617","0.5494901019796041","1.0","0.522375524895021","-0.006157208935121616","376","376"
"fig3a","0.025118864315095794","0.0005411695265464637","5000","2790","2734","0.5580883823235353","0.5468906218756249","0.979935506986743","0.5189862027594481","-0.0071778244291067494","377","377"
"fig3a","0.025118864315095794","0.000630957344480193","5000","2736","2813","0.5472905418916216","0.5626874625074985","1.0","0.5353229354129174","-0.008367431988915541","378","378"
"fig3a","0.025118864315095794","0.0007356422544596414","5000","2783","2737","0.5566886622675465","0.5474905018996201","0.9834770114942528","0.5196560687862428","-0.009753946745973963","379","379"
"fig3a","0.025118864315095794","0.0008576958985908946","5000","2842","2830","0.5684863027394521","0.5660867826434713","0.995779106577559","0.5376624675064987","-0.01136987116458954","380","380"
"fig3a","0.025118864315095794","0.001","5000","2798","2862","0.5596880623875224","0.5724855028994201","1.0","0.544501099780044","-0.01325304029887775","381","381"
"fig3a","0.025118864315095794","0.001165914401179831","5000","2835","2808","0.5670865826834633","0.5616876624675065","0.9904795486600845","0.5333333333333333","-0.015447485011918616","382","382"
"fig3a","0.025118864315095794","0.0013593563908785254","5000","2857","2868","0.5714857028594281","0.5736852629474105","1.0","0.5451109778044391","-0.018004430705616414","383","383"
"fig3a","0.025118864315095794","0.001584893192461114","5000","2857","2965","0.5714857028594281","0.5930813837232554","1.0","0.5645070985802839","-0.020983451279846577","384","384"
"fig3a","0.025118864315095794","0.0018478497974222907","5000","2943","2847","0.5886822635472906","0.5694861027794441","0.967391304347826","0.5400519896020796","-0.024453800344531373","385","385"
"fig3a","0.025118864315095794","0.002154434690031882","5000","2974","2953","0.594881023795241","0.5906818636272746","0.9929411764705882","0.5609378124375125","-0.028495944016526664","386","386"
"fig3a","0.025118864315095794","0.0025118864315095794","5000","3014","2858","0.6028794241151769","0.5716856628674265","0.9482587064676617","0.5415416916616677","-0.033203321877522285","387","387"
"fig3a","0.025118864315095794","0.0029286445646252374","5000","3010","2959","0.6020795840831834","0.591881623675265","0.9830621056127532","0.5617776444711058","-0.03868436464566116","388","388"
"fig3a","0.025118864315095794","0.003414548873833601","5000","3031","3081","0.6062787442511498","0.6162767446510697","1.0","0.5859628074385123","-0.04506479854933332","389","389"
"fig3a","0.025118864315095794","0.003981071705534973","5000","3131","3056","0.6262747450509898","0.6112777444511098","0.9760536398467434","0.5799640071985603","-0.05249026693073233","390","390"
"fig3a","0.025118864315095794","0.004641588833612782","5000","3077","3117","0.6154769046190762","0.6234753049390122","1.0","0.5927014597080583","-0.061129298679531985","391","391"
"fig3a","0.025118864315095794","0.0054116952654646375","5000","3151","3132","0.6302739452109578","0.6264747050589882","0.9939720812182741","0.5949610077984403","-0.07117664992938444","392","392"
"fig3a","0.025118864315095794","0.006309573444801929","5000","3172","3121","0.6344731053789242","0.6242751449710058","0.9839268830759533","0.5925514897020596","-0.08285703900301655","393","393"
"fig3a","0.025118864315095794","0.007356422544596414","5000","3239","3148","0.647870425914817","0.6296740651869626","0.9719135802469135","0.5972805438912218","-0.09642928331388134","394","394"
"fig3a","0.025118864315095794","0.008576958985908946","5000","3265","3192","0.6530693861227754","0.6384723055388922","0.9776484996938151","0.6058188362327535","-0.11219082891861376","395","395"
"fig3a","0.025118864315095794","0.01","5000","3257","3206","0.6514697060587883","0.6412717456508699","0.9843462246777164","0.6086982603479304","-0.13048263578986052","396","396"
"fig3a","0.025118864315095794","0.01165914401179831","5000","3324","3287","0.6648670265946811","0.6574685062987402","0.9888721804511277","0.6242251549690061","-0.15169434109273539","397","397"
"fig3a","0.025118864315095794","0.013593563908785255","5000","3314","3212","0.6628674265146971","0.6424715056988602","0.9692307692307692","0.6093281343731254","-0.17626956384268055","398","398"
"fig3a","0.025118864315095794","0.01584893192461114","5000","3389","3350","0.6778644271145771","0.6700659868026395","0.988495575221239","0.6361727654469107","-0.2047111308714591","399","399"
"fig3a","0.025118864315095794","0.018478497974222907","5000","3447","3348","0.6894621075784843","0.6696660667866426","0.9712877030162413","0.6351929614077184","-0.23758588762558475","400","400"
"fig3a","0.025118864315095794","0.021544346900318843","5000","3388","3290","0.6776644671065787","0.6580683863227355","0.971082915314252","0.6241851629674066","-0.2755285971540502","401","401"
"fig3a","0.025118864315095794","0.025118864315095794","5000","3441","3358","0.6882623475304939","0.6716656668666267","0.9758861127251598","0.637252549490102","-0.3192442129118831","402","402"
"fig3a","0.025118864315095794","0.029286445646252372","5000","3511","3379","0.7022595480903819","0.675864827034593","0.9624145785876993","0.6407518496300739","-0.36950751856875286","403","403"
"fig3a","0.025118864315095794","0.034145488738336005","5000","3567","3328","0.7134573085382924","0.6656668666266746","0.9330156950672645","0.62999400119976","-0.4271587398565089","404","404"
"fig3a","0.025118864315095794","0.039810717055349734","5000","3517","3237","0.7034593081383723","0.6474705058988203","0.9204093234792496","0.6122975404919017","-0.49309322469343897","405","405"
"fig3a","0.025118864315095794","0.046415888336127774","5000","3530","3268","0.7060587882423516","0.6536692661467707","0.9258000566411781","0.6183663267346531","-0.5682426299011354","406","406"
"fig3a","0.025118864315095794","0.054116952654646375","5000","3525","3212","0.7050589882023596","0.6424715056988602","0.9112308564946114","0.6072185562887422","-0.6535442149253754","407","407"
"fig3a","0.025118864315095794","0.0630957344480193","5000","3497","3207","0.6994601079784043","0.6414717056588682","0.917095483133219","0.606498700259948","-0.7498937946754154","408","408"
"fig3a","0.025118864315095794","0.07356422544596414","5000","3515","3098","0.7030593881223756","0.6196760647870426","0.8813993174061433","0.5845230953809238","-0.8580766194863259","409","409"
"fig3a","0.025118864315095794","0.08576958985908938","5000","3554","2989","0.7108578284343131","0.597880423915217","0.8410689170182842","0.5623375324935014","-0.9786689178974655","410","410"
"fig3a","0.025118864315095794","0.1","5000","3499","2927","0.6998600279944012","0.5854829034193162","0.8365714285714286","0.5504899020195961","-1.111901069670722","411","411"
"fig3a","0.025118864315095794","0.11659144011798311","5000","3530","2731","0.7060587882423516","0.5462907418516296","0.7737184933446615","0.510987802439512","-1.2574714258841766","412","412"
"fig3a","0.025118864315095794","0.13593563908785256","5000","3452","2636","0.6904619076184763","0.5272945410917816","0.7636837532580365","0.49277144571085785","-1.4142977770685548","413","413"
"fig3a","0.025118864315095794","0.1584893192461114","5000","3357","2445","0.6714657068586283","0.4891021795640872","0.7284097677188803","0.4555288942211558","-1.5801915963891986","414","414"
"fig3a","0.025118864315095794","0.18478497974222907","5000","3305","2204","0.6610677864427115","0.4409118176364727","0.6669691470054446","0.4078584283143371","-1.7514387789332204","415","415"
"fig3a","0.025118864315095794","0.21544346900318845","5000","3283","1964","0.6566686662667467","0.3929214157168566","0.5983556638246041","0.3600879824035193","-1.922270131359312","416","416"
"fig3a","0.025118864315095794","0.25118864315095796","5000","3270","1728","0.6540691861627674","0.34573085382923413","0.528584530724549","0.31302739452109574","-2.0842059677053157","417","417"
"fig3a","0.025118864315095794","0.29286445646252374","5000","3113","1418","0.6226754649070186","0.28374325134973005","0.4556840077071291","0.2526094781043791","-2.225262612853271","418","418"
"fig3a","0.025118864315095794","0.34145488738336005","5000","2976","1064","0.5952809438112378","0.21295740851829634","0.35774269398723546","0.18319336132773445","-2.329015274473079","419","419"
"fig3a","0.025118864315095794","0.3981071705534973","5000","2829","827","0.5658868226354729","0.16556688662267546","0.29257950530035337","0.13727254549090182","-2.373522471596175","420","420"
"fig3a","0.025118864315095794","0.46415888336127775","5000","2686","569","0.5372925414917017","0.11397720455908818","0.21213248976553775","0.08711257748450309","-2.330132668445401","421","421"
"fig3a","0.025118864315095794","0.5411695265464638","5000","2481","315","0.4963007398520296","0.0631873625274945","0.12731668009669622","0.03837232553489302","-2.162214195173533","422","422"
"fig3a","0.025118864315095794","0.630957344480193","5000","2281","168","0.4563087382523495","0.033793241351729654","0.0740578439964943","0.010977804439112178","-1.8238744760344048","423","423"
"fig3a","0.025118864315095794","0.7356422544596414","5000","1989","75","0.39792041591681665","0.015196960607878424","0.03819095477386934","-0.004699060187962411","-1.2587625674858032","424","424"
"fig3a","0.025118864315095794","0.8576958985908937","5000","1724","24","0.34493101379724056","0.004999000199960008","0.014492753623188404","-0.012247550489902021","-0.39907731891878484","425","425"
"fig3a","0.025118864315095794","1.0","5000","1530","8","0.3061387722455509","0.001799640071985603","0.005878510777269758","-0.013507298540291944","0.8350720328001273","426","426"
"fig3a","0.029286445646252372","0.0001","5000","2658","2725","0.5316936612677464","0.5450909818036392","1.0","0.5185062987402519","-0.001800913448761321","427","427"
"fig3a","0.029286445646252372","0.00011659144011798323","5000","2696","2678","0.5392921415716857","0.5356928614277144","0.9933259176863181","0.5087282543491302","-0.0020996293671942112","428","428"
"fig3a","0.029286445646252372","0.00013593563908785255","5000","2752","2699","0.5504899020195961","0.5398920215956808","0.9807482746095167","0.5123675264947011","-0.00244787725301876","429","429"
"fig3a","0.029286445646252372","0.00015848931924611142","5000","2766","2722","0.5532893421315737","0.5444911017796441","0.9840983014094689","0.5168266346730654","-0.0028538646444644655","430","430"
"fig3a","0.029286445646252372","0.00018478497974222906","5000","2736","2734","0.5472905418916216","0.5468906218756249","0.999269272926562","0.5195260947810438","-0.003327157044680007","431","431"
"fig3a","0.029286445646252372","0.00021544346900318845","5000","2653","2704","0.5306938612277544","0.5408918216356728","1.0","0.5143571285742852","-0.0038789018724401103","432","432"
"fig3a","0.029286445646252372","0.00025118864315095795","5000","2694","2746","0.5388922215556888","0.5492901419716056","1.0","0.5223455308938212","-0.00452208907398699","433","433"
"fig3a","0.029286445646252372","0.00029286445646252375","5000","2654","2698","0.5308938212357528","0.5396920615876825","1.0","0.5131473705258949","-0.005271854319516933","434","434"
"fig3a","0.029286445646252372","0.0003414548873833601","5000","2690","2720","0.5380923815236952","0.5440911817636472","1.0","0.5171865626874624","-0.006145831596938933","435","435"
"fig3a","0.029286445646252372","0.00039810717055349735","5000","2756","2786","0.5512897420515896","0.5572885422915417","1.0","0.5297240551889622","-0.007164563086917042","436","436"
"fig3a","0.029286445646252372","0.00046415888336127773","5000","2816","2720","0.5632873425314937","0.5440911817636472","0.9659211927582534","0.5159268146370726","-0.008351975374381482","437","437"
"fig3a","0.029286445646252372","0.0005411695265464637","5000","2762","2732","0.55248950209958","0.5464907018596281","0.9891422366992402","0.5188662267546491","-0.009735932416418791","438","438"
"fig3a","0.029286445646252372","0.000630957344480193","5000","2866","2885","0.5732853429314138","0.5770845830833833","1.0","0.5484203159368126","-0.011348877186861728","439","439"
"fig3a","0.029286445646252372","0.0007356422544596414","5000","2789","2837","0.5578884223155369","0.5674865026994601","1.0","0.5395920815836832","-0.013228575604500747","440","440"
"fig3a","0.029286445646252372","0.0008576958985908946","5000","2821","2822","0.5642871425714857","0.5644871025794841","1.0","0.5362727454509097","-0.01541897824102989","441","441"
"fig3a","0.029286445646252372","0.001","5000","2831","2818","0.5662867426514697","0.5636872625474905","0.9954096045197739","0.535372925414917","-0.0179712173083999","442","442"
"fig3a","0.029286445646252372","0.001165914401179831","5000","2851","2884","0.5702859428114377","0.5768846230753849","1.0","0.548370325934813","-0.020944758630804472","443","443"
"fig3a","0.029286445646252372","0.0013593563908785254","5000","2934","2949","0.586882623475305","0.589882023595281","1.0","0.5605378924215157","-0.02440873059336468","444","444"
"fig3a","0.029286445646252372","0.001584893192461114","5000","2940","2846","0.5880823835232953","0.5692861427714457","0.9680380822849372","0.5398820235952809","-0.02844345437051743","445","445"
"fig3a","0.029286445646252372","0.0018478497974222907","5000","2901","2935","0.5802839432113577","0.5870825834833033","1.0","0.5580683863227355","-0.03314220199473539","446","446"
"fig3a","0.029286445646252372","0.002154434690031882","5000","2995","2978","0.5990801839632074","0.5956808638272345","0.9943257676902535","0.5657268546290741","-0.03861321078647961","447","447"
"fig3a","0.029286445646252372","0.0025118864315095794","5000","2986","2897","0.5972805438912218","0.5794841031793642","0.97020421827921","0.5496200759848031","-0.0449819841334147","448","448"
"fig3a","0.029286445646252372","0.0029286445646252374","5000","3069","3017","0.613877224555089","0.6034793041391722","0.9830618892508144","0.5727854429114178","-0.05239390915264153","449","449"
"fig3a","0.029286445646252372","0.003414548873833601","5000","3073","3054","0.6146770645870826","0.610877824435113","0.9938191281717631","0.5801439712057588","-0.06101722085236361","450","450"
"fig3a","0.029286445646252372","0.003981071705534973","5000","3079","3107","0.615876824635073","0.6214757048590281","1.0","0.5906818636272745","-0.07104633930356385","451","451"
"fig3a","0.029286445646252372","0.004641588833612782","5000","3131","3078","0.6262747450509898","0.6156768646270746","0.9830779054916986","0.5843631273745251","-0.08270559990046422","452","452"
"fig3a","0.029286445646252372","0.0054116952654646375","5000","3118","3173","0.6236752649470106","0.6346730653869226","1.0","0.6034893021395721","-0.09625338562031516","453","453"
"fig3a","0.029286445646252372","0.006309573444801929","5000","3227","3191","0.6454709058188363","0.6382723455308938","0.9888475836431226","0.605998800239952","-0.11198665223960802","454","454"
"fig3a","0.029286445646252372","0.007356422544596414","5000","3219","3149","0.643871225754849","0.629874025194961","0.9782608695652175","0.5976804639072186","-0.13024581000908597","455","455"
"fig3a","0.029286445646252372","0.008576958985908946","5000","3244","3220","0.648870225954809","0.6440711857628474","0.9926040061633281","0.6116276744651069","-0.15141988467411238","456","456"
"fig3a","0.029286445646252372","0.01","5000","3286","3226","0.6572685462907418","0.6452709458108379","0.9817462731974446","0.6124075184963008","-0.17595182208089","457","457"
"fig3a","0.029286445646252372","0.01165914401179831","5000","3316","3225","0.6632673465306939","0.6450709858028394","0.9725655712993668","0.6119076184763047","-0.20434371750673108","458","458"
"fig3a","0.029286445646252372","0.013593563908785255","5000","3377","3260","0.6754649070185963","0.6520695860827834","0.9653641207815274","0.6182963407318536","-0.23716163490328768","459","459"
"fig3a","0.029286445646252372","0.01584893192461114","5000","3461","3279","0.6922615476904619","0.6558688262347531","0.9474292316580012","0.6212557488502299","-0.2750395216651782","460","460"
"fig3a","0.029286445646252372","0.018478497974222907","5000","3432","3243","0.6864627074585083","0.6486702659468107","0.944946111272939","0.6143471305738852","-0.31868150758518254","461","461"
"fig3a","0.029286445646252372","0.021544346900318843","5000","3420","3247","0.6840631873625275","0.6494701059788043","0.9494299912306344","0.6152669466106779","-0.36886158519962464","462","462"
"fig3a","0.029286445646252372","0.025118864315095794","5000","3538","3243","0.7076584683063387","0.6486702659468107","0.9166431195252897","0.6132873425314938","-0.42641928180185573","463","463"
"fig3a","0.029286445646252372","0.029286445646252372","5000","3556","3215","0.71125774845031","0.6430713857228554","0.9041326960922125","0.6075084983003399","-0.4922494261126076","464","464"
"fig3a","0.029286445646252372","0.034145488738336005","5000","3476","3235","0.6952609478104379","0.6470705858828234","0.9306873741731377","0.6123075384923015","-0.5672834564535947","465","465"
"fig3a","0.029286445646252372","0.039810717055349734","5000","3562","3141","0.7124575084983004","0.6282743451309738","0.8818411451024417","0.5926514697060588","-0.6524588814237404","466","466"
"fig3a","0.029286445646252372","0.046415888336127774","5000","3445","3131","0.6890621875624875","0.6262747450509898","0.9088798607080674","0.5918216356728654","-0.748672457991745","467","467"
"fig3a","0.029286445646252372","0.054116952654646375","5000","3554","3059","0.7108578284343131","0.611877624475105","0.8607594936708861","0.5763347330533893","-0.8567113700078721","468","468"
"fig3a","0.029286445646252372","0.0630957344480193","5000","3531","2973","0.70625874825035","0.5946810637872425","0.8420158550396375","0.559368126374725","-0.977155159697702","469","469"
"fig3a","0.029286445646252372","0.07356422544596414","5000","3491","2874","0.6982603479304139","0.5748850229954009","0.8233104238258877","0.5399720055988801","-1.1102393973974358","470","470"
"fig3a","0.029286445646252372","0.08576958985908938","5000","3487","2759","0.6974605078984203","0.5518896220755849","0.7912844036697249","0.5170165966806639","-1.2556701235420746","471","471"
"fig3a","0.029286445646252372","0.1","5000","3478","2691","0.6956608678264347","0.5382923415316937","0.7737855705662547","0.5035092981403719","-1.4123760775986511","472","472"
"fig3a","0.029286445646252372","0.11659144011798311","5000","3402","2317","0.6804639072185563","0.46350729854029193","0.6811636791066705","0.42948410317936414","-1.5781838470361436","473","473"
"fig3a","0.029286445646252372","0.13593563908785256","5000","3363","2233","0.6726654669066187","0.44671065786842634","0.6640903686087991","0.4130773845230954","-1.749399650013089","474","474"
"fig3a","0.029286445646252372","0.1584893192461114","5000","3267","2040","0.6534693061387723","0.4081183763247351","0.6245410036719706","0.3754449110177965","-1.9202809775811147","475","475"
"fig3a","0.029286445646252372","0.18478497974222907","5000","3190","1709","0.6380723855228955","0.34193161367726455","0.5358821685991851","0.3100279944011198","-2.0823823926643286","476","476"
"fig3a","0.029286445646252372","0.21544346900318845","5000","3102","1468","0.6204759048190361","0.29374125174965005","0.47341282629713183","0.26271745650869827","-2.223763189175088","477","477"
"fig3a","0.029286445646252372","0.25118864315095796","5000","2941","1075","0.5882823435312937","0.21515696860627875","0.36573759347382734","0.18574285142971406","-2.3280512259896113","478","478"
"fig3a","0.029286445646252372","0.29286445646252374","5000","2771","813","0.5542891421715657","0.16276744651069786","0.29365079365079366","0.13505298940211957","-2.3733679251802187","479","479"
"fig3a","0.029286445646252372","0.34145488738336005","5000","2700","510","0.5400919816036792","0.10217956408718257","0.1891891891891892","0.0751749650069986","-2.331134833980826","480","480"
"fig3a","0.029286445646252372","0.3981071705534973","5000","2451","339","0.4903019396120776","0.06798640271945611","0.13866231647634583","0.04347130573885223","-2.1648025452192883","481","481"
"fig3a","0.029286445646252372","0.46415888336127775","5000","2283","161","0.45670865826834633","0.03239352129574085","0.07092819614711032","0.009558088382323533","-1.8285676978793504","482","482"
"fig3a","0.029286445646252372","0.5411695265464638","5000","2084","71","0.4169166166766647","0.014397120575884824","0.034532374100719423","-0.006448710257948411","-1.2661717899262612","483","483"
"fig3a","0.029286445646252372","0.630957344480193","5000","1758","26","0.35172965406918616","0.005398920215956809","0.015349630471859011","-0.0121875624875025","-0.4099039283239563","484","484"
"fig3a","0.029286445646252372","0.7356422544596414","5000","1549","8","0.3099380123975205","0.001799640071985603","0.005806451612903226","-0.013697260547890423","0.820045713670595","485","485"
"fig3a","0.029286445646252372","0.8576958985908937","5000","1316","0","0.2633473305338932","0.0001999600079984003","0.0007593014426727411","-0.01296740651869626","2.5157196523859966","486","486"
"fig3a","0.029286445646252372","1.0","5000","1103","1","0.22075584883023394","0.0003999200159968006","0.0018115942028985507","-0.010637872425514897","4.78085283244161","487","487"
"fig3a","0.034145488738336005","0.0001","5000","2688","2714","0.5376924615076984","0.5428914217156569","1.0","0.5160067986402719","-0.0024417285620756957","488","488"
"fig3a","0.034145488738336005","0.00011659144011798323","5000","2697","2694","0.5394921015796841","0.5388922215556888","0.9988880652335063","0.5119176164767046","-0.002846696581798369","489","489"
"fig3a","0.034145488738336005","0.00013593563908785255","5000","2748","2726","0.5496900619876025","0.5452909418116376","0.9919970898508547","0.5178064387122575","-0.0033188007638500494","490","490"
"fig3a","0.034145488738336005","0.00015848931924611142","5000","2777","2724","0.555488902219556","0.5448910217956409","0.9809215262778979","0.517116576684663","-0.0038691606140162094","491","491"
"fig3a","0.034145488738336005","0.00018478497974222906","5000","2699","2669","0.5398920215956808","0.5338932213557288","0.9888888888888888","0.5068986202759448","-0.004510733571464698","492","492"
"fig3a","0.034145488738336005","0.00021544346900318845","5000","2742","2775","0.5484903019396121","0.5550889822035593","1.0","0.5276644671065787","-0.005258617454330761","493","493"
"fig3a","0.034145488738336005","0.00025118864315095795","5000","2751","2729","0.5502899420115976","0.5458908218356329","0.9920058139534884","0.518376324735053","-0.0061304021863861635","494","494"
"fig3a","0.034145488738336005","0.00029286445646252375","5000","2786","2818","0.5572885422915417","0.5636872625474905","1.0","0.5358228354329134","-0.0071465786631108585","495","495"
"fig3a","0.034145488738336005","0.0003414548873833601","5000","2814","2775","0.562887422515497","0.5550889822035593","0.986145648312611","0.5269446110777845","-0.008331013801011977","496","496"
"fig3a","0.034145488738336005","0.00039810717055349735","5000","2815","2727","0.5630873825234953","0.5454909018196361","0.96875","0.5173365326934614","-0.009711502157472296","497","497"
"fig3a","0.034145488738336005","0.00046415888336127773","5000","2822","2723","0.5644871025794841","0.5446910617876425","0.9649309245483528","0.5164667066586682","-0.011320406018228368","498","498"
"fig3a","0.034145488738336005","0.0005411695265464637","5000","2813","2818","0.5626874625074985","0.5636872625474905","1.0","0.5355528894221155","-0.013195397540215481","499","499"
"fig3a","0.034145488738336005","0.000630957344480193","5000","2744","2780","0.5488902219556089","0.5560887822435513","1.0","0.5286442711457708","-0.015380318399053294","500","500"
"fig3a","0.034145488738336005","0.0007356422544596414","5000","2842","2772","0.5684863027394521","0.554489102179564","0.9753781217024269","0.5260647870425914","-0.01792617441412858","501","501"
"fig3a","0.034145488738336005","0.0008576958985908946","5000","2817","2887","0.5634873025394921","0.5774845030993802","1.0","0.5493101379724056","-0.020892284827766616","502","502"
"fig3a","0.034145488738336005","0.001","5000","2940","2791","0.5880823835232953","0.5582883423315337","0.949336960217613","0.5288842231553689","-0.024347608177208713","503","503"
"fig3a","0.034145488738336005","0.001165914401179831","5000","2845","2876","0.5690861827634474","0.5752849430113978","1.0","0.5468306338732254","-0.02837226904466661","504","504"
"fig3a","0.034145488738336005","0.0013593563908785254","5000","2840","2900","0.5680863827234554","0.5800839832033593","1.0","0.5516796640671865","-0.03305931219762215","505","505"
"fig3a","0.034145488738336005","0.001584893192461114","5000","2864","2923","0.5728854229154169","0.5846830633873226","1.0","0.5560387922415517","-0.038516712621998295","506","506"
"fig3a","0.034145488738336005","0.0018478497974222907","5000","2902","2986","0.5804839032193562","0.5972805438912218","1.0","0.568256348730254","-0.044869671426170044","507","507"
"fig3a","0.034145488738336005","0.002154434690031882","5000","2957","2997","0.5914817036592681","0.5994801039792041","1.0","0.5699060187962407","-0.05226322814098694","508","508"
"fig3a","0.034145488738336005","0.0025118864315095794","5000","2985","2963","0.5970805838832234","0.5926814637072585","0.9926322839919623","0.5628274345130974","-0.06086521908713394","509","509"
"fig3a","0.034145488738336005","0.0029286445646252374","5000","3134","2982","0.626874625074985","0.5964807038592281","0.9515151515151514","0.5651369726054789","-0.07086960838984169","510","510"
"fig3a","0.034145488738336005","0.003414548873833601","5000","3156","3021","0.6312737452509498","0.6042791441711658","0.9572378840671524","0.5727154569086184","-0.08250021187609491","511","511"
"fig3a","0.034145488738336005","0.003981071705534973","5000","3123","3030","0.6246750649870026","0.6060787842431514","0.9702304737516005","0.5748450309938012","-0.09601482300945463","512","512"
"fig3a","0.034145488738336005","0.004641588833612782","5000","3129","3140","0.625874825034993","0.6280743851229754","1.0","0.5967806438712258","-0.11170973219805092","513","513"
"fig3a","0.034145488738336005","0.0054116952654646375","5000","3170","3147","0.6340731853629274","0.6294741051789642","0.9927467675812046","0.5977704459108178","-0.1299246035459305","514","514"
"fig3a","0.034145488738336005","0.006309573444801929","5000","3181","3173","0.6362727454509098","0.6346730653869226","0.9974858579509741","0.6028594281143771","-0.15104763275573418","515","515"
"fig3a","0.034145488738336005","0.007356422544596414","5000","3246","3103","0.6492701459708058","0.6206758648270346","0.9559593470896213","0.5882123575284943","-0.17552085159223907","516","516"
"fig3a","0.034145488738336005","0.008576958985908946","5000","3261","3208","0.6522695460907818","0.6416716656668666","0.983752299202943","0.6090581883623275","-0.20384536167554757","517","517"
"fig3a","0.034145488738336005","0.01","5000","3307","3194","0.6614677064587082","0.638872225554889","0.9658403869407497","0.6057988402319536","-0.23658616504150132","518","518"
"fig3a","0.034145488738336005","0.01165914401179831","5000","3336","3236","0.6672665466906619","0.6472705458908218","0.970032963739886","0.6139072185562887","-0.2743761001398468","519","519"
"fig3a","0.034145488738336005","0.013593563908785255","5000","3328","3222","0.6656668666266746","0.6444711057788443","0.9681586061880445","0.6111877624475105","-0.3179181760323502","520","520"
"fig3a","0.034145488738336005","0.01584893192461114","5000","3369","3218","0.673865226954609","0.6436712657468506","0.9551928783382789","0.6099780043991202","-0.3679853074184791","521","521"
"fig3a","0.034145488738336005","0.018478497974222907","5000","3367","3240","0.6734653069386123","0.6480703859228154","0.9622921615201899","0.6143971205758848","-0.42541606787466435","522","522"
"fig3a","0.034145488738336005","0.021544346900318843","5000","3418","3169","0.6836632673465307","0.633873225354929","0.9271716876279613","0.5996900619876024","-0.4911045734182835","523","523"
"fig3a","0.034145488738336005","0.025118864315095794","5000","3450","3206","0.6900619876024795","0.6412717456508699","0.9292958562735439","0.6067686462707459","-0.5659819548106384","524","524"
"fig3a","0.034145488738336005","0.029286445646252372","5000","3496","3151","0.6992601479704059","0.6302739452109578","0.9013440091507006","0.5953109378124375","-0.650986043928981","525","525"
"fig3a","0.034145488738336005","0.034145488738336005","5000","3488","3118","0.6976604679064187","0.6236752649470106","0.8939524218973919","0.5887922415516897","-0.7470148564751184","526","526"
"fig3a","0.034145488738336005","0.039810717055349734","5000","3466","3089","0.6932613477304539","0.617876424715057","0.891260455725411","0.5832133573285343","-0.8548581743638124","527","527"
"fig3a","0.034145488738336005","0.046415888336127774","5000","3491","2915","0.6982603479304139","0.5830833833233353","0.8350515463917525","0.5481703659268147","-0.9751000032519528","528","528"
"fig3a","0.034145488738336005","0.054116952654646375","5000","3459","2904","0.6918616276744651","0.5808838232353529","0.8395953757225433","0.5462907418516296","-1.107982914728268","529","529"
"fig3a","0.034145488738336005","0.0630957344480193","5000","3429","2705","0.6858628274345131","0.5410917816436712","0.7889212827988338","0.5067986402719455","-1.2532233305668683","530","530"
"fig3a","0.034145488738336005","0.07356422544596414","5000","3382","2613","0.6764647070585883","0.5226954609078185","0.7726869642329294","0.4888722255548891","-1.409764782543931","531","531"
"fig3a","0.034145488738336005","0.08576958985908938","5000","3376","2386","0.6752649470105979","0.47730453909218157","0.7068403908794788","0.4435412917416517","-1.5754542894537735","532","532"
"fig3a","0.034145488738336005","0.1","5000","3326","2239","0.6652669466106779","0.4479104179164167","0.6732792305380223","0.41464707058588285","-1.7466255554094516","533","533"
"fig3a","0.034145488738336005","0.11659144011798311","5000","3246","1962","0.6492701459708058","0.3925214957008598","0.6045580535879274","0.3600579884023195","-1.9175721771585472","534","534"
"fig3a","0.034145488738336005","0.13593563908785256","5000","3187","1708","0.6374725054989002","0.34173165366926617","0.536072772898369","0.30985802839432114","-2.0798950789652224","535","535"
"fig3a","0.034145488738336005","0.1584893192461114","5000","3103","1396","0.6206758648270346","0.2793441311737652","0.4500644329896907","0.24831033793241347","-2.221711746067683","536","536"
"fig3a","0.034145488738336005","0.18478497974222907","5000","2962","1119","0.5924815036992601","0.22395520895820836","0.3779952750590618","0.19433113377324535","-2.326721374002034","537","537"
"fig3a","0.034145488738336005","0.21544346900318845","5000","2820","830","0.5640871825634873","0.16616676664667065","0.2945763913505849","0.13796240751849628","-2.373130654200338","538","538"
"fig3a","0.034145488738336005","0.25118864315095796","5000","2703","588","0.5406918616276745","0.11777644471105779","0.21782544378698226","0.09074185162967406","-2.3324602576084885","539","539"
"fig3a","0.034145488738336005","0.29286445646252374","5000","2461","359","0.4923015396920616","0.07198560287942411","0.1462225832656377","0.04737052589482103","-2.168272421420113","540","540"
"fig3a","0.034145488738336005","0.34145488738336005","5000","2261","157","0.4523095380923815","0.03159368126374725","0.06984969053934571","0.008978204359128175","-1.8348849539060268","541","541"
"fig3a","0.034145488738336005","0.3981071705534973","5000","1981","74","0.39632073585282945","0.014997000599880024","0.037840565085771945","-0.004819036192761451","-1.2761650203497652","542","542"
"fig3a","0.034145488738336005","0.46415888336127775","5000","1828","29","0.36572685462907417","0.00599880023995201","0.016402405686167305","-0.0122875424915017","-0.42452457678984956","543","543"
"fig3a","0.034145488738336005","0.5411695265464638","5000","1569","4","0.3139372125574885","0.0009998000399920016","0.003184713375796178","-0.014697060587882425","0.7997358385676989","544","544"
"fig3a","0.034145488738336005","0.630957344480193","5000","1295","2","0.2591481703659268","0.0005998800239952009","0.0023148148148148147","-0.01235752849430114","2.488572646340401","545","545"
"fig3a","0.034145488738336005","0.7356422544596414","5000","1117","0","0.22355528894221155","0.0001999600079984003","0.0008944543828264759","-0.010977804439112178","4.745672261655756","546","546"
"fig3a","0.034145488738336005","0.8576958985908937","5000","925","0","0.1851629674065187","0.0001999600079984003","0.0010799136069114472","-0.009058188362327536","7.685113753270116","547","547"
"fig3a","0.034145488738336005","1.0","5000","766","0","0.15336932613477305","0.0001999600079984003","0.001303780964797914","-0.007468506298740253","11.429137400723505","548","548"
"fig3a","0.039810717055349734","0.0001","5000","2696","2755","0.5392921415716857","0.5510897820435913","1.0","0.524125174965007","-0.0033074780116066904","549","549"
"fig3a","0.039810717055349734","0.00011659144011798323","5000","2744","2739","0.5488902219556089","0.5478904219156169","0.9981785063752276","0.5204459108178364","-0.0038559612103767904","550","550"
"fig3a","0.039810717055349734","0.00013593563908785255","5000","2734","2647","0.5468906218756249","0.529494101179764","0.9681901279707495","0.5021495700859828","-0.004495346855748039","551","551"
"fig3a","0.039810717055349734","0.00015848931924611142","5000","2728","2737","0.5456908618276345","0.5474905018996201","1.0","0.5202059588082384","-0.005240681475243036","552","552"
"fig3a","0.039810717055349734","0.00018478497974222906","5000","2775","2743","0.5550889822035593","0.5486902619476105","0.9884726224783862","0.5209358128374325","-0.006109495282544231","553","553"
"fig3a","0.039810717055349734","0.00021544346900318845","5000","2762","2747","0.55248950209958","0.5494901019796041","0.9945711183496202","0.5218656268746251","-0.007122209679835123","554","554"
"fig3a","0.039810717055349734","0.00025118864315095795","5000","2734","2776","0.5468906218756249","0.5552889422115577","1.0","0.5279444111177765","-0.008302610727128013","555","555"
"fig3a","0.039810717055349734","0.00029286445646252375","5000","2846","2742","0.5692861427714457","0.5484903019396121","0.9634703196347032","0.5200259948010398","-0.009678398938291366","556","556"
"fig3a","0.039810717055349734","0.0003414548873833601","5000","2796","2817","0.5592881423715257","0.5634873025394921","1.0","0.5355228954209158","-0.011281827259495003","557","557"
"fig3a","0.039810717055349734","0.00039810717055349735","5000","2757","2783","0.551489702059588","0.5566886622675465","1.0","0.5291141771645671","-0.013150440788507467","558","558"
"fig3a","0.039810717055349734","0.00046415888336127773","5000","2845","2794","0.5690861827634474","0.5588882223555289","0.9820801124385101","0.5304339132173566","-0.01532793362869711","559","559"
"fig3a","0.039810717055349734","0.0005411695265464637","5000","2784","2794","0.5568886222755449","0.5588882223555289","1.0","0.5310437912417517","-0.01786514031763886","560","560"
"fig3a","0.039810717055349734","0.000630957344480193","5000","2844","2772","0.5688862227554489","0.554489102179564","0.9746924428822495","0.5260447910417916","-0.02082118144664946","561","561"
"fig3a","0.039810717055349734","0.0007356422544596414","5000","2873","2840","0.5746850629874025","0.5680863827234554","0.9885177453027141","0.5393521295740852","-0.024264785370291975","562","562"
"fig3a","0.039810717055349734","0.0008576958985908946","5000","2870","2837","0.5740851829634073","0.5674865026994601","0.9885057471264369","0.5387822435512898","-0.0282758102310936","563","563"
"fig3a","0.039810717055349734","0.001","5000","2863","2832","0.5726854629074185","0.5664867026594681","0.9891759776536313","0.5378524295140972","-0.032946992774327555","564","564"
"fig3a","0.039810717055349734","0.001165914401179831","5000","2925","2875","0.5850829834033193","0.5750849830033993","0.9829118250170881","0.5458308338332333","-0.03838595242223164","565","565"
"fig3a","0.039810717055349734","0.0013593563908785254","5000","2862","2918","0.5724855028994201","0.5836832633473306","1.0","0.5550589882023595","-0.044717480550559685","566","566"
"fig3a","0.039810717055349734","0.001584893192461114","5000","2893","2942","0.5786842631473705","0.5884823035392921","1.0","0.5595480903819235","-0.05208614552037716","567","567"
"fig3a","0.039810717055349734","0.0018478497974222907","5000","2987","2960","0.5974805038992201","0.5920815836832634","0.9909638554216867","0.5622075584883024","-0.060659243170135824","568","568"
"fig3a","0.039810717055349734","0.002154434690031882","5000","2961","2977","0.5922815436912617","0.5954809038192361","1.0","0.565866826634673","-0.07063011946672759","569","569"
"fig3a","0.039810717055349734","0.0025118864315095794","5000","3051","3017","0.6102779444111178","0.6034793041391722","0.9888597640891218","0.5729654069186163","-0.08222188574620759","570","570"
"fig3a","0.039810717055349734","0.0029286445646252374","5000","3067","3011","0.6134773045390922","0.6022795440911818","0.9817470664928292","0.5716056788642272","-0.09569153603504787","571","571"
"fig3a","0.039810717055349734","0.003414548873833601","5000","3113","3029","0.6226754649070186","0.6058788242351529","0.9730250481695567","0.574745050989802","-0.1113344582952891","572","572"
"fig3a","0.039810717055349734","0.003981071705534973","5000","3118","3002","0.6236752649470106","0.6004799040191962","0.9628085924975953","0.5692961407718456","-0.1294893044251637","573","573"
"fig3a","0.039810717055349734","0.004641588833612782","5000","3196","3114","0.6392721455708859","0.622875424915017","0.9743509540193932","0.5909118176364727","-0.150543143833886","574","574"
"fig3a","0.039810717055349734","0.0054116952654646375","5000","3239","3099","0.647870425914817","0.619876024795041","0.9567901234567902","0.5874825034993002","-0.1749367675722624","575","575"
"fig3a","0.039810717055349734","0.006309573444801929","5000","3214","3088","0.642871425714857","0.6176764647070586","0.9608087091757388","0.5855328934213158","-0.20316992798893807","576","576"
"fig3a","0.039810717055349734","0.007356422544596414","5000","3222","3146","0.6444711057788443","0.6292741451709658","0.9764194849519081","0.5970505898820236","-0.23580618438683132","577","577"
"fig3a","0.039810717055349734","0.008576958985908946","5000","3233","3210","0.6466706658668266","0.6420715856828634","0.9928880643166357","0.6097380523895221","-0.2734768674682755","578","578"
"fig3a","0.039810717055349734","0.01","5000","3300","3162","0.6600679864027195","0.6324735052989402","0.9581944865192366","0.5994701059788042","-0.3168834608720772","579","579"
"fig3a","0.039810717055349734","0.01165914401179831","5000","3359","3177","0.671865626874625","0.6354729054189162","0.9458333333333334","0.6018796240751849","-0.36679740976234143","580","580"
"fig3a","0.039810717055349734","0.013593563908785255","5000","3357","3137","0.6714657068586283","0.6274745050989802","0.9344848123883264","0.5939012197560487","-0.4240559834378246","581","581"
"fig3a","0.039810717055349734","0.01584893192461114","5000","3388","3137","0.6776644671065787","0.6274745050989802","0.9259368545293597","0.5935912817436513","-0.48955231642642616","582","582"
"fig3a","0.039810717055349734","0.018478497974222907","5000","3321","3129","0.6642671465706859","0.625874825034993","0.9422034918723661","0.5926614677064588","-0.5642171021011109","583","583"
"fig3a","0.039810717055349734","0.021544346900318843","5000","3445","3107","0.6890621875624875","0.6214757048590281","0.901915264074289","0.5870225954809037","-0.6489885835482028","584","584"
"fig3a","0.039810717055349734","0.025118864315095794","5000","3436","3087","0.6872625474905019","0.6174765046990602","0.8984579575210941","0.5831133773245352","-0.7447664474405542","585","585"
"fig3a","0.039810717055349734","0.029286445646252372","5000","3461","2962","0.6922615476904619","0.5924815036992601","0.8558636626227614","0.557868426314737","-0.8523439518370424","586","586"
"fig3a","0.039810717055349734","0.034145488738336005","5000","3436","2891","0.6872625474905019","0.5782843431313738","0.8414314809426827","0.5439212157568487","-0.9723110944283917","587","587"
"fig3a","0.039810717055349734","0.039810717055349734","5000","3431","2830","0.6862627474505099","0.5660867826434713","0.82488344988345","0.5317736452709458","-1.1049198637338122","588","588"
"fig3a","0.039810717055349734","0.046415888336127774","5000","3430","2732","0.6860627874425115","0.5464907018596281","0.7965607694549695","0.5121875624875025","-1.2499006625624816","589","589"
"fig3a","0.039810717055349734","0.054116952654646375","5000","3425","2581","0.6850629874025195","0.5162967406518696","0.7536485697606538","0.4820435912817436","-1.4062169630473136","590","590"
"fig3a","0.039810717055349734","0.0630957344480193","5000","3327","2310","0.6654669066186762","0.4621075784843031","0.6944110576923077","0.4288342331533693","-1.5717433470185824","591","591"
"fig3a","0.039810717055349734","0.07356422544596414","5000","3358","2213","0.6716656668666267","0.4427114577084583","0.6591247395058053","0.409128174365127","-1.7428506235102077","592","592"
"fig3a","0.039810717055349734","0.08576958985908938","5000","3239","1915","0.647870425914817","0.383123375324935","0.591358024691358","0.35072985402919415","-1.9138811605853903","593","593"
"fig3a","0.039810717055349734","0.1","5000","3181","1751","0.6362727454509098","0.35032993401319734","0.5505971087366436","0.31851629674065185","-2.0764985445545108","594","594"
"fig3a","0.039810717055349734","0.11659144011798311","5000","3065","1383","0.6130773845230953","0.276744651069786","0.45140247879973905","0.24609078184363126","-2.2188989596439797","595","595"
"fig3a","0.039810717055349734","0.13593563908785256","5000","2946","1104","0.5892821435712857","0.22095580883823235","0.37495758398371226","0.19149170165966806","-2.3248781392142917","596","596"
"fig3a","0.039810717055349734","0.1584893192461114","5000","2845","814","0.5690861827634474","0.16296740651869626","0.28636683063949403","0.1345130973805239","-2.3727582454527294","597","597"
"fig3a","0.039810717055349734","0.18478497974222907","5000","2624","564","0.5248950209958009","0.11297740451909619","0.21523809523809523","0.08673265346930614","-2.3341942819397445","598","598"
"fig3a","0.039810717055349734","0.21544346900318845","5000","2467","341","0.49350129974005197","0.0683863227354529","0.1385737439222042","0.043711257748450305","-2.1728999153436916","599","599"
"fig3a","0.039810717055349734","0.25118864315095796","5000","2204","155","0.4409118176364727","0.03119376124775045","0.0707482993197279","0.009148170365926814","-1.8433574675906357","600","600"
"fig3a","0.039810717055349734","0.29286445646252374","5000","1993","58","0.3987202559488102","0.011797640471905619","0.02958876629889669","-0.008138372325534894","-1.2896049368674198","601","601"
"fig3a","0.039810717055349734","0.34145488738336005","5000","1777","27","0.35552889422115574","0.005598880223955209","0.015748031496062992","-0.012177564487102579","-0.4442215576932256","602","602"
"fig3a","0.039810717055349734","0.3981071705534973","5000","1531","3","0.3063387322535493","0.0007998400319936012","0.0026109660574412533","-0.014517096580683864","0.7721634820699421","603","603"
"fig3a","0.039810717055349734","0.46415888336127775","5000","1314","1","0.26294741051789644","0.0003999200159968006","0.001520912547528517","-0.012747450509898022","2.4518802548519716","604","604"
"fig3a","0.039810717055349734","0.5411695265464638","5000","1124","1","0.22495500899820037","0.0003999200159968006","0.0017777777777777776","-0.010847830433913219","4.698140626834714","605","605"
"fig3a","0.039810717055349734","0.630957344480193","5000","900","0","0.1801639672065587","0.0001999600079984003","0.0011098779134295228","-0.008808238352329535","7.625076765058338","606","606"
"fig3a","0.039810717055349734","0.7356422544596414","5000","785","0","0.15716856628674264","0.0001999600079984003","0.001272264631043257","-0.007658468306338731","11.355059913296884","607","607"
"fig3a","0.039810717055349734","0.8576958985908937","5000","666","0","0.133373325334933","0.0001999600079984003","0.0014992503748125937","-0.0064687062587482505","16.015559184981896","608","608"
"fig3a","0.039810717055349734","1.0","5000","598","0","0.11977604479104179","0.0001999600079984003","0.001669449081803005","-0.005788842231553689","21.735303787883595","609","609"
"fig3a","0.046415888336127774","0.0001","5000","2805","2714","0.5610877824435113","0.5428914217156569","0.9675694939415538","0.5148370325934812","-0.0044745218777677565","610","610"
"fig3a","0.046415888336127774","0.00011659144011798323","5000","2693","2726","0.5386922615476905","0.5452909418116376","1.0","0.5183563287342531","-0.005216406197405377","611","611"
"fig3a","0.046415888336127774","0.00013593563908785255","5000","2774","2780","0.5548890221955609","0.5560887822435513","1.0","0.5283443311337732","-0.006081198998117543","612","612"
"fig3a","0.046415888336127774","0.00015848931924611142","5000","2738","2721","0.5476904619076185","0.5442911417716457","0.9937933552391385","0.5169066186762648","-0.007089227619587746","613","613"
"fig3a","0.046415888336127774","0.00018478497974222906","5000","2758","2755","0.5516896620675865","0.5510897820435913","0.9989126495106921","0.5235052989402119","-0.00826416868051183","614","614"
"fig3a","0.046415888336127774","0.00021544346900318845","5000","2727","2748","0.5454909018196361","0.5496900619876025","1.0","0.5224155168966207","-0.009633595398895523","615","615"
"fig3a","0.046415888336127774","0.00025118864315095795","5000","2712","2831","0.5424915016996601","0.5662867426514697","1.0","0.5391621675664867","-0.011229612724235949","616","616"
"fig3a","0.046415888336127774","0.00029286445646252375","5000","2803","2761","0.5606878624275144","0.5522895420915817","0.985021398002853","0.524255148970206","-0.013089593763425","617","617"
"fig3a","0.046415888336127774","0.0003414548873833601","5000","2780","2832","0.5560887822435513","0.5664867026594681","1.0","0.5386822635472905","-0.015257032860745312","618","618"
"fig3a","0.046415888336127774","0.00039810717055349735","5000","2827","2820","0.5654869026194761","0.5640871825634873","0.9975247524752476","0.5358128374325135","-0.017782532694411657","619","619"
"fig3a","0.046415888336127774","0.00046415888336127773","5000","2843","2821","0.5686862627474505","0.5642871425714857","0.9922644163150492","0.5358528294341132","-0.020724944939331635","620","620"
"fig3a","0.046415888336127774","0.0005411695265464637","5000","2833","2771","0.5666866626674665","0.5542891421715657","0.9781227946365562","0.5259548090381924","-0.02415268633552614","621","621"
"fig3a","0.046415888336127774","0.000630957344480193","5000","2878","2859","0.5756848630273945","0.5718856228754249","0.9934004862799583","0.5431013797240551","-0.028145254312335055","622","622"
"fig3a","0.046415888336127774","0.0007356422544596414","5000","2843","2867","0.5686862627474505","0.5734853029394121","1.0","0.5450509898020396","-0.03279496859028086","623","623"
"fig3a","0.046415888336127774","0.0008576958985908946","5000","2905","2826","0.5810837832433513","0.5652869426114777","0.9728148657949072","0.5362327534493101","-0.03820896716365496","624","624"
"fig3a","0.046415888336127774","0.001","5000","2940","2862","0.5880823835232953","0.5724855028994201","0.9734784087045223","0.5430813837232553","-0.04451148660456283","625","625"
"fig3a","0.046415888336127774","0.001165914401179831","5000","2886","2888","0.5772845430913818","0.5776844631073785","1.0","0.5488202359528095","-0.05184645722428627","626","626"
"fig3a","0.046415888336127774","0.0013593563908785254","5000","2911","2943","0.5822835432913417","0.5886822635472906","1.0","0.5595680863827235","-0.060380442876976304","627","627"
"fig3a","0.046415888336127774","0.001584893192461114","5000","3003","3028","0.6006798640271945","0.6056788642271546","1.0","0.5756448710257949","-0.0703059522437286","628","628"
"fig3a","0.046415888336127774","0.0018478497974222907","5000","3016","2918","0.6032793441311738","0.5836832633473306","0.9675174013921114","0.5535192961407719","-0.08184514230455875","629","629"
"fig3a","0.046415888336127774","0.002154434690031882","5000","3002","2958","0.6004799040191962","0.5916816636672666","0.9853479853479854","0.5616576684663068","-0.09525392391569198","630","630"
"fig3a","0.046415888336127774","0.0025118864315095794","5000","2988","3003","0.5976804639072185","0.6006798640271945","1.0","0.5707958408318337","-0.11082646203749391","631","631"
"fig3a","0.046415888336127774","0.0029286445646252374","5000","3062","3052","0.6124775044991002","0.6104779044191162","0.9967352269017303","0.5798540291941612","-0.12890003645730985","632","632"
"fig3a","0.046415888336127774","0.003414548873833601","5000","3112","3088","0.6224755048990201","0.6176764647070586","0.9922903951172504","0.5865526894621076","-0.14986018931273293","633","633"
"fig3a","0.046415888336127774","0.003981071705534973","5000","3188","3122","0.6376724655068986","0.6244751049790042","0.9793038570084666","0.5925914817036593","-0.1741460285198002","634","634"
"fig3a","0.046415888336127774","0.004641588833612782","5000","3172","3109","0.6344731053789242","0.621875624875025","0.9801449732114719","0.5901519696060789","-0.20225547502937502","635","635"
"fig3a","0.046415888336127774","0.0054116952654646375","5000","3243","3045","0.6486702659468107","0.6090781843631273","0.9389642416769419","0.5766446710657868","-0.23475012846859045","636","636"
"fig3a","0.046415888336127774","0.006309573444801929","5000","3194","3075","0.638872225554889","0.6150769846030794","0.9627543035993741","0.5831333733253349","-0.27225926950993085","637","637"
"fig3a","0.046415888336127774","0.007356422544596414","5000","3210","3154","0.6420715856828634","0.6308738252349531","0.9825599501712864","0.5987702459508099","-0.3154823047193531","638","638"
"fig3a","0.046415888336127774","0.008576958985908946","5000","3301","3077","0.6602679464107178","0.6154769046190762","0.9321623258631133","0.5824635072985404","-0.3651886737279426","639","639"
"fig3a","0.046415888336127774","0.01","5000","3355","3071","0.6710657868426315","0.6142771445710857","0.9153754469606673","0.5807238552289542","-0.42221385861577687","640","640"
"fig3a","0.046415888336127774","0.01165914401179831","5000","3326","3082","0.6652669466106779","0.6164767046590682","0.9266606552449655","0.5832133573285343","-0.48744963662662144","641","641"
"fig3a","0.046415888336127774","0.013593563908785255","5000","3417","3019","0.6834633073385323","0.6038792241551689","0.8835576360444704","0.5697060587882423","-0.5618260713305574","642","642"
"fig3a","0.046415888336127774","0.01584893192461114","5000","3393","3035","0.6786642671465707","0.6070785842831433","0.8945197407189156","0.5731453709258147","-0.6462819131849074","643","643"
"fig3a","0.046415888336127774","0.018478497974222907","5000","3375","3024","0.6750649870025994","0.6048790241951609","0.8960308056872038","0.5711257748450309","-0.7417190469731736","644","644"
"fig3a","0.046415888336127774","0.021544346900318843","5000","3430","2932","0.6860627874425115","0.5864827034593081","0.8548528125910813","0.5521795640871825","-0.8489353543897096","645","645"
"fig3a","0.046415888336127774","0.025118864315095794","5000","3417","2863","0.6834633073385323","0.5726854629074185","0.8379169104739613","0.5385122975404919","-0.9685288404022003","646","646"
"fig3a","0.046415888336127774","0.029286445646252372","5000","3307","2774","0.6614677064587082","0.5548890221955609","0.8388754534461911","0.5218156368726254","-1.1007641107321717","647","647"
"fig3a","0.046415888336127774","0.034145488738336005","5000","3413","2691","0.6826634673065387","0.5382923415316937","0.7885178676039837","0.5041591681663667","-1.2453903333304197","648","648"
"fig3a","0.046415888336127774","0.039810717055349734","5000","3325","2535","0.6650669866026795","0.5070985802839432","0.7624774503908598","0.4738452309538092","-1.4013977787185468","649","649"
"fig3a","0.046415888336127774","0.046415888336127774","5000","3277","2489","0.6554689062187562","0.4979004199160168","0.7596095179987798","0.465126974605079","-1.5666981103246655","650","650"
"fig3a","0.046415888336127774","0.054116952654646375","5000","3319","2163","0.6638672265546891","0.4327134573085383","0.6518072289156626","0.39952009598080385","-1.7377121013708745","651","651"
"fig3a","0.046415888336127774","0.0630957344480193","5000","3217","1854","0.6434713057388523","0.3709258148370326","0.5764449968924797","0.33875224955009","-1.9088478488530711","652","652"
"fig3a","0.046415888336127774","0.07356422544596414","5000","3118","1650","0.6236752649470106","0.3301339732053589","0.5293363257454312","0.29895020995800836","-2.071853457229622","653","653"
"fig3a","0.046415888336127774","0.08576958985908938","5000","3074","1441","0.614877024595081","0.28834233153369326","0.4689430894308943","0.2575984803039392","-2.215031346488388","654","654"
"fig3a","0.046415888336127774","0.1","5000","2926","1113","0.5852829434113177","0.22275544891021795","0.3805944653228562","0.19349130173965207","-2.322307677907048","655","655"
"fig3a","0.046415888336127774","0.11659144011798311","5000","2770","774","0.5540891821635673","0.15496900619876025","0.2796824251172862","0.12726454709058188","-2.372160764356863","656","656"
"fig3a","0.046415888336127774","0.13593563908785256","5000","2660","513","0.5320935812837433","0.10277944411117776","0.1931604659902292","0.0761747650469906","-2.336427451131982","657","657"
"fig3a","0.046415888336127774","0.1584893192461114","5000","2421","328","0.4843031393721256","0.0657868426314737","0.13583815028901733","0.041571685662867425","-2.179026626216455","658","658"
"fig3a","0.046415888336127774","0.18478497974222907","5000","2284","173","0.4569086182763447","0.03479304139172166","0.07614879649890592","0.011947610477904422","-1.8546638674124551","659","659"
"fig3a","0.046415888336127774","0.21544346900318845","5000","2019","71","0.4039192161567686","0.014397120575884824","0.03564356435643565","-0.00579884023195361","-1.3078695801308413","660","660"
"fig3a","0.046415888336127774","0.25118864315095796","5000","1763","26","0.35272945410917816","0.005398920215956809","0.015306122448979591","-0.0122375524895021","-0.4765839314385971","661","661"
"fig3a","0.046415888336127774","0.29286445646252374","5000","1519","10","0.3039392121575685","0.0021995600879824036","0.007236842105263159","-0.01299740051989602","0.7236327277193482","662","662"
"fig3a","0.046415888336127774","0.34145488738336005","5000","1242","0","0.2485502899420116","0.0001999600079984003","0.0008045052292839903","-0.01222755448910218","2.3888959100505645","663","663"
"fig3a","0.046415888336127774","0.3981071705534973","5000","1068","0","0.21375724855028994","0.0001999600079984003","0.0009354536950420954","-0.010487902419516098","4.623554873797957","664","664"
"fig3a","0.046415888336127774","0.46415888336127775","5000","942","0","0.1885622875424915","0.0001999600079984003","0.0010604453870625664","-0.009228154369126176","7.539752951992199","665","665"
"fig3a","0.046415888336127774","0.5411695265464638","5000","797","0","0.15956808638272346","0.0001999600079984003","0.0012531328320802004","-0.007778444311137773","11.255000045372242","666","666"
"fig3a","0.046415888336127774","0.630957344480193","5000","699","0","0.13997200559888023","0.0001999600079984003","0.0014285714285714284","-0.006798640271945612","15.894667957958376","667","667"
"fig3a","0.046415888336127774","0.7356422544596414","5000","571","0","0.11437712457508498","0.0001999600079984003","0.0017482517482517483","-0.005518896220755849","21.592105737134744","668","668"
"fig3a","0.046415888336127774","0.8576958985908937","5000","524","0","0.10497900419916016","0.0001999600079984003","0.0019047619047619048","-0.005048990201959608","28.473482891212143","669","669"
"fig3a","0.046415888336127774","1.0","5000","506","0","0.10137972405518897","0.0001999600079984003","0.001972386587771203","-0.004869026194761049","36.65743270748317","670","670"
"fig3a","0.054116952654646375","0.0001","5000","2784","2778","0.5568886222755449","0.5556888622275545","0.9978456014362658","0.5278444311137773","-0.006042961593720975","671","671"
"fig3a","0.054116952654646375","0.00011659144011798323","5000","2696","2793","0.5392921415716857","0.5586882623475304","1.0","0.5317236552689462","-0.007044658127057346","672","672"
"fig3a","0.054116952654646375","0.00013593563908785255","5000","2765","2772","0.5530893821235753","0.554489102179564","1.0","0.5268346330733853","-0.008212220841869566","673","673"
"fig3a","0.054116952654646375","0.00015848931924611142","5000","2765","2788","0.5530893821235753","0.5576884623075385","1.0","0.5300339932013598","-0.00957305092055094","674","674"
"fig3a","0.054116952654646375","0.00018478497974222906","5000","2760","2781","0.5520895820835833","0.5562887422515497","1.0","0.5286842631473705","-0.011159053289304666","675","675"
"fig3a","0.054116952654646375","0.00021544346900318845","5000","2796","2766","0.5592881423715257","0.5532893421315737","0.9892742223811226","0.5253249350129974","-0.013007368603609848","676","676"
"fig3a","0.054116952654646375","0.00025118864315095795","5000","2846","2746","0.5692861427714457","0.5492901419716056","0.9648753073410606","0.5208258348330334","-0.015161221218107812","677","677"
"fig3a","0.054116952654646375","0.00029286445646252375","5000","2808","2760","0.5616876624675065","0.5520895820835833","0.9829120683517266","0.5240051989602079","-0.017670900417357416","678","678"
"fig3a","0.054116952654646375","0.0003414548873833601","5000","2841","2769","0.5682863427314537","0.5538892221555689","0.9746657283603096","0.5254749050189962","-0.02059489438613582","679","679"
"fig3a","0.054116952654646375","0.00039810717055349735","5000","2773","2838","0.5546890621875625","0.5676864627074585","1.0","0.5399520095980803","-0.024001198637165544","680","680"
"fig3a","0.054116952654646375","0.00046415888336127773","5000","2840","2804","0.5680863827234554","0.5608878224355129","0.9873284054910243","0.5324835032993401","-0.02796882297599268","681","681"
"fig3a","0.054116952654646375","0.0005411695265464637","5000","2854","2749","0.5708858228354329","0.5498900219956009","0.9632224168126096","0.5213457308538293","-0.03258952333297316","682","682"
"fig3a","0.054116952654646375","0.000630957344480193","5000","2847","2894","0.5694861027794441","0.5788842231553689","1.0","0.5504099180163967","-0.03796978679673657","683","683"
"fig3a","0.054116952654646375","0.0007356422544596414","5000","2925","2770","0.5850829834033193","0.5540891821635673","0.9470266575529733","0.5248350329934013","-0.04423309975209122","684","684"
"fig3a","0.054116952654646375","0.0008576958985908946","5000","2991","2886","0.5982803439312138","0.5772845430913818","0.9649064171122995","0.547370525894821","-0.051522529662349825","685","685"
"fig3a","0.054116952654646375","0.001","5000","2918","2908","0.5836832633473306","0.5816836632673466","0.9965741692360397","0.5524995000999801","-0.06000365037255051","686","686"
"fig3a","0.054116952654646375","0.001165914401179831","5000","2962","2907","0.5924815036992601","0.5814837032593482","0.9814377320283497","0.5518596280743852","-0.06986783795088058","687","687"
"fig3a","0.054116952654646375","0.0013593563908785254","5000","2928","2922","0.5856828634273146","0.5844831033793242","0.99795151928986","0.5551989602079584","-0.08133595814462069","688","688"
"fig3a","0.054116952654646375","0.001584893192461114","5000","2964","2968","0.592881423715257","0.5936812637472505","1.0","0.5640371925614877","-0.09466245595126566","689","689"
"fig3a","0.054116952654646375","0.0018478497974222907","5000","2957","2909","0.5914817036592681","0.5818836232753449","0.9837728194726167","0.5523095380923815","-0.11013984075782446","690","690"
"fig3a","0.054116952654646375","0.002154434690031882","5000","2989","2973","0.597880423915217","0.5946810637872425","0.994648829431438","0.5647870425914816","-0.1281035342632606","691","691"
"fig3a","0.054116952654646375","0.0025118864315095794","5000","3101","3071","0.6202759448110378","0.6142771445710857","0.9903288201160542","0.5832633473305339","-0.1489370094835749","692","692"
"fig3a","0.054116952654646375","0.0029286445646252374","5000","3115","3041","0.6230753849230154","0.6082783443311338","0.9762516046213094","0.577124575084983","-0.17307709276209948","693","693"
"fig3a","0.054116952654646375","0.003414548873833601","5000","3170","3058","0.6340731853629274","0.6116776644671066","0.9646799116997792","0.5799740051989603","-0.20101922068363365","694","694"
"fig3a","0.054116952654646375","0.003981071705534973","5000","3144","3069","0.628874225154969","0.613877224555089","0.9761526232114467","0.5824335132973405","-0.2333223319141382","695","695"
"fig3a","0.054116952654646375","0.004641588833612782","5000","3140","3076","0.6280743851229754","0.6152769446110777","0.979624323463865","0.5838732253549289","-0.2706129197551945","696","696"
"fig3a","0.054116952654646375","0.0054116952654646375","5000","3217","3090","0.6434713057388523","0.6180763847230554","0.9605344934742075","0.5859028194361128","-0.31358756116000563","697","697"
"fig3a","0.054116952654646375","0.006309573444801929","5000","3278","3121","0.6556688662267547","0.6242751449710058","0.9521195486428788","0.591491701659668","-0.3630129553343693","698","698"
"fig3a","0.054116952654646375","0.007356422544596414","5000","3256","3080","0.6512697460507898","0.6160767846430714","0.9459625422167639","0.5835132973405319","-0.41972212916914486","699","699"
"fig3a","0.054116952654646375","0.008576958985908946","5000","3264","3098","0.652869426114777","0.6196760647870426","0.9491577335375192","0.5870325934813038","-0.48460497300794714","700","700"
"fig3a","0.054116952654646375","0.01","5000","3344","3053","0.668866226754649","0.6106778644271146","0.9130044843049329","0.5772345530893821","-0.558590630276683","701","701"
"fig3a","0.054116952654646375","0.01165914401179831","5000","3328","2990","0.6656668666266746","0.5980803839232154","0.8984680084109343","0.5647970405918816","-0.6426184471982879","702","702"
"fig3a","0.054116952654646375","0.013593563908785255","5000","3349","3028","0.669866026794641","0.6056788642271546","0.904179104477612","0.5721855628874225","-0.7375931629364345","703","703"
"fig3a","0.054116952654646375","0.01584893192461114","5000","3337","2937","0.6674665066986603","0.5874825034993001","0.8801677651288196","0.5541091781643671","-0.8443187588757723","704","704"
"fig3a","0.054116952654646375","0.018478497974222907","5000","3276","2801","0.6552689462107578","0.5602879424115177","0.8550503509307293","0.5275244951009798","-0.9634038727131724","705","705"
"fig3a","0.054116952654646375","0.021544346900318843","5000","3361","2709","0.6722655468906219","0.5418916216756648","0.8060678167757287","0.5082783443311337","-1.0951299256548168","706","706"
"fig3a","0.054116952654646375","0.025118864315095794","5000","3373","2637","0.6746650669866027","0.52749450109978","0.7818612922347362","0.4937612477504499","-1.2392711551264028","707","707"
"fig3a","0.054116952654646375","0.029286445646252372","5000","3327","2448","0.6654669066186762","0.4897020595880824","0.7358774038461539","0.4564287142571486","-1.3948536970646614","708","708"
"fig3a","0.054116952654646375","0.034145488738336005","5000","3281","2342","0.6562687462507498","0.46850629874025196","0.7138939670932358","0.43569286142771446","-1.559838914125578","709","709"
"fig3a","0.054116952654646375","0.039810717055349734","5000","3275","2099","0.6550689862027594","0.41991601679664065","0.641025641025641","0.3871625674865027","-1.7307146282539918","710","710"
"fig3a","0.054116952654646375","0.046415888336127774","5000","3145","1854","0.6290741851629674","0.3709258148370326","0.5896376350921805","0.3394721055788842","-1.901977241441017","711","711"
"fig3a","0.054116952654646375","0.054116952654646375","5000","3156","1687","0.6312737452509498","0.3375324935012997","0.5346848273677541","0.3059688062387522","-2.0654885315666434","712","712"
"fig3a","0.054116952654646375","0.0630957344480193","5000","3069","1365","0.613877224555089","0.2731453709258148","0.4449511400651465","0.24245150969806037","-2.2096939604954855","713","713"
"fig3a","0.054116952654646375","0.07356422544596414","5000","2934","1098","0.586882623475305","0.21975604879024196","0.37444633730834753","0.19041191761647672","-2.318695508817626","714","714"
"fig3a","0.054116952654646375","0.08576958985908938","5000","2766","803","0.5532893421315737","0.16076784643071385","0.2905674015178894","0.13310337932413516","-2.3711822453892637","715","715"
"fig3a","0.054116952654646375","0.1","5000","2619","536","0.5238952209558089","0.10737852429514097","0.2049618320610687","0.08118376324735052","-2.3392367831731633","716","716"
"fig3a","0.054116952654646375","0.11659144011798311","5000","2451","316","0.4903019396120776","0.0633873225354929","0.12928221859706363","0.03887222555488902","-2.1870558081613467","717","717"
"fig3a","0.054116952654646375","0.13593563908785256","5000","2201","175","0.4403119376124775","0.03519296140771846","0.07992733878292461","0.01317736452709458","-1.8696476617748203","718","718"
"fig3a","0.054116952654646375","0.1584893192461114","5000","2013","80","0.40271945610877824","0.016196760647870425","0.04021847070506455","-0.003939212157568487","-1.3373865523643929","719","719"
"fig3a","0.054116952654646375","0.18478497974222907","5000","1787","28","0.35752849430113975","0.0057988402319536095","0.016219239373601792","-0.012077584483103379","-0.5313397723524815","720","720"
"fig3a","0.054116952654646375","0.21544346900318845","5000","1537","11","0.3075384923015397","0.0023995200959808036","0.0078023407022106625","-0.01297740451909618","0.6420212627767796","721","721"
"fig3a","0.054116952654646375","0.25118864315095796","5000","1263","2","0.252749450109978","0.0005998800239952009","0.002373417721518987","-0.012037592481503701","2.281255563699858","722","722"
"fig3a","0.054116952654646375","0.29286445646252374","5000","1099","0","0.21995600879824034","0.0001999600079984003","0.0009090909090909091","-0.010797840431913619","4.4925475616264805","723","723"
"fig3a","0.054116952654646375","0.34145488738336005","5000","895","0","0.1791641671665667","0.0001999600079984003","0.0011160714285714285","-0.008758248350329935","7.389891361833293","724","724"
"fig3a","0.054116952654646375","0.3981071705534973","5000","766","0","0.15336932613477305","0.0001999600079984003","0.001303780964797914","-0.007468506298740253","11.092864337546246","725","725"
"fig3a","0.054116952654646375","0.46415888336127775","5000","663","0","0.13277344531093782","0.0001999600079984003","0.001506024096385542","-0.006438712257548491","15.72294952112486","726","726"
"fig3a","0.054116952654646375","0.5411695265464638","5000","607","0","0.12157568486302739","0.0001999600079984003","0.001644736842105263","-0.0058788242351529695","21.398852476849754","727","727"
"fig3a","0.054116952654646375","0.630957344480193","5000","523","0","0.10477904419116177","0.0001999600079984003","0.0019083969465648854","-0.005038992201559688","28.248712232072506","728","728"
"fig3a","0.054116952654646375","0.7356422544596414","5000","492","0","0.09858028394321136","0.0001999600079984003","0.002028397565922921","-0.004729054189162168","36.400768754319074","729","729"
"fig3a","0.054116952654646375","0.8576958985908937","5000","446","0","0.08938212357528494","0.0001999600079984003","0.0022371364653243847","-0.0042691461707658465","45.96303406388944","730","730"
"fig3a","0.054116952654646375","1.0","5000","366","0","0.07338532293541292","0.0001999600079984003","0.0027247956403269754","-0.0034693061387722456","57.02877360255442","731","731"
"fig3a","0.06309573444801933","0.0001","5000","2789","2718","0.5578884223155369","0.5436912617476505","0.9745519713261648","0.5157968406318736","-0.008142171567726564","732","732"
"fig3a","0.06309573444801933","0.00011659144011798323","5000","2753","2787","0.5506898620275945","0.5574885022995401","1.0","0.5299540091981604","-0.009491409156566988","733","733"
"fig3a","0.06309573444801933","0.00013593563908785255","5000","2803","2788","0.5606878624275144","0.5576884623075385","0.9946504992867334","0.5296540691861629","-0.011063906335749607","734","734"
"fig3a","0.06309573444801933","0.00015848931924611142","5000","2788","2773","0.5576884623075385","0.5546890621875625","0.9946217282179992","0.5268046390721856","-0.012896490242042091","735","735"
"fig3a","0.06309573444801933","0.00018478497974222906","5000","2814","2772","0.562887422515497","0.554489102179564","0.9850799289520424","0.5263447310537892","-0.01503202106448498","736","736"
"fig3a","0.06309573444801933","0.00021544346900318845","5000","2764","2758","0.5528894221155769","0.5516896620675865","0.9978300180831827","0.5240451909618077","-0.01752036536703372","737","737"
"fig3a","0.06309573444801933","0.00025118864315095795","5000","2807","2758","0.5614877024595081","0.5516896620675865","0.9825498575498577","0.5236152769446111","-0.020419521005095476","738","738"
"fig3a","0.06309573444801933","0.00029286445646252375","5000","2821","2775","0.5642871425714857","0.5550889822035593","0.9836995038979447","0.526874625074985","-0.023796915241632632","739","739"
"fig3a","0.06309573444801933","0.0003414548873833601","5000","2820","2778","0.5640871825634873","0.5556888622275545","0.9851116625310175","0.5274845030993802","-0.027730900013665405","740","740"
"fig3a","0.06309573444801933","0.00039810717055349735","5000","2894","2932","0.5788842231553689","0.5864827034593081","1.0","0.5575384923015396","-0.03231247055168751","741","741"
"fig3a","0.06309573444801933","0.00046415888336127773","5000","2890","2914","0.5780843831233753","0.5828834233153369","1.0","0.5539792041591681","-0.03764723561087635","742","742"
"fig3a","0.06309573444801933","0.0005411695265464637","5000","2861","2842","0.5722855428914218","0.5684863027394521","0.993361285814116","0.539872025594881","-0.04385766913810585","743","743"
"fig3a","0.06309573444801933","0.000630957344480193","5000","2939","2846","0.587882423515297","0.5692861427714457","0.9683673469387756","0.5398920215956808","-0.051085673941543064","744","744"
"fig3a","0.06309573444801933","0.0007356422544596414","5000","2932","2895","0.5864827034593081","0.5790841831633673","0.9873849301056938","0.5497600479904019","-0.05949548732257881","745","745"
"fig3a","0.06309573444801933","0.0008576958985908946","5000","3003","2888","0.6006798640271945","0.5776844631073785","0.9617177097203728","0.5476504699060188","-0.06927695595709338","746","746"
"fig3a","0.06309573444801933","0.001","5000","2977","2901","0.5954809038192361","0.5802839432113577","0.9744795164539959","0.5505098980203958","-0.08064920155567279","747","747"
"fig3a","0.06309573444801933","0.001165914401179831","5000","2974","2956","0.594881023795241","0.5912817436512697","0.9939495798319327","0.5615376924615076","-0.09386468858303942","748","748"
"fig3a","0.06309573444801933","0.0013593563908785254","5000","2972","2958","0.5944811037792441","0.5916816636672666","0.9952909519004374","0.5619576084783044","-0.10921368870032211","749","749"
"fig3a","0.06309573444801933","0.001584893192461114","5000","3008","2954","0.6016796640671865","0.590881823635273","0.9820538384845464","0.5607978404319136","-0.1270291109590005","750","750"
"fig3a","0.06309573444801933","0.0018478497974222907","5000","3057","2941","0.6114777044591082","0.5882823435312937","0.962066710268149","0.5577084583083383","-0.14769162867560226","751","751"
"fig3a","0.06309573444801933","0.002154434690031882","5000","3015","2999","0.6030793841231754","0.5998800239952009","0.9946949602122014","0.5697260547890421","-0.1716349786960336","752","752"
"fig3a","0.06309573444801933","0.0025118864315095794","5000","3018","2994","0.6036792641471705","0.598880223955209","0.992050347797284","0.5686962607478505","-0.19935123021548407","753","753"
"fig3a","0.06309573444801933","0.0029286445646252374","5000","3169","3088","0.633873225354929","0.6176764647070586","0.974447949526814","0.5859828034393122","-0.23139571047670415","754","754"
"fig3a","0.06309573444801933","0.003414548873833601","5000","3207","3092","0.6414717056588682","0.6184763047390522","0.9641521197007482","0.5864027194561088","-0.26839112305793833","755","755"
"fig3a","0.06309573444801933","0.003981071705534973","5000","3178","3082","0.6356728654269146","0.6164767046590682","0.9698018244731048","0.5846930613877225","-0.3110301878784867","756","756"
"fig3a","0.06309573444801933","0.004641588833612782","5000","3252","3049","0.6504699060187963","0.609878024395121","0.9375960651706117","0.5773545290941812","-0.3600758537573938","757","757"
"fig3a","0.06309573444801933","0.0054116952654646375","5000","3201","3082","0.6402719456108779","0.6164767046590682","0.9628357276702061","0.5844631073785244","-0.4163577640330516","758","758"
"fig3a","0.06309573444801933","0.006309573444801929","5000","3268","3060","0.6536692661467707","0.6120775844831033","0.9363719791985315","0.5793941211757648","-0.4807631687206708","759","759"
"fig3a","0.06309573444801933","0.007356422544596414","5000","3247","3017","0.6494701059788043","0.6034793041391722","0.9291871921182265","0.571005798840232","-0.5542198448238196","760","760"
"fig3a","0.06309573444801933","0.008576958985908946","5000","3295","2998","0.6590681863627275","0.5996800639872025","0.9098907766990291","0.5667266546690661","-0.637667778423122","761","761"
"fig3a","0.06309573444801933","0.01","5000","3317","2935","0.6634673065386922","0.5870825834833033","0.8848704038577456","0.5539092181563687","-0.7320153465315684","762","762"
"fig3a","0.06309573444801933","0.01165914401179831","5000","3330","2866","0.6660667866426715","0.5732853429314138","0.860702491744221","0.5399820035992802","-0.8380744854435704","763","763"
"fig3a","0.06309573444801933","0.013593563908785255","5000","3358","2834","0.6716656668666267","0.5668866226754649","0.8440011908306043","0.5333033393321335","-0.9564678284236834","764","764"
"fig3a","0.06309573444801933","0.01584893192461114","5000","3296","2744","0.6592681463707258","0.5488902219556089","0.8325750682438581","0.5159268146370726","-1.0874990438256305","765","765"
"fig3a","0.06309573444801933","0.018478497974222907","5000","3240","2611","0.6480703859228154","0.5222955408918216","0.8059240975007714","0.48989202159568085","-1.230975647531693","766","766"
"fig3a","0.06309573444801933","0.021544346900318843","5000","3243","2479","0.6486702659468107","0.4959008198360328","0.7644882860665845","0.4634673065386923","-1.3859715021737316","767","767"
"fig3a","0.06309573444801933","0.025118864315095794","5000","3297","2266","0.6594681063787242","0.4533093381323735","0.6873862947240752","0.4203359328134373","-1.5505142365887536","768","768"
"fig3a","0.06309573444801933","0.029286445646252372","5000","3205","2141","0.6410717856428714","0.4283143371325735","0.6681222707423582","0.3962607478504299","-1.7211812240654751","769","769"
"fig3a","0.06309573444801933","0.034145488738336005","5000","3111","1924","0.6222755448910218","0.38492301539692064","0.6185732647814911","0.35380923815236953","-1.8925869923244534","770","770"
"fig3a","0.06309573444801933","0.039810717055349734","5000","3102","1636","0.6204759048190361","0.32733453309338134","0.5275539800193362","0.29631073785242956","-2.0567456091837357","771","771"
"fig3a","0.06309573444801933","0.046415888336127774","5000","3030","1470","0.6060787842431514","0.29414117176564686","0.48531837677334205","0.2638372325534893","-2.202294461487554","772","772"
"fig3a","0.06309573444801933","0.054116952654646375","5000","2903","1063","0.5806838632273545","0.21275744851029793","0.36639118457300274","0.1837232553489302","-2.3135718043255906","773","773"
"fig3a","0.06309573444801933","0.0630957344480193","5000","2799","835","0.5598880223955209","0.16716656668666266","0.29857142857142854","0.1391721655668866","-2.369550407229326","774","774"
"fig3a","0.06309573444801933","0.07356422544596414","5000","2605","507","0.5210957808438312","0.10157968406318736","0.19493476592478895","0.0755248950209958","-2.34264432608245","775","775"
"fig3a","0.06309573444801933","0.08576958985908938","5000","2457","324","0.49150169966006796","0.0649870025994801","0.1322213181448332","0.04041191761647671","-2.1974256720633605","776","776"
"fig3a","0.06309573444801933","0.1","5000","2211","178","0.4423115376924615","0.03579284143171366","0.08092224231464738","0.01367726454709058","-1.8893129584714643","777","777"
"fig3a","0.06309573444801933","0.11659144011798311","5000","2030","90","0.40611877624475107","0.018196360727854428","0.044805514524864594","-0.0021095780843831263","-1.3806527981868726","778","778"
"fig3a","0.06309573444801933","0.13593563908785256","5000","1793","29","0.3587282543491302","0.00599880023995201","0.016722408026755852","-0.0119376124775045","-0.6114371814126685","779","779"
"fig3a","0.06309573444801933","0.1584893192461114","5000","1577","9","0.3155368926214757","0.001999600079984003","0.0063371356147021544","-0.013777244551089782","0.520892640970402","780","780"
"fig3a","0.06309573444801933","0.18478497974222907","5000","1276","1","0.2553489302139572","0.0003999200159968006","0.0015661707126076742","-0.01236752649470106","2.1186246482008073","781","781"
"fig3a","0.06309573444801933","0.21544346900318845","5000","1108","2","0.22175564887022595","0.0005998800239952009","0.0027051397655545534","-0.010487902419516098","4.290291240486141","782","782"
"fig3a","0.06309573444801933","0.25118864315095796","5000","907","0","0.18156368726254749","0.0001999600079984003","0.0011013215859030836","-0.008878224355128975","7.152036554937354","783","783"
"fig3a","0.06309573444801933","0.29286445646252374","5000","800","0","0.16016796640671865","0.0001999600079984003","0.0012484394506866417","-0.007808438312337533","10.825736750004637","784","784"
"fig3a","0.06309573444801933","0.34145488738336005","5000","669","0","0.1339732053589282","0.0001999600079984003","0.0014925373134328358","-0.00649870025994801","15.435411497010534","785","785"
"fig3a","0.06309573444801933","0.3981071705534973","5000","576","0","0.11537692461507698","0.0001999600079984003","0.0017331022530329288","-0.005568886222755449","21.10250135551746","786","786"
"fig3a","0.06309573444801933","0.46415888336127775","5000","543","0","0.10877824435112977","0.0001999600079984003","0.001838235294117647","-0.005238952209558089","27.9404322723027","787","787"
"fig3a","0.06309573444801933","0.5411695265464638","5000","468","0","0.09378124375124974","0.0001999600079984003","0.0021321961620469083","-0.004489102179564087","36.05452853367862","788","788"
"fig3a","0.06309573444801933","0.630957344480193","5000","446","0","0.08938212357528494","0.0001999600079984003","0.0022371364653243847","-0.0042691461707658465","45.57420938985575","789","789"
"fig3a","0.06309573444801933","0.7356422544596414","5000","443","0","0.08878224355128975","0.0001999600079984003","0.0022522522522522522","-0.004239152169566087","56.59956316388241","790","790"
"fig3a","0.06309573444801933","0.8576958985908937","5000","427","0","0.08558288342331534","0.0001999600079984003","0.002336448598130841","-0.004079184163167366","69.20871480421411","791","791"
"fig3a","0.06309573444801933","1.0","5000","380","0","0.07618476304739052","0.0001999600079984003","0.0026246719160104987","-0.003609278144371126","83.46321005471265","792","792"
"fig3a","0.07356422544596414","0.0001","5000","2768","2797","0.5536892621475705","0.5594881023795241","1.0","0.5318036392721456","-0.010935974553660799","793","793"
"fig3a","0.07356422544596414","0.00011659144011798323","5000","2784","2806","0.5568886222755449","0.5612877424515097","1.0","0.5334433113377325","-0.012747405422828706","794","794"
"fig3a","0.07356422544596414","0.00013593563908785255","5000","2817","2800","0.5634873025394921","0.5600879824035193","0.9939673527324344","0.5319136172765447","-0.014858299703519151","795","795"
"fig3a","0.07356422544596414","0.00015848931924611142","5000","2769","2773","0.5538892221555689","0.5546890621875625","1.0","0.5269946010797841","-0.017317955355110826","796","796"
"fig3a","0.07356422544596414","0.00018478497974222906","5000","2791","2853","0.5582883423315337","0.5706858628274345","1.0","0.5427714457108578","-0.02018371063820723","797","797"
"fig3a","0.07356422544596414","0.00021544346900318845","5000","2899","2803","0.5798840231953609","0.5606878624275144","0.9668965517241379","0.5316936612677464","-0.02352222833644646","798","798"
"fig3a","0.07356422544596414","0.00025118864315095795","5000","2840","2820","0.5680863827234554","0.5640871825634873","0.9929602252727913","0.5356828634273145","-0.0274109752462266","799","799"
"fig3a","0.07356422544596414","0.00029286445646252375","5000","2895","2836","0.5790841831633673","0.5672865426914617","0.9796270718232045","0.5383323335332934","-0.03193992297752857","800","800"
"fig3a","0.07356422544596414","0.0003414548873833601","5000","2815","2842","0.5630873825234953","0.5684863027394521","1.0","0.5403319336132774","-0.03721349820128239","801","801"
"fig3a","0.07356422544596414","0.00039810717055349735","5000","2886","2882","0.5772845430913818","0.5764847030593881","0.9986144786976099","0.5476204759048191","-0.043352812067155355","802","802"
"fig3a","0.07356422544596414","0.00046415888336127773","5000","2893","2824","0.5786842631473705","0.564887022595481","0.976157567380788","0.5359528094381124","-0.050498199370423436","803","803"
"fig3a","0.07356422544596414","0.0005411695265464637","5000","2932","2938","0.5864827034593081","0.5876824635072986","1.0","0.5583583283343332","-0.058812097544546305","804","804"
"fig3a","0.07356422544596414","0.000630957344480193","5000","2890","2884","0.5780843831233753","0.5768846230753849","0.9979245935662401","0.5479804039192161","-0.06848229309559883","805","805"
"fig3a","0.07356422544596414","0.0007356422544596414","5000","2982","2896","0.5964807038592281","0.5792841431713657","0.9711699631243714","0.5494601079784043","-0.07972555760187561","806","806"
"fig3a","0.07356422544596414","0.0008576958985908946","5000","2977","2949","0.5954809038192361","0.589882023595281","0.9905977165883144","0.5601079784043191","-0.09279168557952744","807","807"
"fig3a","0.07356422544596414","0.001","5000","3003","2943","0.6006798640271945","0.5886822635472906","0.9800266311584556","0.5586482703459309","-0.10796793045835784","808","808"
"fig3a","0.07356422544596414","0.001165914401179831","5000","2967","2970","0.5934813037392521","0.5940811837632474","1.0","0.5644071185762848","-0.12558381007448816","809","809"
"fig3a","0.07356422544596414","0.0013593563908785254","5000","3047","3011","0.6094781043791242","0.6022795440911818","0.9881889763779528","0.5718056388722256","-0.14601621610654547","810","810"
"fig3a","0.07356422544596414","0.001584893192461114","5000","2964","2975","0.592881423715257","0.5950809838032394","1.0","0.5654369126174765","-0.16969470811918086","811","811"
"fig3a","0.07356422544596414","0.0018478497974222907","5000","3106","3012","0.6212757448510298","0.6024795040991802","0.9697457354361121","0.5714157168566287","-0.19710679638032502","812","812"
"fig3a","0.07356422544596414","0.002154434690031882","5000","3062","3005","0.6124775044991002","0.6010797840431914","0.9813907933398629","0.5704559088182364","-0.2288029104183238","813","813"
"fig3a","0.07356422544596414","0.0025118864315095794","5000","3097","3001","0.6194761047790442","0.6002799440111978","0.9690122659780503","0.5693061387722456","-0.2654006022108035","814","814"
"fig3a","0.07356422544596414","0.0029286445646252374","5000","3121","2986","0.6242751449710058","0.5972805438912218","0.9567584881486227","0.5660667866426715","-0.30758733085215795","815","815"
"fig3a","0.07356422544596414","0.003414548873833601","5000","3172","3042","0.6344731053789242","0.6084783043391322","0.9590293098014497","0.576754649070186","-0.35612090312156397","816","816"
"fig3a","0.07356422544596414","0.003981071705534973","5000","3272","3053","0.6544691061787642","0.6106778644271146","0.9330889092575619","0.5779544091181764","-0.4118262813579463","817","817"
"fig3a","0.07356422544596414","0.004641588833612782","5000","3207","3033","0.6414717056588682","0.6066786642671466","0.9457605985037406","0.5746050789842031","-0.47558699209332644","818","818"
"fig3a","0.07356422544596414","0.0054116952654646375","5000","3242","3019","0.6484703059388123","0.6038792241551689","0.9312365094048719","0.5714557088582283","-0.5483287478651278","819","819"
"fig3a","0.07356422544596414","0.006309573444801929","5000","3307","2934","0.6614677064587082","0.586882623475305","0.887243047158404","0.5538092381523696","-0.6309920992196112","820","820"
"fig3a","0.07356422544596414","0.007356422544596414","5000","3246","2969","0.6492701459708058","0.593881223755249","0.9146904835232523","0.5614177164567087","-0.724489932142518","821","821"
"fig3a","0.07356422544596414","0.008576958985908946","5000","3181","2855","0.6362727454509098","0.5710857828434314","0.8975487115022","0.5392721455708859","-0.829644389084649","822","822"
"fig3a","0.07356422544596414","0.01","5000","3263","2773","0.6526694661067787","0.5546890621875625","0.8498774509803921","0.5220555888822236","-0.9470963005662156","823","823"
"fig3a","0.07356422544596414","0.01165914401179831","5000","3237","2689","0.6474705058988203","0.5378924215156968","0.8307597282273007","0.5055188962207559","-1.0771784708679206","824","824"
"fig3a","0.07356422544596414","0.013593563908785255","5000","3269","2618","0.6538692261547691","0.5236952609478105","0.8009174311926606","0.49100179964007207","-1.2197422033861187","825","825"
"fig3a","0.07356422544596414","0.01584893192461114","5000","3291","2469","0.6582683463307338","0.4939012197560488","0.7503037667071689","0.4609878024395121","-1.3739243736809499","826","826"
"fig3a","0.07356422544596414","0.018478497974222907","5000","3246","2285","0.6492701459708058","0.45710857828434315","0.7040344933785033","0.42464507098580284","-1.537840339242706","827","827"
"fig3a","0.07356422544596414","0.021544346900318843","5000","3173","2111","0.6346730653869226","0.42231553689262147","0.665406427221172","0.39058188362327534","-1.708186305912534","828","828"
"fig3a","0.07356422544596414","0.025118864315095794","5000","3187","1934","0.6374725054989002","0.3869226154769046","0.6069636135508155","0.35504899020195957","-1.8797338857457362","829","829"
"fig3a","0.07356422544596414","0.029286445646252372","5000","3071","1655","0.6142771445710857","0.3311337732453509","0.5390625","0.30041991601679663","-2.0447000773209254","830","830"
"fig3a","0.07356422544596414","0.034145488738336005","5000","2973","1415","0.5946810637872425","0.28314337132573486","0.47612642905178215","0.25340931813637274","-2.191978537483692","831","831"
"fig3a","0.07356422544596414","0.039810717055349734","5000","2866","1034","0.5732853429314138","0.20695860827834434","0.3610045343564702","0.17829434113177364","-2.306223680391099","832","832"
"fig3a","0.07356422544596414","0.046415888336127774","5000","2840","823","0.5680863827234554","0.16476704659068186","0.2900387187609996","0.1363627274545091","-2.3667887580783713","833","833"
"fig3a","0.07356422544596414","0.054116952654646375","5000","2576","568","0.5152969406118776","0.11377724455108978","0.22079937912301129","0.0880123975204959","-2.3465334471153767","834","834"
"fig3a","0.07356422544596414","0.0630957344480193","5000","2417","329","0.483503299340132","0.06598680263947211","0.13647642679900746","0.04181163767246551","-2.210536036586177","835","835"
"fig3a","0.07356422544596414","0.07356422544596414","5000","2260","169","0.4521095780843831","0.033993201359728054","0.07518796992481203","0.011387722455508897","-1.9147698909469","836","836"
"fig3a","0.07356422544596414","0.08576958985908938","5000","1926","91","0.3853229354129174","0.01839632073585283","0.04774260508562533","-0.0008698260347930406","-1.4359542157933163","837","837"
"fig3a","0.07356422544596414","0.1","5000","1745","29","0.34913017396520696","0.00599880023995201","0.01718213058419244","-0.011457708458308338","-0.717121154354885","838","838"
"fig3a","0.07356422544596414","0.11659144011798311","5000","1532","7","0.3065386922615477","0.0015996800639872025","0.005218525766470972","-0.013727254549090183","0.35549615225954767","839","839"
"fig3a","0.07356422544596414","0.13593563908785256","5000","1350","6","0.27014597080583885","0.0013997200559888023","0.005181347150259067","-0.012107578484303142","1.8907953989725002","840","840"
"fig3a","0.07356422544596414","0.1584893192461114","5000","1159","0","0.23195360927814437","0.0001999600079984003","0.0008620689655172414","-0.01139772045590882","4.000733596457621","841","841"
"fig3a","0.07356422544596414","0.18478497974222907","5000","890","0","0.17816436712657469","0.0001999600079984003","0.0011223344556677889","-0.008708258348330335","6.804165163892037","842","842"
"fig3a","0.07356422544596414","0.21544346900318845","5000","808","0","0.16176764647070585","0.0001999600079984003","0.0012360939431396787","-0.007888422315536893","10.425712481353003","843","843"
"fig3a","0.07356422544596414","0.25118864315095796","5000","725","0","0.14517096580683864","0.0001999600079984003","0.001377410468319559","-0.0070585882823435316","14.992367289100429","844","844"
"fig3a","0.07356422544596414","0.29286445646252374","5000","565","0","0.11317736452709458","0.0001999600079984003","0.0017667844522968198","-0.005458908218356329","20.628771689934524","845","845"
"fig3a","0.07356422544596414","0.34145488738336005","5000","534","0","0.10697860427914417","0.0001999600079984003","0.0018691588785046728","-0.005148970205958808","27.451692137116737","846","846"
"fig3a","0.07356422544596414","0.3981071705534973","5000","458","0","0.09178164367126575","0.0001999600079984003","0.0021786492374727667","-0.004389122175564887","35.56420154646753","847","847"
"fig3a","0.07356422544596414","0.46415888336127775","5000","452","0","0.09058188362327535","0.0001999600079984003","0.002207505518763797","-0.004329134173165368","45.05043448752747","848","848"
"fig3a","0.07356422544596414","0.5411695265464638","5000","360","0","0.07218556288742252","0.0001999600079984003","0.0027700831024930744","-0.0034093181363727258","56.020589607553944","849","849"
"fig3a","0.07356422544596414","0.630957344480193","5000","363","0","0.07278544291141771","0.0001999600079984003","0.0027472527472527475","-0.0034393121375724854","68.57924667806202","850","850"
"fig3a","0.07356422544596414","0.7356422544596414","5000","401","0","0.08038392321535692","0.0001999600079984003","0.0024875621890547263","-0.0038192361527694457","82.78957274624071","851","851"
"fig3a","0.07356422544596414","0.8576958985908937","5000","335","0","0.06718656268746251","0.0001999600079984003","0.002976190476190476","-0.003159368126374725","98.69979693918862","852","852"
"fig3a","0.07356422544596414","1.0","5000","327","0","0.0655868826234753","0.0001999600079984003","0.003048780487804878","-0.0030793841231753646","116.3471817683643","853","853"
"fig3a","0.08576958985908942","0.0001","5000","2848","2771","0.5696860627874425","0.5542891421715657","0.9729729729729729","0.5258048390321935","-0.014625631329096223","854","854"
"fig3a","0.08576958985908942","0.00011659144011798323","5000","2788","2794","0.5576884623075385","0.5588882223555289","1.0","0.531003799240152","-0.017046860246182405","855","855"
"fig3a","0.08576958985908942","0.00013593563908785255","5000","2855","2793","0.5710857828434314","0.5586882623475304","0.9782913165266105","0.5301339732053588","-0.019867876500399007","856","856"
"fig3a","0.08576958985908942","0.00015848931924611142","5000","2823","2806","0.5646870625874825","0.5612877424515097","0.9939801699716715","0.5330533893221355","-0.023154318248117534","857","857"
"fig3a","0.08576958985908942","0.00018478497974222906","5000","2767","2879","0.553489302139572","0.5758848230353929","1.0","0.5482103579284143","-0.02698246576912311","858","858"
"fig3a","0.08576958985908942","0.00021544346900318845","5000","2896","2834","0.5792841431713657","0.5668866226754649","0.97859855022437","0.5379224155168966","-0.03144091830822049","859","859"
"fig3a","0.08576958985908942","0.00025118864315095795","5000","2883","2910","0.5766846630673865","0.5820835832833433","1.0","0.553249350129974","-0.03663251740832152","860","860"
"fig3a","0.08576958985908942","0.00029286445646252375","5000","2888","2868","0.5776844631073785","0.5736852629474105","0.9930771893388716","0.5448010397920415","-0.042676546347308886","861","861"
"fig3a","0.08576958985908942","0.0003414548873833601","5000","2901","2907","0.5802839432113577","0.5814837032593482","1.0","0.5524695060987803","-0.049711236225221","862","862"
"fig3a","0.08576958985908942","0.00039810717055349735","5000","2937","2899","0.5874825034993001","0.5798840231953609","0.987066031313819","0.550509898020396","-0.05789660893961468","863","863"
"fig3a","0.08576958985908942","0.00046415888336127773","5000","2925","2956","0.5850829834033193","0.5912817436512697","1.0","0.5620275944811037","-0.06741768504190304","864","864"
"fig3a","0.08576958985908942","0.0005411695265464637","5000","2879","2911","0.5758848230353929","0.5822835432913417","1.0","0.553489302139572","-0.078488079387796","865","865"
"fig3a","0.08576958985908942","0.000630957344480193","5000","2922","2935","0.5844831033793242","0.5870825834833033","1.0","0.5578584283143371","-0.09135399816852896","866","866"
"fig3a","0.08576958985908942","0.0007356422544596414","5000","2940","2941","0.5880823835232953","0.5882823435312937","1.0","0.5588782243551289","-0.10629863561069897","867","867"
"fig3a","0.08576958985908942","0.0008576958985908946","5000","3012","2898","0.6024795040991802","0.5796840631873625","0.9621639561898441","0.5495600879824035","-0.12364694486925032","868","868"
"fig3a","0.08576958985908942","0.001","5000","3012","2924","0.6024795040991802","0.584883023395321","0.9707932293395287","0.5547590481903619","-0.1437707220540858","869","869"
"fig3a","0.08576958985908942","0.001165914401179831","5000","3020","3003","0.6040791841631674","0.6006798640271945","0.9943727242634888","0.5704759048190362","-0.1670938905627395","870","870"
"fig3a","0.08576958985908942","0.0013593563908785254","5000","3074","2981","0.614877024595081","0.5962807438512298","0.9697560975609756","0.5655368926214757","-0.19409779903392632","871","871"
"fig3a","0.08576958985908942","0.001584893192461114","5000","3065","2979","0.6130773845230953","0.595880823835233","0.9719504240052187","0.5652269546090782","-0.22532624253449285","872","872"
"fig3a","0.08576958985908942","0.0018478497974222907","5000","3061","3026","0.6122775444911018","0.6052789442111578","0.988569562377531","0.5746650669866027","-0.2613897731876591","873","873"
"fig3a","0.08576958985908942","0.002154434690031882","5000","3092","3026","0.6184763047390522","0.6052789442111578","0.9786614936954413","0.5743551289742052","-0.3029686704069263","874","874"
"fig3a","0.08576958985908942","0.0025118864315095794","5000","3149","3053","0.629874025194961","0.6106778644271146","0.9695238095238095","0.5791841631673665","-0.3508136762258687","875","875"
"fig3a","0.08576958985908942","0.0029286445646252374","5000","3190","3030","0.6380723855228955","0.6060787842431514","0.9498589783766844","0.5741751649670066","-0.4057432479316674","876","876"
"fig3a","0.08576958985908942","0.003414548873833601","5000","3216","3005","0.6432713457308539","0.6010797840431914","0.9344109418713087","0.5689162167566487","-0.46863561431456446","877","877"
"fig3a","0.08576958985908942","0.003981071705534973","5000","3265","3008","0.6530693861227754","0.6016796640671865","0.921310471524801","0.5690261947610478","-0.5404133152854342","878","878"
"fig3a","0.08576958985908942","0.004641588833612782","5000","3287","2979","0.6574685062987402","0.595880823835233","0.9063260340632605","0.563007398520296","-0.622017126104879","879","879"
"fig3a","0.08576958985908942","0.0054116952654646375","5000","3248","2926","0.6496700659868027","0.5852829434113177","0.9008925823330255","0.5527994401119776","-0.7143652844202393","880","880"
"fig3a","0.08576958985908942","0.006309573444801929","5000","3261","2823","0.6522695460907818","0.5646870625874825","0.8657265481299816","0.5320735852829434","-0.8182927206272552","881","881"
"fig3a","0.08576958985908942","0.007356422544596414","5000","3241","2820","0.6482703459308138","0.5640871825634873","0.8701418877236275","0.5316736652669466","-0.9344635186493235","882","882"
"fig3a","0.08576958985908942","0.008576958985908946","5000","3283","2672","0.6566686662667467","0.5344931013797241","0.81394640682095","0.5016596680663867","-1.0632481030220617","883","883"
"fig3a","0.08576958985908942","0.01","5000","3250","2604","0.6500699860027994","0.5208958208358329","0.8012919101814827","0.4883923215356929","-1.2045546911214728","884","884"
"fig3a","0.08576958985908942","0.01165914401179831","5000","3245","2439","0.6490701859628074","0.4879024195160968","0.751694393099199","0.4554489102179564","-1.3576024529525625","885","885"
"fig3a","0.08576958985908942","0.013593563908785255","5000","3184","2294","0.636872625474905","0.4589082183563287","0.7205651491365778","0.4270645870825835","-1.5206217518962717","886","886"
"fig3a","0.08576958985908942","0.01584893192461114","5000","3110","2138","0.6220755848830234","0.4277144571085783","0.6875602700096433","0.39661067786442716","-1.6904650759212814","887","887"
"fig3a","0.08576958985908942","0.018478497974222907","5000","3139","1947","0.627874425114977","0.3895220955808838","0.6203821656050955","0.35812837432513495","-1.8621112286937205","888","888"
"fig3a","0.08576958985908942","0.021544346900318843","5000","3079","1737","0.615876824635073","0.34753049390121976","0.5642857142857143","0.3167366526694661","-2.0280456171788046","889","889"
"fig3a","0.08576958985908942","0.025118864315095794","5000","2967","1390","0.5934813037392521","0.27814437112577484","0.4686657681940701","0.24847030593881222","-2.177501798621279","890","890"
"fig3a","0.08576958985908942","0.029286445646252372","5000","2867","1071","0.5734853029394121","0.21435712857428516","0.37377963737796377","0.18568286342731455","-2.2955547254286444","891","891"
"fig3a","0.08576958985908942","0.034145488738336005","5000","2762","883","0.55248950209958","0.1767646470705859","0.31994209192906264","0.1491401719656069","-2.362065296439823","892","892"
"fig3a","0.08576958985908942","0.039810717055349734","5000","2636","531","0.5272945410917816","0.10637872425514897","0.2017444065225635","0.08001399720055988","-2.3504897363572184","893","893"
"fig3a","0.08576958985908942","0.046415888336127774","5000","2392","344","0.47850429914017195","0.06898620275944811","0.14417049728374426","0.045060987802439514","-2.2265865091848696","894","894"
"fig3a","0.08576958985908942","0.054116952654646375","5000","2229","191","0.4459108178364327","0.03839232153569286","0.08609865470852017","0.01609678064387122","-1.9470778414155916","895","895"
"fig3a","0.08576958985908942","0.0630957344480193","5000","1967","108","0.3935212957408518","0.021795640871825634","0.05538617886178862","0.002119576084783043","-1.498996252109464","896","896"
"fig3a","0.08576958985908942","0.07356422544596414","5000","1769","35","0.35392921415716855","0.007198560287942412","0.02033898305084746","-0.010497900419916016","-0.8428403782870078","897","897"
"fig3a","0.08576958985908942","0.08576958985908938","5000","1534","24","0.3069386122775445","0.004999000199960008","0.016286644951140065","-0.010347930413917218","0.146517607875694","898","898"
"fig3a","0.08576958985908942","0.1","5000","1320","2","0.2641471705658868","0.0005998800239952009","0.002271006813020439","-0.01260747850429914","1.5911191466429102","899","899"
"fig3a","0.08576958985908942","0.11659144011798311","5000","1125","1","0.22515496900619877","0.0003999200159968006","0.0017761989342806393","-0.01085782843431314","3.60897068690133","900","900"
"fig3a","0.08576958985908942","0.13593563908785256","5000","971","0","0.1943611277744451","0.0001999600079984003","0.0010288065843621398","-0.009518096380723857","6.322718681288819","901","901"
"fig3a","0.08576958985908942","0.1584893192461114","5000","800","0","0.16016796640671865","0.0001999600079984003","0.0012484394506866417","-0.007808438312337533","9.860458708200667","902","902"
"fig3a","0.08576958985908942","0.18478497974222907","5000","690","0","0.13817236552689463","0.0001999600079984003","0.001447178002894356","-0.006708658268346331","14.352834853653746","903","903"
"fig3a","0.08576958985908942","0.21544346900318845","5000","626","0","0.125374925014997","0.0001999600079984003","0.001594896331738437","-0.00606878624275145","19.928402731957704","904","904"
"fig3a","0.08576958985908942","0.25118864315095796","5000","519","0","0.10397920415916817","0.0001999600079984003","0.001923076923076923","-0.004999000199960009","26.708018965738376","905","905"
"fig3a","0.08576958985908942","0.29286445646252374","5000","494","0","0.09898020395920816","0.0001999600079984003","0.00202020202020202","-0.004749050189962008","34.79883523578471","906","906"
"fig3a","0.08576958985908942","0.34145488738336005","5000","465","0","0.09318136372725455","0.0001999600079984003","0.002145922746781116","-0.0044591081783643275","44.28851843630338","907","907"
"fig3a","0.08576958985908942","0.3981071705534973","5000","418","0","0.08378324335132974","0.0001999600079984003","0.0023866348448687348","-0.003989202159568087","55.24036097885488","908","908"
"fig3a","0.08576958985908942","0.46415888336127775","5000","394","0","0.07898420315936813","0.0001999600079984003","0.0025316455696202528","-0.003749250149970006","67.7311500215236","909","909"
"fig3a","0.08576958985908942","0.5411695265464638","5000","369","0","0.07398520295940812","0.0001999600079984003","0.0027027027027027024","-0.0034993001399720057","81.88041872767599","910","910"
"fig3a","0.08576958985908942","0.630957344480193","5000","375","0","0.07518496300739852","0.0001999600079984003","0.0026595744680851063","-0.003559288142371526","97.73964224527143","911","911"
"fig3a","0.08576958985908942","0.7356422544596414","5000","373","0","0.07478504299140172","0.0001999600079984003","0.00267379679144385","-0.0035392921415716857","115.34698996356707","912","912"
"fig3a","0.08576958985908942","0.8576958985908937","5000","374","0","0.07498500299940011","0.0001999600079984003","0.002666666666666667","-0.0035492901419716056","134.734571991392","913","913"
"fig3a","0.08576958985908942","1.0","5000","372","0","0.07458508298340331","0.0001999600079984003","0.002680965147453083","-0.0035292941411717653","155.93579718929368","914","914"
"fig3a","0.1","0.0001","5000","2824","2780","0.564887022595481","0.5560887822435513","0.9844247787610618","0.5278444311137772","-0.01944711219493911","915","915"
"fig3a","0.1","0.00011659144011798323","5000","2798","2782","0.5596880623875224","0.556488702259548","0.9942836727402644","0.5285042991401719","-0.02266416538611793","916","916"
"fig3a","0.1","0.00013593563908785255","5000","2864","2769","0.5728854229154169","0.5538892221555689","0.9668411867364748","0.5252449510097981","-0.026411563229117974","917","917"
"fig3a","0.1","0.00015848931924611142","5000","2846","2780","0.5692861427714457","0.5560887822435513","0.9768177028451","0.527624475104979","-0.03077607423057316","918","918"
"fig3a","0.1","0.00018478497974222906","5000","2879","2857","0.5758848230353929","0.5714857028594281","0.9923611111111111","0.5426914617076585","-0.035858424830962576","919","919"
"fig3a","0.1","0.00021544346900318845","5000","2914","2787","0.5828834233153369","0.5574885022995401","0.9564322469982847","0.5283443311337732","-0.04177545856254028","920","920"
"fig3a","0.1","0.00025118864315095795","5000","2905","2845","0.5810837832433513","0.5690861827634474","0.9793530626290435","0.5400319936012798","-0.04866259762357572","921","921"
"fig3a","0.1","0.00029286445646252375","5000","2956","2834","0.5912817436512697","0.5668866226754649","0.9587419682110246","0.5373225354929013","-0.05667663724526051","922","922"
"fig3a","0.1","0.0003414548873833601","5000","2926","2883","0.5852829434113177","0.5766846630673865","0.9853091902972327","0.5474205158968206","-0.06599890133998088","923","923"
"fig3a","0.1","0.00039810717055349735","5000","2934","2888","0.586882623475305","0.5776844631073785","0.9843270868824532","0.5483403319336133","-0.07683878327540583","924","924"
"fig3a","0.1","0.00046415888336127773","5000","2924","2916","0.584883023395321","0.5832833433313337","0.9972649572649572","0.5540391921615676","-0.08943768700027022","925","925"
"fig3a","0.1","0.0005411695265464637","5000","2942","2927","0.5884823035392921","0.5854829034193162","0.9949031600407748","0.5560587882423516","-0.10407336941520384","926","926"
"fig3a","0.1","0.000630957344480193","5000","2948","2998","0.5896820635872826","0.5996800639872025","1.0","0.5701959608078384","-0.12106466245086267","927","927"
"fig3a","0.1","0.0007356422544596414","5000","3015","2943","0.6030793841231754","0.5886822635472906","0.9761273209549072","0.5585282943411318","-0.14077651963077642","928","928"
"fig3a","0.1","0.0008576958985908946","5000","2962","2970","0.5924815036992601","0.5940811837632474","1.0","0.5644571085782844","-0.16362528265625542","929","929"
"fig3a","0.1","0.001","5000","3047","3030","0.6094781043791242","0.6060787842431514","0.9944225721784777","0.5756048790241952","-0.1900839931076348","930","930"
"fig3a","0.1","0.001165914401179831","5000","3084","2957","0.616876624675065","0.5914817036592681","0.9588330632090761","0.5606378724255149","-0.22068747529999655","931","931"
"fig3a","0.1","0.0013593563908785254","5000","3084","2953","0.616876624675065","0.5906818636272746","0.9575364667747165","0.5598380323935214","-0.25603677890796916","932","932"
"fig3a","0.1","0.001584893192461114","5000","3043","2939","0.6086782643471306","0.587882423515297","0.9658344283837057","0.5574485102979404","-0.2968023818702932","933","933"
"fig3a","0.1","0.0018478497974222907","5000","3143","3022","0.6286742651469706","0.6044791041791642","0.9615139949109416","0.5730453909218156","-0.3437252995250617","934","934"
"fig3a","0.1","0.002154434690031882","5000","3152","3001","0.6304739052189562","0.6002799440111978","0.9521091024421187","0.56875624875025","-0.3976149054733469","935","935"
"fig3a","0.1","0.0025118864315095794","5000","3143","2966","0.6286742651469706","0.5932813437312537","0.943702290076336","0.5618476304739052","-0.4593418196649566","936","936"
"fig3a","0.1","0.0029286445646252374","5000","3199","2974","0.639872025594881","0.594881023795241","0.9296875000000001","0.562887422515497","-0.52982363187391","937","937"
"fig3a","0.1","0.003414548873833601","5000","3151","2853","0.6302739452109578","0.5706858628274345","0.9054568527918782","0.5391721655668866","-0.610000472746492","938","938"
"fig3a","0.1","0.003981071705534973","5000","3258","2910","0.6516696660667867","0.5820835832833433","0.8932187787664927","0.5495000999800039","-0.7007964867904661","939","939"
"fig3a","0.1","0.004641588833612782","5000","3240","2810","0.6480703859228154","0.5620875824835033","0.867324899722308","0.5296840631873625","-0.8030620704931266","940","940"
"fig3a","0.1","0.0054116952654646375","5000","3248","2790","0.6496700659868027","0.5580883823235353","0.8590335487842413","0.5256048790241952","-0.9174902902197175","941","941"
"fig3a","0.1","0.006309573444801929","5000","3244","2730","0.648870225954809","0.5460907818436312","0.8416024653312788","0.5136472705458908","-1.044499181741628","942","942"
"fig3a","0.1","0.007356422544596414","5000","3324","2610","0.6648670265946811","0.5220955808838232","0.7852631578947368","0.4888522295540892","-1.1840696806821427","943","943"
"fig3a","0.1","0.008576958985908946","5000","3218","2503","0.6436712657468506","0.5006998600279944","0.7778813296054675","0.46851629674065187","-1.3355268162084144","944","944"
"fig3a","0.1","0.01","5000","3188","2295","0.6376724655068986","0.45910817836432716","0.7199749137660709","0.4272245550889822","-1.4972496711742735","945","945"
"fig3a","0.1","0.01165914401179831","5000","3117","2093","0.6234753049390122","0.41871625674865026","0.6715843489416293","0.38754249150169967","-1.6662937297607812","946","946"
"fig3a","0.1","0.013593563908785255","5000","3143","1890","0.6286742651469706","0.378124375124975","0.6014631043256997","0.3466906618676265","-1.837907996674403","947","947"
"fig3a","0.1","0.01584893192461114","5000","3083","1632","0.6166766646670666","0.3265346930613877","0.5295071335927367","0.2957008598280344","-2.0049292434805466","948","948"
"fig3a","0.1","0.018478497974222907","5000","2982","1396","0.5964807038592281","0.2793441311737652","0.46832048273550114","0.24952009598080382","-2.1570376562967226","949","949"
"fig3a","0.1","0.021544346900318843","5000","2819","1105","0.563887222555489","0.22115576884623075","0.39219858156028364","0.1929614077184563","-2.2798629158127426","950","950"
"fig3a","0.1","0.025118864315095794","5000","2807","868","0.5614877024595081","0.17376524695060988","0.3094729344729345","0.14569086182763447","-2.353938306064606","951","951"
"fig3a","0.1","0.029286445646252372","5000","2624","599","0.5248950209958009","0.11997600479904019","0.22857142857142856","0.09373125374925015","-2.3535137316277996","952","952"
"fig3a","0.1","0.034145488738336005","5000","2388","360","0.4777044591081784","0.07218556288742252","0.15110925073252407","0.0483003399320136","-2.245257152964001","953","953"
"fig3a","0.1","0.039810717055349734","5000","2170","211","0.4341131773645271","0.04239152169566087","0.09765085214187011","0.020685862827434516","-1.98689798407446","954","954"
"fig3a","0.1","0.046415888336127774","5000","1988","108","0.3977204559088182","0.021795640871825634","0.05480140774258421","0.0019096180763847233","-1.5656772726502766","955","955"
"fig3a","0.1","0.054116952654646375","5000","1826","47","0.36532693461307736","0.009598080383923215","0.026272577996715927","-0.008668266346730655","-0.974678114719012","956","956"
"fig3a","0.1","0.0630957344480193","5000","1636","24","0.32733453309338134","0.004999000199960008","0.015271838729383017","-0.01136772645470906","-0.09329969185958475","957","957"
"fig3a","0.1","0.07356422544596414","5000","1418","5","0.28374325134973005","0.0011997600479904018","0.004228329809725158","-0.012987402519496101","1.2235301659792697","958","958"
"fig3a","0.1","0.08576958985908938","5000","1198","1","0.23975204959008198","0.0003999200159968006","0.0016680567139282735","-0.011587682463507299","3.107580789807116","959","959"
"fig3a","0.1","0.1","5000","986","0","0.19736052789442113","0.0001999600079984003","0.0010131712259371832","-0.009668066386722657","5.687926921951004","960","960"
"fig3a","0.1","0.11659144011798311","5000","844","0","0.16896620675864826","0.0001999600079984003","0.001183431952662722","-0.008248350329934014","9.097427953686946","961","961"
"fig3a","0.1","0.13593563908785256","5000","667","0","0.13357328534293142","0.0001999600079984003","0.001497005988023952","-0.006478704259148171","13.471401200846117","962","962"
"fig3a","0.1","0.1584893192461114","5000","603","0","0.12077584483103379","0.0001999600079984003","0.0016556291390728477","-0.005838832233553289","18.943337643056026","963","963"
"fig3a","0.1","0.18478497974222907","5000","524","0","0.10497900419916016","0.0001999600079984003","0.0019047619047619048","-0.005048990201959608","25.63927305567597","964","964"
"fig3a","0.1","0.21544346900318845","5000","480","0","0.09618076384723055","0.0001999600079984003","0.002079002079002079","-0.004609078184363127","33.67158862208947","965","965"
"fig3a","0.1","0.25118864315095796","5000","427","0","0.08558288342331534","0.0001999600079984003","0.002336448598130841","-0.004079184163167366","43.13291951832471","966","966"
"fig3a","0.1","0.29286445646252374","5000","434","0","0.08698260347930414","0.0001999600079984003","0.0022988505747126436","-0.004149170165966807","54.090871987340165","967","967"
"fig3a","0.1","0.34145488738336005","5000","396","0","0.07938412317536493","0.0001999600079984003","0.0025188916876574307","-0.0037692461507698467","66.58422106377643","968","968"
"fig3a","0.1","0.3981071705534973","5000","389","0","0.07798440311937613","0.0001999600079984003","0.002564102564102564","-0.003699260147970406","80.65703665999226","969","969"
"fig3a","0.1","0.46415888336127775","5000","421","0","0.08438312337532493","0.0001999600079984003","0.002369668246445498","-0.004019196160767846","96.44480063942405","970","970"
"fig3a","0.1","0.5411695265464638","5000","380","0","0.07618476304739052","0.0001999600079984003","0.0026246719160104987","-0.003609278144371126","113.99541457261091","971","971"
"fig3a","0.1","0.630957344480193","5000","382","0","0.07658468306338732","0.0001999600079984003","0.0026109660574412533","-0.003629274145170966","133.34109866538694","972","972"
"fig3a","0.1","0.7356422544596414","5000","371","0","0.07438512297540492","0.0001999600079984003","0.0026881720430107525","-0.003519296140771846","154.51394610717034","973","973"
"fig3a","0.1","0.8576958985908937","5000","391","0","0.07838432313537293","0.0001999600079984003","0.002551020408163265","-0.003719256148770246","177.55473001446006","974","974"
"fig3a","0.1","1.0","5000","426","0","0.08538292341531693","0.0001999600079984003","0.00234192037470726","-0.004069186162767446","202.52355399570172","975","975"
"fig3a","0.11659144011798317","0.0001","5000","2824","2797","0.564887022595481","0.5594881023795241","0.9904424778761061","0.53124375124975","-0.02565643713302279","976","976"
"fig3a","0.11659144011798317","0.00011659144011798323","5000","2818","2843","0.5636872625474905","0.5686862627474505","1.0","0.540501899620076","-0.029896656473312078","977","977"
"fig3a","0.11659144011798317","0.00013593563908785255","5000","2797","2882","0.5594881023795241","0.5764847030593881","1.0","0.548510297940412","-0.03483445008211561","978","978"
"fig3a","0.11659144011798317","0.00015848931924611142","5000","2833","2850","0.5666866626674665","0.5700859828034394","1.0","0.5417516496700661","-0.04058342670165871","979","979"
"fig3a","0.11659144011798317","0.00018478497974222906","5000","2826","2897","0.5652869426114777","0.5794841031793642","1.0","0.5512197560487903","-0.04727528253147284","980","980"
"fig3a","0.11659144011798317","0.00021544346900318845","5000","2892","2840","0.5784843031393722","0.5680863827234554","0.9820255789837539","0.5391621675664867","-0.05506253025208707","981","981"
"fig3a","0.11659144011798317","0.00025118864315095795","5000","2919","2869","0.5838832233553289","0.5738852229554089","0.982876712328767","0.5446910617876425","-0.06412158418214631","982","982"
"fig3a","0.11659144011798317","0.00029286445646252375","5000","2899","2850","0.5798840231953609","0.5700859828034394","0.9831034482758622","0.5410917816436713","-0.07465622653086257","983","983"
"fig3a","0.11659144011798317","0.0003414548873833601","5000","2982","2823","0.5964807038592281","0.5646870625874825","0.9466979550787797","0.5348630273945211","-0.08690147197688702","984","984"
"fig3a","0.11659144011798317","0.00039810717055349735","5000","2912","2867","0.5824835032993402","0.5734853029394121","0.9845520082389289","0.5443611277744451","-0.10112783466183828","985","985"
"fig3a","0.11659144011798317","0.00046415888336127773","5000","3040","2859","0.6080783843231353","0.5718856228754249","0.9404801052285433","0.5414817036592681","-0.11764598100339185","986","986"
"fig3a","0.11659144011798317","0.0005411695265464637","5000","2954","2958","0.590881823635273","0.5916816636672666","1.0","0.562137572485503","-0.13681172040543288","987","987"
"fig3a","0.11659144011798317","0.000630957344480193","5000","2987","2910","0.5974805038992201","0.5820835832833433","0.9742302543507363","0.5522095580883823","-0.15903123995229862","988","988"
"fig3a","0.11659144011798317","0.0007356422544596414","5000","3072","2956","0.6144771045790842","0.5912817436512697","0.9622518711356979","0.5605578884223155","-0.18476642314678315","989","989"
"fig3a","0.11659144011798317","0.0008576958985908946","5000","3061","3001","0.6122775444911018","0.6002799440111978","0.9804049640757674","0.5696660667866427","-0.2145399995348498","990","990"
"fig3a","0.11659144011798317","0.001","5000","3073","2991","0.6146770645870826","0.5982803439312138","0.9733246584255042","0.5675464907018596","-0.24894014245910512","991","991"
"fig3a","0.11659144011798317","0.001165914401179831","5000","3084","2982","0.616876624675065","0.5964807038592281","0.9669367909238249","0.5656368726254749","-0.2886239542268072","992","992"
"fig3a","0.11659144011798317","0.0013593563908785254","5000","3064","2971","0.612877424515097","0.5942811437712457","0.969657422512235","0.5636372725454909","-0.3343190365390285","993","993"
"fig3a","0.11659144011798317","0.001584893192461114","5000","3130","3049","0.6260747850429914","0.609878024395121","0.9741296710316193","0.5785742851429714","-0.38682202022698675","994","994"
"fig3a","0.11659144011798317","0.0018478497974222907","5000","3172","2888","0.6344731053789242","0.5776844631073785","0.9104947998739363","0.5459608078384324","-0.4469924990942502","995","995"
"fig3a","0.11659144011798317","0.002154434690031882","5000","3217","2959","0.6434713057388523","0.591881623675265","0.9198259788688626","0.5597080583883224","-0.5157402505621178","996","996"
"fig3a","0.11659144011798317","0.0025118864315095794","5000","3147","2876","0.6294741051789642","0.5752849430113978","0.9139135959339264","0.5438112377524495","-0.5940028996727733","997","997"
"fig3a","0.11659144011798317","0.0029286445646252374","5000","3185","2903","0.6370725854829035","0.5806838632273545","0.911487758945386","0.5488302339532094","-0.6827102589510616","998","998"
"fig3a","0.11659144011798317","0.003414548873833601","5000","3171","2838","0.6342731453709258","0.5676864627074585","0.8950189155107188","0.5359728054389122","-0.78273042155962","999","999"
"fig3a","0.11659144011798317","0.003981071705534973","5000","3253","2724","0.6506698660267947","0.5448910217956409","0.8374308543331284","0.5123575284943012","-0.894791271540015","1000","1000"
"fig3a","0.11659144011798317","0.004641588833612782","5000","3163","2670","0.6326734653069386","0.5340931813637273","0.8441845764854615","0.5024595080983804","-1.0193693900768892","1001","1001"
"fig3a","0.11659144011798317","0.0054116952654646375","5000","3197","2570","0.6394721055788842","0.5140971805638872","0.8039399624765478","0.482123575284943","-1.1565363954789234","1002","1002"
"fig3a","0.11659144011798317","0.006309573444801929","5000","3176","2527","0.6352729454109178","0.505498900219956","0.7957192319798552","0.47373525294941016","-1.3057506186968908","1003","1003"
"fig3a","0.11659144011798317","0.007356422544596414","5000","3142","2278","0.6284743051389722","0.45570885822835433","0.7251034043907095","0.42428514297140574","-1.4655798186761615","1004","1004"
"fig3a","0.11659144011798317","0.008576958985908946","5000","3126","2087","0.6252749450109978","0.4175164967006599","0.6677326511032939","0.38625274945011","-1.633338617764423","1005","1005"
"fig3a","0.11659144011798317","0.01","5000","3097","1936","0.6194761047790442","0.3873225354929014","0.6252420916720464","0.3563487302539492","-1.8046228568716742","1006","1006"
"fig3a","0.11659144011798317","0.01165914401179831","5000","3075","1687","0.6150769846030794","0.3375324935012997","0.5487646293888166","0.30677864427114576","-1.97272266848924","1007","1007"
"fig3a","0.11659144011798317","0.013593563908785255","5000","2944","1453","0.588882223555289","0.2907418516296741","0.4937181663837012","0.2612977404519096","-2.1278974600874108","1008","1008"
"fig3a","0.11659144011798317","0.01584893192461114","5000","2845","1137","0.5690861827634474","0.22755448910217957","0.3998594518622628","0.1991001799640072","-2.2565000775911983","1009","1009"
"fig3a","0.11659144011798317","0.018478497974222907","5000","2750","888","0.5500899820035993","0.17776444711057787","0.3231552162849873","0.1502599480103979","-2.3399451753164158","1010","1010"
"fig3a","0.11659144011798317","0.021544346900318843","5000","2618","597","0.5236952609478105","0.1195760847830434","0.22833142420771285","0.09339132173565287","-2.3535292350098587","1011","1011"
"fig3a","0.11659144011798317","0.025118864315095794","5000","2473","389","0.4947010597880424","0.07798440311937613","0.1576394502829426","0.053249350129974005","-2.265127508531407","1012","1012"
"fig3a","0.11659144011798317","0.029286445646252372","5000","2170","194","0.4341131773645271","0.038992201559688064","0.08982035928143713","0.01728654269146171","-2.033816648933964","1013","1013"
"fig3a","0.11659144011798317","0.034145488738336005","5000","1943","109","0.3887222555488902","0.021995600879824034","0.05658436213991769","0.00255948810237952","-1.6365146315426955","1014","1014"
"fig3a","0.11659144011798317","0.039810717055349734","5000","1841","73","0.3683263347330534","0.014797040591881624","0.040173724212812165","-0.0036192761447710435","-1.0971682732646286","1015","1015"
"fig3a","0.11659144011798317","0.046415888336127774","5000","1626","25","0.32533493301339733","0.005198960207958408","0.01598033189920098","-0.011067786442711459","-0.3319348451588269","1016","1016"
"fig3a","0.11659144011798317","0.054116952654646375","5000","1421","11","0.28434313137372524","0.0023995200959808036","0.008438818565400843","-0.01181763647270546","0.81526626153601","1017","1017"
"fig3a","0.11659144011798317","0.0630957344480193","5000","1264","1","0.2529494101179764","0.0003999200159968006","0.0015810276679841897","-0.01224755048990202","2.509551335359305","1018","1018"
"fig3a","0.11659144011798317","0.07356422544596414","5000","1023","0","0.20475904819036192","0.0001999600079984003","0.0009765625","-0.010037992401519697","4.895530558407756","1019","1019"
"fig3a","0.11659144011798317","0.08576958985908938","5000","945","0","0.1891621675664867","0.0001999600079984003","0.0010570824524312895","-0.009258148370325937","8.113922941066363","1020","1020"
"fig3a","0.11659144011798317","0.1","5000","794","0","0.15896820635872824","0.0001999600079984003","0.001257861635220126","-0.007748450309938012","12.306441675169395","1021","1021"
"fig3a","0.11659144011798317","0.11659144011798311","5000","648","0","0.1297740451909618","0.0001999600079984003","0.0015408320493066256","-0.00628874225154969","17.612990965773292","1022","1022"
"fig3a","0.11659144011798317","0.13593563908785256","5000","588","0","0.11777644471105779","0.0001999600079984003","0.001697792869269949","-0.005688862227554489","24.16629842663903","1023","1023"
"fig3a","0.11659144011798317","0.1584893192461114","5000","487","0","0.09758048390321936","0.0001999600079984003","0.0020491803278688526","-0.004679064187162568","32.085581882377824","1024","1024"
"fig3a","0.11659144011798317","0.18478497974222907","5000","437","0","0.08758248350329934","0.0001999600079984003","0.00228310502283105","-0.004179164167166566","41.470121193778255","1025","1025"
"fig3a","0.11659144011798317","0.21544346900318845","5000","372","0","0.07458508298340331","0.0001999600079984003","0.002680965147453083","-0.0035292941411717653","52.393505104197004","1026","1026"
"fig3a","0.11659144011798317","0.25118864315095796","5000","419","0","0.08398320335932813","0.0001999600079984003","0.002380952380952381","-0.003999200159968006","64.89928656542526","1027","1027"
"fig3a","0.11659144011798317","0.29286445646252374","5000","391","0","0.07838432313537293","0.0001999600079984003","0.002551020408163265","-0.003719256148770246","78.99867032662127","1028","1028"
"fig3a","0.11659144011798317","0.34145488738336005","5000","417","0","0.08358328334333133","0.0001999600079984003","0.0023923444976076554","-0.003979204159168167","94.70478499317502","1029","1029"
"fig3a","0.11659144011798317","0.3981071705534973","5000","370","0","0.07418516296740651","0.0001999600079984003","0.0026954177897574125","-0.0035092981403719256","112.17409406626842","1030","1030"
"fig3a","0.11659144011798317","0.46415888336127775","5000","358","0","0.07178564287142572","0.0001999600079984003","0.0027855153203342614","-0.0033893221355728856","131.45855984994387","1031","1031"
"fig3a","0.11659144011798317","0.5411695265464638","5000","378","0","0.07578484303139373","0.0001999600079984003","0.002638522427440633","-0.003589282143571286","152.58880321541403","1032","1032"
"fig3a","0.11659144011798317","0.630957344480193","5000","363","0","0.07278544291141771","0.0001999600079984003","0.0027472527472527475","-0.0034393121375724854","175.60206295961933","1033","1033"
"fig3a","0.11659144011798317","0.7356422544596414","5000","394","0","0.07898420315936813","0.0001999600079984003","0.0025316455696202528","-0.003749250149970006","200.55275436568974","1034","1034"
"fig3a","0.11659144011798317","0.8576958985908937","5000","415","0","0.08318336332733453","0.0001999600079984003","0.002403846153846154","-0.003959208158368326","227.525782443864","1035","1035"
"fig3a","0.11659144011798317","1.0","5000","438","0","0.08778244351129774","0.0001999600079984003","0.002277904328018223","-0.0041891621675664865","256.6545608218759","1036","1036"
"fig3a","0.13593563908785256","0.0001","5000","2806","2726","0.5612877424515097","0.5452909418116376","0.9714998218738866","0.5172265546890621","-0.03349317006268393","1037","1037"
"fig3a","0.13593563908785256","0.00011659144011798323","5000","2844","2807","0.5688862227554489","0.5614877024595081","0.9869947275922671","0.5330433913217356","-0.03902189891169883","1038","1038"
"fig3a","0.13593563908785256","0.00013593563908785255","5000","2802","2827","0.5604879024195161","0.5654869026194761","1.0","0.5374625074985003","-0.045457784656576905","1039","1039"
"fig3a","0.13593563908785256","0.00015848931924611142","5000","2821","2832","0.5642871425714857","0.5664867026594681","1.0","0.5382723455308938","-0.05294770608472277","1040","1040"
"fig3a","0.13593563908785256","0.00018478497974222906","5000","2854","2876","0.5708858228354329","0.5752849430113978","1.0","0.5467406518696262","-0.06166161315820773","1041","1041"
"fig3a","0.13593563908785256","0.00021544346900318845","5000","2856","2917","0.5712857428514297","0.5834833033393322","1.0","0.5549190161967607","-0.07179589238054973","1042","1042"
"fig3a","0.13593563908785256","0.00025118864315095795","5000","2884","2837","0.5768846230753849","0.5674865026994601","0.9837088388214905","0.5386422715456909","-0.0835771266717984","1043","1043"
"fig3a","0.13593563908785256","0.00029286445646252375","5000","2863","2878","0.5726854629074185","0.5756848630273945","1.0","0.5470505898820236","-0.09726625767135033","1044","1044"
"fig3a","0.13593563908785256","0.0003414548873833601","5000","2919","2921","0.5838832233553289","0.5842831433713257","1.0","0.5550889822035593","-0.11316313981112103","1045","1045"
"fig3a","0.13593563908785256","0.00039810717055349735","5000","2912","2823","0.5824835032993402","0.5646870625874825","0.9694473051836593","0.5355628874225155","-0.13161144713018302","1046","1046"
"fig3a","0.13593563908785256","0.00046415888336127773","5000","3052","2866","0.6104779044191162","0.5732853429314138","0.9390763183753685","0.542761447710458","-0.15300385186867516","1047","1047"
"fig3a","0.13593563908785256","0.0005411695265464637","5000","3021","2919","0.6042791441711658","0.5838832233553289","0.9662475181998676","0.5536692661467707","-0.17778733333102537","1048","1048"
"fig3a","0.13593563908785256","0.000630957344480193","5000","3011","2979","0.6022795440911818","0.595880823835233","0.9893758300132802","0.5657668466306739","-0.20646838968912107","1049","1049"
"fig3a","0.13593563908785256","0.0007356422544596414","5000","3016","2971","0.6032793441311738","0.5942811437712457","0.9850845210473981","0.5641171765646871","-0.23961780557419843","1050","1050"
"fig3a","0.13593563908785256","0.0008576958985908946","5000","3067","2950","0.6134773045390922","0.5900819836032793","0.961864406779661","0.5594081183763248","-0.27787446321266884","1051","1051"
"fig3a","0.13593563908785256","0.001","5000","3062","2987","0.6124775044991002","0.5974805038992201","0.9755142017629774","0.5668566286742651","-0.32194746008440234","1052","1052"
"fig3a","0.13593563908785256","0.001165914401179831","5000","3060","2988","0.6120775844831033","0.5976804639072185","0.9764782750735054","0.5670765846830633","-0.3726154935164061","1053","1053"
"fig3a","0.13593563908785256","0.0013593563908785254","5000","3132","2901","0.6264747050589882","0.5802839432113577","0.926268751994893","0.5489602079584083","-0.43072207001733887","1054","1054"
"fig3a","0.13593563908785256","0.001584893192461114","5000","3173","2859","0.6346730653869226","0.5718856228754249","0.9010712035286704","0.5401519696060788","-0.497164567731204","1055","1055"
"fig3a","0.13593563908785256","0.0018478497974222907","5000","3097","2858","0.6194761047790442","0.5716856628674265","0.9228534538411878","0.5407118576284743","-0.5728744931945471","1056","1056"
"fig3a","0.13593563908785256","0.002154434690031882","5000","3077","2833","0.6154769046190762","0.5666866626674665","0.9207277452891487","0.5359128174365126","-0.6587853943254913","1057","1057"
"fig3a","0.13593563908785256","0.0025118864315095794","5000","3159","2825","0.6318736252749451","0.5650869826034793","0.8943037974683544","0.533493301339732","-0.755783785279732","1058","1058"
"fig3a","0.13593563908785256","0.0029286445646252374","5000","3233","2711","0.6466706658668266","0.5422915416916617","0.8385899814471244","0.5099580083983204","-0.8646370741890053","1059","1059"
"fig3a","0.13593563908785256","0.003414548873833601","5000","3142","2705","0.6284743051389722","0.5410917816436712","0.8609608654152083","0.5096680663867226","-0.9858908420405612","1060","1060"
"fig3a","0.13593563908785256","0.003981071705534973","5000","3194","2577","0.638872225554889","0.5154969006198761","0.8068857589984352","0.4835532893421316","-1.1197259037640492","1061","1061"
"fig3a","0.13593563908785256","0.004641588833612782","5000","3143","2407","0.6286742651469706","0.48150369926014797","0.7659033078880407","0.45006998600279946","-1.2657634354405047","1062","1062"
"fig3a","0.13593563908785256","0.0054116952654646375","5000","3146","2336","0.6292741451709658","0.4673065386922616","0.7426120114394662","0.4358428314337133","-1.4228041835868908","1063","1063"
"fig3a","0.13593563908785256","0.006309573444801929","5000","3104","2165","0.620875824835033","0.4331133773245351","0.6975845410628019","0.4020695860827834","-1.5884855875400774","1064","1064"
"fig3a","0.13593563908785256","0.007356422544596414","5000","3082","1936","0.6164767046590682","0.3873225354929014","0.6282841388258189","0.356498700259948","-1.7588388767779861","1065","1065"
"fig3a","0.13593563908785256","0.008576958985908946","5000","3017","1667","0.6034793041391722","0.33353329334133175","0.5526838966202784","0.30335932813437316","-1.9277273475880747","1066","1066"
"fig3a","0.13593563908785256","0.01","5000","2959","1467","0.591881623675265","0.29354129174165167","0.49594594594594593","0.2639472105578884","-2.0861477611597934","1067","1067"
"fig3a","0.13593563908785256","0.01165914401179831","5000","2827","1174","0.5654869026194761","0.2349530093981204","0.41548797736916554","0.2066786642671466","-2.2213800097256353","1068","1068"
"fig3a","0.13593563908785256","0.013593563908785255","5000","2713","937","0.5426914617076585","0.1875624875024995","0.3456153279292557","0.16042791441711657","-2.3159768866518675","1069","1069"
"fig3a","0.13593563908785256","0.01584893192461114","5000","2572","663","0.5144971005798841","0.13277344531093782","0.25806451612903225","0.10704859028194362","-2.3465970279752923","1070","1070"
"fig3a","0.13593563908785256","0.018478497974222907","5000","2441","392","0.48830233953209357","0.07858428314337132","0.16093366093366093","0.05416916616676664","-2.2827007744519108","1071","1071"
"fig3a","0.13593563908785256","0.021544346900318843","5000","2230","214","0.4461107778444311","0.04299140171965607","0.09636934110264456","0.020685862827434513","-2.0851513112303905","1072","1072"
"fig3a","0.13593563908785256","0.025118864315095794","5000","2006","120","0.4013197360527894","0.02419516096780644","0.06028898854010962","0.004129174165166966","-1.7160112768026465","1073","1073"
"fig3a","0.13593563908785256","0.029286445646252372","5000","1754","79","0.3509298140371926","0.015996800639872025","0.04558404558404558","-0.0015496900619876054","-1.211012247679264","1074","1074"
"fig3a","0.13593563908785256","0.034145488738336005","5000","1577","36","0.3155368926214757","0.007398520295940812","0.023447401774397972","-0.008378324335132973","-0.5322759934065857","1075","1075"
"fig3a","0.13593563908785256","0.039810717055349734","5000","1504","11","0.30093981203759246","0.0023995200959808036","0.007973421926910298","-0.01264747050589882","0.4312994741345051","1076","1076"
"fig3a","0.13593563908785256","0.046415888336127774","5000","1293","7","0.25874825034993","0.0015996800639872025","0.006182380216383308","-0.011337732453509297","1.8714820866045727","1077","1077"
"fig3a","0.13593563908785256","0.054116952654646375","5000","1109","1","0.22195560887822435","0.0003999200159968006","0.0018018018018018018","-0.010697860427914417","3.980306203739133","1078","1078"
"fig3a","0.13593563908785256","0.0630957344480193","5000","871","0","0.17436512697460507","0.0001999600079984003","0.0011467889908256881","-0.008518296340731854","6.918762826840407","1079","1079"
"fig3a","0.13593563908785256","0.07356422544596414","5000","748","0","0.14977004599080185","0.0001999600079984003","0.0013351134846461949","-0.007288542291541692","10.839179773518168","1080","1080"
"fig3a","0.13593563908785256","0.08576958985908938","5000","690","0","0.13817236552689463","0.0001999600079984003","0.001447178002894356","-0.006708658268346331","15.89034193229827","1081","1081"
"fig3a","0.13593563908785256","0.1","5000","592","0","0.11857628474305139","0.0001999600079984003","0.0016863406408094434","-0.005728854229154169","22.213838125336792","1082","1082"
"fig3a","0.13593563908785256","0.11659144011798311","5000","503","0","0.10077984403119376","0.0001999600079984003","0.001984126984126984","-0.004839032193561288","29.937942728761413","1083","1083"
"fig3a","0.13593563908785256","0.13593563908785256","5000","461","0","0.09238152369526095","0.0001999600079984003","0.0021645021645021645","-0.004419116176764647","39.170912266973176","1084","1084"
"fig3a","0.13593563908785256","0.1584893192461114","5000","424","0","0.08498300339932013","0.0001999600079984003","0.002352941176470588","-0.004049190161967606","49.994707268599996","1085","1085"
"fig3a","0.13593563908785256","0.18478497974222907","5000","397","0","0.07958408318336332","0.0001999600079984003","0.002512562814070352","-0.003779244151169766","62.45997595607221","1086","1086"
"fig3a","0.13593563908785256","0.21544346900318845","5000","387","0","0.07758448310337933","0.0001999600079984003","0.002577319587628866","-0.0036792641471705663","76.58302564700253","1087","1087"
"fig3a","0.13593563908785256","0.25118864315095796","5000","356","0","0.07138572285542892","0.0001999600079984003","0.0028011204481792713","-0.0033693261347730458","92.34532907535885","1088","1088"
"fig3a","0.13593563908785256","0.29286445646252374","5000","378","0","0.07578484303139373","0.0001999600079984003","0.002638522427440633","-0.003589282143571286","109.73043263473602","1089","1089"
"fig3a","0.13593563908785256","0.34145488738336005","5000","367","0","0.07358528294341132","0.0001999600079984003","0.0027173913043478256","-0.003479304139172166","128.92390992607875","1090","1090"
"fig3a","0.13593563908785256","0.3981071705534973","5000","391","0","0.07838432313537293","0.0001999600079984003","0.002551020408163265","-0.003719256148770246","149.98876279249862","1091","1091"
"fig3a","0.13593563908785256","0.46415888336127775","5000","387","0","0.07758448310337933","0.0001999600079984003","0.002577319587628866","-0.0036792641471705663","172.9580110278253","1092","1092"
"fig3a","0.13593563908785256","0.5411695265464638","5000","391","0","0.07838432313537293","0.0001999600079984003","0.002551020408163265","-0.003719256148770246","197.87890095759923","1093","1093"
"fig3a","0.13593563908785256","0.630957344480193","5000","390","0","0.07818436312737452","0.0001999600079984003","0.0025575447570332483","-0.0037092581483703256","224.82602940839166","1094","1094"
"fig3a","0.13593563908785256","0.7356422544596414","5000","453","0","0.09078184363127374","0.0001999600079984003","0.002202643171806167","-0.004339132173565287","253.9189420734636","1095","1095"
"fig3a","0.13593563908785256","0.8576958985908937","5000","411","0","0.08238352329534093","0.0001999600079984003","0.0024271844660194173","-0.003919216156768646","285.34752674006864","1096","1096"
"fig3a","0.13593563908785256","1.0","5000","447","0","0.08958208358328335","0.0001999600079984003","0.002232142857142857","-0.004279144171165767","319.4109745817473","1097","1097"
"fig3a","0.15848931924611134","0.0001","5000","2816","2725","0.5632873425314937","0.5450909818036392","0.9676961306354277","0.5169266146770646","-0.04310822865227237","1098","1098"
"fig3a","0.15848931924611134","0.00011659144011798323","5000","2861","2766","0.5722855428914218","0.5532893421315737","0.9668064290705799","0.5246750649870026","-0.05021343807612766","1099","1099"
"fig3a","0.15848931924611134","0.00013593563908785255","5000","2894","2791","0.5788842231553689","0.5582883423315337","0.9644214162348878","0.5293441311737652","-0.058480633003114235","1100","1100"
"fig3a","0.15848931924611134","0.00015848931924611142","5000","2870","2827","0.5740851829634073","0.5654869026194761","0.985022640195054","0.5367826434713058","-0.06809656567469347","1101","1101"
"fig3a","0.15848931924611134","0.00018478497974222906","5000","2787","2842","0.5574885022995401","0.5684863027394521","1.0","0.5406118776244752","-0.07927681793140096","1102","1102"
"fig3a","0.15848931924611134","0.00021544346900318845","5000","2897","2805","0.5794841031793642","0.5610877824435113","0.9682539682539683","0.5321135772845431","-0.09226981834933667","1103","1103"
"fig3a","0.15848931924611134","0.00025118864315095795","5000","2883","2890","0.5766846630673865","0.5780843831233753","1.0","0.549250149970006","-0.10736125544923425","1104","1104"
"fig3a","0.15848931924611134","0.00029286445646252375","5000","2858","2940","0.5716856628674265","0.5880823835232953","1.0","0.559498100379924","-0.12487885831677659","1105","1105"
"fig3a","0.15848931924611134","0.0003414548873833601","5000","2912","2926","0.5824835032993402","0.5852829434113177","1.0","0.5561587682463507","-0.14519747893962176","1106","1106"
"fig3a","0.15848931924611134","0.00039810717055349735","5000","2971","2918","0.5942811437712457","0.5836832633473306","0.9821668909825034","0.5539692061587683","-0.16874435666261434","1107","1107"
"fig3a","0.15848931924611134","0.00046415888336127773","5000","2957","2898","0.5914817036592681","0.5796840631873625","0.9800540906017581","0.5501099780043991","-0.19600436834213042","1108","1108"
"fig3a","0.15848931924611134","0.0005411695265464637","5000","2967","2827","0.5934813037392521","0.5654869026194761","0.9528301886792453","0.5358128374325135","-0.2275249599366873","1109","1109"
"fig3a","0.15848931924611134","0.000630957344480193","5000","2954","2883","0.590881823635273","0.5766846630673865","0.9759729272419627","0.5471405718856229","-0.2639203059981128","1110","1110"
"fig3a","0.15848931924611134","0.0007356422544596414","5000","3052","2857","0.6104779044191162","0.5714857028594281","0.9361283982967573","0.5409618076384723","-0.3058740393128687","1111","1111"
"fig3a","0.15848931924611134","0.0008576958985908946","5000","3101","2920","0.6202759448110378","0.5840831833633273","0.9416505480335268","0.5530693861227755","-0.3541396168679114","1112","1112"
"fig3a","0.15848931924611134","0.001","5000","3018","2869","0.6036792641471705","0.5738852229554089","0.9506459092414706","0.5437012597480504","-0.40953701906317974","1113","1113"
"fig3a","0.15848931924611134","0.001165914401179831","5000","3041","2810","0.6082783443311338","0.5620875824835033","0.9240631163708086","0.5316736652669466","-0.4729439910716735","1114","1114"
"fig3a","0.15848931924611134","0.0013593563908785254","5000","3111","2834","0.6222755448910218","0.5668866226754649","0.9109897172236503","0.5357728454309137","-0.5452793979783337","1115","1115"
"fig3a","0.15848931924611134","0.001584893192461114","5000","3125","2827","0.6250749850029994","0.5654869026194761","0.9046705054382598","0.5342331533693261","-0.6274754444279438","1116","1116"
"fig3a","0.15848931924611134","0.0018478497974222907","5000","3097","2821","0.6194761047790442","0.5642871425714857","0.9109102646868947","0.5333133373325335","-0.7204344683972863","1117","1117"
"fig3a","0.15848931924611134","0.002154434690031882","5000","3145","2680","0.6290741851629674","0.5360927814437113","0.8521932612841704","0.5046390721855629","-0.8249647220042107","1118","1118"
"fig3a","0.15848931924611134","0.0025118864315095794","5000","3155","2608","0.6310737852429514","0.5216956608678265","0.8266793409378961","0.4901419716056789","-0.9416879726256866","1119","1119"
"fig3a","0.15848931924611134","0.0029286445646252374","5000","3073","2473","0.6146770645870826","0.4947010597880424","0.8048145738451529","0.4639672065586883","-1.0709098856165156","1120","1120"
"fig3a","0.15848931924611134","0.003414548873833601","5000","3138","2424","0.6276744651069786","0.4849030193961208","0.7725390251672508","0.45351929614077185","-1.2124420100750797","1121","1121"
"fig3a","0.15848931924611134","0.003981071705534973","5000","3095","2299","0.6190761847630474","0.45990801839632073","0.7428940568475452","0.42895420915816834","-1.365361861490328","1122","1122"
"fig3a","0.15848931924611134","0.004641588833612782","5000","3093","2154","0.6186762647470506","0.4309138172365527","0.6965093729799612","0.3999800039992002","-1.5276952443477683","1123","1123"
"fig3a","0.15848931924611134","0.0054116952654646375","5000","3007","1979","0.6014797040591882","0.39592081583683264","0.6582446808510638","0.36584683063387324","-1.6960028681904191","1124","1124"
"fig3a","0.15848931924611134","0.006309573444801929","5000","2920","1627","0.5840831833633273","0.3255348930213957","0.5573433755563163","0.29633073385322933","-1.864851923569944","1125","1125"
"fig3a","0.15848931924611134","0.007356422544596414","5000","2915","1477","0.5830833833233353","0.2955408918216357","0.5068587105624143","0.2663867226554689","-2.0261532315117847","1126","1126"
"fig3a","0.15848931924611134","0.008576958985908946","5000","2772","1176","0.554489102179564","0.23535292941411717","0.42445005409304004","0.20762847430513898","-2.1683466990647275","1127","1127"
"fig3a","0.15848931924611134","0.01","5000","2694","965","0.5388922215556888","0.1931613677264547","0.35844155844155845","0.16621675664867025","-2.275423127541444","1128","1128"
"fig3a","0.15848931924611134","0.01165914401179831","5000","2588","658","0.5176964607078585","0.13177364527094582","0.25453843182696023","0.10588882223555289","-2.3257800592326134","1129","1129"
"fig3a","0.15848931924611134","0.013593563908785255","5000","2373","456","0.47470505898820237","0.09138172365526895","0.19250210614995789","0.06764647070585883","-2.2909243874762524","1130","1130"
"fig3a","0.15848931924611134","0.01584893192461114","5000","2277","236","0.45550889822035595","0.047390521895620874","0.10403863037752413","0.024615076984603076","-2.1340556515953892","1131","1131"
"fig3a","0.15848931924611134","0.018478497974222907","5000","1992","143","0.39852029594081184","0.028794241151769647","0.07225288509784245","0.008868226354729055","-1.8085913702192329","1132","1132"
"fig3a","0.15848931924611134","0.021544346900318843","5000","1778","56","0.3557288542291542","0.011397720455908818","0.03204047217537943","-0.0063887222555488905","-1.32859546166344","1133","1133"
"fig3a","0.15848931924611134","0.025118864315095794","5000","1513","36","0.3027394521095781","0.007398520295940812","0.02443857331571995","-0.007738452309538093","-0.700618822092963","1134","1134"
"fig3a","0.15848931924611134","0.029286445646252372","5000","1411","18","0.28234353129374123","0.003799240151969606","0.013456090651558074","-0.010317936412717457","0.13909114665821676","1135","1135"
"fig3a","0.15848931924611134","0.034145488738336005","5000","1285","7","0.2571485702859428","0.0015996800639872025","0.006220839813374806","-0.011257748450309938","1.3159149785860507","1136","1136"
"fig3a","0.15848931924611134","0.039810717055349734","5000","1081","6","0.21635672865426914","0.0013997200559888023","0.006469500924214418","-0.009418116376724656","3.056477254843969","1137","1137"
"fig3a","0.15848931924611134","0.046415888336127774","5000","1022","0","0.20455908818236354","0.0001999600079984003","0.0009775171065493646","-0.010027994401119778","5.594431304480565","1138","1138"
"fig3a","0.15848931924611134","0.054116952654646375","5000","843","0","0.16876624675064986","0.0001999600079984003","0.001184834123222749","-0.008238352329534094","9.113441841917279","1139","1139"
"fig3a","0.15848931924611134","0.0630957344480193","5000","714","0","0.14297140571885622","0.0001999600079984003","0.0013986013986013986","-0.006948610277944411","13.77785567552155","1140","1140"
"fig3a","0.15848931924611134","0.07356422544596414","5000","582","0","0.11657668466306739","0.0001999600079984003","0.0017152658662092622","-0.005628874225154969","19.741879660821695","1141","1141"
"fig3a","0.15848931924611134","0.08576958985908938","5000","533","0","0.10677864427114576","0.0001999600079984003","0.0018726591760299626","-0.005138972205558888","27.146079688310863","1142","1142"
"fig3a","0.15848931924611134","0.1","5000","522","0","0.10457908418316336","0.0001999600079984003","0.0019120458891013384","-0.005028994201159768","36.11095168863142","1143","1143"
"fig3a","0.15848931924611134","0.11659144011798311","5000","467","0","0.09358128374325135","0.0001999600079984003","0.0021367521367521365","-0.004479104179164167","46.73020786671765","1144","1144"
"fig3a","0.15848931924611134","0.13593563908785256","5000","399","0","0.07998400319936012","0.0001999600079984003","0.0025","-0.003799240151969606","59.06499606464254","1145","1145"
"fig3a","0.15848931924611134","0.1584893192461114","5000","389","0","0.07798440311937613","0.0001999600079984003","0.002564102564102564","-0.003699260147970406","73.13994638596662","1146","1146"
"fig3a","0.15848931924611134","0.18478497974222907","5000","391","0","0.07838432313537293","0.0001999600079984003","0.002551020408163265","-0.003719256148770246","88.94175511579192","1147","1147"
"fig3a","0.15848931924611134","0.21544346900318845","5000","347","0","0.06958608278344332","0.0001999600079984003","0.002873563218390804","-0.0032793441311737654","106.42079256051886","1148","1148"
"fig3a","0.15848931924611134","0.25118864315095796","5000","399","0","0.07998400319936012","0.0001999600079984003","0.0025","-0.003799240151969606","125.53038138911205","1149","1149"
"fig3a","0.15848931924611134","0.29286445646252374","5000","390","0","0.07818436312737452","0.0001999600079984003","0.0025575447570332483","-0.0037092581483703256","146.4925775089602","1150","1150"
"fig3a","0.15848931924611134","0.34145488738336005","5000","372","0","0.07458508298340331","0.0001999600079984003","0.002680965147453083","-0.0035292941411717653","169.38951280672006","1151","1151"
"fig3a","0.15848931924611134","0.3981071705534973","5000","427","0","0.08558288342331534","0.0001999600079984003","0.002336448598130841","-0.004079184163167366","194.2597590538718","1152","1152"
"fig3a","0.15848931924611134","0.46415888336127775","5000","419","0","0.08398320335932813","0.0001999600079984003","0.002380952380952381","-0.003999200159968006","221.16493670960165","1153","1153"
"fig3a","0.15848931924611134","0.5411695265464638","5000","402","0","0.08058388322335533","0.0001999600079984003","0.0024813895781637717","-0.003829234153169366","250.20678756904687","1154","1154"
"fig3a","0.15848931924611134","0.630957344480193","5000","446","0","0.08938212357528494","0.0001999600079984003","0.0022371364653243847","-0.0042691461707658465","281.55141300428437","1155","1155"
"fig3a","0.15848931924611134","0.7356422544596414","5000","483","0","0.09678064387122576","0.0001999600079984003","0.002066115702479339","-0.004639072185562888","315.4658579699012","1156","1156"
"fig3a","0.15848931924611134","0.8576958985908937","5000","467","0","0.09358128374325135","0.0001999600079984003","0.0021367521367521365","-0.004479104179164167","352.37594277277276","1157","1157"
"fig3a","0.15848931924611134","1.0","5000","437","0","0.08758248350329934","0.0001999600079984003","0.00228310502283105","-0.004179164167166566","392.96095929017844","1158","1158"
"fig3a","0.18478497974222907","0.0001","5000","2810","2774","0.5620875824835033","0.5548890221955609","0.9871931696905016","0.5267846430713857","-0.05444097538548931","1159","1159"
"fig3a","0.18478497974222907","0.00011659144011798323","5000","2772","2783","0.554489102179564","0.5566886622675465","1.0","0.5289642071585683","-0.06339763156935874","1160","1160"
"fig3a","0.18478497974222907","0.00013593563908785255","5000","2738","2829","0.5476904619076185","0.5658868226354729","1.0","0.5385022995400919","-0.07381314047239584","1161","1161"
"fig3a","0.18478497974222907","0.00015848931924611142","5000","2841","2812","0.5682863427314537","0.5624875024995001","0.9897959183673468","0.5340731853629274","-0.0859198267028205","1162","1162"
"fig3a","0.18478497974222907","0.00018478497974222906","5000","2900","2770","0.5800839832033593","0.5540891821635673","0.9551878662530162","0.5250849830033993","-0.09998509654192844","1163","1163"
"fig3a","0.18478497974222907","0.00021544346900318845","5000","2902","2745","0.5804839032193562","0.5490901819636073","0.9459180158456768","0.5200659868026395","-0.11631603019839076","1164","1164"
"fig3a","0.18478497974222907","0.00025118864315095795","5000","2812","2835","0.5624875024995001","0.5670865826834633","1.0","0.5389622075584883","-0.13526430420967017","1165","1165"
"fig3a","0.18478497974222907","0.00029286445646252375","5000","2883","2826","0.5766846630673865","0.5652869426114777","0.9802357836338419","0.5364527094581084","-0.15723134913145032","1166","1166"
"fig3a","0.18478497974222907","0.0003414548873833601","5000","2961","2795","0.5922815436912617","0.5590881823635273","0.9439567859554355","0.5294741051789642","-0.1826735813446021","1167","1167"
"fig3a","0.18478497974222907","0.00039810717055349735","5000","2883","2848","0.5766846630673865","0.5696860627874425","0.9878640776699029","0.5408518296340732","-0.21210745403121223","1168","1168"
"fig3a","0.18478497974222907","0.00046415888336127773","5000","2933","2823","0.5866826634673066","0.5646870625874825","0.9625085207907292","0.5353529294141172","-0.24611394182511503","1169","1169"
"fig3a","0.18478497974222907","0.0005411695265464637","5000","2927","2768","0.5854829034193162","0.5536892621475705","0.9456967213114754","0.5244151169766047","-0.2853418939576784","1170","1170"
"fig3a","0.18478497974222907","0.000630957344480193","5000","2951","2877","0.5902819436112777","0.5754849030193961","0.9749322493224933","0.5459708058388323","-0.3305094464037097","1171","1171"
"fig3a","0.18478497974222907","0.0007356422544596414","5000","2960","2791","0.5920815836832634","0.5582883423315337","0.9429246876055386","0.5286842631473705","-0.3824023548174864","1172","1172"
"fig3a","0.18478497974222907","0.0008576958985908946","5000","2976","2841","0.5952809438112378","0.5682863427314537","0.9546523345649983","0.5385222955408918","-0.441867672753375","1173","1173"
"fig3a","0.18478497974222907","0.001","5000","2992","2786","0.5984803039392121","0.5572885422915417","0.9311727363848981","0.527364527094581","-0.5098006245829367","1174","1174"
"fig3a","0.18478497974222907","0.001165914401179831","5000","3003","2806","0.6006798640271945","0.5612877424515097","0.9344207723035952","0.53125374925015","-0.5871217756823341","1175","1175"
"fig3a","0.18478497974222907","0.0013593563908785254","5000","3046","2621","0.6092781443711258","0.5242951409718056","0.8605185428290121","0.49383123375324933","-0.6747406462661445","1176","1176"
"fig3a","0.18478497974222907","0.001584893192461114","5000","3055","2626","0.6110777844431113","0.5252949410117976","0.8596204188481675","0.49474105178964206","-0.7735007108024661","1177","1177"
"fig3a","0.18478497974222907","0.0018478497974222907","5000","3047","2510","0.6094781043791242","0.5020995800839833","0.8238188976377954","0.47162567486502704","-0.8840992373087602","1178","1178"
"fig3a","0.18478497974222907","0.002154434690031882","5000","2963","2505","0.5926814637072585","0.5010997800439912","0.8454790823211877","0.4714657068586283","-1.0069736269604732","1179","1179"
"fig3a","0.18478497974222907","0.0025118864315095794","5000","3016","2369","0.6032793441311738","0.47390521895620874","0.7855485581703678","0.44374125174965007","-1.1421438167499218","1180","1180"
"fig3a","0.18478497974222907","0.0029286445646252374","5000","3037","2211","0.6074785042991402","0.4423115376924615","0.728110599078341","0.4119376124775045","-1.288997953219905","1181","1181"
"fig3a","0.18478497974222907","0.003414548873833601","5000","2949","2118","0.589882023595281","0.4237152569486103","0.7183050847457627","0.39422115576884625","-1.4460060517315583","1182","1182"
"fig3a","0.18478497974222907","0.003981071705534973","5000","2945","1957","0.5890821835632873","0.3915216956608678","0.6646300067888662","0.36206758648270343","-1.6103439468793965","1183","1183"
"fig3a","0.18478497974222907","0.004641588833612782","5000","2886","1678","0.5772845430913818","0.33573285342931414","0.5815725666782127","0.30686862627474504","-1.7774078845467898","1184","1184"
"fig3a","0.18478497974222907","0.0054116952654646375","5000","2896","1508","0.5792841431713657","0.3017396520695861","0.5208836727649293","0.2727754449110178","-1.9401991601022246","1185","1185"
"fig3a","0.18478497974222907","0.006309573444801929","5000","2714","1228","0.5428914217156569","0.24575084983003398","0.45267034990791893","0.21860627874425115","-2.0885590433092034","1186","1186"
"fig3a","0.18478497974222907","0.007356422544596414","5000","2753","997","0.5506898620275945","0.19956008798240352","0.3623819898329702","0.17202559488102379","-2.208237844692235","1187","1187"
"fig3a","0.18478497974222907","0.008576958985908946","5000","2515","726","0.5030993801239753","0.14537092581483704","0.2889507154213036","0.12021595680863828","-2.279789545677147","1188","1188"
"fig3a","0.18478497974222907","0.01","5000","2404","503","0.4809038192361528","0.10077984403119376","0.20956340956340958","0.07673465306938612","-2.2772961689166493","1189","1189"
"fig3a","0.18478497974222907","0.01165914401179831","5000","2238","304","0.4477104579084183","0.0609878024395121","0.13622152746761948","0.038602279544091185","-2.1669450719169276","1190","1190"
"fig3a","0.18478497974222907","0.013593563908785255","5000","1972","174","0.3945210957808438","0.03499300139972006","0.0886974151039027","0.015266946610677866","-1.9055081604157067","1191","1191"
"fig3a","0.18478497974222907","0.01584893192461114","5000","1779","78","0.35592881423715256","0.015796840631873626","0.044382022471910115","-0.0019996000799840027","-1.4581517732673603","1192","1192"
"fig3a","0.18478497974222907","0.018478497974222907","5000","1558","35","0.3117376524695061","0.007198560287942412","0.023091725465041697","-0.008388322335532893","-0.8657023183544084","1193","1193"
"fig3a","0.18478497974222907","0.021544346900318843","5000","1380","28","0.2761447710457908","0.0057988402319536095","0.02099927588703838","-0.008008398320335931","-0.0927162066371352","1194","1194"
"fig3a","0.18478497974222907","0.025118864315095794","5000","1233","7","0.24675064987002598","0.0015996800639872025","0.006482982171799027","-0.010737852429514099","0.9318642944978137","1195","1195"
"fig3a","0.18478497974222907","0.029286445646252372","5000","1156","7","0.23135372925414918","0.0015996800639872025","0.006914433880726015","-0.009968006398720258","2.335103521575604","1196","1196"
"fig3a","0.18478497974222907","0.034145488738336005","5000","1029","0","0.20595880823835233","0.0001999600079984003","0.000970873786407767","-0.010097980403919217","4.3619107791456315","1197","1197"
"fig3a","0.18478497974222907","0.039810717055349734","5000","899","0","0.1799640071985603","0.0001999600079984003","0.0011111111111111111","-0.008798240351929614","7.308847355122452","1198","1198"
"fig3a","0.18478497974222907","0.046415888336127774","5000","737","0","0.14757048590281943","0.0001999600079984003","0.0013550135501355014","-0.007178564287142571","11.399150423285846","1199","1199"
"fig3a","0.18478497974222907","0.054116952654646375","5000","660","0","0.1321735652869426","0.0001999600079984003","0.0015128593040847202","-0.00640871825634873","16.81252921322408","1200","1200"
"fig3a","0.18478497974222907","0.0630957344480193","5000","562","0","0.11257748450309939","0.0001999600079984003","0.0017761989342806393","-0.00542891421715657","23.708090610208956","1201","1201"
"fig3a","0.18478497974222907","0.07356422544596414","5000","514","0","0.10297940411917617","0.0001999600079984003","0.001941747572815534","-0.004949010197960408","32.223551300421434","1202","1202"
"fig3a","0.18478497974222907","0.08576958985908938","5000","452","0","0.09058188362327535","0.0001999600079984003","0.002207505518763797","-0.004329134173165368","42.46924528902514","1203","1203"
"fig3a","0.18478497974222907","0.1","5000","429","0","0.08598280343931214","0.0001999600079984003","0.002325581395348837","-0.004099180163967207","54.52178880243943","1204","1204"
"fig3a","0.18478497974222907","0.11659144011798311","5000","430","0","0.08618276344731053","0.0001999600079984003","0.002320185614849188","-0.0041091781643671265","68.41907736827659","1205","1205"
"fig3a","0.18478497974222907","0.13593563908785256","5000","401","0","0.08038392321535692","0.0001999600079984003","0.0024875621890547263","-0.0038192361527694457","84.15762325813722","1206","1206"
"fig3a","0.18478497974222907","0.1584893192461114","5000","367","0","0.07358528294341132","0.0001999600079984003","0.0027173913043478256","-0.003479304139172166","101.6929717100964","1207","1207"
"fig3a","0.18478497974222907","0.18478497974222907","5000","418","0","0.08378324335132974","0.0001999600079984003","0.0023866348448687348","-0.003989202159568087","120.94366706379225","1208","1208"
"fig3a","0.18478497974222907","0.21544346900318845","5000","380","0","0.07618476304739052","0.0001999600079984003","0.0026246719160104987","-0.003609278144371126","141.82779774531326","1209","1209"
"fig3a","0.18478497974222907","0.25118864315095796","5000","388","0","0.07778444311137772","0.0001999600079984003","0.002570694087403599","-0.003689262147570486","164.60304330705804","1210","1210"
"fig3a","0.18478497974222907","0.29286445646252374","5000","440","0","0.08818236352729454","0.0001999600079984003","0.0022675736961451248","-0.004209158168366327","189.3845731584844","1211","1211"
"fig3a","0.18478497974222907","0.34145488738336005","5000","447","0","0.08958208358328335","0.0001999600079984003","0.002232142857142857","-0.004279144171165767","216.21836473726995","1212","1212"
"fig3a","0.18478497974222907","0.3981071705534973","5000","437","0","0.08758248350329934","0.0001999600079984003","0.00228310502283105","-0.004179164167166566","245.18397884457153","1213","1213"
"fig3a","0.18478497974222907","0.46415888336127775","5000","443","0","0.08878224355128975","0.0001999600079984003","0.0022522522522522522","-0.004239152169566087","276.4174311545998","1214","1214"
"fig3a","0.18478497974222907","0.5411695265464638","5000","454","0","0.09098180363927215","0.0001999600079984003","0.002197802197802198","-0.004349130173965207","310.1449786133673","1215","1215"
"fig3a","0.18478497974222907","0.630957344480193","5000","446","0","0.08938212357528494","0.0001999600079984003","0.0022371364653243847","-0.0042691461707658465","346.73551427003946","1216","1216"
"fig3a","0.18478497974222907","0.7356422544596414","5000","489","0","0.09798040391921616","0.0001999600079984003","0.002040816326530612","-0.0046990601879624075","386.78503071601807","1217","1217"
"fig3a","0.18478497974222907","0.8576958985908937","5000","458","0","0.09178164367126575","0.0001999600079984003","0.0021786492374727667","-0.004389122175564887","431.2576726454674","1218","1218"
"fig3a","0.18478497974222907","1.0","5000","463","0","0.09278144371125775","0.0001999600079984003","0.0021551724137931034","-0.004439112177564488","481.7305414170692","1219","1219"
"fig3a","0.21544346900318834","0.0001","5000","2706","2745","0.5412917416516697","0.5490901819636073","1.0","0.5220255948810237","-0.06703931483707493","1220","1220"
"fig3a","0.21544346900318834","0.00011659144011798323","5000","2747","2701","0.5494901019796041","0.5402919416116777","0.9832605531295487","0.5128174365126975","-0.07804439177766653","1221","1221"
"fig3a","0.21544346900318834","0.00013593563908785255","5000","2712","2741","0.5424915016996601","0.5482903419316136","1.0","0.5211657668466306","-0.09083322608572075","1222","1222"
"fig3a","0.21544346900318834","0.00015848931924611142","5000","2724","2680","0.5448910217956409","0.5360927814437113","0.9838532110091744","0.5088482303539292","-0.10568671560315579","1223","1223"
"fig3a","0.21544346900318834","0.00018478497974222906","5000","2831","2729","0.5662867426514697","0.5458908218356329","0.9639830508474576","0.5175764847030594","-0.12292700678654","1224","1224"
"fig3a","0.21544346900318834","0.00021544346900318845","5000","2851","2780","0.5702859428114377","0.5560887822435513","0.9751051893408135","0.5275744851029794","-0.14292244436666124","1225","1225"
"fig3a","0.21544346900318834","0.00025118864315095795","5000","2839","2776","0.5678864227154569","0.5552889422115577","0.9778169014084508","0.5268946210757848","-0.1660926793445583","1226","1226"
"fig3a","0.21544346900318834","0.00029286445646252375","5000","2818","2740","0.5636872625474905","0.5480903819236153","0.9723306136927989","0.5199060187962408","-0.19291373359251907","1227","1227"
"fig3a","0.21544346900318834","0.0003414548873833601","5000","2840","2701","0.5680863827234554","0.5402919416116777","0.9510735656458993","0.5118876224755049","-0.22392270970925665","1228","1228"
"fig3a","0.21544346900318834","0.00039810717055349735","5000","2878","2675","0.5756848630273945","0.5350929814037193","0.9294894060437653","0.5063087382523496","-0.2597216829141473","1229","1229"
"fig3a","0.21544346900318834","0.00046415888336127773","5000","2883","2715","0.5766846630673865","0.5430913817236552","0.9417475728155339","0.5142571485702859","-0.30098010372697104","1230","1230"
"fig3a","0.21544346900318834","0.0005411695265464637","5000","2862","2756","0.5724855028994201","0.5512897420515896","0.9629758994062172","0.5226654669066186","-0.3484347583145677","1231","1231"
"fig3a","0.21544346900318834","0.000630957344480193","5000","2917","2704","0.5834833033393322","0.5408918216356728","0.9270047978067169","0.5117176564687063","-0.40288595557399276","1232","1232"
"fig3a","0.21544346900318834","0.0007356422544596414","5000","2875","2626","0.5750849830033993","0.5252949410117976","0.9134214186369959","0.4965406918616277","-0.465188108993857","1233","1233"
"fig3a","0.21544346900318834","0.0008576958985908946","5000","2942","2619","0.5884823035392921","0.5238952209558089","0.8902480462113491","0.4944711057788443","-0.5362322246741655","1234","1234"
"fig3a","0.21544346900318834","0.001","5000","2841","2588","0.5682863427314537","0.5176964607078585","0.9109781843771991","0.4892821435712858","-0.6169169570376312","1235","1235"
"fig3a","0.21544346900318834","0.001165914401179831","5000","2945","2533","0.5890821835632873","0.5066986602679464","0.8601493550577054","0.47724455108978203","-0.7081038097668397","1236","1236"
"fig3a","0.21544346900318834","0.0013593563908785254","5000","2861","2489","0.5722855428914218","0.4979004199160168","0.870020964360587","0.4692861427714457","-0.8105507000944385","1237","1237"
"fig3a","0.21544346900318834","0.001584893192461114","5000","2901","2392","0.5802839432113577","0.47850429914017195","0.8246037215713302","0.44949010197960404","-0.9248164342360496","1238","1238"
"fig3a","0.21544346900318834","0.0018478497974222907","5000","2879","2247","0.5758848230353929","0.4495100979804039","0.7805555555555556","0.42071585682863427","-1.0511266410331928","1239","1239"
"fig3a","0.21544346900318834","0.002154434690031882","5000","2924","2142","0.584883023395321","0.4285142971405719","0.7326495726495726","0.39927014597080585","-1.18918939193685","1240","1240"
"fig3a","0.21544346900318834","0.0025118864315095794","5000","2893","2065","0.5786842631473705","0.41311737652469505","0.713890808569454","0.3841831633673265","-1.337946165239515","1241","1241"
"fig3a","0.21544346900318834","0.0029286445646252374","5000","2871","1843","0.5742851429714058","0.3687262547490502","0.6420612813370473","0.3400119976004799","-1.4952411440621347","1242","1242"
"fig3a","0.21544346900318834","0.003414548873833601","5000","2802","1654","0.5604879024195161","0.33093381323735255","0.5904388155547629","0.3029094181163767","-1.6573893499261203","1243","1243"
"fig3a","0.21544346900318834","0.003981071705534973","5000","2763","1490","0.5526894621075785","0.2981403719256149","0.5394356005788712","0.27050589882023596","-1.8186222574684905","1244","1244"
"fig3a","0.21544346900318834","0.004641588833612782","5000","2700","1217","0.5400919816036792","0.2435512897420516","0.45094409477971126","0.21654669066186763","-1.9703889781567625","1245","1245"
"fig3a","0.21544346900318834","0.0054116952654646375","5000","2678","1040","0.5356928614277144","0.20815836832633472","0.38857782754759235","0.181373725254949","-2.100492756807853","1246","1246"
"fig3a","0.21544346900318834","0.006309573444801929","5000","2495","739","0.4991001799640072","0.14797040591881624","0.296474358974359","0.12301539692061589","-2.192047553714332","1247","1247"
"fig3a","0.21544346900318834","0.007356422544596414","5000","2332","548","0.46650669866026795","0.10977804439112178","0.23531933133304758","0.08645270945810837","-2.2222492239458234","1248","1248"
"fig3a","0.21544346900318834","0.008576958985908946","5000","2259","339","0.45190961807638474","0.06798640271945611","0.15044247787610618","0.045390921815636864","-2.1609716027158754","1249","1249"
"fig3a","0.21544346900318834","0.01","5000","2017","191","0.40351929614077187","0.03839232153569286","0.09514370664023784","0.018216356728654265","-1.9692207280704679","1250","1250"
"fig3a","0.21544346900318834","0.01165914401179831","5000","1803","88","0.3607278544291142","0.01779644071185763","0.04933481152993348","-0.00023995200959808088","-1.5975108258458022","1251","1251"
"fig3a","0.21544346900318834","0.013593563908785255","5000","1593","51","0.3187362527494501","0.010397920415916816","0.03262233375156838","-0.005538892221555691","-1.0377506738624618","1252","1252"
"fig3a","0.21544346900318834","0.01584893192461114","5000","1320","22","0.2641471705658868","0.004599080183963208","0.017411052233156702","-0.008608278344331134","-0.31388346159045","1253","1253"
"fig3a","0.21544346900318834","0.018478497974222907","5000","1175","9","0.23515296940611877","0.001999600079984003","0.008503401360544218","-0.009758048390321936","0.628008226288955","1254","1254"
"fig3a","0.21544346900318834","0.021544346900318843","5000","1119","2","0.22395520895820836","0.0005998800239952009","0.002678571428571428","-0.010597880423915218","1.8658490806766963","1255","1255"
"fig3a","0.21544346900318834","0.025118864315095794","5000","1010","0","0.20215956808638272","0.0001999600079984003","0.0009891196834817012","-0.009908018396320738","3.522107749921645","1256","1256"
"fig3a","0.21544346900318834","0.029286445646252372","5000","908","0","0.1817636472705459","0.0001999600079984003","0.0011001100110011","-0.008888222355528896","5.821505639546814","1257","1257"
"fig3a","0.21544346900318834","0.034145488738336005","5000","809","0","0.16196760647870426","0.0001999600079984003","0.0012345679012345679","-0.007898420315936813","9.116823259985807","1258","1258"
"fig3a","0.21544346900318834","0.039810717055349734","5000","653","0","0.1307738452309538","0.0001999600079984003","0.0015290519877675841","-0.006338732253549291","13.713986721169704","1259","1259"
"fig3a","0.21544346900318834","0.046415888336127774","5000","659","0","0.13197360527894422","0.0001999600079984003","0.001515151515151515","-0.006398720255948811","19.823800857464676","1260","1260"
"fig3a","0.21544346900318834","0.054116952654646375","5000","522","0","0.10457908418316336","0.0001999600079984003","0.0019120458891013384","-0.005028994201159768","27.613599752025436","1261","1261"
"fig3a","0.21544346900318834","0.0630957344480193","5000","500","0","0.10017996400719856","0.0001999600079984003","0.001996007984031936","-0.004809038192361528","37.218584504271405","1262","1262"
"fig3a","0.21544346900318834","0.07356422544596414","5000","469","0","0.09398120375924815","0.0001999600079984003","0.002127659574468085","-0.004499100179964007","48.73836450512971","1263","1263"
"fig3a","0.21544346900318834","0.08576958985908938","5000","419","0","0.08398320335932813","0.0001999600079984003","0.002380952380952381","-0.003999200159968006","62.23161154125967","1264","1264"
"fig3a","0.21544346900318834","0.1","5000","373","0","0.07478504299140172","0.0001999600079984003","0.00267379679144385","-0.0035392921415716857","77.71207442479874","1265","1265"
"fig3a","0.21544346900318834","0.11659144011798311","5000","405","0","0.08118376324735053","0.0001999600079984003","0.002463054187192118","-0.003859228154369126","95.14733295576909","1266","1266"
"fig3a","0.21544346900318834","0.13593563908785256","5000","385","0","0.07718456308738253","0.0001999600079984003","0.0025906735751295333","-0.003659268146370726","114.46116693828463","1267","1267"
"fig3a","0.21544346900318834","0.1584893192461114","5000","396","0","0.07938412317536493","0.0001999600079984003","0.0025188916876574307","-0.0037692461507698467","135.54002067234188","1268","1268"
"fig3a","0.21544346900318834","0.18478497974222907","5000","417","0","0.08358328334333133","0.0001999600079984003","0.0023923444976076554","-0.003979204159168167","158.25744418966593","1269","1269"
"fig3a","0.21544346900318834","0.21544346900318845","5000","438","0","0.08778244351129774","0.0001999600079984003","0.002277904328018223","-0.0041891621675664865","182.88016706240984","1270","1270"
"fig3a","0.21544346900318834","0.25118864315095796","5000","426","0","0.08538292341531693","0.0001999600079984003","0.00234192037470726","-0.004069186162767446","209.58686490083238","1271","1271"
"fig3a","0.21544346900318834","0.29286445646252374","5000","446","0","0.08938212357528494","0.0001999600079984003","0.0022371364653243847","-0.0042691461707658465","238.4308440300759","1272","1272"
"fig3a","0.21544346900318834","0.34145488738336005","5000","453","0","0.09078184363127374","0.0001999600079984003","0.002202643171806167","-0.004339132173565287","269.51147816501447","1273","1273"
"fig3a","0.21544346900318834","0.3981071705534973","5000","484","0","0.09698060387922415","0.0001999600079984003","0.002061855670103093","-0.004649070185962808","303.0048383879237","1274","1274"
"fig3a","0.21544346900318834","0.46415888336127775","5000","438","0","0.08778244351129774","0.0001999600079984003","0.002277904328018223","-0.0041891621675664865","339.20995222883107","1275","1275"
"fig3a","0.21544346900318834","0.5411695265464638","5000","444","0","0.08898220355928814","0.0001999600079984003","0.0022471910112359553","-0.004249150169966007","378.62166628799724","1276","1276"
"fig3a","0.21544346900318834","0.630957344480193","5000","461","0","0.09238152369526095","0.0001999600079984003","0.0021645021645021645","-0.004419116176764647","422.04993236504646","1277","1277"
"fig3a","0.21544346900318834","0.7356422544596414","5000","454","0","0.09098180363927215","0.0001999600079984003","0.002197802197802198","-0.004349130173965207","470.8231273411813","1278","1278"
"fig3a","0.21544346900318834","0.8576958985908937","5000","500","0","0.10017996400719856","0.0001999600079984003","0.001996007984031936","-0.004809038192361528","527.1509935405786","1279","1279"
"fig3a","0.21544346900318834","1.0","5000","412","0","0.08258348330333934","0.0001999600079984003","0.0024213075060532684","-0.003929214157168567","594.8089902079989","1280","1280"
"fig3a","0.25118864315095796","0.0001","5000","2582","2582","0.5164967006598681","0.5164967006598681","1.0","0.4906718656268747","-0.07984843998480073","1281","1281"
"fig3a","0.25118864315095796","0.00011659144011798323","5000","2656","2567","0.5312937412517497","0.5134973005398921","0.9665035754610464","0.4869326134773046","-0.09292159674697587","1282","1282"
"fig3a","0.25118864315095796","0.00013593563908785255","5000","2608","2580","0.5216956608678265","0.5160967806438712","0.9892679187428132","0.49001199760047986","-0.10810121621597091","1283","1283"
"fig3a","0.25118864315095796","0.00015848931924611142","5000","2709","2611","0.5418916216756648","0.5222955408918216","0.9638376383763838","0.49520095980803835","-0.12571446646558115","1284","1284"
"fig3a","0.25118864315095796","0.00018478497974222906","5000","2700","2645","0.5400919816036792","0.5290941811637673","0.9796371714179934","0.5020895820835833","-0.14613486665828646","1285","1285"
"fig3a","0.25118864315095796","0.00021544346900318845","5000","2696","2641","0.5392921415716857","0.5282943411317736","0.9796069707081942","0.5013297340531894","-0.16978718042065566","1286","1286"
"fig3a","0.25118864315095796","0.00025118864315095795","5000","2761","2603","0.5522895420915817","0.5206958608278345","0.9427950760318611","0.4930813837232554","-0.19715214658691593","1287","1287"
"fig3a","0.25118864315095796","0.00029286445646252375","5000","2740","2533","0.5480903819236153","0.5066986602679464","0.9244801167457133","0.47929414117176566","-0.2287706876315383","1288","1288"
"fig3a","0.25118864315095796","0.0003414548873833601","5000","2761","2512","0.5522895420915817","0.50249950009998","0.9098479362780595","0.4748850229954009","-0.2652470668264755","1289","1289"
"fig3a","0.25118864315095796","0.00039810717055349735","5000","2651","2512","0.5302939412117577","0.50249950009998","0.9475867269984917","0.4759848030393921","-0.3072502339172729","1290","1290"
"fig3a","0.25118864315095796","0.00046415888336127773","5000","2742","2552","0.5484903019396121","0.510497900419916","0.93073277433467","0.4830733853229354","-0.3555122865480769","1291","1291"
"fig3a","0.25118864315095796","0.0005411695265464637","5000","2765","2560","0.5530893821235753","0.5120975804839032","0.9258857556037599","0.48444311137772444","-0.4108225564722261","1292","1292"
"fig3a","0.25118864315095796","0.000630957344480193","5000","2800","2549","0.5600879824035193","0.5098980203959208","0.9103891467333095","0.48189362127574487","-0.47401527596952064","1293","1293"
"fig3a","0.25118864315095796","0.0007356422544596414","5000","2797","2404","0.5594881023795241","0.4809038192361528","0.8595425303788421","0.4529294141171766","-0.5459480552819684","1294","1294"
"fig3a","0.25118864315095796","0.0008576958985908946","5000","2664","2335","0.5328934213157368","0.46710657868426314","0.876547842401501","0.4404619076184763","-0.6274674653920442","1295","1295"
"fig3a","0.25118864315095796","0.001","5000","2768","2339","0.5536892621475705","0.46790641871625677","0.8450704225352113","0.4402219556088782","-0.7193568275337157","1296","1296"
"fig3a","0.25118864315095796","0.001165914401179831","5000","2709","2232","0.5418916216756648","0.4465106978604279","0.8239852398523986","0.41941611677664464","-0.8222598168738955","1297","1297"
"fig3a","0.25118864315095796","0.0013593563908785254","5000","2772","2140","0.554489102179564","0.42811437712457506","0.7720879913451136","0.40038992201559687","-0.9365716553501215","1298","1298"
"fig3a","0.25118864315095796","0.001584893192461114","5000","2795","2028","0.5590881823635273","0.40571885622875425","0.7256795422031473","0.3777644471105779","-1.062287478476378","1299","1299"
"fig3a","0.25118864315095796","0.0018478497974222907","5000","2711","2003","0.5422915416916617","0.40071985602879423","0.7389380530973451","0.37360527894421114","-1.198794930485036","1300","1300"
"fig3a","0.25118864315095796","0.002154434690031882","5000","2671","1780","0.5342931413717257","0.356128774245151","0.6665419161676647","0.3294141171765647","-1.34459525128554","1301","1301"
"fig3a","0.25118864315095796","0.0025118864315095794","5000","2611","1639","0.5222955408918216","0.32793441311737653","0.6278713629402757","0.30181963607278545","-1.4969342457986272","1302","1302"
"fig3a","0.25118864315095796","0.0029286445646252374","5000","2712","1461","0.5424915016996601","0.2923415316936613","0.5388868411352746","0.2652169566086783","-1.6513218934919394","1303","1303"
"fig3a","0.25118864315095796","0.003414548873833601","5000","2559","1196","0.5118976204759048","0.2393521295740852","0.467578125","0.21375724855028994","-1.8009174818564873","1304","1304"
"fig3a","0.25118864315095796","0.003981071705534973","5000","2536","1006","0.5072985402919417","0.20135972805438912","0.39692550256208115","0.17599480103979204","-1.9357567979649843","1305","1305"
"fig3a","0.25118864315095796","0.004641588833612782","5000","2430","790","0.4861027794441112","0.15816836632673464","0.3253805018510901","0.13386322735452907","-2.0418001351380894","1306","1306"
"fig3a","0.25118864315095796","0.0054116952654646375","5000","2303","577","0.46070785842831435","0.11557688462307539","0.2508680555555555","0.09254149170165966","-2.0997859900658113","1307","1307"
"fig3a","0.25118864315095796","0.006309573444801929","5000","2143","403","0.4287142571485703","0.08078384323135374","0.18843283582089554","0.05934813037392522","-2.0838868531408252","1308","1308"
"fig3a","0.25118864315095796","0.007356422544596414","5000","1986","232","0.39732053589282146","0.046590681863627276","0.11726220432813286","0.026724655068986202","-1.9601819314925706","1309","1309"
"fig3a","0.25118864315095796","0.008576958985908946","5000","1778","110","0.3557288542291542","0.022195560887822437","0.06239460370994941","0.0044091181763647284","-1.684988115229885","1310","1310"
"fig3a","0.25118864315095796","0.01","5000","1592","54","0.31853629274145173","0.010997800439912017","0.03452605147520401","-0.00492901419716057","-1.2031252163258443","1311","1311"
"fig3a","0.25118864315095796","0.01165914401179831","5000","1355","33","0.27114577084583086","0.006798640271945611","0.025073746312684362","-0.006758648270345933","-0.5268298662211066","1312","1312"
"fig3a","0.25118864315095796","0.013593563908785255","5000","1212","11","0.2425514897020596","0.0023995200959808036","0.00989282769991756","-0.009728054389122177","0.3472008922333032","1313","1313"
"fig3a","0.25118864315095796","0.01584893192461114","5000","1050","2","0.21015796840631873","0.0005998800239952009","0.0028544243577545195","-0.009908018396320736","1.4815744324316995","1314","1314"
"fig3a","0.25118864315095796","0.018478497974222907","5000","955","2","0.1911617676464707","0.0005998800239952009","0.0031380753138075313","-0.008958208358328335","2.962506532820896","1315","1315"
"fig3a","0.25118864315095796","0.021544346900318843","5000","913","0","0.1827634473105379","0.0001999600079984003","0.0010940919037199124","-0.008938212357528496","4.9122169416107795","1316","1316"
"fig3a","0.25118864315095796","0.025118864315095794","5000","796","0","0.15936812637472506","0.0001999600079984003","0.0012547051442910915","-0.007768446310737853","7.520006778584616","1317","1317"
"fig3a","0.25118864315095796","0.029286445646252372","5000","720","0","0.14417116576684663","0.0001999600079984003","0.0013869625520110957","-0.007008598280343932","11.107584909635904","1318","1318"
"fig3a","0.25118864315095796","0.034145488738336005","5000","654","0","0.13097380523895222","0.0001999600079984003","0.0015267175572519082","-0.006348730253949211","16.087504814223394","1319","1319"
"fig3a","0.25118864315095796","0.039810717055349734","5000","614","0","0.12297540491901619","0.0001999600079984003","0.0016260162601626016","-0.005948810237952409","22.762198480635163","1320","1320"
"fig3a","0.25118864315095796","0.046415888336127774","5000","536","0","0.10737852429514097","0.0001999600079984003","0.00186219739292365","-0.005168966206758648","31.32670798840678","1321","1321"
"fig3a","0.25118864315095796","0.054116952654646375","5000","505","0","0.10117976404719056","0.0001999600079984003","0.001976284584980237","-0.004859028194361128","41.91998847977368","1322","1322"
"fig3a","0.25118864315095796","0.0630957344480193","5000","465","0","0.09318136372725455","0.0001999600079984003","0.002145922746781116","-0.0044591081783643275","54.63398629446712","1323","1323"
"fig3a","0.25118864315095796","0.07356422544596414","5000","423","0","0.08478304339132174","0.0001999600079984003","0.0023584905660377358","-0.004039192161567687","69.51149020839637","1324","1324"
"fig3a","0.25118864315095796","0.08576958985908938","5000","404","0","0.08098380323935213","0.0001999600079984003","0.0024691358024691358","-0.003849230153969206","86.54367869583058","1325","1325"
"fig3a","0.25118864315095796","0.1","5000","415","0","0.08318336332733453","0.0001999600079984003","0.002403846153846154","-0.003959208158368326","105.67035697956413","1326","1326"
"fig3a","0.25118864315095796","0.11659144011798311","5000","436","0","0.08738252349530094","0.0001999600079984003","0.002288329519450801","-0.004169166166766647","126.7841924504101","1327","1327"
"fig3a","0.25118864315095796","0.13593563908785256","5000","383","0","0.07678464307138572","0.0001999600079984003","0.002604166666666667","-0.0036392721455708855","149.73945274763736","1328","1328"
"fig3a","0.25118864315095796","0.1584893192461114","5000","442","0","0.08858228354329134","0.0001999600079984003","0.002257336343115124","-0.004229154169166167","174.3646310525922","1329","1329"
"fig3a","0.25118864315095796","0.18478497974222907","5000","436","0","0.08738252349530094","0.0001999600079984003","0.002288329519450801","-0.004169166166766647","200.83883398903606","1330","1330"
"fig3a","0.25118864315095796","0.21544346900318845","5000","482","0","0.09658068386322735","0.0001999600079984003","0.002070393374741201","-0.004629074185162968","229.47485789556714","1331","1331"
"fig3a","0.25118864315095796","0.25118864315095796","5000","503","0","0.10077984403119376","0.0001999600079984003","0.001984126984126984","-0.004839032193561288","260.3302741885843","1332","1332"
"fig3a","0.25118864315095796","0.29286445646252374","5000","495","0","0.09918016396720655","0.0001999600079984003","0.0020161290322580645","-0.004759048190361928","293.5224505778949","1333","1333"
"fig3a","0.25118864315095796","0.34145488738336005","5000","496","0","0.09938012397520496","0.0001999600079984003","0.0020120724346076456","-0.004769046190761848","329.2682776179284","1334","1334"
"fig3a","0.25118864315095796","0.3981071705534973","5000","506","0","0.10137972405518897","0.0001999600079984003","0.001972386587771203","-0.004869026194761049","367.94469982089817","1335","1335"
"fig3a","0.25118864315095796","0.46415888336127775","5000","510","0","0.10217956408718257","0.0001999600079984003","0.0019569471624266144","-0.004909018196360728","410.18487726924224","1336","1336"
"fig3a","0.25118864315095796","0.5411695265464638","5000","513","0","0.10277944411117776","0.0001999600079984003","0.0019455252918287938","-0.0049390121975604875","457.03769240656237","1337","1337"
"fig3a","0.25118864315095796","0.630957344480193","5000","504","0","0.10097980403919216","0.0001999600079984003","0.0019801980198019802","-0.004849030193961208","510.2451917847681","1338","1338"
"fig3a","0.25118864315095796","0.7356422544596414","5000","456","0","0.09138172365526895","0.0001999600079984003","0.002188183807439825","-0.004369126174765047","572.7520102268561","1339","1339"
"fig3a","0.25118864315095796","0.8576958985908937","5000","387","0","0.07758448310337933","0.0001999600079984003","0.002577319587628866","-0.0036792641471705663","649.701467109893","1340","1340"
"fig3a","0.25118864315095796","1.0","5000","370","0","0.07418516296740651","0.0001999600079984003","0.0026954177897574125","-0.0035092981403719256","750.5336633427819","1341","1341"
"fig3a","0.29286445646252357","0.0001","5000","2430","2372","0.4861027794441112","0.47450509898020393","0.9761415055532702","0.4501999600079984","-0.09106351729749917","1342","1342"
"fig3a","0.29286445646252357","0.00011659144011798323","5000","2481","2359","0.4963007398520296","0.47190561887622473","0.950846091861402","0.4470905818836233","-0.10592340870300632","1343","1343"
"fig3a","0.29286445646252357","0.00013593563908785255","5000","2510","2362","0.5020995800839833","0.47250549890022","0.9410593389088012","0.4474005198960208","-0.12315978169203845","1344","1344"
"fig3a","0.29286445646252357","0.00015848931924611142","5000","2451","2361","0.4903019396120776","0.47230553889222154","0.9632952691680261","0.44779044191161765","-0.14313520630582843","1345","1345"
"fig3a","0.29286445646252357","0.00018478497974222906","5000","2442","2372","0.488502299540092","0.47450509898020393","0.9713467048710601","0.4500799840031993","-0.16626115712318779","1346","1346"
"fig3a","0.29286445646252357","0.00021544346900318845","5000","2450","2316","0.4901019796040792","0.46330733853229356","0.945328437372501","0.4388022395520896","-0.19300217005263676","1347","1347"
"fig3a","0.29286445646252357","0.00025118864315095795","5000","2487","2354","0.49750049990002","0.4709058188362327","0.9465434083601286","0.44603079384123173","-0.2238793162217121","1348","1348"
"fig3a","0.29286445646252357","0.00029286445646252375","5000","2476","2374","0.4953009398120376","0.47490501899620075","0.9588211546225273","0.45013997200559885","-0.25947241468242055","1349","1349"
"fig3a","0.29286445646252357","0.0003414548873833601","5000","2521","2309","0.5042991401719656","0.46190761847630474","0.91593973037272","0.43669266146770647","-0.30042015855718773","1350","1350"
"fig3a","0.29286445646252357","0.00039810717055349735","5000","2501","2322","0.5002999400119976","0.46450709858028394","0.9284572342126298","0.43949210157968405","-0.3474169957623303","1351","1351"
"fig3a","0.29286445646252357","0.00046415888336127773","5000","2535","2258","0.5070985802839432","0.4517096580683863","0.8907728706624606","0.42635472905418914","-0.40120515964241577","1352","1352"
"fig3a","0.29286445646252357","0.0005411695265464637","5000","2558","2311","0.5116976604679064","0.46230753849230155","0.9034779210629152","0.4367226554689062","-0.46255965503246443","1353","1353"
"fig3a","0.29286445646252357","0.000630957344480193","5000","2500","2200","0.5000999800039992","0.4401119776044791","0.8800479808076769","0.41510697860427914","-0.5322632333769661","1354","1354"
"fig3a","0.29286445646252357","0.0007356422544596414","5000","2503","2123","0.5006998600279944","0.4247150569886023","0.8482428115015975","0.39968006398720257","-0.6110673927417736","1355","1355"
"fig3a","0.29286445646252357","0.0008576958985908946","5000","2524","2073","0.5048990201959608","0.41471705658868224","0.8213861386138613","0.38947210557888423","-0.6996341668308617","1356","1356"
"fig3a","0.29286445646252357","0.001","5000","2506","2034","0.5012997400519896","0.40691861627674464","0.8117271639409652","0.3818536292741452","-0.7984518731692276","1357","1357"
"fig3a","0.29286445646252357","0.001165914401179831","5000","2552","1928","0.510497900419916","0.3857228554289142","0.7555816686251469","0.3601979604079184","-0.9077160330078016","1358","1358"
"fig3a","0.29286445646252357","0.0013593563908785254","5000","2489","1784","0.4979004199160168","0.35692861427714456","0.716867469879518","0.33203359328134374","-1.0271643322120099","1359","1359"
"fig3a","0.29286445646252357","0.001584893192461114","5000","2469","1657","0.4939012197560488","0.33153369326134774","0.671255060728745","0.3068386322735453","-1.1558517795791659","1360","1360"
"fig3a","0.29286445646252357","0.0018478497974222907","5000","2412","1511","0.48250349930013997","0.3023395320935813","0.6266058847907169","0.2782143571285743","-1.291849219901593","1361","1361"
"fig3a","0.29286445646252357","0.002154434690031882","5000","2418","1355","0.48370325934813035","0.27114577084583086","0.5605622157916496","0.24696060787842433","-1.4318452625994382","1362","1362"
"fig3a","0.29286445646252357","0.0025118864315095794","5000","2424","1104","0.4849030193961208","0.22095580883823235","0.4556701030927835","0.19671065786842631","-1.5706288382836249","1363","1363"
"fig3a","0.29286445646252357","0.0029286445646252374","5000","2281","990","0.4563087382523495","0.19816036792641473","0.43426818580192816","0.17534493101379725","-1.700427555667119","1364","1364"
"fig3a","0.29286445646252357","0.003414548873833601","5000","2213","778","0.4427114577084583","0.15576884623075385","0.35185185185185186","0.13363327334533093","-1.8100766344427939","1365","1365"
"fig3a","0.29286445646252357","0.003981071705534973","5000","2183","571","0.4367126574685063","0.11437712457508498","0.2619047619047619","0.09254149170165966","-1.8839955874514942","1366","1366"
"fig3a","0.29286445646252357","0.004641588833612782","5000","2108","383","0.4217156568686263","0.07678464307138572","0.182076813655761","0.0556988602279544","-1.9009564827144345","1367","1367"
"fig3a","0.29286445646252357","0.0054116952654646375","5000","1933","257","0.3867226554689062","0.05158968206358728","0.13340227507755945","0.032253549290141965","-1.8326402229265284","1368","1368"
"fig3a","0.29286445646252357","0.006309573444801929","5000","1695","144","0.33913217356528697","0.028994201159768047","0.08549528301886793","0.012037592481503698","-1.641997525827776","1369","1369"
"fig3a","0.29286445646252357","0.007356422544596414","5000","1618","52","0.32373525294941013","0.010597880423915218","0.032736256948733784","-0.0055888822235552905","-1.2814604509137268","1370","1370"
"fig3a","0.29286445646252357","0.008576958985908946","5000","1364","27","0.27294541091781643","0.005598880223955209","0.020512820512820513","-0.008048390321935613","-0.6910886429781726","1371","1371"
"fig3a","0.29286445646252357","0.01","5000","1195","5","0.2391521695660868","0.0011997600479904018","0.005016722408026755","-0.010757848430313938","0.11378619721247674","1372","1372"
"fig3a","0.29286445646252357","0.01165914401179831","5000","1016","2","0.20335932813437313","0.0005998800239952009","0.002949852507374631","-0.009568086382723457","1.1542575659678107","1373","1373"
"fig3a","0.29286445646252357","0.013593563908785255","5000","919","2","0.1839632073585283","0.0005998800239952009","0.0032608695652173907","-0.008598280343931215","2.5011406213086502","1374","1374"
"fig3a","0.29286445646252357","0.01584893192461114","5000","870","2","0.17416516696660667","0.0005998800239952009","0.003444316877152698","-0.008108378324335133","4.250189247303979","1375","1375"
"fig3a","0.29286445646252357","0.018478497974222907","5000","825","0","0.16516696660667868","0.0001999600079984003","0.0012106537530266342","-0.008058388322335535","6.529200125598834","1376","1376"
"fig3a","0.29286445646252357","0.021544346900318843","5000","725","0","0.14517096580683864","0.0001999600079984003","0.001377410468319559","-0.0070585882823435316","9.512813765744426","1377","1377"
"fig3a","0.29286445646252357","0.025118864315095794","5000","675","0","0.13517296540691862","0.0001999600079984003","0.0014792899408284023","-0.006558688262347531","13.452945772276792","1378","1378"
"fig3a","0.29286445646252357","0.029286445646252372","5000","684","0","0.13697260547890422","0.0001999600079984003","0.00145985401459854","-0.006648670265946811","18.72634542793935","1379","1379"
"fig3a","0.29286445646252357","0.034145488738336005","5000","612","0","0.1225754849030194","0.0001999600079984003","0.0016313213703099511","-0.005928814237152569","25.76992750444839","1380","1380"
"fig3a","0.29286445646252357","0.039810717055349734","5000","566","0","0.11337732453509299","0.0001999600079984003","0.001763668430335097","-0.005468906218756249","34.89077828851035","1381","1381"
"fig3a","0.29286445646252357","0.046415888336127774","5000","504","0","0.10097980403919216","0.0001999600079984003","0.0019801980198019802","-0.004849030193961208","46.26393318325046","1382","1382"
"fig3a","0.29286445646252357","0.054116952654646375","5000","501","0","0.10037992401519696","0.0001999600079984003","0.00199203187250996","-0.004819036192761448","59.98675418510416","1383","1383"
"fig3a","0.29286445646252357","0.0630957344480193","5000","491","0","0.09838032393521295","0.0001999600079984003","0.002032520325203252","-0.004719056188762247","76.09393751156449","1384","1384"
"fig3a","0.29286445646252357","0.07356422544596414","5000","460","0","0.09218156368726255","0.0001999600079984003","0.0021691973969631237","-0.004409118176364727","94.55987414227926","1385","1385"
"fig3a","0.29286445646252357","0.08576958985908938","5000","481","0","0.09638072385522896","0.0001999600079984003","0.002074688796680498","-0.0046190761847630475","115.30094669808148","1386","1386"
"fig3a","0.29286445646252357","0.1","5000","441","0","0.08838232353529295","0.0001999600079984003","0.002262443438914027","-0.0042191561687662475","138.18133921818406","1387","1387"
"fig3a","0.29286445646252357","0.11659144011798311","5000","434","0","0.08698260347930414","0.0001999600079984003","0.0022988505747126436","-0.004149170165966807","163.02331904423488","1388","1388"
"fig3a","0.29286445646252357","0.13593563908785256","5000","439","0","0.08798240351929613","0.0001999600079984003","0.0022727272727272726","-0.004199160167966407","189.62122447009455","1389","1389"
"fig3a","0.29286445646252357","0.1584893192461114","5000","499","0","0.09998000399920016","0.0001999600079984003","0.0019999999999999996","-0.004799040191961608","217.93037282602222","1390","1390"
"fig3a","0.29286445646252357","0.18478497974222907","5000","513","0","0.10277944411117776","0.0001999600079984003","0.0019455252918287938","-0.0049390121975604875","248.42587065456894","1391","1391"
"fig3a","0.29286445646252357","0.21544346900318845","5000","501","0","0.10037992401519696","0.0001999600079984003","0.00199203187250996","-0.004819036192761448","281.20472569642214","1392","1392"
"fig3a","0.29286445646252357","0.25118864315095796","5000","495","0","0.09918016396720655","0.0001999600079984003","0.0020161290322580645","-0.004759048190361928","316.3938121276132","1393","1393"
"fig3a","0.29286445646252357","0.29286445646252374","5000","571","0","0.11437712457508498","0.0001999600079984003","0.0017482517482517483","-0.005518896220755849","354.2408368862078","1394","1394"
"fig3a","0.29286445646252357","0.34145488738336005","5000","491","0","0.09838032393521295","0.0001999600079984003","0.002032520325203252","-0.004719056188762247","395.18794994053536","1395","1395"
"fig3a","0.29286445646252357","0.3981071705534973","5000","536","0","0.10737852429514097","0.0001999600079984003","0.00186219739292365","-0.005168966206758648","439.98888965405087","1396","1396"
"fig3a","0.29286445646252357","0.46415888336127775","5000","500","0","0.10017996400719856","0.0001999600079984003","0.001996007984031936","-0.004809038192361528","489.90496589591845","1397","1397"
"fig3a","0.29286445646252357","0.5411695265464638","5000","472","0","0.09458108378324336","0.0001999600079984003","0.002114164904862579","-0.004529094181163768","547.0515116846973","1398","1398"
"fig3a","0.29286445646252357","0.630957344480193","5000","476","0","0.09538092381523695","0.0001999600079984003","0.0020964360587002093","-0.004569086182763448","615.0491339304365","1399","1399"
"fig3a","0.29286445646252357","0.7356422544596414","5000","412","0","0.08258348330333934","0.0001999600079984003","0.0024213075060532684","-0.003929214157168567","700.3366489456691","1400","1400"
"fig3a","0.29286445646252357","0.8576958985908937","5000","354","0","0.07098580283943211","0.0001999600079984003","0.0028169014084507044","-0.003349330133973205","815.0451607751006","1401","1401"
"fig3a","0.29286445646252357","1.0","5000","284","0","0.05698860227954409","0.0001999600079984003","0.0035087719298245615","-0.002649470105978804","983.9581823178846","1402","1402"
"fig3a","0.34145488738336005","0.0001","5000","2192","2073","0.4385122975404919","0.41471705658868224","0.945736434108527","0.39279144171165764","-0.0982368130758573","1403","1403"
"fig3a","0.34145488738336005","0.00011659144011798323","5000","2144","2062","0.4289142171565687","0.41251749650069985","0.9617715617715618","0.39107178564287143","-0.11419333971571177","1404","1404"
"fig3a","0.34145488738336005","0.00013593563908785255","5000","2179","2049","0.4359128174365127","0.40991801639672065","0.9403669724770641","0.38812237552489504","-0.13267493886979764","1405","1405"
"fig3a","0.34145488738336005","0.00015848931924611142","5000","2109","2145","0.42191561687662466","0.42911417716456707","1.0","0.40801839632073583","-0.15405699196551836","1406","1406"
"fig3a","0.34145488738336005","0.00018478497974222906","5000","2219","2046","0.4439112177564487","0.40931813637272546","0.9220720720720721","0.38712257548490303","-0.17876173896024738","1407","1407"
"fig3a","0.34145488738336005","0.00021544346900318845","5000","2196","2001","0.4393121375724855","0.4003199360127974","0.9112426035502958","0.37835432913417316","-0.20726064491231","1408","1408"
"fig3a","0.34145488738336005","0.00025118864315095795","5000","2166","2043","0.43331333733253347","0.40871825634873027","0.9432395016151363","0.3870525894821036","-0.24007529294038932","1409","1409"
"fig3a","0.34145488738336005","0.00029286445646252375","5000","2148","2050","0.4297140571885623","0.41011797640471903","0.9543973941368077","0.3886322735452909","-0.2777759323456621","1410","1410"
"fig3a","0.34145488738336005","0.0003414548873833601","5000","2239","1987","0.4479104179164167","0.39752049590081984","0.8875","0.375124975004999","-0.32097646561879856","1411","1411"
"fig3a","0.34145488738336005","0.00039810717055349735","5000","2171","1878","0.43431313737252547","0.3757248550289942","0.8651012891344384","0.35400919816036797","-0.3703241972902447","1412","1412"
"fig3a","0.34145488738336005","0.00046415888336127773","5000","2196","1915","0.4393121375724855","0.383123375324935","0.8720983158852982","0.36115776844631076","-0.42648205837565456","1413","1413"
"fig3a","0.34145488738336005","0.0005411695265464637","5000","2235","1877","0.4471105778844231","0.3755248950209958","0.8398926654740608","0.35316936612677463","-0.49010022290775623","1414","1414"
"fig3a","0.34145488738336005","0.000630957344480193","5000","2201","1837","0.4403119376124775","0.3675264947010598","0.8346957311534968","0.3455108978204359","-0.5617730021118632","1415","1415"
"fig3a","0.34145488738336005","0.0007356422544596414","5000","2209","1767","0.4419116176764647","0.3535292941411718","0.8","0.33143371325734855","-0.6419755866093055","1416","1416"
"fig3a","0.34145488738336005","0.0008576958985908946","5000","2205","1697","0.4411117776444711","0.3395320935812837","0.769718948322756","0.3174765046990602","-0.7309735562259334","1417","1417"
"fig3a","0.34145488738336005","0.001","5000","2121","1574","0.4243151369726055","0.3149370125974805","0.7422243166823752","0.2937212557488503","-0.8286960453099823","1418","1418"
"fig3a","0.34145488738336005","0.001165914401179831","5000","2055","1462","0.41111777644471104","0.29254149170165966","0.7115758754863813","0.2719856028794241","-0.9345610123365873","1419","1419"
"fig3a","0.34145488738336005","0.0013593563908785254","5000","2081","1388","0.41631673665266944","0.277744451109778","0.6671469740634006","0.25692861427714453","-1.0472382274035112","1420","1420"
"fig3a","0.34145488738336005","0.001584893192461114","5000","2087","1226","0.4175164967006599","0.2453509298140372","0.5876436781609196","0.2244751049790042","-1.164332438674137","1421","1421"
"fig3a","0.34145488738336005","0.0018478497974222907","5000","2023","998","0.40471905618876225","0.19976004799040192","0.4935770750988142","0.1795240951809638","-1.2819658954122986","1422","1422"
"fig3a","0.34145488738336005","0.002154434690031882","5000","1972","883","0.3945210957808438","0.1767646470705859","0.44804865686771417","0.1570385922815437","-1.3942363383299323","1423","1423"
"fig3a","0.34145488738336005","0.0025118864315095794","5000","1976","704","0.39532093581283745","0.14097180563887224","0.3566009104704097","0.12120575884823037","-1.4925242890739696","1424","1424"
"fig3a","0.34145488738336005","0.0029286445646252374","5000","1865","604","0.373125374925015","0.1209758048390322","0.3242229367631297","0.10231953609278144","-1.5646228409311789","1425","1425"
"fig3a","0.34145488738336005","0.003414548873833601","5000","1814","386","0.3629274145170966","0.07738452309538092","0.21322314049586777","0.05923815236952609","-1.593665374299178","1426","1426"
"fig3a","0.34145488738336005","0.003981071705534973","5000","1693","309","0.33873225354929015","0.0619876024795041","0.1829988193624557","0.04505098980203959","-1.556833243739277","1427","1427"
"fig3a","0.34145488738336005","0.004641588833612782","5000","1596","163","0.3193361327734453","0.03279344131173765","0.10269254852849091","0.016826634673065385","-1.423838327833522","1428","1428"
"fig3a","0.34145488738336005","0.0054116952654646375","5000","1477","81","0.2955408918216357","0.016396720655868825","0.055480378890392416","0.0016196760647870408","-1.1551962643184766","1429","1429"
"fig3a","0.34145488738336005","0.006309573444801929","5000","1302","29","0.2605478904219156","0.00599880023995201","0.023023791250959325","-0.007028594281143772","-0.7003367003072754","1430","1430"
"fig3a","0.34145488738336005","0.007356422544596414","5000","1106","16","0.22135572885422916","0.0033993201359728054","0.015356820234869015","-0.007668466306738654","0.004362571109140845","1431","1431"
"fig3a","0.34145488738336005","0.008576958985908946","5000","1041","6","0.20835832833433313","0.0013997200559888023","0.0067178502879078695","-0.009018196360727855","0.9499960386688429","1432","1432"
"fig3a","0.34145488738336005","0.01","5000","877","1","0.17556488702259548","0.0003999200159968006","0.002277904328018223","-0.008378324335132973","2.1704471228261752","1433","1433"
"fig3a","0.34145488738336005","0.01165914401179831","5000","836","0","0.16736652669466107","0.0001999600079984003","0.0011947431302270011","-0.008168366326734655","3.7453424964252804","1434","1434"
"fig3a","0.34145488738336005","0.013593563908785255","5000","765","0","0.15316936612677465","0.0001999600079984003","0.0013054830287206266","-0.0074585082983403325","5.780024571236851","1435","1435"
"fig3a","0.34145488738336005","0.01584893192461114","5000","692","0","0.13857228554289142","0.0001999600079984003","0.001443001443001443","-0.00672865426914617","8.410080284289847","1436","1436"
"fig3a","0.34145488738336005","0.018478497974222907","5000","689","0","0.13797240551889622","0.0001999600079984003","0.0014492753623188406","-0.006698660267946411","11.80963445385379","1437","1437"
"fig3a","0.34145488738336005","0.021544346900318843","5000","653","0","0.1307738452309538","0.0001999600079984003","0.0015290519877675841","-0.006338732253549291","16.20296815625943","1438","1438"
"fig3a","0.34145488738336005","0.025118864315095794","5000","621","0","0.124375124975005","0.0001999600079984003","0.001607717041800643","-0.00601879624075185","21.882738668307752","1439","1439"
"fig3a","0.34145488738336005","0.029286445646252372","5000","561","0","0.11237752449510098","0.0001999600079984003","0.0017793594306049821","-0.005418916216756649","29.230428728105807","1440","1440"
"fig3a","0.34145488738336005","0.034145488738336005","5000","592","0","0.11857628474305139","0.0001999600079984003","0.0016863406408094434","-0.005728854229154169","38.67194409200442","1441","1441"
"fig3a","0.34145488738336005","0.039810717055349734","5000","559","0","0.11197760447910418","0.0001999600079984003","0.0017857142857142857","-0.005398920215956809","50.52735134048396","1442","1442"
"fig3a","0.34145488738336005","0.046415888336127774","5000","548","0","0.10977804439112178","0.0001999600079984003","0.001821493624772313","-0.0052889422115576885","64.95935704550863","1443","1443"
"fig3a","0.34145488738336005","0.054116952654646375","5000","508","0","0.10177964407118577","0.0001999600079984003","0.0019646365422396855","-0.0048890221955608885","82.02092836024542","1444","1444"
"fig3a","0.34145488738336005","0.0630957344480193","5000","485","0","0.09718056388722256","0.0001999600079984003","0.0020576131687242796","-0.004659068186362728","101.68418369705074","1445","1445"
"fig3a","0.34145488738336005","0.07356422544596414","5000","488","0","0.09778044391121776","0.0001999600079984003","0.0020449897750511245","-0.004689062187562488","123.85148768971334","1446","1446"
"fig3a","0.34145488738336005","0.08576958985908938","5000","522","0","0.10457908418316336","0.0001999600079984003","0.0019120458891013384","-0.005028994201159768","148.36412747373532","1447","1447"
"fig3a","0.34145488738336005","0.1","5000","505","0","0.10117976404719056","0.0001999600079984003","0.001976284584980237","-0.004859028194361128","175.01376012910708","1448","1448"
"fig3a","0.34145488738336005","0.11659144011798311","5000","535","0","0.10717856428714258","0.0001999600079984003","0.0018656716417910445","-0.005158968206358729","203.55720583044598","1449","1449"
"fig3a","0.34145488738336005","0.13593563908785256","5000","531","0","0.10637872425514897","0.0001999600079984003","0.0018796992481203009","-0.005118976204759048","233.74252871711263","1450","1450"
"fig3a","0.34145488738336005","0.1584893192461114","5000","533","0","0.10677864427114576","0.0001999600079984003","0.0018726591760299626","-0.005138972205558888","265.9127274610321","1451","1451"
"fig3a","0.34145488738336005","0.18478497974222907","5000","543","0","0.10877824435112977","0.0001999600079984003","0.001838235294117647","-0.005238952209558089","300.39048292069236","1452","1452"
"fig3a","0.34145488738336005","0.21544346900318845","5000","551","0","0.11037792441511697","0.0001999600079984003","0.0018115942028985507","-0.005318936212757449","337.29504171414345","1453","1453"
"fig3a","0.34145488738336005","0.25118864315095796","5000","556","0","0.11137772445510898","0.0001999600079984003","0.0017953321364452424","-0.0053689262147570485","376.8795592761972","1454","1454"
"fig3a","0.34145488738336005","0.29286445646252374","5000","536","0","0.10737852429514097","0.0001999600079984003","0.00186219739292365","-0.005168966206758648","419.61169666110385","1455","1455"
"fig3a","0.34145488738336005","0.34145488738336005","5000","521","0","0.10437912417516497","0.0001999600079984003","0.0019157088122605363","-0.005018996200759848","466.30070449180363","1456","1456"
"fig3a","0.34145488738336005","0.3981071705534973","5000","522","0","0.10457908418316336","0.0001999600079984003","0.0019120458891013384","-0.005028994201159768","518.3096577396445","1457","1457"
"fig3a","0.34145488738336005","0.46415888336127775","5000","520","0","0.10417916416716656","0.0001999600079984003","0.0019193857965451055","-0.005008998200359928","577.9327247144149","1458","1458"
"fig3a","0.34145488738336005","0.5411695265464638","5000","490","0","0.09818036392721456","0.0001999600079984003","0.002036659877800407","-0.004709058188362328","649.112748577558","1459","1459"
"fig3a","0.34145488738336005","0.630957344480193","5000","423","0","0.08478304339132174","0.0001999600079984003","0.0023584905660377358","-0.004039192161567687","738.9131291103706","1460","1460"
"fig3a","0.34145488738336005","0.7356422544596414","5000","399","0","0.07998400319936012","0.0001999600079984003","0.0025","-0.003799240151969606","860.815365084733","1461","1461"
"fig3a","0.34145488738336005","0.8576958985908937","5000","287","0","0.057588482303539294","0.0001999600079984003","0.003472222222222222","-0.0026794641071785645","1042.954337880004","1462","1462"
"fig3a","0.34145488738336005","1.0","5000","224","0","0.04499100179964007","0.0001999600079984003","0.0044444444444444444","-0.002049590081983603","1351.802096031729","1463","1463"
"fig3a","0.3981071705534973","0.0001","5000","1786","1693","0.3573285342931414","0.33873225354929015","0.9479574706211528","0.3208658268346331","-0.09883009145659116","1464","1464"
"fig3a","0.3981071705534973","0.00011659144011798323","5000","1830","1626","0.366126774645071","0.32533493301339733","0.888585472419443","0.30702859428114376","-0.11476551040669847","1465","1465"
"fig3a","0.3981071705534973","0.00013593563908785255","5000","1799","1722","0.3599280143971206","0.34453109378124375","0.9572222222222222","0.3265346930613877","-0.13317992193651662","1466","1466"
"fig3a","0.3981071705534973","0.00015848931924611142","5000","1779","1666","0.35592881423715256","0.3333333333333333","0.9365168539325842","0.31553689262147566","-0.1544259818953151","1467","1467"
"fig3a","0.3981071705534973","0.00018478497974222906","5000","1784","1658","0.35692861427714456","0.3317336532693461","0.9294117647058824","0.3138872225554889","-0.1788941422904884","1468","1468"
"fig3a","0.3981071705534973","0.00021544346900318845","5000","1788","1639","0.3577284543091382","0.32793441311737653","0.9167132476243711","0.3100479904019196","-0.20701168575129714","1469","1469"
"fig3a","0.3981071705534973","0.00025118864315095795","5000","1767","1581","0.3535292941411718","0.3163367326534693","0.8947963800904977","0.2986602679464107","-0.23923911812272536","1470","1470"
"fig3a","0.3981071705534973","0.00029286445646252375","5000","1771","1647","0.35432913417316536","0.32953409318136373","0.9300225733634312","0.31181763647270544","-0.2760626564370625","1471","1471"
"fig3a","0.3981071705534973","0.0003414548873833601","5000","1840","1537","0.368126374725055","0.3075384923015397","0.8354155350353069","0.2891321735652869","-0.31798108143522086","1472","1472"
"fig3a","0.3981071705534973","0.00039810717055349735","5000","1783","1507","0.3567286542691462","0.3015396920615877","0.8452914798206278","0.2837032593481304","-0.365484605735503","1473","1473"
"fig3a","0.3981071705534973","0.00046415888336127773","5000","1806","1472","0.3613277344531094","0.29454109178164367","0.8151632540121748","0.2764747050589882","-0.41902260081170084","1474","1474"
"fig3a","0.3981071705534973","0.0005411695265464637","5000","1818","1480","0.36372725454909016","0.29614077184563087","0.8141836173721826","0.27795440911817637","-0.47895598161119324","1475","1475"
"fig3a","0.3981071705534973","0.000630957344480193","5000","1829","1388","0.3659268146370726","0.277744451109778","0.7590163934426228","0.25944811037792437","-0.545488715391798","1476","1476"
"fig3a","0.3981071705534973","0.0007356422544596414","5000","1762","1289","0.3525294941011798","0.2579484103179364","0.7317073170731707","0.24032193561287743","-0.6185712481660062","1477","1477"
"fig3a","0.3981071705534973","0.0008576958985908946","5000","1777","1183","0.35552889422115574","0.236752649470106","0.6659167604049495","0.2189762047590482","-0.6977665805364666","1478","1478"
"fig3a","0.3981071705534973","0.001","5000","1693","1143","0.33873225354929015","0.22875424915016995","0.6753246753246752","0.21181763647270543","-0.782067244755865","1479","1479"
"fig3a","0.3981071705534973","0.001165914401179831","5000","1707","966","0.34153169366126773","0.1933613277344531","0.5661592505854801","0.17628474305138972","-0.8696485436339003","1480","1480"
"fig3a","0.3981071705534973","0.0013593563908785254","5000","1658","881","0.3317336532693461","0.17636472705458908","0.5316455696202532","0.15977804439112178","-0.9575401821259675","1481","1481"
"fig3a","0.3981071705534973","0.001584893192461114","5000","1596","761","0.3193361327734453","0.15236952609478105","0.4771446462116469","0.1364027194561088","-1.0411950333889024","1482","1482"
"fig3a","0.3981071705534973","0.0018478497974222907","5000","1595","605","0.3191361727654469","0.12117576484703059","0.3796992481203007","0.10521895620875824","-1.1139305720773507","1483","1483"
"fig3a","0.3981071705534973","0.002154434690031882","5000","1568","527","0.3137372525494901","0.10557888422315537","0.3365200764818356","0.08989202159568085","-1.1662160427866297","1484","1484"
"fig3a","0.3981071705534973","0.0025118864315095794","5000","1498","372","0.2997400519896021","0.07458508298340331","0.2488325550366911","0.05959808038392321","-1.1847775684851172","1485","1485"
"fig3a","0.3981071705534973","0.0029286445646252374","5000","1404","256","0.28094381123775247","0.05138972205558888","0.18291814946619214","0.03734253149370126","-1.1514953508013548","1486","1486"
"fig3a","0.3981071705534973","0.003414548873833601","5000","1330","168","0.26614677064587083","0.033793241351729654","0.12697220135236664","0.02048590281943611","-1.0420734469529407","1487","1487"
"fig3a","0.3981071705534973","0.003981071705534973","5000","1274","86","0.2549490101979604","0.01739652069586083","0.06823529411764706","0.004649070185962809","-0.8244752043487722","1488","1488"
"fig3a","0.3981071705534973","0.004641588833612782","5000","1163","51","0.23275344931013797","0.010397920415916816","0.044673539518900345","-0.0012397520495900823","-0.45713826683967795","1489","1489"
"fig3a","0.3981071705534973","0.0054116952654646375","5000","1063","12","0.21275744851029793","0.002599480103979204","0.012218045112781956","-0.008038392321535692","0.11298619888390249","1490","1490"
"fig3a","0.3981071705534973","0.006309573444801929","5000","888","6","0.17776444711057787","0.0013997200559888023","0.007874015748031496","-0.007488502299540092","0.9524840602642826","1491","1491"
"fig3a","0.3981071705534973","0.007356422544596414","5000","824","4","0.16496700659868027","0.0009998000399920016","0.006060606060606061","-0.0072485502899420125","2.049151634163195","1492","1492"
"fig3a","0.3981071705534973","0.008576958985908946","5000","751","1","0.15036992601479704","0.0003999200159968006","0.0026595744680851063","-0.007118576284743052","3.4634231464295624","1493","1493"
"fig3a","0.3981071705534973","0.01","5000","713","0","0.14277144571085784","0.0001999600079984003","0.0014005602240896356","-0.006938612277544492","5.280927699304613","1494","1494"
"fig3a","0.3981071705534973","0.01165914401179831","5000","697","1","0.13957208558288342","0.0003999200159968006","0.0028653295128939827","-0.006578684263147371","7.615743027267683","1495","1495"
"fig3a","0.3981071705534973","0.013593563908785255","5000","652","0","0.1305738852229554","0.0001999600079984003","0.0015313935681470138","-0.00632873425314937","10.61091054542075","1496","1496"
"fig3a","0.3981071705534973","0.01584893192461114","5000","613","0","0.1227754449110178","0.0001999600079984003","0.0016286644951140064","-0.00593881223755249","14.443648744550472","1497","1497"
"fig3a","0.3981071705534973","0.018478497974222907","5000","607","0","0.12157568486302739","0.0001999600079984003","0.001644736842105263","-0.0058788242351529695","19.330517526337985","1498","1498"
"fig3a","0.3981071705534973","0.021544346900318843","5000","640","0","0.1281743651269746","0.0001999600079984003","0.0015600624024960997","-0.006208758248350331","25.532297163816338","1499","1499"
"fig3a","0.3981071705534973","0.025118864315095794","5000","586","0","0.11737652469506099","0.0001999600079984003","0.0017035775127768312","-0.00566886622675465","33.358315088431766","1500","1500"
"fig3a","0.3981071705534973","0.029286445646252372","5000","598","0","0.11977604479104179","0.0001999600079984003","0.001669449081803005","-0.005788842231553689","43.166431832209184","1501","1501"
"fig3a","0.3981071705534973","0.034145488738336005","5000","615","0","0.1231753649270146","0.0001999600079984003","0.0016233766233766233","-0.0059588082383523295","55.33578255382088","1502","1502"
"fig3a","0.3981071705534973","0.039810717055349734","5000","583","0","0.11677664467106579","0.0001999600079984003","0.0017123287671232876","-0.0056388722255548895","70.17889764564597","1503","1503"
"fig3a","0.3981071705534973","0.046415888336127774","5000","591","0","0.118376324735053","0.0001999600079984003","0.001689189189189189","-0.0057188562287542495","87.85851253351422","1504","1504"
"fig3a","0.3981071705534973","0.054116952654646375","5000","546","0","0.10937812437512498","0.0001999600079984003","0.0018281535648994513","-0.005268946210757849","108.39279814956569","1505","1505"
"fig3a","0.3981071705534973","0.0630957344480193","5000","553","0","0.11077784443111378","0.0001999600079984003","0.0018050541516245486","-0.005338932213557289","131.6925998831975","1506","1506"
"fig3a","0.3981071705534973","0.07356422544596414","5000","574","0","0.11497700459908018","0.0001999600079984003","0.0017391304347826088","-0.005548890221955609","157.5867576467612","1507","1507"
"fig3a","0.3981071705534973","0.08576958985908938","5000","561","0","0.11237752449510098","0.0001999600079984003","0.0017793594306049821","-0.005418916216756649","185.8400812016289","1508","1508"
"fig3a","0.3981071705534973","0.1","5000","575","0","0.11517696460707859","0.0001999600079984003","0.001736111111111111","-0.0055588882223555295","216.17102815325956","1509","1509"
"fig3a","0.3981071705534973","0.11659144011798311","5000","588","0","0.11777644471105779","0.0001999600079984003","0.001697792869269949","-0.005688862227554489","248.27053204223773","1510","1510"
"fig3a","0.3981071705534973","0.13593563908785256","5000","596","0","0.11937612477504499","0.0001999600079984003","0.0016750418760469012","-0.005768846230753849","281.9369270654679","1511","1511"
"fig3a","0.3981071705534973","0.1584893192461114","5000","596","0","0.11937612477504499","0.0001999600079984003","0.0016750418760469012","-0.005768846230753849","317.7473544475983","1512","1512"
"fig3a","0.3981071705534973","0.18478497974222907","5000","604","0","0.1209758048390322","0.0001999600079984003","0.001652892561983471","-0.005848830233953209","355.91487450240646","1513","1513"
"fig3a","0.3981071705534973","0.21544346900318845","5000","610","0","0.1221755648870226","0.0001999600079984003","0.001636661211129296","-0.00590881823635273","396.6616371201007","1514","1514"
"fig3a","0.3981071705534973","0.25118864315095796","5000","628","0","0.12577484503099381","0.0001999600079984003","0.0015898251192368836","-0.00608878224355129","440.41993576603585","1515","1515"
"fig3a","0.3981071705534973","0.29286445646252374","5000","603","0","0.12077584483103379","0.0001999600079984003","0.0016556291390728477","-0.005838832233553289","487.95018788177","1516","1516"
"fig3a","0.3981071705534973","0.34145488738336005","5000","618","0","0.12377524495100979","0.0001999600079984003","0.0016155088852988692","-0.00598880223955209","540.5337430316674","1517","1517"
"fig3a","0.3981071705534973","0.3981071705534973","5000","542","0","0.10857828434313137","0.0001999600079984003","0.001841620626151013","-0.005228954209158168","600.3105883755413","1518","1518"
"fig3a","0.3981071705534973","0.46415888336127775","5000","563","0","0.11277744451109778","0.0001999600079984003","0.0017730496453900709","-0.005438912217556489","670.9154348664556","1519","1519"
"fig3a","0.3981071705534973","0.5411695265464638","5000","501","0","0.10037992401519696","0.0001999600079984003","0.00199203187250996","-0.004819036192761448","758.7739674106549","1520","1520"
"fig3a","0.3981071705534973","0.630957344480193","5000","427","0","0.08558288342331534","0.0001999600079984003","0.002336448598130841","-0.004079184163167366","875.9946354000724","1521","1521"
"fig3a","0.3981071705534973","0.7356422544596414","5000","349","0","0.06998600279944012","0.0001999600079984003","0.0028571428571428567","-0.0032993401319736057","1047.5747347966224","1522","1522"
"fig3a","0.3981071705534973","0.8576958985908937","5000","238","0","0.04779044191161767","0.0001999600079984003","0.004184100418410042","-0.0021895620875824833","1332.1222216384454","1523","1523"
"fig3a","0.3981071705534973","1.0","5000","164","0","0.032993401319736056","0.0001999600079984003","0.00606060606060606","-0.0014497100579884026","1894.4459152891966","1524","1524"
"fig3a","0.464158883361278","0.0001","5000","1363","1282","0.27274545090981805","0.2565486902619476","0.940615835777126","0.2429114177164567","-0.0909740558959129","1525","1525"
"fig3a","0.464158883361278","0.00011659144011798323","5000","1372","1292","0.27454509098180363","0.2585482903419316","0.9417334304442826","0.24482103579284142","-0.10545129951799481","1526","1526"
"fig3a","0.464158883361278","0.00013593563908785255","5000","1353","1307","0.27074585082983404","0.2615476904619076","0.96602658788774","0.24801039792041593","-0.1221105664400568","1527","1527"
"fig3a","0.464158883361278","0.00015848931924611142","5000","1372","1270","0.27454509098180363","0.25414917016596683","0.9257101238164605","0.24042191561687665","-0.14123579440052936","1528","1528"
"fig3a","0.464158883361278","0.00018478497974222906","5000","1408","1263","0.28174365126974604","0.252749450109978","0.8970901348474095","0.23866226754649073","-0.16313051872378992","1529","1529"
"fig3a","0.464158883361278","0.00021544346900318845","5000","1365","1241","0.2731453709258148","0.2483503299340132","0.9092240117130309","0.23469306138772247","-0.18811155419615488","1530","1530"
"fig3a","0.464158883361278","0.00025118864315095795","5000","1339","1224","0.2679464107178564","0.24495100979804038","0.914179104477612","0.23155368926214756","-0.21649837067027988","1531","1531"
"fig3a","0.464158883361278","0.00029286445646252375","5000","1396","1199","0.2793441311737652","0.23995200959808038","0.8589835361488906","0.2259848030393921","-0.2485963793061785","1532","1532"
"fig3a","0.464158883361278","0.0003414548873833601","5000","1370","1142","0.2741451709658068","0.22855428914217157","0.8336980306345734","0.21484703059388124","-0.284671723230872","1533","1533"
"fig3a","0.464158883361278","0.00039810717055349735","5000","1404","1105","0.28094381123775247","0.22115576884623075","0.7871886120996441","0.20710857828434312","-0.3249143530292997","1534","1534"
"fig3a","0.464158883361278","0.00046415888336127773","5000","1375","1019","0.2751449710057988","0.20395920815836832","0.7412790697674418","0.19020195960807837","-0.3693851171333904","1535","1535"
"fig3a","0.464158883361278","0.0005411695265464637","5000","1332","943","0.26654669066186765","0.1887622475504899","0.7081770442610652","0.17543491301739653","-0.41794125775075486","1536","1536"
"fig3a","0.464158883361278","0.000630957344480193","5000","1365","917","0.2731453709258148","0.1835632873425315","0.6720351390922402","0.16990601879624076","-0.4701330204537726","1537","1537"
"fig3a","0.464158883361278","0.0007356422544596414","5000","1346","851","0.2693461307738452","0.17036592681463708","0.6325167037861916","0.1568986202759448","-0.5250620107892985","1538","1538"
"fig3a","0.464158883361278","0.0008576958985908946","5000","1320","801","0.2641471705658868","0.16036792641471706","0.607115821347464","0.14716056788642273","-0.5811894316413486","1539","1539"
"fig3a","0.464158883361278","0.001","5000","1335","665","0.26714657068586284","0.1331733653269346","0.498502994011976","0.11981603679264147","-0.6360794135009087","1540","1540"
"fig3a","0.464158883361278","0.001165914401179831","5000","1276","623","0.2553489302139572","0.1247750449910018","0.48864526233359434","0.11200759848030394","-0.6860593731402673","1541","1541"
"fig3a","0.464158883361278","0.0013593563908785254","5000","1271","482","0.2543491301739652","0.09658068386322735","0.37971698113207547","0.08386322735452909","-0.7257758758309194","1542","1542"
"fig3a","0.464158883361278","0.001584893192461114","5000","1216","425","0.24335132973405318","0.08518296340731854","0.3500410846343468","0.07301539692061589","-0.7476211618211721","1543","1543"
"fig3a","0.464158883361278","0.0018478497974222907","5000","1190","321","0.23815236952609478","0.0643871225754849","0.2703610411418976","0.05247950409918016","-0.7410028830410624","1544","1544"
"fig3a","0.464158883361278","0.002154434690031882","5000","1156","219","0.23135372925414918","0.04399120175964807","0.1901469317199654","0.03242351529694061","-0.6914285305064993","1545","1545"
"fig3a","0.464158883361278","0.0025118864315095794","5000","1095","148","0.21915616876624675","0.02979404119176165","0.13594890510948907","0.01883623275344931","-0.579377724513904","1546","1546"
"fig3a","0.464158883361278","0.0029286445646252374","5000","1013","90","0.20275944811037794","0.018196360727854428","0.08974358974358973","0.00805838832233553","-0.3789415814433994","1547","1547"
"fig3a","0.464158883361278","0.003414548873833601","5000","976","43","0.19536092781443712","0.008798240351929614","0.04503582395087001","-0.0009698060387922421","-0.05622068921633172","1548","1548"
"fig3a","0.464158883361278","0.003981071705534973","5000","820","24","0.16416716656668667","0.004999000199960008","0.03045066991473812","-0.0032093581283743266","0.4325061077171881","1549","1549"
"fig3a","0.464158883361278","0.004641588833612782","5000","786","7","0.15736852629474105","0.0015996800639872025","0.010165184243964422","-0.006268746250749849","1.1427990542632074","1550","1550"
"fig3a","0.464158883361278","0.0054116952654646375","5000","712","3","0.14257148570285944","0.0007998400319936012","0.005610098176718092","-0.006328734253149371","2.144175875240933","1551","1551"
"fig3a","0.464158883361278","0.006309573444801929","5000","648","2","0.1297740451909618","0.0005998800239952009","0.004622496147919876","-0.00588882223555289","3.3987910866360664","1552","1552"
"fig3a","0.464158883361278","0.007356422544596414","5000","645","0","0.12917416516696661","0.0001999600079984003","0.001547987616099071","-0.006258748250349931","5.023026898903538","1553","1553"
"fig3a","0.464158883361278","0.008576958985908946","5000","569","0","0.11397720455908818","0.0001999600079984003","0.0017543859649122807","-0.005498900219956008","7.099419075986134","1554","1554"
"fig3a","0.464158883361278","0.01","5000","516","0","0.10337932413517296","0.0001999600079984003","0.0019342359767891683","-0.0049690061987602485","9.749710182227915","1555","1555"
"fig3a","0.464158883361278","0.01165914401179831","5000","563","0","0.11277744451109778","0.0001999600079984003","0.0017730496453900709","-0.005438912217556489","13.1234645469099","1556","1556"
"fig3a","0.464158883361278","0.013593563908785255","5000","549","0","0.10997800439912017","0.0001999600079984003","0.0018181818181818182","-0.005298940211957609","17.401526805410754","1557","1557"
"fig3a","0.464158883361278","0.01584893192461114","5000","578","0","0.11577684463107378","0.0001999600079984003","0.0017271157167530224","-0.005588882223555289","22.798433464870584","1558","1558"
"fig3a","0.464158883361278","0.018478497974222907","5000","562","0","0.11257748450309939","0.0001999600079984003","0.0017761989342806393","-0.00542891421715657","29.563033856945765","1559","1559"
"fig3a","0.464158883361278","0.021544346900318843","5000","642","0","0.1285742851429714","0.0001999600079984003","0.0015552099533437014","-0.00622875424915017","37.97658505056427","1560","1560"
"fig3a","0.464158883361278","0.025118864315095794","5000","625","0","0.1251749650069986","0.0001999600079984003","0.001597444089456869","-0.006058788242351529","48.34761950739414","1561","1561"
"fig3a","0.464158883361278","0.029286445646252372","5000","608","0","0.1217756448710258","0.0001999600079984003","0.0016420361247947454","-0.00588882223555289","61.00187023084641","1562","1562"
"fig3a","0.464158883361278","0.034145488738336005","5000","599","0","0.11997600479904019","0.0001999600079984003","0.0016666666666666666","-0.0057988402319536095","76.26017009338929","1563","1563"
"fig3a","0.464158883361278","0.039810717055349734","5000","639","0","0.1279744051189762","0.0001999600079984003","0.0015624999999999999","-0.00619876024795041","94.38928913229779","1564","1564"
"fig3a","0.464158883361278","0.046415888336127774","5000","604","0","0.1209758048390322","0.0001999600079984003","0.001652892561983471","-0.005848830233953209","115.5323283193215","1565","1565"
"fig3a","0.464158883361278","0.054116952654646375","5000","582","0","0.11657668466306739","0.0001999600079984003","0.0017152658662092622","-0.005628874225154969","139.67399277201622","1566","1566"
"fig3a","0.464158883361278","0.0630957344480193","5000","676","0","0.13537292541491702","0.0001999600079984003","0.0014771048744460856","-0.006568686262747451","166.66163925720377","1567","1567"
"fig3a","0.464158883361278","0.07356422544596414","5000","604","0","0.1209758048390322","0.0001999600079984003","0.001652892561983471","-0.005848830233953209","196.2435771212979","1568","1568"
"fig3a","0.464158883361278","0.08576958985908938","5000","658","0","0.13177364527094582","0.0001999600079984003","0.0015174506828528071","-0.0063887222555488905","228.10213702670052","1569","1569"
"fig3a","0.464158883361278","0.1","5000","656","0","0.131373725254949","0.0001999600079984003","0.0015220700152207","-0.00636872625474905","261.88140932107126","1570","1570"
"fig3a","0.464158883361278","0.11659144011798311","5000","641","0","0.12837432513497302","0.0001999600079984003","0.0015576323987538938","-0.006218756248750251","297.2113680528227","1571","1571"
"fig3a","0.464158883361278","0.13593563908785256","5000","652","0","0.1305738852229554","0.0001999600079984003","0.0015313935681470138","-0.00632873425314937","334.0049904615898","1572","1572"
"fig3a","0.464158883361278","0.1584893192461114","5000","699","0","0.13997200559888023","0.0001999600079984003","0.0014285714285714284","-0.006798640271945612","372.94627798507776","1573","1573"
"fig3a","0.464158883361278","0.18478497974222907","5000","707","0","0.14157168566286743","0.0001999600079984003","0.0014124293785310734","-0.006878624275144972","414.24857476985966","1574","1574"
"fig3a","0.464158883361278","0.21544346900318845","5000","646","0","0.129374125174965","0.0001999600079984003","0.001545595054095827","-0.006268746250749849","458.2605734533975","1575","1575"
"fig3a","0.464158883361278","0.25118864315095796","5000","709","0","0.14197160567886422","0.0001999600079984003","0.0014084507042253522","-0.006898620275944811","505.6083508884448","1576","1576"
"fig3a","0.464158883361278","0.29286445646252374","5000","675","0","0.13517296540691862","0.0001999600079984003","0.0014792899408284023","-0.006558688262347531","557.33817877967","1577","1577"
"fig3a","0.464158883361278","0.34145488738336005","5000","626","0","0.125374925014997","0.0001999600079984003","0.001594896331738437","-0.00606878624275145","615.154896014396","1578","1578"
"fig3a","0.464158883361278","0.3981071705534973","5000","617","0","0.1235752849430114","0.0001999600079984003","0.0016181229773462782","-0.00597880423915217","681.8513149908599","1579","1579"
"fig3a","0.464158883361278","0.46415888336127775","5000","598","0","0.11977604479104179","0.0001999600079984003","0.001669449081803005","-0.005788842231553689","762.145150415658","1580","1580"
"fig3a","0.464158883361278","0.5411695265464638","5000","515","0","0.10317936412717456","0.0001999600079984003","0.001937984496124031","-0.004959008198360328","864.45915729115","1581","1581"
"fig3a","0.464158883361278","0.630957344480193","5000","411","0","0.08238352329534093","0.0001999600079984003","0.0024271844660194173","-0.003919216156768646","1005.1249396575754","1582","1582"
"fig3a","0.464158883361278","0.7356422544596414","5000","339","0","0.06798640271945611","0.0001999600079984003","0.0029411764705882353","-0.003199360127974405","1219.724862992582","1583","1583"
"fig3a","0.464158883361278","0.8576958985908937","5000","241","0","0.04839032193561288","0.0001999600079984003","0.004132231404958678","-0.002219556088782244","1599.7136365033195","1584","1584"
"fig3a","0.464158883361278","1.0","5000","150","0","0.030193961207758448","0.0001999600079984003","0.006622516556291391","-0.0013097380523895222","2445.9999654676935","1585","1585"
"fig3a","0.5411695265464638","0.0001","5000","966","906","0.1933613277344531","0.18136372725454908","0.9379524301964839","0.17169566086782642","-0.07309729233034545","1586","1586"
"fig3a","0.5411695265464638","0.00011659144011798323","5000","996","936","0.1993601279744051","0.1873625274945011","0.9398194583751255","0.17739452109578085","-0.08441047373059973","1587","1587"
"fig3a","0.5411695265464638","0.00013593563908785255","5000","1034","925","0.20695860827834434","0.1851629674065187","0.8946859903381642","0.17481503699260148","-0.09731038849804463","1588","1588"
"fig3a","0.5411695265464638","0.00015848931924611142","5000","1055","893","0.21115776844631073","0.17876424715056988","0.8465909090909091","0.16820635872825435","-0.11195742304016676","1589","1589"
"fig3a","0.5411695265464638","0.00018478497974222906","5000","1020","845","0.20415916816636673","0.16916616676664667","0.8285994123408423","0.15895820835832833","-0.12850243690758134","1590","1590"
"fig3a","0.5411695265464638","0.00021544346900318845","5000","1016","847","0.20335932813437313","0.16956608678264348","0.8338249754178958","0.15939812037592482","-0.14707267327906948","1591","1591"
"fig3a","0.5411695265464638","0.00025118864315095795","5000","966","842","0.1933613277344531","0.16856628674265148","0.8717683557394003","0.15889822035592882","-0.16775110818258554","1592","1592"
"fig3a","0.5411695265464638","0.00029286445646252375","5000","1022","828","0.20455908818236354","0.16576684663067387","0.8103616813294232","0.1555388922215557","-0.19054678459457364","1593","1593"
"fig3a","0.5411695265464638","0.0003414548873833601","5000","959","780","0.19196160767846432","0.15616876624675066","0.8135416666666667","0.14657068586282745","-0.2153528638985449","1594","1594"
"fig3a","0.5411695265464638","0.00039810717055349735","5000","1001","743","0.20035992801439712","0.14877024595080984","0.7425149700598803","0.13875224955009","-0.24188807746224938","1595","1595"
"fig3a","0.5411695265464638","0.00046415888336127773","5000","994","672","0.19896020795840832","0.13457308538292342","0.6763819095477387","0.12462507498500301","-0.26961592290047065","1596","1596"
"fig3a","0.5411695265464638","0.0005411695265464637","5000","1006","609","0.20135972805438912","0.1219756048790242","0.605759682224429","0.11190761847630475","-0.29763426808148097","1597","1597"
"fig3a","0.5411695265464638","0.000630957344480193","5000","940","563","0.1881623675264947","0.11277744451109778","0.5993623804463337","0.10336932613477304","-0.3245259500362181","1598","1598"
"fig3a","0.5411695265464638","0.0007356422544596414","5000","958","504","0.1917616476704659","0.10097980403919216","0.5265901981230448","0.09139172165566886","-0.3481584498781558","1599","1599"
"fig3a","0.5411695265464638","0.0008576958985908946","5000","959","453","0.19196160767846432","0.09078184363127374","0.4729166666666666","0.08118376324735052","-0.36541778611129416","1600","1600"
"fig3a","0.5411695265464638","0.001","5000","940","381","0.1881623675264947","0.07638472305538892","0.4059511158342189","0.06697660467906419","-0.3718584559783835","1601","1601"
"fig3a","0.5411695265464638","0.001165914401179831","5000","910","296","0.1821635672865427","0.0593881223755249","0.3260153677277717","0.05027994401119776","-0.3612477273945274","1602","1602"
"fig3a","0.5411695265464638","0.0013593563908785254","5000","869","245","0.1739652069586083","0.04919016196760648","0.2827586206896551","0.040491901619676064","-0.3249791564691691","1603","1603"
"fig3a","0.5411695265464638","0.001584893192461114","5000","871","192","0.17436512697460507","0.038592281543691265","0.22133027522935783","0.02987402519496101","-0.25132741284556914","1604","1604"
"fig3a","0.5411695265464638","0.0018478497974222907","5000","794","117","0.15896820635872824","0.023595280943811237","0.14842767295597484","0.015646870625874824","-0.12451516785452554","1605","1605"
"fig3a","0.5411695265464638","0.002154434690031882","5000","789","78","0.15796840631873627","0.015796840631873626","0.09999999999999999","0.007898420315936813","0.0764358649818746","1606","1606"
"fig3a","0.5411695265464638","0.0025118864315095794","5000","742","38","0.14857028594281144","0.007798440311937612","0.052489905787348586","0.0003699260147970399","0.3790920501866708","1607","1607"
"fig3a","0.5411695265464638","0.0029286445646252374","5000","758","23","0.15176964607078583","0.004799040191961607","0.03162055335968379","-0.002789442111577684","0.8192435880518758","1608","1608"
"fig3a","0.5411695265464638","0.003414548873833601","5000","656","14","0.131373725254949","0.002999400119976005","0.022831050228310504","-0.0035692861427714453","1.4427791149429083","1609","1609"
"fig3a","0.5411695265464638","0.003981071705534973","5000","607","9","0.12157568486302739","0.001999600079984003","0.01644736842105263","-0.004079184163167366","2.307758571548277","1610","1610"
"fig3a","0.5411695265464638","0.004641588833612782","5000","573","1","0.11477704459108179","0.0003999200159968006","0.0034843205574912888","-0.005338932213557289","3.4866011164944553","1611","1611"
"fig3a","0.5411695265464638","0.0054116952654646375","5000","550","1","0.11017796440711858","0.0003999200159968006","0.003629764065335753","-0.005108978204359129","5.068250550897147","1612","1612"
"fig3a","0.5411695265464638","0.006309573444801929","5000","527","0","0.10557888422315537","0.0001999600079984003","0.001893939393939394","-0.005078984203159369","6.756489349840535","1613","1613"
"fig3a","0.5411695265464638","0.007356422544596414","5000","546","0","0.10937812437512498","0.0001999600079984003","0.0018281535648994513","-0.005268946210757849","9.10661237686324","1614","1614"
"fig3a","0.5411695265464638","0.008576958985908946","5000","550","0","0.11017796440711858","0.0001999600079984003","0.0018148820326678765","-0.005308938212357529","12.084583211724748","1615","1615"
"fig3a","0.5411695265464638","0.01","5000","539","0","0.10797840431913618","0.0001999600079984003","0.0018518518518518517","-0.005198960207958409","15.845132714599174","1616","1616"
"fig3a","0.5411695265464638","0.01165914401179831","5000","568","0","0.11377724455108978","0.0001999600079984003","0.0017574692442882249","-0.005488902219556089","20.572114983683605","1617","1617"
"fig3a","0.5411695265464638","0.013593563908785255","5000","593","0","0.1187762447510498","0.0001999600079984003","0.0016835016835016834","-0.005738852229554089","26.47961780305954","1618","1618"
"fig3a","0.5411695265464638","0.01584893192461114","5000","600","0","0.1201759648070386","0.0001999600079984003","0.0016638935108153076","-0.00580883823235353","33.81103118756252","1619","1619"
"fig3a","0.5411695265464638","0.018478497974222907","5000","596","0","0.11937612477504499","0.0001999600079984003","0.0016750418760469012","-0.005768846230753849","42.83530236892085","1620","1620"
"fig3a","0.5411695265464638","0.021544346900318843","5000","648","0","0.1297740451909618","0.0001999600079984003","0.0015408320493066256","-0.00628874225154969","53.83973167031266","1621","1621"
"fig3a","0.5411695265464638","0.025118864315095794","5000","661","0","0.132373525294941","0.0001999600079984003","0.0015105740181268882","-0.006418716256748651","67.11891446009133","1622","1622"
"fig3a","0.5411695265464638","0.029286445646252372","5000","676","0","0.13537292541491702","0.0001999600079984003","0.0014771048744460856","-0.006568686262747451","82.9593922745197","1623","1623"
"fig3a","0.5411695265464638","0.034145488738336005","5000","745","0","0.14917016596680663","0.0001999600079984003","0.0013404825737265416","-0.007258548290341931","101.61804659848656","1624","1624"
"fig3a","0.5411695265464638","0.039810717055349734","5000","710","0","0.14217156568686262","0.0001999600079984003","0.0014064697609001407","-0.006908618276344731","123.28871770498421","1625","1625"
"fig3a","0.5411695265464638","0.046415888336127774","5000","702","0","0.14057188562287543","0.0001999600079984003","0.0014224751066856329","-0.006828634273145371","148.05439120422233","1626","1626"
"fig3a","0.5411695265464638","0.054116952654646375","5000","740","0","0.14817036592681462","0.0001999600079984003","0.0013495276653171392","-0.007208558288342331","175.84624869356156","1627","1627"
"fig3a","0.5411695265464638","0.0630957344480193","5000","719","0","0.14397120575884823","0.0001999600079984003","0.001388888888888889","-0.006998600279944011","206.44465536821934","1628","1628"
"fig3a","0.5411695265464638","0.07356422544596414","5000","673","0","0.1347730453909218","0.0001999600079984003","0.001483679525222552","-0.00653869226154769","239.5194993137315","1629","1629"
"fig3a","0.5411695265464638","0.08576958985908938","5000","716","0","0.14337132573485303","0.0001999600079984003","0.001394700139470014","-0.006968606278744251","274.67901607080404","1630","1630"
"fig3a","0.5411695265464638","0.1","5000","708","0","0.14177164567086584","0.0001999600079984003","0.001410437235543018","-0.006888622275544892","311.50955236449596","1631","1631"
"fig3a","0.5411695265464638","0.11659144011798311","5000","747","0","0.14957008598280344","0.0001999600079984003","0.001336898395721925","-0.007278544291141772","349.60326828450496","1632","1632"
"fig3a","0.5411695265464638","0.13593563908785256","5000","745","0","0.14917016596680663","0.0001999600079984003","0.0013404825737265416","-0.007258548290341931","389.04553322562623","1633","1633"
"fig3a","0.5411695265464638","0.1584893192461114","5000","745","0","0.14917016596680663","0.0001999600079984003","0.0013404825737265416","-0.007258548290341931","430.5933816889406","1634","1634"
"fig3a","0.5411695265464638","0.18478497974222907","5000","711","0","0.14237152569486103","0.0001999600079984003","0.0014044943820224719","-0.006918616276744651","474.53463030759445","1635","1635"
"fig3a","0.5411695265464638","0.21544346900318845","5000","767","0","0.15356928614277143","0.0001999600079984003","0.0013020833333333335","-0.007478504299140171","521.3716758131943","1636","1636"
"fig3a","0.5411695265464638","0.25118864315095796","5000","712","0","0.14257148570285944","0.0001999600079984003","0.001402524544179523","-0.006928614277144572","571.9301484365376","1637","1637"
"fig3a","0.5411695265464638","0.29286445646252374","5000","722","0","0.14457108578284344","0.0001999600079984003","0.0013831258644536651","-0.007028594281143772","627.5049973241869","1638","1638"
"fig3a","0.5411695265464638","0.34145488738336005","5000","685","0","0.13717256548690263","0.0001999600079984003","0.0014577259475218659","-0.0066586682663467315","690.1031098308504","1639","1639"
"fig3a","0.5411695265464638","0.3981071705534973","5000","710","0","0.14217156568686262","0.0001999600079984003","0.0014064697609001407","-0.006908618276344731","762.8765868899682","1640","1640"
"fig3a","0.5411695265464638","0.46415888336127775","5000","617","0","0.1235752849430114","0.0001999600079984003","0.0016181229773462782","-0.00597880423915217","850.9566932743217","1641","1641"
"fig3a","0.5411695265464638","0.5411695265464638","5000","604","0","0.1209758048390322","0.0001999600079984003","0.001652892561983471","-0.005848830233953209","963.2028873404006","1642","1642"
"fig3a","0.5411695265464638","0.630957344480193","5000","532","0","0.10657868426314737","0.0001999600079984003","0.001876172607879925","-0.0051289742051589685","1116.283473291387","1643","1643"
"fig3a","0.5411695265464638","0.7356422544596414","5000","396","0","0.07938412317536493","0.0001999600079984003","0.0025188916876574307","-0.0037692461507698467","1345.6227423901319","1644","1644"
"fig3a","0.5411695265464638","0.8576958985908937","5000","316","0","0.0633873225354929","0.0001999600079984003","0.003154574132492114","-0.0029694061187762444","1741.0118028359184","1645","1645"
"fig3a","0.5411695265464638","1.0","5000","162","0","0.03259348130373925","0.0001999600079984003","0.006134969325153374","-0.0014297140571885624","2601.194235532956","1646","1646"
"fig3a","0.6309573444801932","0.0001","5000","676","599","0.13537292541491702","0.11997600479904019","0.8862629246676513","0.11320735852829435","-0.041004379875431596","1647","1647"
"fig3a","0.6309573444801932","0.00011659144011798323","5000","725","604","0.14517096580683864","0.1209758048390322","0.8333333333333334","0.11371725654869026","-0.04674002983659875","1648","1648"
"fig3a","0.6309573444801932","0.00013593563908785255","5000","687","602","0.1375724855028994","0.1205758848230354","0.8764534883720931","0.11369726054789042","-0.05304749474717596","1649","1649"
"fig3a","0.6309573444801932","0.00015848931924611142","5000","657","544","0.1315736852629474","0.10897820435912818","0.8282674772036475","0.10239952009598081","-0.05988737254244825","1650","1650"
"fig3a","0.6309573444801932","0.00018478497974222906","5000","686","569","0.13737252549490103","0.11397720455908818","0.8296943231441047","0.10710857828434313","-0.067166746133978","1651","1651"
"fig3a","0.6309573444801932","0.00021544346900318845","5000","704","524","0.14097180563887224","0.10497900419916016","0.7446808510638296","0.09793041391721655","-0.07471415173125706","1652","1652"
"fig3a","0.6309573444801932","0.00025118864315095795","5000","672","506","0.13457308538292342","0.10137972405518897","0.7533432392273403","0.09465106978604279","-0.08224500207137453","1653","1653"
"fig3a","0.6309573444801932","0.00029286445646252375","5000","681","517","0.13637272545490903","0.10357928414317137","0.7595307917888563","0.09676064787042592","-0.08931417328625457","1654","1654"
"fig3a","0.6309573444801932","0.0003414548873833601","5000","660","465","0.1321735652869426","0.09318136372725455","0.7049924357034797","0.08657268546290742","-0.09525142984864488","1655","1655"
"fig3a","0.6309573444801932","0.00039810717055349735","5000","658","449","0.13177364527094582","0.08998200359928014","0.6828528072837633","0.08339332133573285","-0.09907404673339215","1656","1656"
"fig3a","0.6309573444801932","0.00046415888336127773","5000","655","378","0.1311737652469506","0.07578484303139373","0.5777439024390245","0.0692261547690462","-0.09936933860259956","1657","1657"
"fig3a","0.6309573444801932","0.0005411695265464637","5000","673","330","0.1347730453909218","0.0661867626474705","0.4910979228486647","0.05944811037792441","-0.09413777338983209","1658","1658"
"fig3a","0.6309573444801932","0.000630957344480193","5000","701","299","0.14037192561487702","0.059988002399520096","0.4273504273504274","0.05296940611877624","-0.08058489768995969","1659","1659"
"fig3a","0.6309573444801932","0.0007356422544596414","5000","687","301","0.1375724855028994","0.060387922415516895","0.438953488372093","0.053509298140371926","-0.05484743186784158","1660","1660"
"fig3a","0.6309573444801932","0.0008576958985908946","5000","675","225","0.13517296540691862","0.04519096180763847","0.3343195266272189","0.03843231353729254","-0.011635660655144875","1661","1661"
"fig3a","0.6309573444801932","0.001","5000","621","173","0.124375124975005","0.03479304139172166","0.27974276527331193","0.02857428514297141","0.05622919559897355","1662","1662"
"fig3a","0.6309573444801932","0.001165914401179831","5000","669","135","0.1339732053589282","0.027194561087782444","0.20298507462686569","0.020495900819836033","0.1584072905388325","1663","1663"
"fig3a","0.6309573444801932","0.0013593563908785254","5000","636","99","0.127374525094981","0.01999600079984003","0.15698587127158553","0.013627274545090981","0.30778954187417185","1664","1664"
"fig3a","0.6309573444801932","0.001584893192461114","5000","601","78","0.12037592481503699","0.015796840631873626","0.13122923588039867","0.009778044391121777","0.5214328329224713","1665","1665"
"fig3a","0.6309573444801932","0.0018478497974222907","5000","546","46","0.10937812437512498","0.009398120375924815","0.08592321755027423","0.003929214157168566","0.8217085324822619","1666","1666"
"fig3a","0.6309573444801932","0.002154434690031882","5000","553","27","0.11077784443111378","0.005598880223955209","0.05054151624548736","5.9988002399519354e-05","1.2376865207587286","1667","1667"
"fig3a","0.6309573444801932","0.0025118864315095794","5000","539","12","0.10797840431913618","0.002599480103979204","0.024074074074074074","-0.0027994401119776054","1.806765587281916","1668","1668"
"fig3a","0.6309573444801932","0.0029286445646252374","5000","483","8","0.09678064387122576","0.001799640071985603","0.01859504132231405","-0.0030393921215756854","2.576541601845605","1669","1669"
"fig3a","0.6309573444801932","0.003414548873833601","5000","505","3","0.10117976404719056","0.0007998400319936012","0.007905138339920948","-0.004259148170365928","3.6068751817036286","1670","1670"
"fig3a","0.6309573444801932","0.003981071705534973","5000","457","0","0.09158168366326734","0.0001999600079984003","0.002183406113537118","-0.004379124175164967","4.972079212656354","1671","1671"
"fig3a","0.6309573444801932","0.004641588833612782","5000","398","0","0.07978404319136173","0.0001999600079984003","0.002506265664160401","-0.0037892421515696864","6.763093409912926","1672","1672"
"fig3a","0.6309573444801932","0.0054116952654646375","5000","465","0","0.09318136372725455","0.0001999600079984003","0.002145922746781116","-0.0044591081783643275","8.675917136898619","1673","1673"
"fig3a","0.6309573444801932","0.006309573444801929","5000","452","0","0.09058188362327535","0.0001999600079984003","0.002207505518763797","-0.004329134173165368","11.317896895096624","1674","1674"
"fig3a","0.6309573444801932","0.007356422544596414","5000","468","0","0.09378124375124974","0.0001999600079984003","0.0021321961620469083","-0.004489102179564087","14.63692903720056","1675","1675"
"fig3a","0.6309573444801932","0.008576958985908946","5000","470","0","0.09418116376724656","0.0001999600079984003","0.0021231422505307855","-0.004509098180363927","18.789592687632222","1676","1676"
"fig3a","0.6309573444801932","0.01","5000","521","0","0.10437912417516497","0.0001999600079984003","0.0019157088122605363","-0.005018996200759848","23.958641883709333","1677","1677"
"fig3a","0.6309573444801932","0.01165914401179831","5000","580","0","0.11617676464707058","0.0001999600079984003","0.0017211703958691911","-0.0056088782243551285","30.353090268204596","1678","1678"
"fig3a","0.6309573444801932","0.013593563908785255","5000","597","0","0.1195760847830434","0.0001999600079984003","0.0016722408026755853","-0.00577884423115377","38.206409014080236","1679","1679"
"fig3a","0.6309573444801932","0.01584893192461114","5000","655","0","0.1311737652469506","0.0001999600079984003","0.001524390243902439","-0.0063587282543491296","47.77224737268847","1680","1680"
"fig3a","0.6309573444801932","0.018478497974222907","5000","654","0","0.13097380523895222","0.0001999600079984003","0.0015267175572519082","-0.006348730253949211","59.31715305003809","1681","1681"
"fig3a","0.6309573444801932","0.021544346900318843","5000","664","0","0.1329734053189362","0.0001999600079984003","0.0015037593984962407","-0.00644871025794841","73.10999080373622","1682","1682"
"fig3a","0.6309573444801932","0.025118864315095794","5000","741","0","0.14837032593481303","0.0001999600079984003","0.0013477088948787063","-0.007218556288742252","89.40816466277016","1683","1683"
"fig3a","0.6309573444801932","0.029286445646252372","5000","704","0","0.14097180563887224","0.0001999600079984003","0.0014184397163120566","-0.006848630273945212","108.44120984758155","1684","1684"
"fig3a","0.6309573444801932","0.034145488738336005","5000","820","0","0.16416716656668667","0.0001999600079984003","0.001218026796589525","-0.008008398320335935","130.39229534577265","1685","1685"
"fig3a","0.6309573444801932","0.039810717055349734","5000","836","0","0.16736652669466107","0.0001999600079984003","0.0011947431302270011","-0.008168366326734655","155.37680630597464","1686","1686"
"fig3a","0.6309573444801932","0.046415888336127774","5000","874","0","0.1749650069986003","0.0001999600079984003","0.0011428571428571427","-0.008548290341931615","183.41554091422114","1687","1687"
"fig3a","0.6309573444801932","0.054116952654646375","5000","786","0","0.15736852629474105","0.0001999600079984003","0.0012706480304955528","-0.0076684663067386515","214.4056250494105","1688","1688"
"fig3a","0.6309573444801932","0.0630957344480193","5000","833","0","0.16676664667066587","0.0001999600079984003","0.001199040767386091","-0.008138372325534894","248.1082006812693","1689","1689"
"fig3a","0.6309573444801932","0.07356422544596414","5000","782","0","0.15656868626274745","0.0001999600079984003","0.001277139208173691","-0.007628474305138972","284.1715812452794","1690","1690"
"fig3a","0.6309573444801932","0.08576958985908938","5000","847","0","0.16956608678264348","0.0001999600079984003","0.0011792452830188679","-0.008278344331133775","322.17894131127304","1691","1691"
"fig3a","0.6309573444801932","0.1","5000","848","0","0.16976604679064186","0.0001999600079984003","0.0011778563015312133","-0.008288342331533693","361.69390277721897","1692","1692"
"fig3a","0.6309573444801932","0.11659144011798311","5000","827","0","0.16556688662267546","0.0001999600079984003","0.0012077294685990338","-0.008078384323135374","402.28955143838033","1693","1693"
"fig3a","0.6309573444801932","0.13593563908785256","5000","813","0","0.16276744651069786","0.0001999600079984003","0.0012285012285012285","-0.007938412317536494","444.21521145628157","1694","1694"
"fig3a","0.6309573444801932","0.1584893192461114","5000","827","0","0.16556688662267546","0.0001999600079984003","0.0012077294685990338","-0.008078384323135374","488.4084064542125","1695","1695"
"fig3a","0.6309573444801932","0.18478497974222907","5000","827","0","0.16556688662267546","0.0001999600079984003","0.0012077294685990338","-0.008078384323135374","535.3485162792117","1696","1696"
"fig3a","0.6309573444801932","0.21544346900318845","5000","804","0","0.16096780643871225","0.0001999600079984003","0.0012422360248447205","-0.007848430313937213","585.8024830478394","1697","1697"
"fig3a","0.6309573444801932","0.25118864315095796","5000","795","0","0.15916816636672665","0.0001999600079984003","0.001256281407035176","-0.007758448310337933","640.9418239126376","1698","1698"
"fig3a","0.6309573444801932","0.29286445646252374","5000","775","0","0.15516896620675866","0.0001999600079984003","0.001288659793814433","-0.007558488302339533","702.5196148270345","1699","1699"
"fig3a","0.6309573444801932","0.34145488738336005","5000","769","0","0.15396920615876825","0.0001999600079984003","0.0012987012987012987","-0.007498500299940012","773.1683651099947","1700","1700"
"fig3a","0.6309573444801932","0.3981071705534973","5000","762","0","0.15256948610277946","0.0001999600079984003","0.0013106159895150719","-0.007428514297140572","856.9330716796908","1701","1701"
"fig3a","0.6309573444801932","0.46415888336127775","5000","731","0","0.14637072585482905","0.0001999600079984003","0.0013661202185792348","-0.007118576284743053","960.2897322696952","1702","1702"
"fig3a","0.6309573444801932","0.5411695265464638","5000","693","0","0.13877224555088982","0.0001999600079984003","0.001440922190201729","-0.006738652269546091","1094.2488810132256","1703","1703"
"fig3a","0.6309573444801932","0.630957344480193","5000","636","0","0.127374525094981","0.0001999600079984003","0.0015698587127158554","-0.00616876624675065","1279.1468577799656","1704","1704"
"fig3a","0.6309573444801932","0.7356422544596414","5000","631","0","0.126374725054989","0.0001999600079984003","0.0015822784810126582","-0.00611877624475105","1557.0425379490312","1705","1705"
"fig3a","0.6309573444801932","0.8576958985908937","5000","564","0","0.11297740451909619","0.0001999600079984003","0.0017699115044247785","-0.005448910217956409","2029.8106662178175","1706","1706"
"fig3a","0.6309573444801932","1.0","5000","462","0","0.09258148370325935","0.0001999600079984003","0.0021598272138228943","-0.004429114177164567","3008.831345963767","1707","1707"
"fig3a","0.7356422544596414","0.0001","5000","413","341","0.08278344331133773","0.0683863227354529","0.8260869565217391","0.06424715056988602","0.013037042698471168","1708","1708"
"fig3a","0.7356422544596414","0.00011659144011798323","5000","438","338","0.08778244351129774","0.06778644271145771","0.7722095671981777","0.06339732053589282","0.016593212800330548","1709","1709"
"fig3a","0.7356422544596414","0.00013593563908785255","5000","414","334","0.08298340331933614","0.0669866026794641","0.8072289156626505","0.0628374325134973","0.021233918857717526","1710","1710"
"fig3a","0.7356422544596414","0.00015848931924611142","5000","389","311","0.07798440311937613","0.0623875224955009","0.7999999999999999","0.05848830233953209","0.027313277500354616","1711","1711"
"fig3a","0.7356422544596414","0.00018478497974222906","5000","420","331","0.08418316336732654","0.06638672265546891","0.7885985748218528","0.062177564487102585","0.0353047233804773","1712","1712"
"fig3a","0.7356422544596414","0.00021544346900318845","5000","420","285","0.08418316336732654","0.05718856228754249","0.679334916864608","0.05297940411917616","0.04584141711234224","1713","1713"
"fig3a","0.7356422544596414","0.00025118864315095795","5000","389","270","0.07798440311937613","0.05418916216756649","0.6948717948717948","0.05028994201159768","0.05977011643290098","1714","1714"
"fig3a","0.7356422544596414","0.00029286445646252375","5000","367","269","0.07358528294341132","0.05398920215956809","0.733695652173913","0.05030993801239752","0.07822281588278202","1715","1715"
"fig3a","0.7356422544596414","0.0003414548873833601","5000","438","225","0.08778244351129774","0.04519096180763847","0.5148063781321184","0.04080183963207359","0.10271172748122126","1716","1716"
"fig3a","0.7356422544596414","0.00039810717055349735","5000","402","205","0.08058388322335533","0.041191761647670466","0.511166253101737","0.0371625674865027","0.13525475249727492","1717","1717"
"fig3a","0.7356422544596414","0.00046415888336127773","5000","408","201","0.08178364327134573","0.04039192161567687","0.49388753056234724","0.03630273945210958","0.1785405231137247","1718","1718"
"fig3a","0.7356422544596414","0.0005411695265464637","5000","418","190","0.08378324335132974","0.03819236152769446","0.4558472553699284","0.034003199360127974","0.23614439584838465","1719","1719"
"fig3a","0.7356422544596414","0.000630957344480193","5000","379","141","0.07598480303939212","0.028394321135772844","0.3736842105263158","0.02459508098380324","0.31280944477282446","1720","1720"
"fig3a","0.7356422544596414","0.0007356422544596414","5000","403","118","0.08078384323135374","0.023795240951809637","0.29455445544554454","0.01975604879024195","0.41480945951536796","1721","1721"
"fig3a","0.7356422544596414","0.0008576958985908946","5000","416","94","0.08338332333533294","0.01899620075984803","0.22781774580335729","0.014827034593081382","0.5504140307518242","1722","1722"
"fig3a","0.7356422544596414","0.001","5000","385","65","0.07718456308738253","0.013197360527894421","0.17098445595854922","0.009338132373525295","0.7304786886113561","1723","1723"
"fig3a","0.7356422544596414","0.001165914401179831","5000","411","50","0.08238352329534093","0.010197960407918417","0.12378640776699029","0.00607878424315137","0.9691852279999011","1724","1724"
"fig3a","0.7356422544596414","0.0013593563908785254","5000","375","36","0.07518496300739852","0.007398520295940812","0.09840425531914894","0.003639272145570886","1.2849580253592023","1725","1725"
"fig3a","0.7356422544596414","0.001584893192461114","5000","354","17","0.07098580283943211","0.003599280143971206","0.050704225352112685","4.999000199960033e-05","1.701580224061047","1726","1726"
"fig3a","0.7356422544596414","0.0018478497974222907","5000","350","10","0.07018596280743851","0.0021995600879824036","0.03133903133903134","-0.001309738052389522","2.2495277069007784","1727","1727"
"fig3a","0.7356422544596414","0.002154434690031882","5000","355","3","0.07118576284743051","0.0007998400319936012","0.011235955056179775","-0.0027594481103779245","2.96752706700471","1728","1728"
"fig3a","0.7356422544596414","0.0025118864315095794","5000","351","2","0.07038592281543692","0.0005998800239952009","0.008522727272727272","-0.002919416116776645","3.904324495514686","1729","1729"
"fig3a","0.7356422544596414","0.0029286445646252374","5000","369","1","0.07398520295940812","0.0003999200159968006","0.005405405405405405","-0.0032993401319736057","5.12062398833865","1730","1730"
"fig3a","0.7356422544596414","0.003414548873833601","5000","351","0","0.07038592281543692","0.0001999600079984003","0.0028409090909090906","-0.0033193361327734454","6.691114605781024","1731","1731"
"fig3a","0.7356422544596414","0.003981071705534973","5000","323","0","0.0647870425914817","0.0001999600079984003","0.00308641975308642","-0.0030393921215756846","8.706458159578972","1732","1732"
"fig3a","0.7356422544596414","0.004641588833612782","5000","376","0","0.07538492301539693","0.0001999600079984003","0.002652519893899204","-0.003569286142771446","10.879489810982989","1733","1733"
"fig3a","0.7356422544596414","0.0054116952654646375","5000","417","0","0.08358328334333133","0.0001999600079984003","0.0023923444976076554","-0.003979204159168167","13.838217182287678","1734","1734"
"fig3a","0.7356422544596414","0.006309573444801929","5000","440","0","0.08818236352729454","0.0001999600079984003","0.0022675736961451248","-0.004209158168366327","17.518039906302647","1735","1735"
"fig3a","0.7356422544596414","0.007356422544596414","5000","471","0","0.09438112377524495","0.0001999600079984003","0.00211864406779661","-0.004519096180763848","22.07228021621239","1736","1736"
"fig3a","0.7356422544596414","0.008576958985908946","5000","487","0","0.09758048390321936","0.0001999600079984003","0.0020491803278688526","-0.004679064187162568","27.675198111244526","1737","1737"
"fig3a","0.7356422544596414","0.01","5000","539","0","0.10797840431913618","0.0001999600079984003","0.0018518518518518517","-0.005198960207958409","34.520493028409135","1738","1738"
"fig3a","0.7356422544596414","0.01165914401179831","5000","591","0","0.118376324735053","0.0001999600079984003","0.001689189189189189","-0.0057188562287542495","42.818217673814615","1739","1739"
"fig3a","0.7356422544596414","0.013593563908785255","5000","630","0","0.1261747650469906","0.0001999600079984003","0.001584786053882726","-0.00610877824435113","52.78997907916289","1740","1740"
"fig3a","0.7356422544596414","0.01584893192461114","5000","690","0","0.13817236552689463","0.0001999600079984003","0.001447178002894356","-0.006708658268346331","64.66246161807857","1741","1741"
"fig3a","0.7356422544596414","0.018478497974222907","5000","765","0","0.15316936612677465","0.0001999600079984003","0.0013054830287206266","-0.0074585082983403325","78.65950536062292","1742","1742"
"fig3a","0.7356422544596414","0.021544346900318843","5000","802","0","0.16056788642271547","0.0001999600079984003","0.0012453300124533","-0.007828434313137374","94.99321260250133","1743","1743"
"fig3a","0.7356422544596414","0.025118864315095794","5000","862","0","0.17256548690261947","0.0001999600079984003","0.0011587485515643105","-0.008428314337132575","113.85483818204904","1744","1744"
"fig3a","0.7356422544596414","0.029286445646252372","5000","883","0","0.1767646470705859","0.0001999600079984003","0.0011312217194570135","-0.008638272345530896","135.4064920596872","1745","1745"
"fig3a","0.7356422544596414","0.034145488738336005","5000","914","0","0.1829634073185363","0.0001999600079984003","0.001092896174863388","-0.008948210357928416","159.77466013693805","1746","1746"
"fig3a","0.7356422544596414","0.039810717055349734","5000","938","0","0.1877624475104979","0.0001999600079984003","0.0010649627263045794","-0.009188162367526495","187.04536175985146","1747","1747"
"fig3a","0.7356422544596414","0.046415888336127774","5000","985","0","0.19716056788642272","0.0001999600079984003","0.0010141987829614604","-0.009658068386322737","217.2569352857128","1748","1748"
"fig3a","0.7356422544596414","0.054116952654646375","5000","946","0","0.1893621275744851","0.0001999600079984003","0.0010559662090813095","-0.009268146370725856","250.38112945565052","1749","1749"
"fig3a","0.7356422544596414","0.0630957344480193","5000","968","0","0.19376124775044992","0.0001999600079984003","0.0010319917440660474","-0.009488102379524098","286.28852218411777","1750","1750"
"fig3a","0.7356422544596414","0.07356422544596414","5000","984","0","0.19696060787842432","0.0001999600079984003","0.0010152284263959391","-0.009648070385922816","324.7206627146541","1751","1751"
"fig3a","0.7356422544596414","0.08576958985908938","5000","932","0","0.1865626874625075","0.0001999600079984003","0.0010718113612004287","-0.009128174365126977","365.3005687292039","1752","1752"
"fig3a","0.7356422544596414","0.1","5000","898","0","0.17976404719056188","0.0001999600079984003","0.0011123470522803114","-0.008788242351529694","407.57438385542076","1753","1753"
"fig3a","0.7356422544596414","0.11659144011798311","5000","889","0","0.17796440711857628","0.0001999600079984003","0.0011235955056179776","-0.008698260347930415","451.0508266808476","1754","1754"
"fig3a","0.7356422544596414","0.13593563908785256","5000","895","0","0.1791641671665667","0.0001999600079984003","0.0011160714285714285","-0.008758248350329935","495.9081555726768","1755","1755"
"fig3a","0.7356422544596414","0.1584893192461114","5000","961","0","0.1923615276944611","0.0001999600079984003","0.0010395010395010396","-0.009418116376724656","543.638839251438","1756","1756"
"fig3a","0.7356422544596414","0.18478497974222907","5000","892","0","0.1785642871425715","0.0001999600079984003","0.001119820828667413","-0.008728254349130176","595.0869794019902","1757","1757"
"fig3a","0.7356422544596414","0.21544346900318845","5000","845","0","0.16916616676664667","0.0001999600079984003","0.001182033096926714","-0.008258348330333934","651.4770135595886","1758","1758"
"fig3a","0.7356422544596414","0.25118864315095796","5000","853","0","0.17076584683063387","0.0001999600079984003","0.00117096018735363","-0.008338332333533293","714.6247778302559","1759","1759"
"fig3a","0.7356422544596414","0.29286445646252374","5000","810","0","0.16216756648670266","0.0001999600079984003","0.0012330456226880395","-0.007908418316336733","787.2265438242207","1760","1760"
"fig3a","0.7356422544596414","0.34145488738336005","5000","809","0","0.16196760647870426","0.0001999600079984003","0.0012345679012345679","-0.007898420315936813","873.3612594063577","1761","1761"
"fig3a","0.7356422544596414","0.3981071705534973","5000","778","0","0.15576884623075385","0.0001999600079984003","0.0012836970474967907","-0.007588482303539292","979.4123596362001","1762","1762"
"fig3a","0.7356422544596414","0.46415888336127775","5000","722","0","0.14457108578284344","0.0001999600079984003","0.0013831258644536651","-0.007028594281143772","1115.86838244624","1763","1763"
"fig3a","0.7356422544596414","0.5411695265464638","5000","692","0","0.13857228554289142","0.0001999600079984003","0.001443001443001443","-0.00672865426914617","1301.1187298566651","1764","1764"
"fig3a","0.7356422544596414","0.630957344480193","5000","748","0","0.14977004599080185","0.0001999600079984003","0.0013351134846461949","-0.007288542291541692","1570.2701843841112","1765","1765"
"fig3a","0.7356422544596414","0.7356422544596414","5000","648","0","0.1297740451909618","0.0001999600079984003","0.0015408320493066256","-0.00628874225154969","1998.4141655659928","1766","1766"
"fig3a","0.7356422544596414","0.8576958985908937","5000","647","0","0.1295740851829634","0.0001999600079984003","0.00154320987654321","-0.0062787442511497695","2773.8810296272695","1767","1767"
"fig3a","0.7356422544596414","1.0","5000","513","0","0.10277944411117776","0.0001999600079984003","0.0019455252918287938","-0.0049390121975604875","4499.009475835009","1768","1768"
"fig3a","0.8576958985908941","0.0001","5000","247","173","0.049590081983603276","0.03479304139172166","0.7016129032258066","0.032313537292541494","0.0863708901266591","1769","1769"
"fig3a","0.8576958985908941","0.00011659144011798323","5000","208","171","0.041791641671665665","0.03439312137572485","0.8229665071770335","0.03230353929214157","0.10256054217188648","1770","1770"
"fig3a","0.8576958985908941","0.00013593563908785255","5000","229","175","0.04599080183963208","0.03519296140771846","0.7652173913043478","0.03289342131573685","0.1220943695308847","1771","1771"
"fig3a","0.8576958985908941","0.00015848931924611142","5000","236","158","0.047390521895620874","0.03179364127174565","0.6708860759493671","0.029424115176964607","0.14575786868670093","1772","1772"
"fig3a","0.8576958985908941","0.00018478497974222906","5000","201","176","0.04039192161567687","0.03539292141571686","0.8762376237623762","0.033373325334933014","0.17454641147361372","1773","1773"
"fig3a","0.8576958985908941","0.00021544346900318845","5000","214","155","0.04299140171965607","0.03119376124775045","0.7255813953488371","0.029044191161767645","0.20972676677337176","1774","1774"
"fig3a","0.8576958985908941","0.00025118864315095795","5000","237","132","0.047590481903619274","0.02659468106378724","0.5588235294117647","0.024215156968606277","0.2529173737036956","1775","1775"
"fig3a","0.8576958985908941","0.00029286445646252375","5000","209","123","0.041991601679664065","0.024795040991801638","0.5904761904761905","0.022695460907818436","0.30619297580994953","1776","1776"
"fig3a","0.8576958985908941","0.0003414548873833601","5000","232","113","0.046590681863627276","0.022795440911817635","0.48927038626609437","0.020465906818636272","0.3722207535153075","1777","1777"
"fig3a","0.8576958985908941","0.00039810717055349735","5000","235","127","0.047190561887622474","0.02559488102379524","0.5423728813559322","0.023235352929414116","0.45443693819183295","1778","1778"
"fig3a","0.8576958985908941","0.00046415888336127773","5000","258","89","0.051789642071585686","0.017996400719856028","0.34749034749034746","0.015406918616276744","0.5572750639447293","1779","1779"
"fig3a","0.8576958985908941","0.0005411695265464637","5000","204","74","0.04099180163967207","0.014997000599880024","0.36585365853658536","0.01294741051789642","0.6864594804544026","1780","1780"
"fig3a","0.8576958985908941","0.000630957344480193","5000","240","75","0.04819036192761448","0.015196960607878424","0.3153526970954357","0.0127874425114977","0.8493804121301309","1781","1781"
"fig3a","0.8576958985908941","0.0007356422544596414","5000","247","41","0.049590081983603276","0.008398320335932814","0.16935483870967744","0.005918816236752649","1.0555695001182812","1782","1782"
"fig3a","0.8576958985908941","0.0008576958985908946","5000","211","33","0.04239152169566087","0.006798640271945611","0.16037735849056603","0.004679064187162567","1.317297046174133","1783","1783"
"fig3a","0.8576958985908941","0.001","5000","213","19","0.04279144171165767","0.003999200159968006","0.09345794392523364","0.001859628074385123","1.6503135247179443","1784","1784"
"fig3a","0.8576958985908941","0.001165914401179831","5000","240","12","0.04819036192761448","0.002599480103979204","0.05394190871369294","0.00018996200759848012","2.0747575131274516","1785","1785"
"fig3a","0.8576958985908941","0.0013593563908785254","5000","215","9","0.04319136172765447","0.001999600079984003","0.046296296296296294","-0.00015996800639872044","2.6162488828150288","1786","1786"
"fig3a","0.8576958985908941","0.001584893192461114","5000","221","1","0.04439112177564487","0.0003999200159968006","0.009009009009009009","-0.0018196360727854432","3.3071784745170874","1787","1787"
"fig3a","0.8576958985908941","0.0018478497974222907","5000","256","3","0.05138972205558888","0.0007998400319936012","0.01556420233463035","-0.0017696460707858426","4.187332764625353","1788","1788"
"fig3a","0.8576958985908941","0.002154434690031882","5000","219","0","0.04399120175964807","0.0001999600079984003","0.004545454545454545","-0.001999600079984003","5.2909546925722","1789","1789"
"fig3a","0.8576958985908941","0.0025118864315095794","5000","244","0","0.04899020195960808","0.0001999600079984003","0.004081632653061224","-0.0022495500899820035","6.668555534333393","1790","1790"
"fig3a","0.8576958985908941","0.0029286445646252374","5000","240","0","0.04819036192761448","0.0001999600079984003","0.004149377593360996","-0.0022095580883823235","8.537489175103332","1791","1791"
"fig3a","0.8576958985908941","0.003414548873833601","5000","254","0","0.05098980203959208","0.0001999600079984003","0.00392156862745098","-0.0023495300939812037","10.810074310100958","1792","1792"
"fig3a","0.8576958985908941","0.003981071705534973","5000","282","0","0.05658868226354729","0.0001999600079984003","0.0035335689045936395","-0.002629474105178964","13.19617109616064","1793","1793"
"fig3a","0.8576958985908941","0.004641588833612782","5000","325","0","0.0651869626074785","0.0001999600079984003","0.003067484662576687","-0.0030593881223755248","16.499058440445253","1794","1794"
"fig3a","0.8576958985908941","0.0054116952654646375","5000","322","0","0.06458708258348331","0.0001999600079984003","0.003095975232198142","-0.003029394121175765","20.573064812195128","1795","1795"
"fig3a","0.8576958985908941","0.006309573444801929","5000","384","0","0.07698460307938412","0.0001999600079984003","0.0025974025974025974","-0.003649270145970806","25.56888159004845","1796","1796"
"fig3a","0.8576958985908941","0.007356422544596414","5000","478","0","0.09578084383123375","0.0001999600079984003","0.0020876826722338203","-0.004589082183563287","31.652528275677525","1797","1797"
"fig3a","0.8576958985908941","0.008576958985908946","5000","499","0","0.09998000399920016","0.0001999600079984003","0.0019999999999999996","-0.004799040191961608","39.00189667400136","1798","1798"
"fig3a","0.8576958985908941","0.01","5000","607","0","0.12157568486302739","0.0001999600079984003","0.001644736842105263","-0.0058788242351529695","47.801766255637745","1799","1799"
"fig3a","0.8576958985908941","0.01165914401179831","5000","627","0","0.1255748850229954","0.0001999600079984003","0.001592356687898089","-0.00607878424315137","58.2375327380181","1800","1800"
"fig3a","0.8576958985908941","0.013593563908785255","5000","724","0","0.14497100579884023","0.0001999600079984003","0.001379310344827586","-0.007048590281943611","70.48817187114074","1801","1801"
"fig3a","0.8576958985908941","0.01584893192461114","5000","790","0","0.15816836632673464","0.0001999600079984003","0.0012642225031605564","-0.007708458308338333","84.71923797895062","1802","1802"
"fig3a","0.8576958985908941","0.018478497974222907","5000","853","0","0.17076584683063387","0.0001999600079984003","0.00117096018735363","-0.008338332333533293","101.07693041288508","1803","1803"
"fig3a","0.8576958985908941","0.021544346900318843","5000","831","0","0.16636672665466906","0.0001999600079984003","0.001201923076923077","-0.008118376324735053","119.684421183035","1804","1804"
"fig3a","0.8576958985908941","0.025118864315095794","5000","958","0","0.1917616476704659","0.0001999600079984003","0.0010427528675703858","-0.009388122375524896","140.64171858923294","1805","1805"
"fig3a","0.8576958985908941","0.029286445646252372","5000","947","0","0.1895620875824835","0.0001999600079984003","0.0010548523206751054","-0.009278144371125776","164.03035585524543","1806","1806"
"fig3a","0.8576958985908941","0.034145488738336005","5000","1044","0","0.20895820835832835","0.0001999600079984003","0.0009569377990430621","-0.010247950409918018","189.924068840928","1807","1807"
"fig3a","0.8576958985908941","0.039810717055349734","5000","1095","0","0.21915616876624675","0.0001999600079984003","0.0009124087591240876","-0.010757848430313938","218.40578157331896","1808","1808"
"fig3a","0.8576958985908941","0.046415888336127774","5000","1080","0","0.21615676864627076","0.0001999600079984003","0.0009250693802035152","-0.01060787842431514","249.58725499897196","1809","1809"
"fig3a","0.8576958985908941","0.054116952654646375","5000","1122","0","0.22455508898220355","0.0001999600079984003","0.0008904719501335708","-0.01102779444111178","283.6148771938295","1810","1810"
"fig3a","0.8576958985908941","0.0630957344480193","5000","1085","0","0.21715656868626274","0.0001999600079984003","0.0009208103130755065","-0.010657868426314738","320.6241446625296","1811","1811"
"fig3a","0.8576958985908941","0.07356422544596414","5000","1096","0","0.21935612877424515","0.0001999600079984003","0.0009115770282588879","-0.010767846430713858","360.62331489450145","1812","1812"
"fig3a","0.8576958985908941","0.08576958985908938","5000","1001","0","0.20035992801439712","0.0001999600079984003","0.000998003992015968","-0.009818036392721457","403.38471706515617","1813","1813"
"fig3a","0.8576958985908941","0.1","5000","1024","0","0.20495900819836033","0.0001999600079984003","0.000975609756097561","-0.010047990401919617","448.44029685127276","1814","1814"
"fig3a","0.8576958985908941","0.11659144011798311","5000","1022","0","0.20455908818236354","0.0001999600079984003","0.0009775171065493646","-0.010027994401119778","495.1479989894496","1815","1815"
"fig3a","0.8576958985908941","0.13593563908785256","5000","1011","0","0.20235952809438112","0.0001999600079984003","0.0009881422924901185","-0.009918016396720658","543.2879706511858","1816","1816"
"fig3a","0.8576958985908941","0.1584893192461114","5000","935","0","0.1871625674865027","0.0001999600079984003","0.0010683760683760683","-0.009158168366326736","595.1042546092765","1817","1817"
"fig3a","0.8576958985908941","0.18478497974222907","5000","911","0","0.18236352729454108","0.0001999600079984003","0.0010964912280701754","-0.008918216356728655","652.0076594544655","1818","1818"
"fig3a","0.8576958985908941","0.21544346900318845","5000","910","0","0.1821635672865427","0.0001999600079984003","0.001097694840834248","-0.008908218356328736","715.7411388523979","1819","1819"
"fig3a","0.8576958985908941","0.25118864315095796","5000","862","0","0.17256548690261947","0.0001999600079984003","0.0011587485515643105","-0.008428314337132575","788.855028740446","1820","1820"
"fig3a","0.8576958985908941","0.29286445646252374","5000","795","0","0.15916816636672665","0.0001999600079984003","0.001256281407035176","-0.007758448310337933","875.1273911249825","1821","1821"
"fig3a","0.8576958985908941","0.34145488738336005","5000","843","0","0.16876624675064986","0.0001999600079984003","0.001184834123222749","-0.008238352329534094","980.2941339061806","1822","1822"
"fig3a","0.8576958985908941","0.3981071705534973","5000","798","0","0.15976804639072187","0.0001999600079984003","0.0012515644555694616","-0.007788442311537694","1113.381182746126","1823","1823"
"fig3a","0.8576958985908941","0.46415888336127775","5000","750","0","0.15016996600679863","0.0001999600079984003","0.0013315579227696406","-0.007308538292341532","1289.277510265365","1824","1824"
"fig3a","0.8576958985908941","0.5411695265464638","5000","691","0","0.138372325534893","0.0001999600079984003","0.0014450867052023123","-0.00671865626874625","1534.0620093966977","1825","1825"
"fig3a","0.8576958985908941","0.630957344480193","5000","669","0","0.1339732053589282","0.0001999600079984003","0.0014925373134328358","-0.00649870025994801","1897.041477044856","1826","1826"
"fig3a","0.8576958985908941","0.7356422544596414","5000","587","0","0.11757648470305938","0.0001999600079984003","0.0017006802721088435","-0.005678864227154569","2481.2613380929943","1827","1827"
"fig3a","0.8576958985908941","0.8576958985908937","5000","549","0","0.10997800439912017","0.0001999600079984003","0.0018181818181818182","-0.005298940211957609","3534.115290951269","1828","1828"
"fig3a","0.8576958985908941","1.0","5000","477","0","0.09558088382323535","0.0001999600079984003","0.002092050209205021","-0.004579084183163367","5789.385259887547","1829","1829"
"fig3a","1.0","0.0001","5000","186","128","0.03739252149570086","0.02579484103179364","0.6898395721925134","0.023925214957008598","0.14959905235917859","1830","1830"
"fig3a","1.0","0.00011659144011798323","5000","165","107","0.033193361327734455","0.021595680863827234","0.6506024096385542","0.019936012797440512","0.17699600293445883","1831","1831"
"fig3a","1.0","0.00013593563908785255","5000","179","122","0.035992801439712056","0.02459508098380324","0.6833333333333333","0.022795440911817635","0.20984758098160228","1832","1832"
"fig3a","1.0","0.00015848931924611142","5000","175","122","0.03519296140771846","0.02459508098380324","0.6988636363636364","0.022835432913417317","0.24937586188508476","1833","1833"
"fig3a","1.0","0.00018478497974222906","5000","167","111","0.033593281343731254","0.022395520895820836","0.6666666666666666","0.020715856828634274","0.2971141521980485","1834","1834"
"fig3a","1.0","0.00021544346900318845","5000","172","90","0.03459308138372325","0.018196360727854428","0.5260115606936416","0.016466706658668263","0.3549945297160946","1835","1835"
"fig3a","1.0","0.00025118864315095795","5000","167","74","0.033593281343731254","0.014997000599880024","0.4464285714285714","0.013317336532693461","0.4254611093574283","1836","1836"
"fig3a","1.0","0.00029286445646252375","5000","169","77","0.033993201359728054","0.015596880623875225","0.4588235294117647","0.013897220555888821","0.5116164143461219","1837","1837"
"fig3a","1.0","0.0003414548873833601","5000","163","66","0.03279344131173765","0.013397320535892822","0.40853658536585374","0.011757648470305939","0.6174101030316592","1838","1838"
"fig3a","1.0","0.00039810717055349735","5000","177","42","0.03559288142371526","0.008598280343931213","0.24157303370786515","0.006818636272745451","0.7478814876056674","1839","1839"
"fig3a","1.0","0.00046415888336127773","5000","191","41","0.03839232153569286","0.008398320335932814","0.21875000000000003","0.006478704259148171","0.9094697383625885","1840","1840"
"fig3a","1.0","0.0005411695265464637","5000","176","34","0.03539292141571686","0.006998600279944011","0.1977401129943503","0.005228954209158168","1.1104082778269628","1841","1841"
"fig3a","1.0","0.000630957344480193","5000","173","25","0.03479304139172166","0.005198960207958408","0.14942528735632182","0.0034593081383723252","1.3612224004845643","1842","1842"
"fig3a","1.0","0.0007356422544596414","5000","185","19","0.03719256148770246","0.003999200159968006","0.10752688172043011","0.002139572085582883","1.6753512078800554","1843","1843"
"fig3a","1.0","0.0008576958985908946","5000","166","11","0.033393321335732855","0.0023995200959808036","0.0718562874251497","0.0007298540291941608","2.0699159040713937","1844","1844"
"fig3a","1.0","0.001","5000","185","8","0.03719256148770246","0.001799640071985603","0.04838709677419355","-5.998800239952022e-05","2.566655451299482","1845","1845"
"fig3a","1.0","0.001165914401179831","5000","171","6","0.03439312137572485","0.0013997200559888023","0.040697674418604654","-0.00031993601279744046","3.1885012649458417","1846","1846"
"fig3a","1.0","0.0013593563908785254","5000","186","2","0.03739252149570086","0.0005998800239952009","0.0160427807486631","-0.0012697460507898421","3.9616372946244383","1847","1847"
"fig3a","1.0","0.001584893192461114","5000","153","0","0.03079384123175365","0.0001999600079984003","0.006493506493506493","-0.0013397320535892823","4.924904698454014","1848","1848"
"fig3a","1.0","0.0018478497974222907","5000","200","0","0.04019196160767846","0.0001999600079984003","0.004975124378109453","-0.0018096380723855228","6.126750197735021","1849","1849"
"fig3a","1.0","0.002154434690031882","5000","215","1","0.04319136172765447","0.0003999200159968006","0.009259259259259259","-0.001759648070385923","7.6270553223137085","1850","1850"
"fig3a","1.0","0.0025118864315095794","5000","204","0","0.04099180163967207","0.0001999600079984003","0.004878048780487805","-0.0018496300739852033","9.812360133921288","1851","1851"
"fig3a","1.0","0.0029286445646252374","5000","216","0","0.04339132173565287","0.0001999600079984003","0.004608294930875576","-0.001969606078784243","12.299516868927611","1852","1852"
"fig3a","1.0","0.003414548873833601","5000","277","0","0.05558888222355529","0.0001999600079984003","0.003597122302158273","-0.0025794841031793643","14.72848387536834","1853","1853"
"fig3a","1.0","0.003981071705534973","5000","299","0","0.059988002399520096","0.0001999600079984003","0.003333333333333333","-0.0027994401119776045","18.313637144552843","1854","1854"
"fig3a","1.0","0.004641588833612782","5000","311","0","0.0623875224955009","0.0001999600079984003","0.003205128205128205","-0.0029194161167766445","22.72669366413305","1855","1855"
"fig3a","1.0","0.0054116952654646375","5000","345","0","0.0691861627674465","0.0001999600079984003","0.0028901734104046246","-0.0032593481303739248","28.123695662248196","1856","1856"
"fig3a","1.0","0.006309573444801929","5000","420","0","0.08418316336732654","0.0001999600079984003","0.002375296912114014","-0.004009198160367927","34.67357163932263","1857","1857"
"fig3a","1.0","0.007356422544596414","5000","468","0","0.09378124375124974","0.0001999600079984003","0.0021321961620469083","-0.004489102179564087","42.553252199474684","1858","1858"
"fig3a","1.0","0.008576958985908946","5000","563","0","0.11277744451109778","0.0001999600079984003","0.0017730496453900709","-0.005438912217556489","51.941064308150544","1859","1859"
"fig3a","1.0","0.01","5000","626","0","0.125374925014997","0.0001999600079984003","0.001594896331738437","-0.00606878624275145","63.00877004891464","1860","1860"
"fig3a","1.0","0.01165914401179831","5000","659","0","0.13197360527894422","0.0001999600079984003","0.001515151515151515","-0.006398720255948811","75.91293967046178","1861","1861"
"fig3a","1.0","0.013593563908785255","5000","747","0","0.14957008598280344","0.0001999600079984003","0.001336898395721925","-0.007278544291141772","90.7866518972753","1862","1862"
"fig3a","1.0","0.01584893192461114","5000","808","0","0.16176764647070585","0.0001999600079984003","0.0012360939431396787","-0.007888422315536893","107.732746604336","1863","1863"
"fig3a","1.0","0.018478497974222907","5000","873","0","0.17476504699060189","0.0001999600079984003","0.0011441647597254005","-0.008538292341531695","126.8199806287501","1864","1864"
"fig3a","1.0","0.021544346900318843","5000","917","0","0.1835632873425315","0.0001999600079984003","0.0010893246187363833","-0.008978204359128175","148.08345291378276","1865","1865"
"fig3a","1.0","0.025118864315095794","5000","1023","0","0.20475904819036192","0.0001999600079984003","0.0009765625","-0.010037992401519697","171.5306117382355","1866","1866"
"fig3a","1.0","0.029286445646252372","5000","1073","0","0.21475704859028194","0.0001999600079984003","0.000931098696461825","-0.010537892421515697","197.154121297603","1867","1867"
"fig3a","1.0","0.034145488738336005","5000","1111","0","0.22235552889422117","0.0001999600079984003","0.0008992805755395683","-0.01091781643671266","224.9529246947593","1868","1868"
"fig3a","1.0","0.039810717055349734","5000","1094","0","0.21895620875824834","0.0001999600079984003","0.0009132420091324201","-0.010747850429914017","254.96277644150615","1869","1869"
"fig3a","1.0","0.046415888336127774","5000","1106","0","0.22135572885422916","0.0001999600079984003","0.0009033423667570009","-0.01086782643471306","287.2956397571706","1870","1870"
"fig3a","1.0","0.054116952654646375","5000","1084","0","0.21695660867826436","0.0001999600079984003","0.0009216589861751151","-0.01064787042591482","322.17696274539225","1871","1871"
"fig3a","1.0","0.0630957344480193","5000","1079","0","0.21595680863827235","0.0001999600079984003","0.0009259259259259259","-0.01059788042391522","359.9373591221949","1872","1872"
"fig3a","1.0","0.07356422544596414","5000","1058","0","0.21175764847030593","0.0001999600079984003","0.0009442870632672333","-0.010387922415516898","400.8801026804537","1873","1873"
"fig3a","1.0","0.08576958985908938","5000","1087","0","0.21755648870225955","0.0001999600079984003","0.0009191176470588235","-0.010677864427114579","445.0388372190021","1874","1874"
"fig3a","1.0","0.1","5000","1129","0","0.22595480903819237","0.0001999600079984003","0.0008849557522123893","-0.01109778044391122","492.02893101800254","1875","1875"
"fig3a","1.0","0.11659144011798311","5000","1003","0","0.20075984803039393","0.0001999600079984003","0.00099601593625498","-0.009838032393521297","541.0911611805395","1876","1876"
"fig3a","1.0","0.13593563908785256","5000","923","0","0.1847630473905219","0.0001999600079984003","0.0010822510822510823","-0.009038192361527695","591.8558662723663","1877","1877"
"fig3a","1.0","0.1584893192461114","5000","1007","0","0.20155968806238753","0.0001999600079984003","0.000992063492063492","-0.009878024395120977","647.1155911747555","1878","1878"
"fig3a","1.0","0.18478497974222907","5000","935","0","0.1871625674865027","0.0001999600079984003","0.0010683760683760683","-0.009158168366326736","708.6724365784141","1879","1879"
"fig3a","1.0","0.21544346900318845","5000","932","0","0.1865626874625075","0.0001999600079984003","0.0010718113612004287","-0.009128174365126977","778.6852873085329","1880","1880"
"fig3a","1.0","0.25118864315095796","5000","949","0","0.1899620075984803","0.0001999600079984003","0.0010526315789473684","-0.009298140371925617","860.2791795765481","1881","1881"
"fig3a","1.0","0.29286445646252374","5000","844","0","0.16896620675864826","0.0001999600079984003","0.001183431952662722","-0.008248350329934014","958.0691617068883","1882","1882"
"fig3a","1.0","0.34145488738336005","5000","853","0","0.17076584683063387","0.0001999600079984003","0.00117096018735363","-0.008338332333533293","1079.07426801672","1883","1883"
"fig3a","1.0","0.3981071705534973","5000","771","0","0.15436912617476506","0.0001999600079984003","0.0012953367875647667","-0.007518496300739853","1234.3942661486008","1884","1884"
"fig3a","1.0","0.46415888336127775","5000","773","0","0.15476904619076184","0.0001999600079984003","0.0012919896640826874","-0.0075384923015396925","1442.4752986502695","1885","1885"
"fig3a","1.0","0.5411695265464638","5000","641","0","0.12837432513497302","0.0001999600079984003","0.0015576323987538938","-0.006218756248750251","1735.9576839924955","1886","1886"
"fig3a","1.0","0.630957344480193","5000","616","0","0.12337532493501299","0.0001999600079984003","0.0016207455429497568","-0.00596880623875225","2177.456436696104","1887","1887"
"fig3a","1.0","0.7356422544596414","5000","599","0","0.11997600479904019","0.0001999600079984003","0.0016666666666666666","-0.0057988402319536095","2900.7961700962287","1888","1888"
"fig3a","1.0","0.8576958985908937","5000","563","0","0.11277744451109778","0.0001999600079984003","0.0017730496453900709","-0.005438912217556489","4239.72999849436","1889","1889"
"fig3a","1.0","1.0","5000","532","0","0.10657868426314737","0.0001999600079984003","0.001876172607879925","-0.0051289742051589685","7258.74599940551","1890","1890"
"fig3a","1.165914401179831","0.0001","5000","158","119","0.03179364127174565","0.02399520095980804","0.7547169811320755","0.022405518896220757","0.18554586573347365","1891","1891"
"fig3a","1.165914401179831","0.00011659144011798323","5000","175","118","0.03519296140771846","0.023795240951809637","0.6761363636363635","0.022035592881423715","0.2198689717662603","1892","1892"
"fig3a","1.165914401179831","0.00013593563908785255","5000","156","103","0.03139372125574885","0.020795840831833633","0.6624203821656051","0.01922615476904619","0.2611320985030545","1893","1893"
"fig3a","1.165914401179831","0.00015848931924611142","5000","178","106","0.03579284143171366","0.021395720855828835","0.5977653631284916","0.019606078784243152","0.31091919191320017","1894","1894"
"fig3a","1.165914401179831","0.00018478497974222906","5000","152","87","0.03059388122375525","0.01759648070385923","0.5751633986928104","0.016066786642671468","0.3712238940744328","1895","1895"
"fig3a","1.165914401179831","0.00021544346900318845","5000","194","77","0.038992201559688064","0.015596880623875225","0.39999999999999997","0.013647270545890822","0.44456553407485444","1896","1896"
"fig3a","1.165914401179831","0.00025118864315095795","5000","156","65","0.03139372125574885","0.013197360527894421","0.4203821656050955","0.011627674465106978","0.5341390007569089","1897","1897"
"fig3a","1.165914401179831","0.00029286445646252375","5000","151","67","0.030393921215756847","0.013597280543891222","0.4473684210526316","0.012077584483103379","0.6440079859752927","1898","1898"
"fig3a","1.165914401179831","0.0003414548873833601","5000","191","44","0.03839232153569286","0.008998200359928014","0.234375","0.007078584283143371","0.7793533443312697","1899","1899"
"fig3a","1.165914401179831","0.00039810717055349735","5000","179","43","0.035992801439712056","0.008798240351929614","0.24444444444444446","0.006998600279944011","0.9467908606841888","1900","1900"
"fig3a","1.165914401179831","0.00046415888336127773","5000","167","36","0.033593281343731254","0.007398520295940812","0.22023809523809523","0.0057188562287542495","1.1547754317779209","1901","1901"
"fig3a","1.165914401179831","0.0005411695265464637","5000","167","23","0.033593281343731254","0.004799040191961607","0.14285714285714285","0.0031193761247750446","1.4141113157015184","1902","1902"
"fig3a","1.165914401179831","0.000630957344480193","5000","162","27","0.03259348130373925","0.005598880223955209","0.17177914110429449","0.003969206158768246","1.738540184566773","1903","1903"
"fig3a","1.165914401179831","0.0007356422544596414","5000","203","14","0.04079184163167367","0.002999400119976005","0.07352941176470588","0.0009598080383923214","2.1417090145707505","1904","1904"
"fig3a","1.165914401179831","0.0008576958985908946","5000","201","14","0.04039192161567687","0.002999400119976005","0.07425742574257425","0.0009798040391921616","2.641721237462548","1905","1905"
"fig3a","1.165914401179831","0.001","5000","158","2","0.03179364127174565","0.0005998800239952009","0.018867924528301886","-0.0009898020395920817","3.263912038181786","1906","1906"
"fig3a","1.165914401179831","0.001165914401179831","5000","211","6","0.04239152169566087","0.0013997200559888023","0.0330188679245283","-0.0007198560287942414","4.040326001534567","1907","1907"
"fig3a","1.165914401179831","0.0013593563908785254","5000","224","1","0.04499100179964007","0.0003999200159968006","0.008888888888888889","-0.0018496300739852028","5.011299794366806","1908","1908"
"fig3a","1.165914401179831","0.001584893192461114","5000","217","0","0.04359128174365127","0.0001999600079984003","0.0045871559633027525","-0.001979604079184163","6.227272358728527","1909","1909"
"fig3a","1.165914401179831","0.0018478497974222907","5000","187","0","0.03759248150369926","0.0001999600079984003","0.005319148936170213","-0.001679664067186563","7.750770052468454","1910","1910"
"fig3a","1.165914401179831","0.002154434690031882","5000","187","0","0.03759248150369926","0.0001999600079984003","0.005319148936170213","-0.001679664067186563","10.112246756098386","1911","1911"
"fig3a","1.165914401179831","0.0025118864315095794","5000","207","0","0.041591681663667265","0.0001999600079984003","0.004807692307692308","-0.001879624075184963","12.668628777615112","1912","1912"
"fig3a","1.165914401179831","0.0029286445646252374","5000","295","0","0.0591881623675265","0.0001999600079984003","0.003378378378378378","-0.0027594481103779245","15.015014251952039","1913","1913"
"fig3a","1.165914401179831","0.003414548873833601","5000","303","0","0.060787842431513694","0.0001999600079984003","0.003289473684210526","-0.0028394321135772845","18.703111787278857","1914","1914"
"fig3a","1.165914401179831","0.003981071705534973","5000","353","0","0.07078584283143372","0.0001999600079984003","0.002824858757062147","-0.0033393321335732857","23.254402483133504","1915","1915"
"fig3a","1.165914401179831","0.004641588833612782","5000","405","0","0.08118376324735053","0.0001999600079984003","0.002463054187192118","-0.003859228154369126","28.83226071096928","1916","1916"
"fig3a","1.165914401179831","0.0054116952654646375","5000","470","0","0.09418116376724656","0.0001999600079984003","0.0021231422505307855","-0.004509098180363927","35.612688837096414","1917","1917"
"fig3a","1.165914401179831","0.006309573444801929","5000","470","0","0.09418116376724656","0.0001999600079984003","0.0021231422505307855","-0.004509098180363927","43.77854379414177","1918","1918"
"fig3a","1.165914401179831","0.007356422544596414","5000","578","0","0.11577684463107378","0.0001999600079984003","0.0017271157167530224","-0.005588882223555289","53.51179693785531","1919","1919"
"fig3a","1.165914401179831","0.008576958985908946","5000","614","0","0.12297540491901619","0.0001999600079984003","0.0016260162601626016","-0.005948810237952409","64.98425298587784","1920","1920"
"fig3a","1.165914401179831","0.01","5000","684","0","0.13697260547890422","0.0001999600079984003","0.00145985401459854","-0.006648670265946811","78.34751214225656","1921","1921"
"fig3a","1.165914401179831","0.01165914401179831","5000","781","0","0.15636872625474904","0.0001999600079984003","0.0012787723785166241","-0.007618476304739052","93.72327730693058","1922","1922"
"fig3a","1.165914401179831","0.013593563908785255","5000","827","0","0.16556688662267546","0.0001999600079984003","0.0012077294685990338","-0.008078384323135374","111.19532374514375","1923","1923"
"fig3a","1.165914401179831","0.01584893192461114","5000","898","0","0.17976404719056188","0.0001999600079984003","0.0011123470522803114","-0.008788242351529694","130.80451873809625","1924","1924"
"fig3a","1.165914401179831","0.018478497974222907","5000","953","0","0.1907618476304739","0.0001999600079984003","0.0010482180293501047","-0.009338132373525296","152.54819508785744","1925","1925"
"fig3a","1.165914401179831","0.021544346900318843","5000","1049","0","0.20995800839832032","0.0001999600079984003","0.0009523809523809524","-0.010297940411917617","176.38498211823674","1926","1926"
"fig3a","1.165914401179831","0.025118864315095794","5000","1028","0","0.20575884823035392","0.0001999600079984003","0.0009718172983479105","-0.010087982403519297","202.2459680115391","1927","1927"
"fig3a","1.165914401179831","0.029286445646252372","5000","1042","0","0.20855828834233153","0.0001999600079984003","0.0009587727708533077","-0.010227954409118178","230.05293657033792","1928","1928"
"fig3a","1.165914401179831","0.034145488738336005","5000","1129","0","0.22595480903819237","0.0001999600079984003","0.0008849557522123893","-0.01109778044391122","259.74451560161026","1929","1929"
"fig3a","1.165914401179831","0.039810717055349734","5000","1096","0","0.21935612877424515","0.0001999600079984003","0.0009115770282588879","-0.010767846430713858","291.3113254158145","1930","1930"
"fig3a","1.165914401179831","0.046415888336127774","5000","1140","0","0.22815436912617476","0.0001999600079984003","0.0008764241893076249","-0.011207758448310338","324.8405840920861","1931","1931"
"fig3a","1.165914401179831","0.054116952654646375","5000","1132","0","0.22655468906218756","0.0001999600079984003","0.0008826125330979699","-0.01112777444511098","360.56440485647653","1932","1932"
"fig3a","1.165914401179831","0.0630957344480193","5000","1180","0","0.23615276944611077","0.0001999600079984003","0.000846740050804403","-0.01160767846430714","398.8807451655834","1933","1933"
"fig3a","1.165914401179831","0.07356422544596414","5000","1087","0","0.21755648870225955","0.0001999600079984003","0.0009191176470588235","-0.010677864427114579","440.2638782196307","1934","1934"
"fig3a","1.165914401179831","0.08576958985908938","5000","1081","0","0.21635672865426914","0.0001999600079984003","0.0009242144177449168","-0.010617876424715058","484.99539271756163","1935","1935"
"fig3a","1.165914401179831","0.1","5000","1017","0","0.20355928814237154","0.0001999600079984003","0.0009823182711198428","-0.009978004399120178","532.8690394140756","1936","1936"
"fig3a","1.165914401179831","0.11659144011798311","5000","992","0","0.1985602879424115","0.0001999600079984003","0.0010070493454179255","-0.009728054389122177","583.1227206379883","1937","1937"
"fig3a","1.165914401179831","0.13593563908785256","5000","954","0","0.19096180763847231","0.0001999600079984003","0.0010471204188481674","-0.009348130373925217","635.8281907320788","1938","1938"
"fig3a","1.165914401179831","0.1584893192461114","5000","998","0","0.19976004799040192","0.0001999600079984003","0.001001001001001001","-0.009788042391521697","694.1119378264202","1939","1939"
"fig3a","1.165914401179831","0.18478497974222907","5000","935","0","0.1871625674865027","0.0001999600079984003","0.0010683760683760683","-0.009158168366326736","759.9225123824297","1940","1940"
"fig3a","1.165914401179831","0.21544346900318845","5000","925","0","0.1851629674065187","0.0001999600079984003","0.0010799136069114472","-0.009058188362327536","835.8709230116187","1941","1941"
"fig3a","1.165914401179831","0.25118864315095796","5000","890","0","0.17816436712657469","0.0001999600079984003","0.0011223344556677889","-0.008708258348330335","925.7310850856911","1942","1942"
"fig3a","1.165914401179831","0.29286445646252374","5000","824","0","0.16496700659868027","0.0001999600079984003","0.0012121212121212121","-0.008048390321935614","1035.1081432621268","1943","1943"
"fig3a","1.165914401179831","0.34145488738336005","5000","786","0","0.15736852629474105","0.0001999600079984003","0.0012706480304955528","-0.0076684663067386515","1172.624552664287","1944","1944"
"fig3a","1.165914401179831","0.3981071705534973","5000","757","0","0.15156968606278745","0.0001999600079984003","0.0013192612137203166","-0.0073785242951409724","1352.1396770426607","1945","1945"
"fig3a","1.165914401179831","0.46415888336127775","5000","660","0","0.1321735652869426","0.0001999600079984003","0.0015128593040847202","-0.00640871825634873","1597.1787299825799","1946","1946"
"fig3a","1.165914401179831","0.5411695265464638","5000","664","0","0.1329734053189362","0.0001999600079984003","0.0015037593984962407","-0.00644871025794841","1950.5001204639657","1947","1947"
"fig3a","1.165914401179831","0.630957344480193","5000","615","0","0.1231753649270146","0.0001999600079984003","0.0016233766233766233","-0.0059588082383523295","2496.9576537431185","1948","1948"
"fig3a","1.165914401179831","0.7356422544596414","5000","555","0","0.11117776444711058","0.0001999600079984003","0.0017985611510791366","-0.005358928214357129","3425.928761753035","1949","1949"
"fig3a","1.165914401179831","0.8576958985908937","5000","516","0","0.10337932413517296","0.0001999600079984003","0.0019342359767891683","-0.0049690061987602485","5236.77178752626","1950","1950"
"fig3a","1.165914401179831","1.0","5000","481","0","0.09638072385522896","0.0001999600079984003","0.002074688796680498","-0.0046190761847630475","9639.65400176866","1951","1951"
"fig3a","1.3593563908785256","0.0001","5000","213","155","0.04279144171165767","0.03119376124775045","0.7289719626168224","0.029054189162167565","0.1923552569605249","1952","1952"
"fig3a","1.3593563908785256","0.00011659144011798323","5000","238","128","0.04779044191161767","0.02579484103179364","0.5397489539748954","0.023405318936212754","0.2289586024209882","1953","1953"
"fig3a","1.3593563908785256","0.00013593563908785255","5000","223","137","0.04479104179164167","0.027594481103779243","0.6160714285714285","0.02535492901419716","0.2732814030730424","1954","1954"
"fig3a","1.3593563908785256","0.00015848931924611142","5000","206","106","0.041391721655668866","0.021395720855828835","0.5169082125603865","0.019326134773045393","0.32717404896982316","1955","1955"
"fig3a","1.3593563908785256","0.00018478497974222906","5000","200","117","0.04019196160767846","0.023595280943811237","0.5870646766169154","0.021585682863427314","0.39298615995605246","1956","1956"
"fig3a","1.3593563908785256","0.00021544346900318845","5000","207","115","0.041591681663667265","0.023195360927814438","0.5576923076923077","0.021115776844631076","0.47371153549528344","1957","1957"
"fig3a","1.3593563908785256","0.00025118864315095795","5000","226","91","0.04539092181563687","0.01839632073585283","0.40528634361233484","0.016126774645070986","0.5731756829245569","1958","1958"
"fig3a","1.3593563908785256","0.00029286445646252375","5000","215","77","0.04319136172765447","0.015596880623875225","0.3611111111111111","0.013437312537492502","0.6962776459384088","1959","1959"
"fig3a","1.3593563908785256","0.0003414548873833601","5000","209","68","0.041991601679664065","0.013797240551889621","0.32857142857142857","0.011697660467906417","0.8493004723957256","1960","1960"
"fig3a","1.3593563908785256","0.00039810717055349735","5000","197","39","0.03959208158368326","0.007998400319936013","0.20202020202020202","0.006018796240751849","1.0403074947094808","1961","1961"
"fig3a","1.3593563908785256","0.00046415888336127773","5000","225","30","0.04519096180763847","0.0061987602479504095","0.13716814159292035","0.003939212157568485","1.2796429702489434","1962","1962"
"fig3a","1.3593563908785256","0.0005411695265464637","5000","225","26","0.04519096180763847","0.005398920215956809","0.11946902654867257","0.0031393721255748848","1.5778484005054452","1963","1963"
"fig3a","1.3593563908785256","0.000630957344480193","5000","210","21","0.042191561687662464","0.004399120175964807","0.1042654028436019","0.002289542091581684","1.9480068592410476","1964","1964"
"fig3a","1.3593563908785256","0.0007356422544596414","5000","246","17","0.04939012197560488","0.003599280143971206","0.07287449392712551","0.0011297740451909617","2.4092850971640587","1965","1965"
"fig3a","1.3593563908785256","0.0008576958985908946","5000","230","9","0.04619076184763048","0.001999600079984003","0.04329004329004329","-0.00030993801239752056","2.9861411971450877","1966","1966"
"fig3a","1.3593563908785256","0.001","5000","251","7","0.05038992201559688","0.0015996800639872025","0.031746031746031744","-0.0009198160367926416","3.7096913090064163","1967","1967"
"fig3a","1.3593563908785256","0.001165914401179831","5000","271","2","0.05438912217556489","0.0005998800239952009","0.011029411764705881","-0.0021195760847830436","4.619338594966166","1968","1968"
"fig3a","1.3593563908785256","0.0013593563908785254","5000","277","0","0.05558888222355529","0.0001999600079984003","0.003597122302158273","-0.0025794841031793643","5.764657092508372","1969","1969"
"fig3a","1.3593563908785256","0.001584893192461114","5000","268","0","0.05378924215156969","0.0001999600079984003","0.0037174721189591076","-0.002489502099580084","7.2074833596517465","1970","1970"
"fig3a","1.3593563908785256","0.0018478497974222907","5000","310","2","0.0621875624875025","0.0005998800239952009","0.009646302250803858","-0.002509498100379924","9.024109129908709","1971","1971"
"fig3a","1.3593563908785256","0.002154434690031882","5000","254","0","0.05098980203959208","0.0001999600079984003","0.00392156862745098","-0.0023495300939812037","12.01389119827408","1972","1972"
"fig3a","1.3593563908785256","0.0025118864315095794","5000","372","0","0.07458508298340331","0.0001999600079984003","0.002680965147453083","-0.0035292941411717653","14.168472076460972","1973","1973"
"fig3a","1.3593563908785256","0.0029286445646252374","5000","371","0","0.07438512297540492","0.0001999600079984003","0.0026881720430107525","-0.003519296140771846","17.737799402077144","1974","1974"
"fig3a","1.3593563908785256","0.003414548873833601","5000","413","0","0.08278344331133773","0.0001999600079984003","0.0024154589371980675","-0.003939212157568486","22.16487041820841","1975","1975"
"fig3a","1.3593563908785256","0.003981071705534973","5000","503","0","0.10077984403119376","0.0001999600079984003","0.001984126984126984","-0.004839032193561288","27.616339316936944","1976","1976"
"fig3a","1.3593563908785256","0.004641588833612782","5000","516","0","0.10337932413517296","0.0001999600079984003","0.0019342359767891683","-0.0049690061987602485","34.27201016266366","1977","1977"
"fig3a","1.3593563908785256","0.0054116952654646375","5000","585","0","0.11717656468706258","0.0001999600079984003","0.0017064846416382253","-0.005658868226354729","42.31851738951809","1978","1978"
"fig3a","1.3593563908785256","0.006309573444801929","5000","643","0","0.1287742451509698","0.0001999600079984003","0.0015527950310559005","-0.00623875224955009","51.94077282073519","1979","1979"
"fig3a","1.3593563908785256","0.007356422544596414","5000","634","0","0.1269746050789842","0.0001999600079984003","0.0015748031496062992","-0.00614877024595081","63.31164968962403","1980","1980"
"fig3a","1.3593563908785256","0.008576958985908946","5000","773","0","0.15476904619076184","0.0001999600079984003","0.0012919896640826874","-0.0075384923015396925","76.58078331972348","1981","1981"
"fig3a","1.3593563908785256","0.01","5000","846","0","0.16936612677464508","0.0001999600079984003","0.0011806375442739079","-0.008268346330733855","91.86371679637125","1982","1982"
"fig3a","1.3593563908785256","0.01165914401179831","5000","950","0","0.19016196760647872","0.0001999600079984003","0.0010515247108307045","-0.009308138372325537","109.23283117186264","1983","1983"
"fig3a","1.3593563908785256","0.013593563908785255","5000","1005","0","0.2011597680463907","0.0001999600079984003","0.0009940357852882703","-0.009858028394321136","128.7115238288281","1984","1984"
"fig3a","1.3593563908785256","0.01584893192461114","5000","1021","0","0.20435912817436513","0.0001999600079984003","0.0009784735812133072","-0.010017996400719858","150.27292965468604","1985","1985"
"fig3a","1.3593563908785256","0.018478497974222907","5000","1068","0","0.21375724855028994","0.0001999600079984003","0.0009354536950420954","-0.010487902419516098","173.8441621107276","1986","1986"
"fig3a","1.3593563908785256","0.021544346900318843","5000","1152","0","0.23055388922215556","0.0001999600079984003","0.0008673026886383347","-0.011327734453109379","199.31667716620126","1987","1987"
"fig3a","1.3593563908785256","0.025118864315095794","5000","1209","0","0.2419516096780644","0.0001999600079984003","0.0008264462809917355","-0.01189762047590482","226.56306231588252","1988","1988"
"fig3a","1.3593563908785256","0.029286445646252372","5000","1183","0","0.236752649470106","0.0001999600079984003","0.0008445945945945945","-0.0116376724655069","255.4604773350399","1989","1989"
"fig3a","1.3593563908785256","0.034145488738336005","5000","1217","0","0.2435512897420516","0.0001999600079984003","0.0008210180623973727","-0.011977604479104181","285.92125991981976","1990","1990"
"fig3a","1.3593563908785256","0.039810717055349734","5000","1225","0","0.2451509698060388","0.0001999600079984003","0.0008156606851549756","-0.01205758848230354","317.93183423858574","1991","1991"
"fig3a","1.3593563908785256","0.046415888336127774","5000","1210","0","0.2421515696860628","0.0001999600079984003","0.0008257638315441783","-0.01190761847630474","351.6012046691557","1992","1992"
"fig3a","1.3593563908785256","0.054116952654646375","5000","1218","0","0.24375124975005","0.0001999600079984003","0.0008203445447087776","-0.011987602479504101","387.21594293261245","1993","1993"
"fig3a","1.3593563908785256","0.0630957344480193","5000","1167","0","0.23355328934213157","0.0001999600079984003","0.0008561643835616438","-0.01147770445910818","425.27625991103247","1994","1994"
"fig3a","1.3593563908785256","0.07356422544596414","5000","1177","0","0.23555288942211558","0.0001999600079984003","0.0008488964346349745","-0.01157768446310738","466.42864125908017","1995","1995"
"fig3a","1.3593563908785256","0.08576958985908938","5000","1048","0","0.20975804839032194","0.0001999600079984003","0.0009532888465204957","-0.010287942411517698","511.1806088642924","1996","1996"
"fig3a","1.3593563908785256","0.1","5000","1062","0","0.21255748850229955","0.0001999600079984003","0.000940733772342427","-0.010427914417116579","559.4990277140262","1997","1997"
"fig3a","1.3593563908785256","0.11659144011798311","5000","1042","0","0.20855828834233153","0.0001999600079984003","0.0009587727708533077","-0.010227954409118178","610.6386305143894","1998","1998"
"fig3a","1.3593563908785256","0.13593563908785256","5000","992","0","0.1985602879424115","0.0001999600079984003","0.0010070493454179255","-0.009728054389122177","664.9010655890206","1999","1999"
"fig3a","1.3593563908785256","0.1584893192461114","5000","949","0","0.1899620075984803","0.0001999600079984003","0.0010526315789473684","-0.009298140371925617","725.6584188528852","2000","2000"
"fig3a","1.3593563908785256","0.18478497974222907","5000","909","0","0.1819636072785443","0.0001999600079984003","0.001098901098901099","-0.008898220355928816","795.0933468959315","2001","2001"
"fig3a","1.3593563908785256","0.21544346900318845","5000","896","0","0.1793641271745651","0.0001999600079984003","0.0011148272017837235","-0.008768246350729855","876.1967826787941","2002","2002"
"fig3a","1.3593563908785256","0.25118864315095796","5000","884","0","0.17696460707858427","0.0001999600079984003","0.0011299435028248588","-0.008648270345930815","973.2951143472733","2003","2003"
"fig3a","1.3593563908785256","0.29286445646252374","5000","758","0","0.15176964607078583","0.0001999600079984003","0.0013175230566534915","-0.007388522295540891","1092.8425514544228","2004","2004"
"fig3a","1.3593563908785256","0.34145488738336005","5000","800","0","0.16016796640671865","0.0001999600079984003","0.0012484394506866417","-0.007808438312337533","1244.8316804788599","2005","2005"
"fig3a","1.3593563908785256","0.3981071705534973","5000","685","0","0.13717256548690263","0.0001999600079984003","0.0014577259475218659","-0.0066586682663467315","1445.4417808572396","2006","2006"
"fig3a","1.3593563908785256","0.46415888336127775","5000","669","0","0.1339732053589282","0.0001999600079984003","0.0014925373134328358","-0.00649870025994801","1722.3420794689487","2007","2007"
"fig3a","1.3593563908785256","0.5411695265464638","5000","658","0","0.13177364527094582","0.0001999600079984003","0.0015174506828528071","-0.0063887222555488905","2126.1887548263176","2008","2008"
"fig3a","1.3593563908785256","0.630957344480193","5000","600","0","0.1201759648070386","0.0001999600079984003","0.0016638935108153076","-0.00580883823235353","2758.1830737344894","2009","2009"
"fig3a","1.3593563908785256","0.7356422544596414","5000","553","0","0.11077784443111378","0.0001999600079984003","0.0018050541516245486","-0.005338932213557289","3845.458333921054","2010","2010"
"fig3a","1.3593563908785256","0.8576958985908937","5000","502","0","0.10057988402319536","0.0001999600079984003","0.0019880715705765406","-0.004829034193161367","5988.944787077959","2011","2011"
"fig3a","1.3593563908785256","1.0","5000","428","0","0.08578284343131373","0.0001999600079984003","0.002331002331002331","-0.004089182163567287","11242.558041905415","2012","2012"
"fig3a","1.584893192461114","0.0001","5000","353","256","0.07078584283143372","0.05138972205558888","0.7259887005649717","0.047850429914017195","0.13836746657693766","2013","2013"
"fig3a","1.584893192461114","0.00011659144011798323","5000","364","230","0.07298540291941612","0.04619076184763048","0.6328767123287672","0.04254149170165967","0.1673602350385579","2014","2014"
"fig3a","1.584893192461114","0.00013593563908785255","5000","334","211","0.0669866026794641","0.04239152169566087","0.6328358208955225","0.039042191561687666","0.20327882246471063","2015","2015"
"fig3a","1.584893192461114","0.00015848931924611142","5000","347","208","0.06958608278344332","0.041791641671665665","0.6005747126436781","0.038312337532493496","0.24800202869948862","2016","2016"
"fig3a","1.584893192461114","0.00018478497974222906","5000","358","201","0.07178564287142572","0.04039192161567687","0.5626740947075209","0.03680263947210558","0.30396536411194575","2017","2017"
"fig3a","1.584893192461114","0.00021544346900318845","5000","354","150","0.07098580283943211","0.030193961207758448","0.4253521126760564","0.026644671065786843","0.3743318749817206","2018","2018"
"fig3a","1.584893192461114","0.00025118864315095795","5000","358","117","0.07178564287142572","0.023595280943811237","0.3286908077994429","0.02000599880023995","0.4632143063998626","2019","2019"
"fig3a","1.584893192461114","0.00029286445646252375","5000","347","117","0.06958608278344332","0.023595280943811237","0.3390804597701149","0.02011597680463907","0.5759626620122447","2020","2020"
"fig3a","1.584893192461114","0.0003414548873833601","5000","377","101","0.07558488302339532","0.020395920815836834","0.2698412698412699","0.01661667666466707","0.7195341986579251","2021","2021"
"fig3a","1.584893192461114","0.00039810717055349735","5000","374","72","0.07498500299940011","0.014597080583883223","0.19466666666666668","0.010847830433913217","0.9029659954924512","2022","2022"
"fig3a","1.584893192461114","0.00046415888336127773","5000","298","42","0.0597880423915217","0.008598280343931213","0.14381270903010032","0.005608878224355128","1.1379731249073188","2023","2023"
"fig3a","1.584893192461114","0.0005411695265464637","5000","361","41","0.07238552289542091","0.008398320335932814","0.11602209944751382","0.004779044191161768","1.4396975585725045","2024","2024"
"fig3a","1.584893192461114","0.000630957344480193","5000","345","25","0.0691861627674465","0.005198960207958408","0.07514450867052024","0.001739652069586083","1.8276333862227148","2025","2025"
"fig3a","1.584893192461114","0.0007356422544596414","5000","394","17","0.07898420315936813","0.003599280143971206","0.04556962025316456","-0.00034993001399720057","2.3216098079683434","2026","2026"
"fig3a","1.584893192461114","0.0008576958985908946","5000","374","9","0.07498500299940011","0.001999600079984003","0.02666666666666667","-0.0017496500699860028","2.943911211614534","2027","2027"
"fig3a","1.584893192461114","0.001","5000","377","7","0.07558488302339532","0.0015996800639872025","0.021164021164021163","-0.0021795640871825634","3.730036689197277","2028","2028"
"fig3a","1.584893192461114","0.001165914401179831","5000","374","1","0.07498500299940011","0.0003999200159968006","0.005333333333333334","-0.0033493301339732055","4.7251413468789","2029","2029"
"fig3a","1.584893192461114","0.0013593563908785254","5000","398","0","0.07978404319136173","0.0001999600079984003","0.002506265664160401","-0.0037892421515696864","5.9861768066830905","2030","2030"
"fig3a","1.584893192461114","0.001584893192461114","5000","455","0","0.09118176364727054","0.0001999600079984003","0.0021929824561403508","-0.004359128174365127","7.584263965892291","2031","2031"
"fig3a","1.584893192461114","0.0018478497974222907","5000","468","0","0.09378124375124974","0.0001999600079984003","0.0021321961620469083","-0.004489102179564087","9.607105157795559","2032","2032"
"fig3a","1.584893192461114","0.002154434690031882","5000","402","0","0.08058388322335533","0.0001999600079984003","0.0024813895781637717","-0.003829234153169366","12.887563926620857","2033","2033"
"fig3a","1.584893192461114","0.0025118864315095794","5000","532","0","0.10657868426314737","0.0001999600079984003","0.001876172607879925","-0.0051289742051589685","15.373264342397391","2034","2034"
"fig3a","1.584893192461114","0.0029286445646252374","5000","557","0","0.11157768446310738","0.0001999600079984003","0.0017921146953405016","-0.005378924215156969","19.390993516870367","2035","2035"
"fig3a","1.584893192461114","0.003414548873833601","5000","646","0","0.129374125174965","0.0001999600079984003","0.001545595054095827","-0.006268746250749849","24.381541323686633","2036","2036"
"fig3a","1.584893192461114","0.003981071705534973","5000","677","0","0.13557288542291543","0.0001999600079984003","0.0014749262536873154","-0.0065786842631473715","30.528251083058194","2037","2037"
"fig3a","1.584893192461114","0.004641588833612782","5000","708","0","0.14177164567086584","0.0001999600079984003","0.001410437235543018","-0.006888622275544892","38.02463654467488","2038","2038"
"fig3a","1.584893192461114","0.0054116952654646375","5000","842","0","0.16856628674265148","0.0001999600079984003","0.0011862396204033213","-0.008228354329134175","47.06578242766204","2039","2039"
"fig3a","1.584893192461114","0.006309573444801929","5000","898","0","0.17976404719056188","0.0001999600079984003","0.0011123470522803114","-0.008788242351529694","57.837531331984735","2040","2040"
"fig3a","1.584893192461114","0.007356422544596414","5000","929","0","0.1859628074385123","0.0001999600079984003","0.001075268817204301","-0.009098180363927216","70.50434116203684","2041","2041"
"fig3a","1.584893192461114","0.008576958985908946","5000","1001","0","0.20035992801439712","0.0001999600079984003","0.000998003992015968","-0.009818036392721457","85.19712384603517","2042","2042"
"fig3a","1.584893192461114","0.01","5000","1032","0","0.20655868826234752","0.0001999600079984003","0.000968054211035818","-0.010127974405118978","102.00263711823868","2043","2043"
"fig3a","1.584893192461114","0.01165914401179831","5000","1077","0","0.21555688862227554","0.0001999600079984003","0.0009276437847866419","-0.010577884423115379","120.95602618507604","2044","2044"
"fig3a","1.584893192461114","0.013593563908785255","5000","1193","0","0.23875224955008997","0.0001999600079984003","0.0008375209380234506","-0.0117376524695061","142.0378886237787","2045","2045"
"fig3a","1.584893192461114","0.01584893192461114","5000","1211","0","0.24235152969406118","0.0001999600079984003","0.0008250825082508251","-0.01191761647670466","165.17681339252016","2046","2046"
"fig3a","1.584893192461114","0.018478497974222907","5000","1269","0","0.2539492101579684","0.0001999600079984003","0.0007874015748031496","-0.01249750049990002","190.25782347873945","2047","2047"
"fig3a","1.584893192461114","0.021544346900318843","5000","1284","0","0.2569486102779444","0.0001999600079984003","0.0007782101167315175","-0.012647470505898822","217.13666170660605","2048","2048"
"fig3a","1.584893192461114","0.025118864315095794","5000","1285","0","0.2571485702859428","0.0001999600079984003","0.0007776049766718507","-0.01265746850629874","245.6595383805947","2049","2049"
"fig3a","1.584893192461114","0.029286445646252372","5000","1270","0","0.25414917016596683","0.0001999600079984003","0.0007867820613690007","-0.012507498500299943","275.6879302204613","2050","2050"
"fig3a","1.584893192461114","0.034145488738336005","5000","1242","0","0.2485502899420116","0.0001999600079984003","0.0008045052292839903","-0.01222755448910218","307.12835089300034","2051","2051"
"fig3a","1.584893192461114","0.039810717055349734","5000","1245","0","0.2491501699660068","0.0001999600079984003","0.0008025682182985554","-0.012257548490301941","339.96758861428594","2052","2052"
"fig3a","1.584893192461114","0.046415888336127774","5000","1328","0","0.265746850629874","0.0001999600079984003","0.0007524454477050414","-0.013087382523495302","374.31391893453934","2053","2053"
"fig3a","1.584893192461114","0.054116952654646375","5000","1256","0","0.2513497300539892","0.0001999600079984003","0.0007955449482895784","-0.012367526494701062","410.4410185005211","2054","2054"
"fig3a","1.584893192461114","0.0630957344480193","5000","1228","0","0.24575084983003398","0.0001999600079984003","0.0008136696501220504","-0.0120875824835033","448.8141201613915","2055","2055"
"fig3a","1.584893192461114","0.07356422544596414","5000","1162","0","0.23255348930213957","0.0001999600079984003","0.0008598452278589854","-0.011427714457108579","490.034298346326","2056","2056"
"fig3a","1.584893192461114","0.08576958985908938","5000","1165","0","0.23315336932613479","0.0001999600079984003","0.0008576329331046311","-0.01145770845830834","534.6073220628209","2057","2057"
"fig3a","1.584893192461114","0.1","5000","1083","0","0.21675664867026595","0.0001999600079984003","0.0009225092250922509","-0.010637872425514899","582.5853346227077","2058","2058"
"fig3a","1.584893192461114","0.11659144011798311","5000","1088","0","0.21775644871025795","0.0001999600079984003","0.0009182736455463728","-0.010687862427514499","633.3583149865974","2059","2059"
"fig3a","1.584893192461114","0.13593563908785256","5000","972","0","0.19456108778244352","0.0001999600079984003","0.001027749229188078","-0.009528094381123777","688.1031565686023","2060","2060"
"fig3a","1.584893192461114","0.1584893192461114","5000","991","0","0.1983603279344131","0.0001999600079984003","0.0010080645161290322","-0.009718056388722257","749.6905365529778","2061","2061"
"fig3a","1.584893192461114","0.18478497974222907","5000","999","0","0.19996000799840033","0.0001999600079984003","0.0009999999999999998","-0.009798040391921618","820.3740353017356","2062","2062"
"fig3a","1.584893192461114","0.21544346900318845","5000","917","0","0.1835632873425315","0.0001999600079984003","0.0010893246187363833","-0.008978204359128175","903.3409892935169","2063","2063"
"fig3a","1.584893192461114","0.25118864315095796","5000","882","0","0.1765646870625875","0.0001999600079984003","0.001132502831257078","-0.008628274345130976","1003.2270992194474","2064","2064"
"fig3a","1.584893192461114","0.29286445646252374","5000","836","0","0.16736652669466107","0.0001999600079984003","0.0011947431302270011","-0.008168366326734655","1127.0033398500275","2065","2065"
"fig3a","1.584893192461114","0.34145488738336005","5000","853","0","0.17076584683063387","0.0001999600079984003","0.00117096018735363","-0.008338332333533293","1285.576342820704","2066","2066"
"fig3a","1.584893192461114","0.3981071705534973","5000","814","0","0.16296740651869626","0.0001999600079984003","0.0012269938650306747","-0.007948410317936415","1496.8427588958414","2067","2067"
"fig3a","1.584893192461114","0.46415888336127775","5000","749","0","0.14997000599880023","0.0001999600079984003","0.0013333333333333335","-0.007298540291941612","1791.9324234794722","2068","2068"
"fig3a","1.584893192461114","0.5411695265464638","5000","728","0","0.14577084583083383","0.0001999600079984003","0.0013717421124828531","-0.007088582283543292","2229.1062796993124","2069","2069"
"fig3a","1.584893192461114","0.630957344480193","5000","669","0","0.1339732053589282","0.0001999600079984003","0.0014925373134328358","-0.00649870025994801","2928.2656969360387","2070","2070"
"fig3a","1.584893192461114","0.7356422544596414","5000","624","0","0.1249750049990002","0.0001999600079984003","0.0015999999999999999","-0.00604879024195161","4170.078958305542","2071","2071"
"fig3a","1.584893192461114","0.8576958985908937","5000","598","0","0.11977604479104179","0.0001999600079984003","0.001669449081803005","-0.005788842231553689","6745.971879769459","2072","2072"
"fig3a","1.584893192461114","1.0","5000","536","0","0.10737852429514097","0.0001999600079984003","0.00186219739292365","-0.005168966206758648","13664.452023063051","2073","2073"
"fig3a","1.8478497974222907","0.0001","5000","425","326","0.08518296340731854","0.0653869226154769","0.7676056338028169","0.06112777444511098","0.11983633722783793","2074","2074"
"fig3a","1.8478497974222907","0.00011659144011798323","5000","472","315","0.09458108378324336","0.0631873625274945","0.6680761099365751","0.058458308338332335","0.14701895283718613","2075","2075"
"fig3a","1.8478497974222907","0.00013593563908785255","5000","446","242","0.08938212357528494","0.04859028194361128","0.5436241610738255","0.04412117576484703","0.1812650905331452","2076","2076"
"fig3a","1.8478497974222907","0.00015848931924611142","5000","471","266","0.09438112377524495","0.05338932213557288","0.5656779661016949","0.048670265946810634","0.22462454225484407","2077","2077"
"fig3a","1.8478497974222907","0.00018478497974222906","5000","472","206","0.09458108378324336","0.041391721655668866","0.43763213530655387","0.0366626674665067","0.2797802413114141","2078","2078"
"fig3a","1.8478497974222907","0.00021544346900318845","5000","464","224","0.09298140371925614","0.04499100179964007","0.4838709677419355","0.040341931613677266","0.3502462090340259","2079","2079"
"fig3a","1.8478497974222907","0.00025118864315095795","5000","462","187","0.09258148370325935","0.03759248150369926","0.4060475161987041","0.032963407318536295","0.440625029166938","2080","2080"
"fig3a","1.8478497974222907","0.00029286445646252375","5000","415","140","0.08318336332733453","0.028194361127774445","0.3389423076923077","0.024035192961407718","0.5569408398266091","2081","2081"
"fig3a","1.8478497974222907","0.0003414548873833601","5000","453","109","0.09078184363127374","0.021995600879824034","0.2422907488986784","0.017456508698260348","0.7070669879780098","2082","2082"
"fig3a","1.8478497974222907","0.00039810717055349735","5000","426","84","0.08538292341531693","0.016996600679864027","0.1990632318501171","0.01272745450909818","0.901270608596235","2083","2083"
"fig3a","1.8478497974222907","0.00046415888336127773","5000","422","75","0.08458308338332333","0.015196960607878424","0.1796690307328605","0.010967806438712258","1.152899001805082","2084","2084"
"fig3a","1.8478497974222907","0.0005411695265464637","5000","487","32","0.09758048390321936","0.0065986802639472104","0.06762295081967214","0.0017196560687862423","1.479192229816988","2085","2085"
"fig3a","1.8478497974222907","0.000630957344480193","5000","438","25","0.08778244351129774","0.005198960207958408","0.0592255125284738","0.0008098380323935212","1.894778369501239","2086","2086"
"fig3a","1.8478497974222907","0.0007356422544596414","5000","512","25","0.10257948410317937","0.005198960207958408","0.050682261208576995","6.998600279943968e-05","2.4191832889821967","2087","2087"
"fig3a","1.8478497974222907","0.0008576958985908946","5000","499","22","0.09998000399920016","0.004599080183963208","0.046","-0.0003999200159968009","3.08319309956309","2088","2088"
"fig3a","1.8478497974222907","0.001","5000","512","8","0.10257948410317937","0.001799640071985603","0.017543859649122806","-0.0033293341331733653","3.9262885207236593","2089","2089"
"fig3a","1.8478497974222907","0.001165914401179831","5000","515","4","0.10317936412717456","0.0009998000399920016","0.009689922480620155","-0.004159168166366727","4.998788203361869","2090","2090"
"fig3a","1.8478497974222907","0.0013593563908785254","5000","544","2","0.10897820435912818","0.0005998800239952009","0.005504587155963302","-0.004849030193961209","6.364280457045652","2091","2091"
"fig3a","1.8478497974222907","0.001584893192461114","5000","577","3","0.11557688462307539","0.0007998400319936012","0.006920415224913494","-0.004979004199160169","8.102226985000073","2092","2092"
"fig3a","1.8478497974222907","0.0018478497974222907","5000","623","0","0.1247750449910018","0.0001999600079984003","0.0016025641025641025","-0.0060387922415516895","10.310513428071431","2093","2093"
"fig3a","1.8478497974222907","0.002154434690031882","5000","590","0","0.11817636472705459","0.0001999600079984003","0.001692047377326565","-0.005708858228354329","13.10758398739381","2094","2094"
"fig3a","1.8478497974222907","0.0025118864315095794","5000","718","0","0.14377124575084982","0.0001999600079984003","0.0013908205841446455","-0.006988602279544091","16.633650269770953","2095","2095"
"fig3a","1.8478497974222907","0.0029286445646252374","5000","714","0","0.14297140571885622","0.0001999600079984003","0.0013986013986013986","-0.006948610277944411","21.050346674480494","2096","2096"
"fig3a","1.8478497974222907","0.003414548873833601","5000","829","0","0.16596680663867228","0.0001999600079984003","0.0012048192771084336","-0.008098380323935214","26.538172991691454","2097","2097"
"fig3a","1.8478497974222907","0.003981071705534973","5000","842","0","0.16856628674265148","0.0001999600079984003","0.0011862396204033213","-0.008228354329134175","33.29118070199729","2098","2098"
"fig3a","1.8478497974222907","0.004641588833612782","5000","899","0","0.1799640071985603","0.0001999600079984003","0.0011111111111111111","-0.008798240351929614","41.508662757455966","2099","2099"
"fig3a","1.8478497974222907","0.0054116952654646375","5000","1000","0","0.2001599680063987","0.0001999600079984003","0.000999000999000999","-0.009808038392321536","51.384087115443066","2100","2100"
"fig3a","1.8478497974222907","0.006309573444801929","5000","1010","0","0.20215956808638272","0.0001999600079984003","0.0009891196834817012","-0.009908018396320738","63.092095793792396","2101","2101"
"fig3a","1.8478497974222907","0.007356422544596414","5000","1080","0","0.21615676864627076","0.0001999600079984003","0.0009250693802035152","-0.01060787842431514","76.77494372118252","2102","2102"
"fig3a","1.8478497974222907","0.008576958985908946","5000","1153","0","0.23075384923015396","0.0001999600079984003","0.0008665511265164644","-0.0113377324535093","92.53013115972797","2103","2103"
"fig3a","1.8478497974222907","0.01","5000","1246","0","0.24935012997400519","0.0001999600079984003","0.0008019246190858059","-0.01226754649070186","110.40108195373534","2104","2104"
"fig3a","1.8478497974222907","0.01165914401179831","5000","1296","0","0.25934813037392523","0.0001999600079984003","0.0007710100231303007","-0.012767446510697862","130.37250184632688","2105","2105"
"fig3a","1.8478497974222907","0.013593563908785255","5000","1300","0","0.2601479704059188","0.0001999600079984003","0.0007686395080707148","-0.012807438512297542","152.3715627093123","2106","2106"
"fig3a","1.8478497974222907","0.01584893192461114","5000","1273","0","0.254749050189962","0.0001999600079984003","0.0007849293563579277","-0.012537492501499702","176.2754107040878","2107","2107"
"fig3a","1.8478497974222907","0.018478497974222907","5000","1328","0","0.265746850629874","0.0001999600079984003","0.0007524454477050414","-0.013087382523495302","201.92483454827658","2108","2108"
"fig3a","1.8478497974222907","0.021544346900318843","5000","1303","0","0.260747850429914","0.0001999600079984003","0.0007668711656441718","-0.012837432513497301","229.1434026883311","2109","2109"
"fig3a","1.8478497974222907","0.025118864315095794","5000","1380","0","0.2761447710457908","0.0001999600079984003","0.0007241129616220131","-0.013607278544291142","257.7611119050834","2110","2110"
"fig3a","1.8478497974222907","0.029286445646252372","5000","1471","0","0.2943411317736453","0.0001999600079984003","0.0006793478260869564","-0.014517096580683866","287.641669914251","2111","2111"
"fig3a","1.8478497974222907","0.034145488738336005","5000","1366","0","0.27334533093381325","0.0001999600079984003","0.0007315288953913679","-0.013467306538692263","318.7129676493284","2112","2112"
"fig3a","1.8478497974222907","0.039810717055349734","5000","1398","0","0.27974405118976203","0.0001999600079984003","0.0007147962830593281","-0.013787242551489703","351.0008614554627","2113","2113"
"fig3a","1.8478497974222907","0.046415888336127774","5000","1385","0","0.27714457108578283","0.0001999600079984003","0.0007215007215007215","-0.013657268546290742","384.66604071806483","2114","2114"
"fig3a","1.8478497974222907","0.054116952654646375","5000","1324","0","0.26494701059788045","0.0001999600079984003","0.0007547169811320753","-0.013047390521895623","420.03877542646154","2115","2115"
"fig3a","1.8478497974222907","0.0630957344480193","5000","1324","0","0.26494701059788045","0.0001999600079984003","0.0007547169811320753","-0.013047390521895623","457.6270884253317","2116","2116"
"fig3a","1.8478497974222907","0.07356422544596414","5000","1204","0","0.2409518096380724","0.0001999600079984003","0.0008298755186721991","-0.01184763047390522","498.0337089677765","2117","2117"
"fig3a","1.8478497974222907","0.08576958985908938","5000","1208","0","0.241751649670066","0.0001999600079984003","0.0008271298593879239","-0.0118876224755049","541.7149981713758","2118","2118"
"fig3a","1.8478497974222907","0.1","5000","1208","0","0.241751649670066","0.0001999600079984003","0.0008271298593879239","-0.0118876224755049","588.6779711342192","2119","2119"
"fig3a","1.8478497974222907","0.11659144011798311","5000","1157","0","0.23155368926214756","0.0001999600079984003","0.0008635578583765112","-0.011377724455108979","638.3576455013861","2120","2120"
"fig3a","1.8478497974222907","0.13593563908785256","5000","1155","0","0.23115376924615078","0.0001999600079984003","0.0008650519031141868","-0.01135772845430914","691.7833438668574","2121","2121"
"fig3a","1.8478497974222907","0.1584893192461114","5000","1108","0","0.22175564887022595","0.0001999600079984003","0.0009017132551848512","-0.010887822435512898","751.9067130266963","2122","2122"
"fig3a","1.8478497974222907","0.18478497974222907","5000","1069","0","0.21395720855828834","0.0001999600079984003","0.0009345794392523364","-0.010497900419916018","820.9133368178605","2123","2123"
"fig3a","1.8478497974222907","0.21544346900318845","5000","1039","0","0.20795840831833634","0.0001999600079984003","0.0009615384615384615","-0.010197960407918418","901.8989471463901","2124","2124"
"fig3a","1.8478497974222907","0.25118864315095796","5000","1016","0","0.20335932813437313","0.0001999600079984003","0.000983284169124877","-0.009968006398720258","999.3864162882469","2125","2125"
"fig3a","1.8478497974222907","0.29286445646252374","5000","1039","0","0.20795840831833634","0.0001999600079984003","0.0009615384615384615","-0.010197960407918418","1120.2253343694993","2126","2126"
"fig3a","1.8478497974222907","0.34145488738336005","5000","967","0","0.19356128774245152","0.0001999600079984003","0.0010330578512396695","-0.009478104379124178","1275.2394460662083","2127","2127"
"fig3a","1.8478497974222907","0.3981071705534973","5000","915","0","0.18316336732653468","0.0001999600079984003","0.001091703056768559","-0.008958208358328335","1482.4306645587653","2128","2128"
"fig3a","1.8478497974222907","0.46415888336127775","5000","931","0","0.1863627274545091","0.0001999600079984003","0.001072961373390558","-0.009118176364727056","1773.687785524265","2129","2129"
"fig3a","1.8478497974222907","0.5411695265464638","5000","879","0","0.17596480703859227","0.0001999600079984003","0.0011363636363636363","-0.008598280343931215","2210.1921513481466","2130","2130"
"fig3a","1.8478497974222907","0.630957344480193","5000","808","0","0.16176764647070585","0.0001999600079984003","0.0012360939431396787","-0.007888422315536893","2922.260228323916","2131","2131"
"fig3a","1.8478497974222907","0.7356422544596414","5000","787","0","0.15756848630273945","0.0001999600079984003","0.0012690355329949238","-0.007678464307138572","4230.2221094233055","2132","2132"
"fig3a","1.8478497974222907","0.8576958985908937","5000","761","0","0.15236952609478105","0.0001999600079984003","0.0013123359580052493","-0.007418516296740652","7105.289621397824","2133","2133"
"fig3a","1.8478497974222907","1.0","5000","755","0","0.15116976604679064","0.0001999600079984003","0.0013227513227513227","-0.007358528294341132","15698.640049635043","2134","2134"
"fig3a","2.1544346900318843","0.0001","5000","602","471","0.1205758848230354","0.09438112377524495","0.7827529021558872","0.08835232953409318","0.03009033521456672","2135","2135"
"fig3a","2.1544346900318843","0.00011659144011798323","5000","635","446","0.1271745650869826","0.08938212357528494","0.7028301886792453","0.0830233953209358","0.04357428039710953","2136","2136"
"fig3a","2.1544346900318843","0.00013593563908785255","5000","672","397","0.13457308538292342","0.07958408318336332","0.5913818722139672","0.07285542891421715","0.06226158247125113","2137","2137"
"fig3a","2.1544346900318843","0.00015848931924611142","5000","603","348","0.12077584483103379","0.06978604279144171","0.5778145695364238","0.06374725054989003","0.08803291763118182","2138","2138"
"fig3a","2.1544346900318843","0.00018478497974222906","5000","628","311","0.12577484503099381","0.0623875224955009","0.4960254372019077","0.05609878024395121","0.123419299895005","2139","2139"
"fig3a","2.1544346900318843","0.00021544346900318845","5000","659","270","0.13197360527894422","0.05418916216756649","0.4106060606060606","0.047590481903619274","0.17181649262073506","2140","2140"
"fig3a","2.1544346900318843","0.00025118864315095795","5000","640","246","0.1281743651269746","0.04939012197560488","0.38533541341653665","0.04298140371925614","0.23776518106828348","2141","2141"
"fig3a","2.1544346900318843","0.00029286445646252375","5000","652","215","0.1305738852229554","0.04319136172765447","0.33078101071975496","0.0366626674665067","0.32731449930099643","2142","2142"
"fig3a","2.1544346900318843","0.0003414548873833601","5000","623","158","0.1247750449910018","0.03179364127174565","0.2548076923076923","0.025554889022195562","0.4484898195459266","2143","2143"
"fig3a","2.1544346900318843","0.00039810717055349735","5000","672","144","0.13457308538292342","0.028994201159768047","0.21545319465081722","0.022265546890621876","0.6118888604405583","2144","2144"
"fig3a","2.1544346900318843","0.00046415888336127773","5000","654","88","0.13097380523895222","0.01779644071185763","0.13587786259541984","0.011247750449910016","0.8314325807708656","2145","2145"
"fig3a","2.1544346900318843","0.0005411695265464637","5000","598","64","0.11977604479104179","0.012997400519896021","0.10851419031719534","0.007008598280343932","1.1205676097217747","2146","2146"
"fig3a","2.1544346900318843","0.000630957344480193","5000","608","36","0.1217756448710258","0.007398520295940812","0.060755336617405585","0.001309738052389522","1.4895276581067662","2147","2147"
"fig3a","2.1544346900318843","0.0007356422544596414","5000","630","34","0.1261747650469906","0.006998600279944011","0.0554675118858954","0.0006898620275944808","1.9617065912171086","2148","2148"
"fig3a","2.1544346900318843","0.0008576958985908946","5000","645","19","0.12917416516696661","0.003999200159968006","0.03095975232198142","-0.0024595080983803247","2.5679712325188575","2149","2149"
"fig3a","2.1544346900318843","0.001","5000","670","13","0.1341731653669266","0.0027994401119776045","0.020864381520119227","-0.003909218156368726","3.348334135592154","2150","2150"
"fig3a","2.1544346900318843","0.001165914401179831","5000","667","3","0.13357328534293142","0.0007998400319936012","0.005988023952095808","-0.00587882423515297","4.354323804586841","2151","2151"
"fig3a","2.1544346900318843","0.0013593563908785254","5000","730","2","0.14617076584683064","0.0005998800239952009","0.004103967168262653","-0.006708658268346332","5.6517024057073115","2152","2152"
"fig3a","2.1544346900318843","0.001584893192461114","5000","761","1","0.15236952609478105","0.0003999200159968006","0.0026246719160104987","-0.007218556288742252","7.3234012240043285","2153","2153"
"fig3a","2.1544346900318843","0.0018478497974222907","5000","806","0","0.16136772645470907","0.0001999600079984003","0.001239157372986369","-0.007868426314737054","9.472410647351609","2154","2154"
"fig3a","2.1544346900318843","0.002154434690031882","5000","842","0","0.16856628674265148","0.0001999600079984003","0.0011862396204033213","-0.008228354329134175","12.224190377291137","2155","2155"
"fig3a","2.1544346900318843","0.0025118864315095794","5000","901","0","0.1803639272145571","0.0001999600079984003","0.0011086474501108645","-0.008818236352729455","15.727983266256274","2156","2156"
"fig3a","2.1544346900318843","0.0029286445646252374","5000","1018","0","0.20375924815036991","0.0001999600079984003","0.0009813542688910696","-0.009988002399520097","20.15627732700409","2157","2157"
"fig3a","2.1544346900318843","0.003414548873833601","5000","981","0","0.19636072785442912","0.0001999600079984003","0.0010183299389002036","-0.009618076384723057","25.701643960582203","2158","2158"
"fig3a","2.1544346900318843","0.003981071705534973","5000","1063","0","0.21275744851029793","0.0001999600079984003","0.0009398496240601504","-0.010437912417516498","32.570366149638886","2159","2159"
"fig3a","2.1544346900318843","0.004641588833612782","5000","1123","0","0.22475504899020196","0.0001999600079984003","0.0008896797153024911","-0.0110377924415117","40.97269799743492","2160","2160"
"fig3a","2.1544346900318843","0.0054116952654646375","5000","1142","0","0.22855428914217157","0.0001999600079984003","0.0008748906386701661","-0.011227754449110179","51.11022581354962","2161","2161"
"fig3a","2.1544346900318843","0.006309573444801929","5000","1248","0","0.249750049990002","0.0001999600079984003","0.0008006405124099279","-0.0122875424915017","63.161499124200816","2162","2162"
"fig3a","2.1544346900318843","0.007356422544596414","5000","1306","0","0.26134773045390924","0.0001999600079984003","0.0007651109410864574","-0.012867426514697064","77.26768135801092","2163","2163"
"fig3a","2.1544346900318843","0.008576958985908946","5000","1323","0","0.264747050589882","0.0001999600079984003","0.0007552870090634441","-0.013037392521495703","93.52026449434143","2164","2164"
"fig3a","2.1544346900318843","0.01","5000","1329","0","0.2659468106378724","0.0001999600079984003","0.0007518796992481203","-0.013097380523895221","111.95281108689613","2165","2165"
"fig3a","2.1544346900318843","0.01165914401179831","5000","1369","0","0.27394521095780844","0.0001999600079984003","0.00072992700729927","-0.013497300539892024","132.5382498424595","2166","2166"
"fig3a","2.1544346900318843","0.013593563908785255","5000","1386","0","0.27734453109378127","0.0001999600079984003","0.0007209805335255948","-0.013667266546690664","155.1925658575547","2167","2167"
"fig3a","2.1544346900318843","0.01584893192461114","5000","1384","0","0.27694461107778445","0.0001999600079984003","0.0007220216606498195","-0.013647270545890823","179.78494922144972","2168","2168"
"fig3a","2.1544346900318843","0.018478497974222907","5000","1370","0","0.2741451709658068","0.0001999600079984003","0.0007293946024799417","-0.013507298540291942","206.1537556785076","2169","2169"
"fig3a","2.1544346900318843","0.021544346900318843","5000","1444","0","0.28894221155768846","0.0001999600079984003","0.0006920415224913495","-0.014247150569886024","234.12712324260798","2170","2170"
"fig3a","2.1544346900318843","0.025118864315095794","5000","1410","0","0.28214357128574286","0.0001999600079984003","0.0007087172218284903","-0.013907218556288743","263.54686465308697","2171","2171"
"fig3a","2.1544346900318843","0.029286445646252372","5000","1398","0","0.27974405118976203","0.0001999600079984003","0.0007147962830593281","-0.013787242551489703","294.29433164147764","2172","2172"
"fig3a","2.1544346900318843","0.034145488738336005","5000","1437","0","0.28754249150169964","0.0001999600079984003","0.0006954102920723227","-0.014177164567086583","326.3171936812458","2173","2173"
"fig3a","2.1544346900318843","0.039810717055349734","5000","1417","0","0.2835432913417317","0.0001999600079984003","0.000705218617771509","-0.013977204559088185","359.6559644150952","2174","2174"
"fig3a","2.1544346900318843","0.046415888336127774","5000","1399","0","0.27994401119776047","0.0001999600079984003","0.0007142857142857142","-0.013797240551889625","394.4669818682366","2175","2175"
"fig3a","2.1544346900318843","0.054116952654646375","5000","1310","0","0.2621475704859028","0.0001999600079984003","0.0007627765064836003","-0.012907418516296742","431.03033887059377","2176","2176"
"fig3a","2.1544346900318843","0.0630957344480193","5000","1346","0","0.2693461307738452","0.0001999600079984003","0.0007423904974016332","-0.013267346530693863","469.7128412493525","2177","2177"
"fig3a","2.1544346900318843","0.07356422544596414","5000","1284","0","0.2569486102779444","0.0001999600079984003","0.0007782101167315175","-0.012647470505898822","510.84539875652064","2178","2178"
"fig3a","2.1544346900318843","0.08576958985908938","5000","1209","0","0.2419516096780644","0.0001999600079984003","0.0008264462809917355","-0.01189762047590482","554.5347438807726","2179","2179"
"fig3a","2.1544346900318843","0.1","5000","1179","0","0.23595280943811237","0.0001999600079984003","0.000847457627118644","-0.011597680463907219","600.5396100978849","2180","2180"
"fig3a","2.1544346900318843","0.11659144011798311","5000","1163","0","0.23275344931013797","0.0001999600079984003","0.000859106529209622","-0.011437712457508499","648.4914502348058","2181","2181"
"fig3a","2.1544346900318843","0.13593563908785256","5000","1140","0","0.22815436912617476","0.0001999600079984003","0.0008764241893076249","-0.011207758448310338","700.5408733919871","2182","2182"
"fig3a","2.1544346900318843","0.1584893192461114","5000","1121","0","0.22435512897420515","0.0001999600079984003","0.0008912655971479501","-0.01101779644071186","758.6976656535137","2183","2183"
"fig3a","2.1544346900318843","0.18478497974222907","5000","1132","0","0.22655468906218756","0.0001999600079984003","0.0008826125330979699","-0.01112777444511098","825.0412153274392","2184","2184"
"fig3a","2.1544346900318843","0.21544346900318845","5000","1141","0","0.22835432913417317","0.0001999600079984003","0.0008756567425569177","-0.011217756448710259","902.5347113401976","2185","2185"
"fig3a","2.1544346900318843","0.25118864315095796","5000","1160","0","0.23215356928614278","0.0001999600079984003","0.0008613264427217915","-0.01140771845630874","995.5226654525113","2186","2186"
"fig3a","2.1544346900318843","0.29286445646252374","5000","1105","0","0.22115576884623075","0.0001999600079984003","0.0009041591320072332","-0.01085782843431314","1110.6057619425662","2187","2187"
"fig3a","2.1544346900318843","0.34145488738336005","5000","1075","0","0.21515696860627875","0.0001999600079984003","0.0009293680297397769","-0.010557888422315538","1258.2600351923431","2188","2188"
"fig3a","2.1544346900318843","0.3981071705534973","5000","1080","0","0.21615676864627076","0.0001999600079984003","0.0009250693802035152","-0.01060787842431514","1456.0240173474836","2189","2189"
"fig3a","2.1544346900318843","0.46415888336127775","5000","1023","0","0.20475904819036192","0.0001999600079984003","0.0009765625","-0.010037992401519697","1735.2661636414882","2190","2190"
"fig3a","2.1544346900318843","0.5411695265464638","5000","1023","0","0.20475904819036192","0.0001999600079984003","0.0009765625","-0.010037992401519697","2156.9925618402594","2191","2191"
"fig3a","2.1544346900318843","0.630957344480193","5000","1027","0","0.20555888822235552","0.0001999600079984003","0.0009727626459143969","-0.010077984403119376","2853.629507596973","2192","2192"
"fig3a","2.1544346900318843","0.7356422544596414","5000","974","0","0.1949610077984403","0.0001999600079984003","0.0010256410256410256","-0.009548090381923616","4159.568662631129","2193","2193"
"fig3a","2.1544346900318843","0.8576958985908937","5000","978","0","0.1957608478304339","0.0001999600079984003","0.0010214504596527069","-0.009588082383523296","7130.847740759302","2194","2194"
"fig3a","2.1544346900318843","1.0","5000","975","0","0.1951609678064387","0.0001999600079984003","0.0010245901639344263","-0.009558088382323537","16619.166985028165","2195","2195"
"fig3a","2.5118864315095797","0.0001","5000","956","739","0.1913617276544691","0.14797040591881624","0.7732497387669802","0.13840231953609278","-0.08860093086119036","2196","2196"
"fig3a","2.5118864315095797","0.00011659144011798323","5000","985","667","0.19716056788642272","0.13357328534293142","0.6774847870182555","0.12371525694861028","-0.09416817439216629","2197","2197"
"fig3a","2.5118864315095797","0.00013593563908785255","5000","962","632","0.1925614877024595","0.1265746850629874","0.6573208722741434","0.11694661067786444","-0.09747007475027658","2198","2198"
"fig3a","2.5118864315095797","0.00015848931924611142","5000","946","555","0.1893621275744851","0.11117776444711058","0.5871172122492081","0.10170965806838633","-0.09703764327827002","2199","2199"
"fig3a","2.5118864315095797","0.00018478497974222906","5000","947","532","0.1895620875824835","0.10657868426314737","0.5622362869198313","0.0971005798840232","-0.09079502482646262","2200","2200"
"fig3a","2.5118864315095797","0.00021544346900318845","5000","938","465","0.1877624475104979","0.09318136372725455","0.496272630457934","0.08379324135172966","-0.07584467356818436","2201","2201"
"fig3a","2.5118864315095797","0.00025118864315095795","5000","974","387","0.1949610077984403","0.07758448310337933","0.397948717948718","0.06783643271345731","-0.048184638332600116","2202","2202"
"fig3a","2.5118864315095797","0.00029286445646252375","5000","942","324","0.1885622875424915","0.0649870025994801","0.3446447507953341","0.05555888822235553","-0.0023396056544697785","2203","2203"
"fig3a","2.5118864315095797","0.0003414548873833601","5000","975","296","0.1951609678064387","0.0593881223755249","0.3043032786885246","0.04963007398520296","0.06911608700113447","2204","2204"
"fig3a","2.5118864315095797","0.00039810717055349735","5000","932","228","0.1865626874625075","0.04579084183163367","0.24544480171489816","0.0364627074585083","0.17616848674538232","2205","2205"
"fig3a","2.5118864315095797","0.00046415888336127773","5000","908","150","0.1817636472705459","0.030193961207758448","0.16611661166116612","0.021105778844231152","0.3321345441075323","2206","2206"
"fig3a","2.5118864315095797","0.0005411695265464637","5000","930","125","0.1861627674465107","0.02519496100779844","0.13533834586466165","0.015886822635472905","0.552069159421535","2207","2207"
"fig3a","2.5118864315095797","0.000630957344480193","5000","922","83","0.1845630873825235","0.016796640671865627","0.09100758396533044","0.007568486302739453","0.8413299553863567","2208","2208"
"fig3a","2.5118864315095797","0.0007356422544596414","5000","932","82","0.1865626874625075","0.016596680663867228","0.08896034297963558","0.0072685462907418515","1.2192641282605905","2209","2209"
"fig3a","2.5118864315095797","0.0008576958985908946","5000","946","39","0.1893621275744851","0.007998400319936013","0.042238648363252376","-0.0014697060587882428","1.714161092065467","2210","2210"
"fig3a","2.5118864315095797","0.001","5000","1003","34","0.20075984803039393","0.006998600279944011","0.0348605577689243","-0.0030393921215756854","2.363129666579141","2211","2211"
"fig3a","2.5118864315095797","0.001165914401179831","5000","1050","20","0.21015796840631873","0.004199160167966407","0.019980970504281638","-0.00630873825234953","3.2145195721064965","2212","2212"
"fig3a","2.5118864315095797","0.0013593563908785254","5000","1063","6","0.21275744851029793","0.0013997200559888023","0.006578947368421053","-0.009238152369526095","4.330753207267264","2213","2213"
"fig3a","2.5118864315095797","0.001584893192461114","5000","1127","5","0.22555488902219556","0.0011997600479904018","0.005319148936170213","-0.010077984403119376","5.791458911527144","2214","2214"
"fig3a","2.5118864315095797","0.0018478497974222907","5000","1167","0","0.23355328934213157","0.0001999600079984003","0.0008561643835616438","-0.01147770445910818","7.696656414087215","2215","2215"
"fig3a","2.5118864315095797","0.002154434690031882","5000","1249","0","0.2499500099980004","0.0001999600079984003","0.0007999999999999999","-0.012297540491901621","10.16955544693019","2216","2216"
"fig3a","2.5118864315095797","0.0025118864315095794","5000","1301","0","0.26034793041391724","0.0001999600079984003","0.0007680491551459292","-0.012817436512697462","13.358314307091064","2217","2217"
"fig3a","2.5118864315095797","0.0029286445646252374","5000","1287","0","0.2575484903019396","0.0001999600079984003","0.0007763975155279503","-0.012677464507098581","17.435926548113912","2218","2218"
"fig3a","2.5118864315095797","0.003414548873833601","5000","1408","0","0.28174365126974604","0.0001999600079984003","0.0007097232079489","-0.013887222555488903","22.597355627231195","2219","2219"
"fig3a","2.5118864315095797","0.003981071705534973","5000","1412","0","0.28254349130173967","0.0001999600079984003","0.0007077140835102618","-0.013927214557088584","29.05322241302639","2220","2220"
"fig3a","2.5118864315095797","0.004641588833612782","5000","1483","0","0.29674065186962606","0.0001999600079984003","0.0006738544474393531","-0.014637072585482904","37.0198272877021","2221","2221"
"fig3a","2.5118864315095797","0.0054116952654646375","5000","1455","0","0.29114177164567084","0.0001999600079984003","0.0006868131868131869","-0.014357128574285144","46.70601318367872","2222","2222"
"fig3a","2.5118864315095797","0.006309573444801929","5000","1441","0","0.28834233153369326","0.0001999600079984003","0.0006934812760055479","-0.014217156568686265","58.2981836731808","2223","2223"
"fig3a","2.5118864315095797","0.007356422544596414","5000","1521","0","0.3043391321735653","0.0001999600079984003","0.000657030223390276","-0.015016996600679865","71.94544618337741","2224","2224"
"fig3a","2.5118864315095797","0.008576958985908946","5000","1560","0","0.3121375724855029","0.0001999600079984003","0.0006406149903907751","-0.015406918616276745","87.74714863527663","2225","2225"
"fig3a","2.5118864315095797","0.01","5000","1557","0","0.3115376924615077","0.0001999600079984003","0.0006418485237483953","-0.015376924615076986","105.74492946333305","2226","2226"
"fig3a","2.5118864315095797","0.01165914401179831","5000","1581","0","0.3163367326534693","0.0001999600079984003","0.0006321112515802782","-0.015616876624675067","125.92085916026974","2227","2227"
"fig3a","2.5118864315095797","0.013593563908785255","5000","1573","0","0.3147370525894821","0.0001999600079984003","0.0006353240152477764","-0.015536892621475704","148.20247121894232","2228","2228"
"fig3a","2.5118864315095797","0.01584893192461114","5000","1573","0","0.3147370525894821","0.0001999600079984003","0.0006353240152477764","-0.015536892621475704","172.47465161434815","2229","2229"
"fig3a","2.5118864315095797","0.018478497974222907","5000","1554","0","0.3109378124375125","0.0001999600079984003","0.0006430868167202571","-0.015346930613877227","198.5976479551117","2230","2230"
"fig3a","2.5118864315095797","0.021544346900318843","5000","1506","0","0.30133973205358927","0.0001999600079984003","0.0006635700066357001","-0.014867026594681065","226.4299881943699","2231","2231"
"fig3a","2.5118864315095797","0.025118864315095794","5000","1550","0","0.3101379724055189","0.0001999600079984003","0.0006447453255963894","-0.015306938612277545","255.85490342521484","2232","2232"
"fig3a","2.5118864315095797","0.029286445646252372","5000","1485","0","0.2971405718856229","0.0001999600079984003","0.0006729475100942127","-0.014657068586282745","286.80882350138216","2233","2233"
"fig3a","2.5118864315095797","0.034145488738336005","5000","1452","0","0.29054189162167565","0.0001999600079984003","0.0006882312456985547","-0.014327134573085383","319.3101278361066","2234","2234"
"fig3a","2.5118864315095797","0.039810717055349734","5000","1461","0","0.2923415316936613","0.0001999600079984003","0.0006839945280437756","-0.014417116576684666","353.48368638823536","2235","2235"
"fig3a","2.5118864315095797","0.046415888336127774","5000","1384","0","0.27694461107778445","0.0001999600079984003","0.0007220216606498195","-0.013647270545890823","389.5665497002978","2236","2236"
"fig3a","2.5118864315095797","0.054116952654646375","5000","1334","0","0.2669466106778644","0.0001999600079984003","0.000749063670411985","-0.013147370525894821","427.85670905439014","2237","2237"
"fig3a","2.5118864315095797","0.0630957344480193","5000","1366","0","0.27334533093381325","0.0001999600079984003","0.0007315288953913679","-0.013467306538692263","468.5597660745655","2238","2238"
"fig3a","2.5118864315095797","0.07356422544596414","5000","1307","0","0.2615476904619076","0.0001999600079984003","0.0007645259938837921","-0.012877424515096983","511.59176080359686","2239","2239"
"fig3a","2.5118864315095797","0.08576958985908938","5000","1191","0","0.2383523295340932","0.0001999600079984003","0.0008389261744966443","-0.011717656468706261","556.5251523875813","2240","2240"
"fig3a","2.5118864315095797","0.1","5000","1167","0","0.23355328934213157","0.0001999600079984003","0.0008561643835616438","-0.01147770445910818","602.7217498643959","2241","2241"
"fig3a","2.5118864315095797","0.11659144011798311","5000","1143","0","0.22875424915016995","0.0001999600079984003","0.0008741258741258741","-0.0112377524495101","650.0347455661085","2242","2242"
"fig3a","2.5118864315095797","0.13593563908785256","5000","1173","0","0.23475304939012198","0.0001999600079984003","0.0008517887563884156","-0.0115376924615077","701.1232075376022","2243","2243"
"fig3a","2.5118864315095797","0.1584893192461114","5000","1175","0","0.23515296940611877","0.0001999600079984003","0.0008503401360544217","-0.01155768846230754","757.6291341982994","2244","2244"
"fig3a","2.5118864315095797","0.18478497974222907","5000","1146","0","0.22935412917416517","0.0001999600079984003","0.0008718395815170008","-0.01126774645070986","821.4657907413812","2245","2245"
"fig3a","2.5118864315095797","0.21544346900318845","5000","1153","0","0.23075384923015396","0.0001999600079984003","0.0008665511265164644","-0.0113377324535093","895.3868900183984","2246","2246"
"fig3a","2.5118864315095797","0.25118864315095796","5000","1136","0","0.22735452909418116","0.0001999600079984003","0.0008795074758135443","-0.011167766446710659","983.4496844845089","2247","2247"
"fig3a","2.5118864315095797","0.29286445646252374","5000","1151","0","0.23035392921415718","0.0001999600079984003","0.0008680555555555555","-0.01131773645270946","1091.8287335942769","2248","2248"
"fig3a","2.5118864315095797","0.34145488738336005","5000","1090","0","0.21815636872625474","0.0001999600079984003","0.0009165902841429881","-0.010707858428314338","1230.3241650228183","2249","2249"
"fig3a","2.5118864315095797","0.3981071705534973","5000","1118","0","0.22375524895020996","0.0001999600079984003","0.0008936550491510277","-0.010987802439512098","1415.336691829024","2250","2250"
"fig3a","2.5118864315095797","0.46415888336127775","5000","1108","0","0.22175564887022595","0.0001999600079984003","0.0009017132551848512","-0.010887822435512898","1676.1994399457149","2251","2251"
"fig3a","2.5118864315095797","0.5411695265464638","5000","1129","0","0.22595480903819237","0.0001999600079984003","0.0008849557522123893","-0.01109778044391122","2070.011019885789","2252","2252"
"fig3a","2.5118864315095797","0.630957344480193","5000","1060","0","0.21215756848630274","0.0001999600079984003","0.000942507068803016","-0.010407918416316738","2721.008254155586","2253","2253"
"fig3a","2.5118864315095797","0.7356422544596414","5000","1025","0","0.20515896820635873","0.0001999600079984003","0.0009746588693957114","-0.010057988402319537","3944.43994022026","2254","2254"
"fig3a","2.5118864315095797","0.8576958985908937","5000","1125","0","0.22515496900619877","0.0001999600079984003","0.0008880994671403196","-0.01105778844231154","6745.7201058912915","2255","2255"
"fig3a","2.5118864315095797","1.0","5000","1163","0","0.23275344931013797","0.0001999600079984003","0.000859106529209622","-0.011437712457508499","15839.729271397651","2256","2256"
"fig3a","2.9286445646252375","0.0001","5000","1419","1060","0.28394321135772843","0.21215756848630274","0.7471830985915493","0.19796040791841632","-0.22729151584479723","2257","2257"
"fig3a","2.9286445646252375","0.00011659144011798323","5000","1399","1036","0.27994401119776047","0.20735852829434112","0.7407142857142857","0.1933613277344531","-0.2562298303120656","2258","2258"
"fig3a","2.9286445646252375","0.00013593563908785255","5000","1386","994","0.27734453109378127","0.19896020795840832","0.7173756308579669","0.18509298140371927","-0.28690185389496037","2259","2259"
"fig3a","2.9286445646252375","0.00015848931924611142","5000","1376","922","0.27534493101379726","0.1845630873825235","0.6702977487291213","0.17079584083183363","-0.31854122937713214","2260","2260"
"fig3a","2.9286445646252375","0.00018478497974222906","5000","1436","836","0.28734253149370126","0.16736652669466107","0.5824634655532359","0.152999400119976","-0.34990287643017837","2261","2261"
"fig3a","2.9286445646252375","0.00021544346900318845","5000","1372","754","0.27454509098180363","0.15096980603879223","0.549890750182083","0.13724255148970205","-0.3790722421561554","2262","2262"
"fig3a","2.9286445646252375","0.00025118864315095795","5000","1350","677","0.27014597080583885","0.13557288542291543","0.5018504811250926","0.12206558688262348","-0.40321097347620594","2263","2263"
"fig3a","2.9286445646252375","0.00029286445646252375","5000","1360","564","0.27214557088582286","0.11297740451909619","0.41513592946362965","0.09937012597480505","-0.4182211545416976","2264","2264"
"fig3a","2.9286445646252375","0.0003414548873833601","5000","1347","532","0.2695460907818436","0.10657868426314737","0.3954005934718101","0.09310137972405519","-0.4183066758163534","2265","2265"
"fig3a","2.9286445646252375","0.00039810717055349735","5000","1358","409","0.27174565086982605","0.08198360327934413","0.3016924208977189","0.06839632073585283","-0.3954067781424442","2266","2266"
"fig3a","2.9286445646252375","0.00046415888336127773","5000","1354","323","0.2709458108378324","0.0647870425914817","0.23911439114391145","0.05123975204959008","-0.3384738803818266","2267","2267"
"fig3a","2.9286445646252375","0.0005411695265464637","5000","1330","231","0.26614677064587083","0.046390721855628876","0.17430503380916604","0.03308338332333533","-0.23256630619277985","2268","2268"
"fig3a","2.9286445646252375","0.000630957344480193","5000","1294","150","0.2589482103579284","0.030193961207758448","0.1166023166023166","0.017246550689862028","-0.05772773323158731","2269","2269"
"fig3a","2.9286445646252375","0.0007356422544596414","5000","1295","92","0.2591481703659268","0.01859628074385123","0.07175925925925927","0.00563887222555489","0.21236917362938357","2270","2270"
"fig3a","2.9286445646252375","0.0008576958985908946","5000","1244","43","0.2489502099580084","0.008798240351929614","0.03534136546184739","-0.0036492701459708062","0.6120252172840992","2271","2271"
"fig3a","2.9286445646252375","0.001","5000","1267","35","0.2535492901419716","0.007198560287942412","0.028391167192429026","-0.005478904219156168","1.1833695345530941","2272","2272"
"fig3a","2.9286445646252375","0.001165914401179831","5000","1256","16","0.2513497300539892","0.0033993201359728054","0.013524264120922832","-0.009168166366726656","1.9427352191861473","2273","2273"
"fig3a","2.9286445646252375","0.0013593563908785254","5000","1243","12","0.24875024995001","0.002599480103979204","0.01045016077170418","-0.009838032393521295","2.9320932155451374","2274","2274"
"fig3a","2.9286445646252375","0.001584893192461114","5000","1283","3","0.25674865026994603","0.0007998400319936012","0.0031152647975077876","-0.012037592481503701","4.220229413373801","2275","2275"
"fig3a","2.9286445646252375","0.0018478497974222907","5000","1287","1","0.2575484903019396","0.0003999200159968006","0.0015527950310559005","-0.01247750449910018","5.894039787921201","2276","2276"
"fig3a","2.9286445646252375","0.002154434690031882","5000","1307","0","0.2615476904619076","0.0001999600079984003","0.0007645259938837921","-0.012877424515096983","8.061479300645033","2277","2277"
"fig3a","2.9286445646252375","0.0025118864315095794","5000","1445","0","0.2891421715656869","0.0001999600079984003","0.0006915629322268326","-0.014257148570285946","10.85388038519892","2278","2278"
"fig3a","2.9286445646252375","0.0029286445646252374","5000","1429","0","0.28594281143771244","0.0001999600079984003","0.0006993006993006993","-0.014097180563887222","14.426926039220803","2279","2279"
"fig3a","2.9286445646252375","0.003414548873833601","5000","1443","0","0.2887422515496901","0.0001999600079984003","0.0006925207756232686","-0.014237152569486105","18.959425910761553","2280","2280"
"fig3a","2.9286445646252375","0.003981071705534973","5000","1563","0","0.3127374525094981","0.0001999600079984003","0.0006393861892583121","-0.015436912617476505","24.649075035012288","2281","2281"
"fig3a","2.9286445646252375","0.004641588833612782","5000","1535","0","0.30713857228554287","0.0001999600079984003","0.0006510416666666667","-0.015156968606278744","31.704668553879742","2282","2282"
"fig3a","2.9286445646252375","0.0054116952654646375","5000","1548","0","0.3097380523895221","0.0001999600079984003","0.0006455777921239509","-0.015286942611477707","40.33482998104185","2283","2283"
"fig3a","2.9286445646252375","0.006309573444801929","5000","1615","0","0.32313537292541494","0.0001999600079984003","0.0006188118811881187","-0.015956808638272348","50.73409572534905","2284","2284"
"fig3a","2.9286445646252375","0.007356422544596414","5000","1637","0","0.3275344931013797","0.0001999600079984003","0.0006105006105006105","-0.016176764647070588","63.067979929383625","2285","2285"
"fig3a","2.9286445646252375","0.008576958985908946","5000","1598","0","0.3197360527894421","0.0001999600079984003","0.0006253908692933083","-0.015786842631473706","77.4591775868166","2286","2286"
"fig3a","2.9286445646252375","0.01","5000","1634","0","0.32693461307738453","0.0001999600079984003","0.0006116207951070336","-0.016146770645870827","93.97718045510283","2287","2287"
"fig3a","2.9286445646252375","0.01165914401179831","5000","1657","0","0.33153369326134774","0.0001999600079984003","0.0006031363088057901","-0.016376724655068987","112.63326185515143","2288","2288"
"fig3a","2.9286445646252375","0.013593563908785255","5000","1682","0","0.33653269346130776","0.0001999600079984003","0.0005941770647653","-0.01662667466506699","133.38216891245065","2289","2289"
"fig3a","2.9286445646252375","0.01584893192461114","5000","1645","0","0.3291341731653669","0.0001999600079984003","0.0006075334143377885","-0.016256748650269947","156.13117487163322","2290","2290"
"fig3a","2.9286445646252375","0.018478497974222907","5000","1624","0","0.3249350129974005","0.0001999600079984003","0.0006153846153846154","-0.016046790641871627","180.7566526386433","2291","2291"
"fig3a","2.9286445646252375","0.021544346900318843","5000","1647","0","0.32953409318136373","0.0001999600079984003","0.0006067961165048543","-0.016276744651069788","207.12831436532377","2292","2292"
"fig3a","2.9286445646252375","0.025118864315095794","5000","1628","0","0.32573485302939414","0.0001999600079984003","0.0006138735420503376","-0.01608678264347131","235.14208868118868","2293","2293"
"fig3a","2.9286445646252375","0.029286445646252372","5000","1623","0","0.32473505298940214","0.0001999600079984003","0.0006157635467980295","-0.016036792641471707","264.7648802855288","2294","2294"
"fig3a","2.9286445646252375","0.034145488738336005","5000","1578","0","0.3157368526294741","0.0001999600079984003","0.0006333122229259025","-0.015586882623475306","296.0987471878832","2295","2295"
"fig3a","2.9286445646252375","0.039810717055349734","5000","1594","0","0.3189362127574485","0.0001999600079984003","0.0006269592476489029","-0.015746850629874024","329.4732630629574","2296","2296"
"fig3a","2.9286445646252375","0.046415888336127774","5000","1519","0","0.3039392121575685","0.0001999600079984003","0.0006578947368421052","-0.014997000599880024","365.5242245827539","2297","2297"
"fig3a","2.9286445646252375","0.054116952654646375","5000","1364","0","0.27294541091781643","0.0001999600079984003","0.0007326007326007326","-0.013447310537892422","404.99548100220267","2298","2298"
"fig3a","2.9286445646252375","0.0630957344480193","5000","1360","0","0.27214557088582286","0.0001999600079984003","0.0007347538574577516","-0.013407318536292744","448.0929570272828","2299","2299"
"fig3a","2.9286445646252375","0.07356422544596414","5000","1297","0","0.2595480903819236","0.0001999600079984003","0.0007704160246533128","-0.012777444511097781","494.2012821892717","2300","2300"
"fig3a","2.9286445646252375","0.08576958985908938","5000","1183","0","0.236752649470106","0.0001999600079984003","0.0008445945945945945","-0.0116376724655069","542.2387003991021","2301","2301"
"fig3a","2.9286445646252375","0.1","5000","1165","0","0.23315336932613479","0.0001999600079984003","0.0008576329331046311","-0.01145770845830834","591.0191586788285","2302","2302"
"fig3a","2.9286445646252375","0.11659144011798311","5000","1167","0","0.23355328934213157","0.0001999600079984003","0.0008561643835616438","-0.01147770445910818","639.465016345559","2303","2303"
"fig3a","2.9286445646252375","0.13593563908785256","5000","1116","0","0.22335532893421317","0.0001999600079984003","0.0008952551477170993","-0.01096780643871226","688.7945315322995","2304","2304"
"fig3a","2.9286445646252375","0.1584893192461114","5000","1102","0","0.22055588882223556","0.0001999600079984003","0.0009066183136899364","-0.01082783443311338","742.2307799360253","2305","2305"
"fig3a","2.9286445646252375","0.18478497974222907","5000","1122","0","0.22455508898220355","0.0001999600079984003","0.0008904719501335708","-0.01102779444111178","801.2438580499115","2306","2306"
"fig3a","2.9286445646252375","0.21544346900318845","5000","1072","0","0.21455708858228353","0.0001999600079984003","0.0009319664492078285","-0.010527894421115777","867.9427335499965","2307","2307"
"fig3a","2.9286445646252375","0.25118864315095796","5000","1083","0","0.21675664867026595","0.0001999600079984003","0.0009225092250922509","-0.010637872425514899","945.422776904782","2308","2308"
"fig3a","2.9286445646252375","0.29286445646252374","5000","1120","0","0.22415516896620677","0.0001999600079984003","0.0008920606601248884","-0.011007798440311939","1038.341241365877","2309","2309"
"fig3a","2.9286445646252375","0.34145488738336005","5000","1094","0","0.21895620875824834","0.0001999600079984003","0.0009132420091324201","-0.010747850429914017","1153.9712910930944","2310","2310"
"fig3a","2.9286445646252375","0.3981071705534973","5000","1103","0","0.22075584883023394","0.0001999600079984003","0.0009057971014492754","-0.010837832433513299","1304.26128386402","2311","2311"
"fig3a","2.9286445646252375","0.46415888336127775","5000","1175","0","0.23515296940611877","0.0001999600079984003","0.0008503401360544217","-0.01155768846230754","1510.1792540592246","2312","2312"
"fig3a","2.9286445646252375","0.5411695265464638","5000","1179","0","0.23595280943811237","0.0001999600079984003","0.000847457627118644","-0.011597680463907219","1811.8034518725435","2313","2313"
"fig3a","2.9286445646252375","0.630957344480193","5000","1125","0","0.22515496900619877","0.0001999600079984003","0.0008880994671403196","-0.01105778844231154","2294.8777456581342","2314","2314"
"fig3a","2.9286445646252375","0.7356422544596414","5000","1209","0","0.2419516096780644","0.0001999600079984003","0.0008264462809917355","-0.01189762047590482","3173.5992976939174","2315","2315"
"fig3a","2.9286445646252375","0.8576958985908937","5000","1301","0","0.26034793041391724","0.0001999600079984003","0.0007680491551459292","-0.012817436512697462","5120.397653668354","2316","2316"
"fig3a","2.9286445646252375","1.0","5000","1486","0","0.29734053189362125","0.0001999600079984003","0.0006724949562878278","-0.014667066586682664","11222.484643653177","2317","2317"
"fig3a","3.4145488738336005","0.0001","5000","1793","1447","0.3587282543491302","0.28954209158168365","0.8071348940914157","0.27160567886422715","-0.3201176574868896","2318","2318"
"fig3a","3.4145488738336005","0.00011659144011798323","5000","1798","1428","0.3597280543891222","0.28574285142971406","0.7943301834352418","0.26775644871025794","-0.36604351662671775","2319","2319"
"fig3a","3.4145488738336005","0.00013593563908785255","5000","1825","1351","0.365126974605079","0.27034593081383723","0.7404162102957283","0.2520895820835833","-0.4170682781170285","2320","2320"
"fig3a","3.4145488738336005","0.00015848931924611142","5000","1798","1244","0.3597280543891222","0.2489502099580084","0.6920511395219566","0.23096380723855228","-0.4731671904391419","2321","2321"
"fig3a","3.4145488738336005","0.00018478497974222906","5000","1765","1215","0.353129374125175","0.24315136972605478","0.6885617214043035","0.22549490101979602","-0.534018344068528","2322","2322"
"fig3a","3.4145488738336005","0.00021544346900318845","5000","1777","1094","0.35552889422115574","0.21895620875824834","0.6158605174353206","0.20117976404719054","-0.5988590907309117","2323","2323"
"fig3a","3.4145488738336005","0.00025118864315095795","5000","1784","995","0.35692861427714456","0.19916016796640673","0.5579831932773109","0.1813137372525495","-0.6662907467325567","2324","2324"
"fig3a","3.4145488738336005","0.00029286445646252375","5000","1778","873","0.3557288542291542","0.17476504699060189","0.49128724002248453","0.15697860427914417","-0.7340161077477774","2325","2325"
"fig3a","3.4145488738336005","0.0003414548873833601","5000","1718","768","0.3437312537492502","0.15376924615076984","0.4473531122745782","0.13658268346330732","-0.798490805685276","2326","2326"
"fig3a","3.4145488738336005","0.00039810717055349735","5000","1763","706","0.35272945410917816","0.14137172565486902","0.4007936507936508","0.12373525294941011","-0.8544658208377882","2327","2327"
"fig3a","3.4145488738336005","0.00046415888336127773","5000","1745","519","0.34913017396520696","0.10397920415916817","0.29782359679266895","0.08652269546090782","-0.8943948743311694","2328","2328"
"fig3a","3.4145488738336005","0.0005411695265464637","5000","1722","424","0.34453109378124375","0.08498300339932013","0.24666279744631456","0.06775644871025795","-0.9076775677426099","2329","2329"
"fig3a","3.4145488738336005","0.000630957344480193","5000","1731","328","0.3463307338532294","0.0657868426314737","0.18995381062355657","0.048470305938812235","-0.8797079499127562","2330","2330"
"fig3a","3.4145488738336005","0.0007356422544596414","5000","1691","209","0.33833233353329334","0.041991601679664065","0.12411347517730496","0.025074985002999397","-0.7907000419479004","2331","2331"
"fig3a","3.4145488738336005","0.0008576958985908946","5000","1636","142","0.32733453309338134","0.028594281143771244","0.08735491753207085","0.012227554489102177","-0.614268584463133","2332","2332"
"fig3a","3.4145488738336005","0.001","5000","1673","74","0.33473305338932213","0.014997000599880024","0.044802867383512544","-0.0017396520695860847","-0.31575717690787997","2333","2333"
"fig3a","3.4145488738336005","0.001165914401179831","5000","1644","30","0.32893421315736854","0.0061987602479504095","0.01884498480243161","-0.010247950409918017","0.14967039245271962","2334","2334"
"fig3a","3.4145488738336005","0.0013593563908785254","5000","1528","13","0.3057388522295541","0.0027994401119776045","0.009156311314584695","-0.012487502499500102","0.8391240978100427","2335","2335"
"fig3a","3.4145488738336005","0.001584893192461114","5000","1550","9","0.3101379724055189","0.001999600079984003","0.006447453255963895","-0.013507298540291942","1.8241661070334203","2336","2336"
"fig3a","3.4145488738336005","0.0018478497974222907","5000","1581","0","0.3163367326534693","0.0001999600079984003","0.0006321112515802782","-0.015616876624675067","3.1929106959453293","2337","2337"
"fig3a","3.4145488738336005","0.002154434690031882","5000","1435","0","0.2871425714857029","0.0001999600079984003","0.0006963788300835654","-0.014157168566286744","5.045402260205947","2338","2338"
"fig3a","3.4145488738336005","0.0025118864315095794","5000","1519","1","0.3039392121575685","0.0003999200159968006","0.0013157894736842105","-0.014797040591881623","7.428855813610909","2339","2339"
"fig3a","3.4145488738336005","0.0029286445646252374","5000","1423","0","0.28474305138972206","0.0001999600079984003","0.0007022471910112359","-0.014037192561487704","10.763637051770843","2340","2340"
"fig3a","3.4145488738336005","0.003414548873833601","5000","1494","0","0.2989402119576085","0.0001999600079984003","0.0006688963210702341","-0.014747050589882026","14.266429880692925","2341","2341"
"fig3a","3.4145488738336005","0.003981071705534973","5000","1455","0","0.29114177164567084","0.0001999600079984003","0.0006868131868131869","-0.014357128574285144","19.043053045682655","2342","2342"
"fig3a","3.4145488738336005","0.004641588833612782","5000","1573","0","0.3147370525894821","0.0001999600079984003","0.0006353240152477764","-0.015536892621475704","24.970993150347283","2343","2343"
"fig3a","3.4145488738336005","0.0054116952654646375","5000","1591","0","0.3183363327334533","0.0001999600079984003","0.000628140703517588","-0.015716856628674267","32.24894686132558","2344","2344"
"fig3a","3.4145488738336005","0.006309573444801929","5000","1576","0","0.3153369326134773","0.0001999600079984003","0.0006341154090044388","-0.015566886622675465","41.075240737940476","2345","2345"
"fig3a","3.4145488738336005","0.007356422544596414","5000","1584","0","0.3169366126774645","0.0001999600079984003","0.0006309148264984228","-0.015646870625874824","51.635299912015626","2346","2346"
"fig3a","3.4145488738336005","0.008576958985908946","5000","1702","0","0.3405318936212757","0.0001999600079984003","0.0005871990604815032","-0.016826634673065388","64.0882929967546","2347","2347"
"fig3a","3.4145488738336005","0.01","5000","1661","0","0.3323335332933413","0.0001999600079984003","0.0006016847172081829","-0.016416716656668665","78.55491831416708","2348","2348"
"fig3a","3.4145488738336005","0.01165914401179831","5000","1653","0","0.3307338532293541","0.0001999600079984003","0.0006045949214026602","-0.016336732653469306","95.1084226365561","2349","2349"
"fig3a","3.4145488738336005","0.013593563908785255","5000","1741","0","0.34833033393321333","0.0001999600079984003","0.000574052812858783","-0.017216556688662267","113.77067650019819","2350","2350"
"fig3a","3.4145488738336005","0.01584893192461114","5000","1637","0","0.3275344931013797","0.0001999600079984003","0.0006105006105006105","-0.016176764647070588","134.514600019441","2351","2351"
"fig3a","3.4145488738336005","0.018478497974222907","5000","1672","0","0.33453309338132375","0.0001999600079984003","0.0005977286312014345","-0.01652669466106779","157.27368640861448","2352","2352"
"fig3a","3.4145488738336005","0.021544346900318843","5000","1625","0","0.3251349730053989","0.0001999600079984003","0.0006150061500615006","-0.016056788642271547","181.95912888319077","2353","2353"
"fig3a","3.4145488738336005","0.025118864315095794","5000","1613","0","0.32273545290941813","0.0001999600079984003","0.0006195786864931845","-0.015936812637472507","208.48555488720035","2354","2354"
"fig3a","3.4145488738336005","0.029286445646252372","5000","1642","0","0.3285342931413717","0.0001999600079984003","0.0006086427267194157","-0.016226754649070186","236.8083601427624","2355","2355"
"fig3a","3.4145488738336005","0.034145488738336005","5000","1603","0","0.3207358528294341","0.0001999600079984003","0.0006234413965087282","-0.015836832633473307","266.9804546776682","2356","2356"
"fig3a","3.4145488738336005","0.039810717055349734","5000","1581","0","0.3163367326534693","0.0001999600079984003","0.0006321112515802782","-0.015616876624675067","299.24329722397147","2357","2357"
"fig3a","3.4145488738336005","0.046415888336127774","5000","1469","0","0.2939412117576485","0.0001999600079984003","0.0006802721088435374","-0.014497100579884025","334.14339516729507","2358","2358"
"fig3a","3.4145488738336005","0.054116952654646375","5000","1508","0","0.3017396520695861","0.0001999600079984003","0.0006626905235255136","-0.014887022595480906","372.4548602061804","2359","2359"
"fig3a","3.4145488738336005","0.0630957344480193","5000","1407","0","0.28154369126174766","0.0001999600079984003","0.0007102272727272726","-0.013877224555088984","414.5648379341828","2360","2360"
"fig3a","3.4145488738336005","0.07356422544596414","5000","1294","0","0.2589482103579284","0.0001999600079984003","0.0007722007722007722","-0.012747450509898022","460.0350014716768","2361","2361"
"fig3a","3.4145488738336005","0.08576958985908938","5000","1187","0","0.2375524895020996","0.0001999600079984003","0.0008417508417508417","-0.01167766446710658","507.89656048360786","2362","2362"
"fig3a","3.4145488738336005","0.1","5000","1223","0","0.244751049790042","0.0001999600079984003","0.0008169934640522875","-0.012037592481503701","557.0094234329383","2363","2363"
"fig3a","3.4145488738336005","0.11659144011798311","5000","1148","0","0.22975404919016196","0.0001999600079984003","0.0008703220191470844","-0.0112877424515097","606.252250710867","2364","2364"
"fig3a","3.4145488738336005","0.13593563908785256","5000","1091","0","0.21835632873425315","0.0001999600079984003","0.0009157509157509158","-0.010717856428714258","654.8660898421554","2365","2365"
"fig3a","3.4145488738336005","0.1584893192461114","5000","1062","0","0.21255748850229955","0.0001999600079984003","0.000940733772342427","-0.010427914417116579","705.6630269408199","2366","2366"
"fig3a","3.4145488738336005","0.18478497974222907","5000","1109","0","0.22195560887822435","0.0001999600079984003","0.0009009009009009009","-0.010897820435912819","760.560900539838","2367","2367"
"fig3a","3.4145488738336005","0.21544346900318845","5000","1072","0","0.21455708858228353","0.0001999600079984003","0.0009319664492078285","-0.010527894421115777","821.080467504117","2368","2368"
"fig3a","3.4145488738336005","0.25118864315095796","5000","1089","0","0.21795640871825636","0.0001999600079984003","0.0009174311926605504","-0.01069786042791442","889.4384410842058","2369","2369"
"fig3a","3.4145488738336005","0.29286445646252374","5000","1088","0","0.21775644871025795","0.0001999600079984003","0.0009182736455463728","-0.010687862427514499","968.9077879127954","2370","2370"
"fig3a","3.4145488738336005","0.34145488738336005","5000","1065","0","0.21315736852629474","0.0001999600079984003","0.0009380863039399625","-0.010457908418316338","1064.4577983920522","2371","2371"
"fig3a","3.4145488738336005","0.3981071705534973","5000","1014","0","0.20295940811837632","0.0001999600079984003","0.0009852216748768472","-0.009948010397920417","1183.966723670468","2372","2372"
"fig3a","3.4145488738336005","0.46415888336127775","5000","1092","0","0.21855628874225155","0.0001999600079984003","0.0009149130832570905","-0.010727854429114178","1340.6964918076687","2373","2373"
"fig3a","3.4145488738336005","0.5411695265464638","5000","1091","0","0.21835632873425315","0.0001999600079984003","0.0009157509157509158","-0.010717856428714258","1558.8331692703161","2374","2374"
"fig3a","3.4145488738336005","0.630957344480193","5000","1118","0","0.22375524895020996","0.0001999600079984003","0.0008936550491510277","-0.010987802439512098","1887.4815031716603","2375","2375"
"fig3a","3.4145488738336005","0.7356422544596414","5000","1244","0","0.2489502099580084","0.0001999600079984003","0.0008032128514056224","-0.012247550489902021","2442.286316408942","2376","2376"
"fig3a","3.4145488738336005","0.8576958985908937","5000","1407","0","0.28154369126174766","0.0001999600079984003","0.0007102272727272726","-0.013877224555088984","3561.837032309106","2377","2377"
"fig3a","3.4145488738336005","1.0","5000","1793","0","0.3587282543491302","0.0001999600079984003","0.0005574136008918618","-0.01773645270945811","6658.609529786235","2378","2378"
"fig3a","3.981071705534973","0.0001","5000","1338","1097","0.26774645070985803","0.21955608878224356","0.820014936519791","0.20616876624675065","-0.2522387578190717","2379","2379"
"fig3a","3.981071705534973","0.00011659144011798323","5000","1333","1083","0.266746650669866","0.21675664867026595","0.8125937031484258","0.20341931613677264","-0.28918143397439167","2380","2380"
"fig3a","3.981071705534973","0.00013593563908785255","5000","1399","1081","0.27994401119776047","0.21635672865426914","0.7728571428571428","0.20235952809438112","-0.3305250101038837","2381","2381"
"fig3a","3.981071705534973","0.00015848931924611142","5000","1409","964","0.2819436112777445","0.1929614077184563","0.6843971631205673","0.17886422715456907","-0.37639864772572196","2382","2382"
"fig3a","3.981071705534973","0.00018478497974222906","5000","1364","938","0.27294541091781643","0.1877624475104979","0.6879120879120879","0.17411517696460707","-0.4267483866019859","2383","2383"
"fig3a","3.981071705534973","0.00021544346900318845","5000","1308","901","0.261747650469906","0.1803639272145571","0.689075630252101","0.1672765446910618","-0.48123966218793157","2384","2384"
"fig3a","3.981071705534973","0.00025118864315095795","5000","1281","813","0.2563487302539492","0.16276744651069786","0.6349453978159126","0.1499500099980004","-0.5391230594152319","2385","2385"
"fig3a","3.981071705534973","0.00029286445646252375","5000","1352","690","0.2705458908218356","0.13817236552689463","0.5107169253510717","0.12464507098580285","-0.5990516848660548","2386","2386"
"fig3a","3.981071705534973","0.0003414548873833601","5000","1384","599","0.27694461107778445","0.11997600479904019","0.4332129963898917","0.10612877424515096","-0.6588355878716641","2387","2387"
"fig3a","3.981071705534973","0.00039810717055349735","5000","1376","547","0.27534493101379726","0.10957808438312337","0.3979665940450254","0.0958108378324335","-0.7151153056250905","2388","2388"
"fig3a","3.981071705534973","0.00046415888336127773","5000","1333","457","0.266746650669866","0.09158168366326734","0.34332833583208394","0.07824435112977404","-0.7629329990551241","2389","2389"
"fig3a","3.981071705534973","0.0005411695265464637","5000","1368","391","0.27374525094981006","0.07838432313537293","0.28634039444850257","0.06469706058788242","-0.7951760954879319","2390","2390"
"fig3a","3.981071705534973","0.000630957344480193","5000","1343","300","0.26874625074985004","0.060187962407518496","0.22395833333333331","0.046750649870025994","-0.8018654058268169","2391","2391"
"fig3a","3.981071705534973","0.0007356422544596414","5000","1357","229","0.2715456908618276","0.04599080183963208","0.16936671575846837","0.0324135172965407","-0.7692582047696419","2392","2392"
"fig3a","3.981071705534973","0.0008576958985908946","5000","1377","149","0.27554489102179563","0.029994001199760048","0.1088534107402032","0.016216756648670266","-0.6787380294829575","2393","2393"
"fig3a","3.981071705534973","0.001","5000","1280","93","0.2561487702459508","0.01879624075184963","0.07338017174082749","0.00598880223955209","-0.505468714555235","2394","2394"
"fig3a","3.981071705534973","0.001165914401179831","5000","1308","27","0.261747650469906","0.005598880223955209","0.021390374331550804","-0.007488502299540092","-0.21680265129577947","2395","2395"
"fig3a","3.981071705534973","0.0013593563908785254","5000","1272","14","0.2545490901819636","0.002999400119976005","0.011783189316575021","-0.009728054389122175","0.22954503937782533","2396","2396"
"fig3a","3.981071705534973","0.001584893192461114","5000","1322","13","0.26454709058188364","0.0027994401119776045","0.010582010582010581","-0.010427914417116577","0.887511349112458","2397","2397"
"fig3a","3.981071705534973","0.0018478497974222907","5000","1315","4","0.2631473705258948","0.0009998000399920016","0.003799392097264438","-0.01215756848630274","1.8247974381688437","2398","2398"
"fig3a","3.981071705534973","0.002154434690031882","5000","1273","0","0.254749050189962","0.0001999600079984003","0.0007849293563579277","-0.012537492501499702","3.124926234916643","2399","2399"
"fig3a","3.981071705534973","0.0025118864315095794","5000","1197","0","0.23955208958208357","0.0001999600079984003","0.0008347245409015025","-0.01177764447110578","4.889024408257512","2400","2400"
"fig3a","3.981071705534973","0.0029286445646252374","5000","1246","0","0.24935012997400519","0.0001999600079984003","0.0008019246190858059","-0.01226754649070186","7.237036736010452","2401","2401"
"fig3a","3.981071705534973","0.003414548873833601","5000","1228","0","0.24575084983003398","0.0001999600079984003","0.0008136696501220504","-0.0120875824835033","10.308023009703874","2402","2402"
"fig3a","3.981071705534973","0.003981071705534973","5000","1205","0","0.2411517696460708","0.0001999600079984003","0.0008291873963515754","-0.01185762847430514","14.259162659787478","2403","2403"
"fig3a","3.981071705534973","0.004641588833612782","5000","1241","0","0.2483503299340132","0.0001999600079984003","0.0008051529790660224","-0.012217556488702262","19.263123734705147","2404","2404"
"fig3a","3.981071705534973","0.0054116952654646375","5000","1143","0","0.22875424915016995","0.0001999600079984003","0.0008741258741258741","-0.0112377524495101","25.50356250954792","2405","2405"
"fig3a","3.981071705534973","0.006309573444801929","5000","1214","0","0.2429514097180564","0.0001999600079984003","0.0008230452674897119","-0.011947610477904422","33.168719943225994","2406","2406"
"fig3a","3.981071705534973","0.007356422544596414","5000","1259","0","0.2519496100779844","0.0001999600079984003","0.0007936507936507937","-0.01239752049590082","41.57513207647443","2407","2407"
"fig3a","3.981071705534973","0.008576958985908946","5000","1286","0","0.2573485302939412","0.0001999600079984003","0.0007770007770007769","-0.012667466506698663","52.089691144909466","2408","2408"
"fig3a","3.981071705534973","0.01","5000","1347","0","0.2695460907818436","0.0001999600079984003","0.000741839762611276","-0.013277344531093782","64.40448134112185","2409","2409"
"fig3a","3.981071705534973","0.01165914401179831","5000","1370","0","0.2741451709658068","0.0001999600079984003","0.0007293946024799417","-0.013507298540291942","78.63554886201908","2410","2410"
"fig3a","3.981071705534973","0.013593563908785255","5000","1427","0","0.2855428914217157","0.0001999600079984003","0.0007002801120448178","-0.014077184563087385","94.85679661662317","2411","2411"
"fig3a","3.981071705534973","0.01584893192461114","5000","1502","0","0.3005398920215957","0.0001999600079984003","0.000665335994677312","-0.014827034593081385","113.09609680653551","2412","2412"
"fig3a","3.981071705534973","0.018478497974222907","5000","1440","0","0.2881423715256949","0.0001999600079984003","0.0006939625260235946","-0.014207158568286346","133.3373063593766","2413","2413"
"fig3a","3.981071705534973","0.021544346900318843","5000","1494","0","0.2989402119576085","0.0001999600079984003","0.0006688963210702341","-0.014747050589882026","155.52909917411324","2414","2414"
"fig3a","3.981071705534973","0.025118864315095794","5000","1497","0","0.2995400919816037","0.0001999600079984003","0.0006675567423230974","-0.014777044591081786","179.60122041483174","2415","2415"
"fig3a","3.981071705534973","0.029286445646252372","5000","1536","0","0.3073385322935413","0.0001999600079984003","0.0006506180871828236","-0.015166966606678666","205.48893787776655","2416","2416"
"fig3a","3.981071705534973","0.034145488738336005","5000","1504","0","0.30093981203759246","0.0001999600079984003","0.000664451827242525","-0.014847030593881224","233.1674711398693","2417","2417"
"fig3a","3.981071705534973","0.039810717055349734","5000","1509","0","0.30193961207758446","0.0001999600079984003","0.0006622516556291391","-0.014897020595880824","262.7001533889392","2418","2418"
"fig3a","3.981071705534973","0.046415888336127774","5000","1501","0","0.30033993201359727","0.0001999600079984003","0.0006657789613848203","-0.014817036592681465","294.3037540680414","2419","2419"
"fig3a","3.981071705534973","0.054116952654646375","5000","1486","0","0.29734053189362125","0.0001999600079984003","0.0006724949562878278","-0.014667066586682664","328.4071380435989","2420","2420"
"fig3a","3.981071705534973","0.0630957344480193","5000","1440","0","0.2881423715256949","0.0001999600079984003","0.0006939625260235946","-0.014207158568286346","365.5646803208427","2421","2421"
"fig3a","3.981071705534973","0.07356422544596414","5000","1389","0","0.27794441111777646","0.0001999600079984003","0.0007194244604316546","-0.013697260547890423","406.07924617059047","2422","2422"
"fig3a","3.981071705534973","0.08576958985908938","5000","1324","0","0.26494701059788045","0.0001999600079984003","0.0007547169811320753","-0.013047390521895623","449.7164022418605","2423","2423"
"fig3a","3.981071705534973","0.1","5000","1268","0","0.25374925014997","0.0001999600079984003","0.0007880220646178092","-0.012487502499500102","495.8397775397911","2424","2424"
"fig3a","3.981071705534973","0.11659144011798311","5000","1203","0","0.24075184963007398","0.0001999600079984003","0.0008305647840531562","-0.0118376324735053","543.6422345832882","2425","2425"
"fig3a","3.981071705534973","0.13593563908785256","5000","1224","0","0.24495100979804038","0.0001999600079984003","0.0008163265306122449","-0.01204759048190362","592.2760287391957","2426","2426"
"fig3a","3.981071705534973","0.1584893192461114","5000","1167","0","0.23355328934213157","0.0001999600079984003","0.0008561643835616438","-0.01147770445910818","641.2963459884886","2427","2427"
"fig3a","3.981071705534973","0.18478497974222907","5000","1151","0","0.23035392921415718","0.0001999600079984003","0.0008680555555555555","-0.01131773645270946","693.2913354256934","2428","2428"
"fig3a","3.981071705534973","0.21544346900318845","5000","1093","0","0.21875624875024996","0.0001999600079984003","0.0009140767824497257","-0.010737852429514099","749.8266626788056","2429","2429"
"fig3a","3.981071705534973","0.25118864315095796","5000","1138","0","0.22775444911017798","0.0001999600079984003","0.0008779631255487268","-0.0111877624475105","812.4852950013819","2430","2430"
"fig3a","3.981071705534973","0.29286445646252374","5000","1092","0","0.21855628874225155","0.0001999600079984003","0.0009149130832570905","-0.010727854429114178","883.5748693026485","2431","2431"
"fig3a","3.981071705534973","0.34145488738336005","5000","1109","0","0.22195560887822435","0.0001999600079984003","0.0009009009009009009","-0.010897820435912819","966.5155733138238","2432","2432"
"fig3a","3.981071705534973","0.3981071705534973","5000","1075","0","0.21515696860627875","0.0001999600079984003","0.0009293680297397769","-0.010557888422315538","1066.5325743513554","2433","2433"
"fig3a","3.981071705534973","0.46415888336127775","5000","1104","0","0.22095580883823235","0.0001999600079984003","0.0009049773755656109","-0.010847830433913219","1191.976041872705","2434","2434"
"fig3a","3.981071705534973","0.5411695265464638","5000","1070","0","0.21415716856628675","0.0001999600079984003","0.0009337068160597572","-0.010507898420315938","1357.0454654200798","2435","2435"
"fig3a","3.981071705534973","0.630957344480193","5000","1174","0","0.2349530093981204","0.0001999600079984003","0.0008510638297872339","-0.011547690461907621","1588.0168736651744","2436","2436"
"fig3a","3.981071705534973","0.7356422544596414","5000","1204","0","0.2409518096380724","0.0001999600079984003","0.0008298755186721991","-0.01184763047390522","1939.5768121602123","2437","2437"
"fig3a","3.981071705534973","0.8576958985908937","5000","1337","0","0.26754649070185965","0.0001999600079984003","0.0007473841554559043","-0.013177364527094584","2546.8918613381747","2438","2438"
"fig3a","3.981071705534973","1.0","5000","1843","0","0.3687262547490502","0.0001999600079984003","0.0005422993492407809","-0.01823635272945411","3849.2599876064387","2439","2439"
"fig3a","4.6415888336127775","0.0001","5000","654","522","0.13097380523895222","0.10457908418316336","0.798473282442748","0.09803039392121575","-0.1094279270303673","2440","2440"
"fig3a","4.6415888336127775","0.00011659144011798323","5000","616","500","0.12337532493501299","0.10017996400719856","0.8119935170178282","0.0940111977604479","-0.12462430724212936","2441","2441"
"fig3a","4.6415888336127775","0.00013593563908785255","5000","599","496","0.11997600479904019","0.09938012397520496","0.8283333333333334","0.09338132373525294","-0.14129536177938462","2442","2442"
"fig3a","4.6415888336127775","0.00015848931924611142","5000","664","455","0.1329734053189362","0.09118176364727054","0.6857142857142857","0.08453309338132373","-0.1593193321882609","2443","2443"
"fig3a","4.6415888336127775","0.00018478497974222906","5000","605","399","0.12117576484703059","0.07998400319936012","0.6600660066006601","0.0739252149570086","-0.1784281167520021","2444","2444"
"fig3a","4.6415888336127775","0.00021544346900318845","5000","621","386","0.124375124975005","0.07738452309538092","0.6221864951768489","0.07116576684663067","-0.19814079335654355","2445","2445"
"fig3a","4.6415888336127775","0.00025118864315095795","5000","655","377","0.1311737652469506","0.07558488302339532","0.576219512195122","0.0690261947610478","-0.21767269549127377","2446","2446"
"fig3a","4.6415888336127775","0.00029286445646252375","5000","654","327","0.13097380523895222","0.0655868826234753","0.5007633587786259","0.059038192361527686","-0.23581211507763555","2447","2447"
"fig3a","4.6415888336127775","0.0003414548873833601","5000","619","324","0.1239752049590082","0.0649870025994801","0.5241935483870968","0.0587882423515297","-0.2507545005441898","2448","2448"
"fig3a","4.6415888336127775","0.00039810717055349735","5000","602","222","0.1205758848230354","0.04459108178364327","0.36981757877280264","0.038562287542491504","-0.2598813767062893","2449","2449"
"fig3a","4.6415888336127775","0.00046415888336127773","5000","637","198","0.1275744851029794","0.03979204159168166","0.31191222570532917","0.03341331733653269","-0.25946814958615505","2450","2450"
"fig3a","4.6415888336127775","0.0005411695265464637","5000","649","180","0.1299740051989602","0.036192761447710456","0.2784615384615384","0.029694061187762445","-0.24430156557642135","2451","2451"
"fig3a","4.6415888336127775","0.000630957344480193","5000","659","138","0.13197360527894422","0.027794441111777646","0.2106060606060606","0.021195760847830435","-0.20718408578153458","2452","2452"
"fig3a","4.6415888336127775","0.0007356422544596414","5000","618","105","0.12377524495100979","0.021195760847830435","0.17124394184168015","0.015006998600279944","-0.1382992172800641","2453","2453"
"fig3a","4.6415888336127775","0.0008576958985908946","5000","621","79","0.124375124975005","0.015996800639872025","0.12861736334405144","0.009778044391121775","-0.024409586605941058","2454","2454"
"fig3a","4.6415888336127775","0.001","5000","652","59","0.1305738852229554","0.01199760047990402","0.09188361408882084","0.005468906218756249","0.152140722683896","2455","2455"
"fig3a","4.6415888336127775","0.001165914401179831","5000","707","24","0.14157168566286743","0.004999000199960008","0.03531073446327683","-0.0020795840831833645","0.41464485058295963","2456","2456"
"fig3a","4.6415888336127775","0.0013593563908785254","5000","660","11","0.1321735652869426","0.0023995200959808036","0.018154311649016642","-0.004209158168366327","0.7934895503160249","2457","2457"
"fig3a","4.6415888336127775","0.001584893192461114","5000","657","5","0.1315736852629474","0.0011997600479904018","0.00911854103343465","-0.005378924215156969","1.3278496531930841","2458","2458"
"fig3a","4.6415888336127775","0.0018478497974222907","5000","695","2","0.13917216556688664","0.0005998800239952009","0.004310344827586206","-0.006358728254349131","2.0675944255819445","2459","2459"
"fig3a","4.6415888336127775","0.002154434690031882","5000","680","1","0.13617276544691062","0.0003999200159968006","0.002936857562408223","-0.00640871825634873","3.075340745555593","2460","2460"
"fig3a","4.6415888336127775","0.0025118864315095794","5000","638","0","0.1277744451109778","0.0001999600079984003","0.001564945226917058","-0.00618876224755049","4.428535941815056","2461","2461"
"fig3a","4.6415888336127775","0.0029286445646252374","5000","707","0","0.14157168566286743","0.0001999600079984003","0.0014124293785310734","-0.006878624275144972","6.221389521292281","2462","2462"
"fig3a","4.6415888336127775","0.003414548873833601","5000","703","0","0.14077184563087383","0.0001999600079984003","0.0014204545454545453","-0.006838632273545291","8.566403542279517","2463","2463"
"fig3a","4.6415888336127775","0.003981071705534973","5000","703","0","0.14077184563087383","0.0001999600079984003","0.0014204545454545453","-0.006838632273545291","11.595187105405586","2464","2464"
"fig3a","4.6415888336127775","0.004641588833612782","5000","769","0","0.15396920615876825","0.0001999600079984003","0.0012987012987012987","-0.007498500299940012","15.45819825129442","2465","2465"
"fig3a","4.6415888336127775","0.0054116952654646375","5000","825","0","0.16516696660667868","0.0001999600079984003","0.0012106537530266342","-0.008058388322335535","20.323058036927222","2466","2466"
"fig3a","4.6415888336127775","0.006309573444801929","5000","810","0","0.16216756648670266","0.0001999600079984003","0.0012330456226880395","-0.007908418316336733","26.371149074871596","2467","2467"
"fig3a","4.6415888336127775","0.007356422544596414","5000","898","0","0.17976404719056188","0.0001999600079984003","0.0011123470522803114","-0.008788242351529694","33.7923607228862","2468","2468"
"fig3a","4.6415888336127775","0.008576958985908946","5000","956","0","0.1913617276544691","0.0001999600079984003","0.0010449320794148381","-0.009368126374725056","42.778076908650945","2469","2469"
"fig3a","4.6415888336127775","0.01","5000","985","0","0.19716056788642272","0.0001999600079984003","0.0010141987829614604","-0.009658068386322737","52.911161994500446","2470","2470"
"fig3a","4.6415888336127775","0.01165914401179831","5000","1041","0","0.20835832833433313","0.0001999600079984003","0.0009596928982725527","-0.010217956408718257","65.13561270727803","2471","2471"
"fig3a","4.6415888336127775","0.013593563908785255","5000","1165","0","0.23315336932613479","0.0001999600079984003","0.0008576329331046311","-0.01145770845830834","79.30988791913273","2472","2472"
"fig3a","4.6415888336127775","0.01584893192461114","5000","1146","0","0.22935412917416517","0.0001999600079984003","0.0008718395815170008","-0.01126774645070986","95.54781204899788","2473","2473"
"fig3a","4.6415888336127775","0.018478497974222907","5000","1218","0","0.24375124975005","0.0001999600079984003","0.0008203445447087776","-0.011987602479504101","113.92565995382705","2474","2474"
"fig3a","4.6415888336127775","0.021544346900318843","5000","1283","0","0.25674865026994603","0.0001999600079984003","0.0007788161993769469","-0.012637472505498903","134.4814505186119","2475","2475"
"fig3a","4.6415888336127775","0.025118864315095794","5000","1267","0","0.2535492901419716","0.0001999600079984003","0.0007886435331230285","-0.01247750449910018","157.21967612673905","2476","2476"
"fig3a","4.6415888336127775","0.029286445646252372","5000","1355","0","0.27114577084583086","0.0001999600079984003","0.0007374631268436577","-0.013357328534293144","182.12176880117767","2477","2477"
"fig3a","4.6415888336127775","0.034145488738336005","5000","1270","0","0.25414917016596683","0.0001999600079984003","0.0007867820613690007","-0.012507498500299943","209.16214991495428","2478","2478"
"fig3a","4.6415888336127775","0.039810717055349734","5000","1319","0","0.26394721055788845","0.0001999600079984003","0.0007575757575757575","-0.012997400519896023","238.3294047999653","2479","2479"
"fig3a","4.6415888336127775","0.046415888336127774","5000","1344","0","0.2689462107578484","0.0001999600079984003","0.0007434944237918215","-0.013247350529894023","269.6515610874953","2480","2480"
"fig3a","4.6415888336127775","0.054116952654646375","5000","1361","0","0.27234553089382124","0.0001999600079984003","0.0007342143906020558","-0.013417316536692663","303.2216956319816","2481","2481"
"fig3a","4.6415888336127775","0.0630957344480193","5000","1309","0","0.26194761047790444","0.0001999600079984003","0.0007633587786259541","-0.012897420515896823","339.2097547493532","2482","2482"
"fig3a","4.6415888336127775","0.07356422544596414","5000","1289","0","0.2579484103179364","0.0001999600079984003","0.0007751937984496124","-0.012697460507898422","377.8251915911847","2483","2483"
"fig3a","4.6415888336127775","0.08576958985908938","5000","1288","0","0.25774845030993804","0.0001999600079984003","0.0007757951900698214","-0.012687462507498503","419.19829697285144","2484","2484"
"fig3a","4.6415888336127775","0.1","5000","1235","0","0.2471505698860228","0.0001999600079984003","0.0008090614886731391","-0.012157568486302742","463.24003152691586","2485","2485"
"fig3a","4.6415888336127775","0.11659144011798311","5000","1197","0","0.23955208958208357","0.0001999600079984003","0.0008347245409015025","-0.01177764447110578","509.600466378185","2486","2486"
"fig3a","4.6415888336127775","0.13593563908785256","5000","1123","0","0.22475504899020196","0.0001999600079984003","0.0008896797153024911","-0.0110377924415117","557.7249072534273","2487","2487"
"fig3a","4.6415888336127775","0.1584893192461114","5000","1145","0","0.22915416916616677","0.0001999600079984003","0.0008726003490401396","-0.01125774845030994","607.1410000031603","2488","2488"
"fig3a","4.6415888336127775","0.18478497974222907","5000","1120","0","0.22415516896620677","0.0001999600079984003","0.0008920606601248884","-0.011007798440311939","659.6713427647339","2489","2489"
"fig3a","4.6415888336127775","0.21544346900318845","5000","1107","0","0.22155568886222757","0.0001999600079984003","0.0009025270758122743","-0.01087782443511298","716.7356109137388","2490","2490"
"fig3a","4.6415888336127775","0.25118864315095796","5000","1034","0","0.20695860827834434","0.0001999600079984003","0.000966183574879227","-0.010147970405918819","779.7693278223171","2491","2491"
"fig3a","4.6415888336127775","0.29286445646252374","5000","1054","0","0.21095780843831233","0.0001999600079984003","0.0009478672985781991","-0.010347930413917218","850.8347529742769","2492","2492"
"fig3a","4.6415888336127775","0.34145488738336005","5000","1015","0","0.20315936812637472","0.0001999600079984003","0.000984251968503937","-0.009958008398320338","932.9330312076086","2493","2493"
"fig3a","4.6415888336127775","0.3981071705534973","5000","997","0","0.19956008798240352","0.0001999600079984003","0.001002004008016032","-0.009778044391121777","1030.5366852059624","2494","2494"
"fig3a","4.6415888336127775","0.46415888336127775","5000","1051","0","0.21035792841431714","0.0001999600079984003","0.0009505703422053232","-0.010317936412717457","1150.5464220052293","2495","2495"
"fig3a","4.6415888336127775","0.5411695265464638","5000","978","0","0.1957608478304339","0.0001999600079984003","0.0010214504596527069","-0.009588082383523296","1304.1189280108745","2496","2496"
"fig3a","4.6415888336127775","0.630957344480193","5000","1037","0","0.20755848830233953","0.0001999600079984003","0.0009633911368015414","-0.010177964407118578","1510.4334274843145","2497","2497"
"fig3a","4.6415888336127775","0.7356422544596414","5000","960","0","0.1921615676864627","0.0001999600079984003","0.001040582726326743","-0.009408118376324735","1805.2479790568696","2498","2498"
"fig3a","4.6415888336127775","0.8576958985908937","5000","1079","0","0.21595680863827235","0.0001999600079984003","0.0009259259259259259","-0.01059788042391522","2263.0589497552664","2499","2499"
"fig3a","4.6415888336127775","1.0","5000","1262","0","0.2525494901019796","0.0001999600079984003","0.0007917656373713382","-0.01242751449710058","3066.4255882908237","2500","2500"
"fig3a","5.411695265464638","0.0001","5000","240","162","0.04819036192761448","0.03259348130373925","0.6763485477178423","0.030183963207358527","-0.0017135423956062823","2501","2501"
"fig3a","5.411695265464638","0.00011659144011798323","5000","232","188","0.046590681863627276","0.03779244151169766","0.8111587982832618","0.03546290741851629","0.00022394438167339104","2502","2502"
"fig3a","5.411695265464638","0.00013593563908785255","5000","241","173","0.04839032193561288","0.03479304139172166","0.71900826446281","0.032373525294941016","0.00326979047400755","2503","2503"
"fig3a","5.411695265464638","0.00015848931924611142","5000","221","172","0.04439112177564487","0.03459308138372325","0.7792792792792792","0.03237352529494101","0.007884030958337007","2504","2504"
"fig3a","5.411695265464638","0.00018478497974222906","5000","229","133","0.04599080183963208","0.026794641071785644","0.5826086956521739","0.024495100979804042","0.014698460227123178","2505","2505"
"fig3a","5.411695265464638","0.00021544346900318845","5000","224","129","0.04499100179964007","0.025994801039792043","0.5777777777777778","0.02374525094981004","0.024577267742756703","2506","2506"
"fig3a","5.411695265464638","0.00025118864315095795","5000","217","133","0.04359128174365127","0.026794641071785644","0.6146788990825689","0.02461507698460308","0.038698077291172694","2507","2507"
"fig3a","5.411695265464638","0.00029286445646252375","5000","227","136","0.04559088182363527","0.027394521095780843","0.6008771929824561","0.025114977004599078","0.0586598312503952","2508","2508"
"fig3a","5.411695265464638","0.0003414548873833601","5000","230","99","0.04619076184763048","0.01999600079984003","0.43290043290043284","0.01768646270745851","0.08662577783974257","2509","2509"
"fig3a","5.411695265464638","0.00039810717055349735","5000","201","91","0.04039192161567687","0.01839632073585283","0.45544554455445546","0.016376724655068987","0.1255120289099807","2510","2510"
"fig3a","5.411695265464638","0.00046415888336127773","5000","255","83","0.05118976204759048","0.016796640671865627","0.328125","0.014237152569486104","0.17923477454323233","2511","2511"
"fig3a","5.411695265464638","0.0005411695265464637","5000","246","47","0.04939012197560488","0.009598080383923215","0.19433198380566802","0.00712857428514297","0.253032236969716","2512","2512"
"fig3a","5.411695265464638","0.000630957344480193","5000","254","44","0.05098980203959208","0.008998200359928014","0.17647058823529413","0.00644871025794841","0.35388070652294346","2513","2513"
"fig3a","5.411695265464638","0.0007356422544596414","5000","229","34","0.04599080183963208","0.006998600279944011","0.15217391304347824","0.0046990601879624075","0.49102728255195416","2514","2514"
"fig3a","5.411695265464638","0.0008576958985908946","5000","245","33","0.04919016196760648","0.006798640271945611","0.13821138211382114","0.004339132173565287","0.6766648050777349","2515","2515"
"fig3a","5.411695265464638","0.001","5000","247","10","0.049590081983603276","0.0021995600879824036","0.04435483870967742","-0.00027994401119776045","0.9267762016043832","2516","2516"
"fig3a","5.411695265464638","0.001165914401179831","5000","259","9","0.051989602079584085","0.001999600079984003","0.03846153846153846","-0.0005998800239952013","1.262175031819936","2517","2517"
"fig3a","5.411695265464638","0.0013593563908785254","5000","243","4","0.04879024195160968","0.0009998000399920016","0.020491803278688523","-0.0014397120575884825","1.7097649217450055","2518","2518"
"fig3a","5.411695265464638","0.001584893192461114","5000","264","3","0.05298940211957608","0.0007998400319936012","0.01509433962264151","-0.001849630073985203","2.304030943437027","2519","2519"
"fig3a","5.411695265464638","0.0018478497974222907","5000","293","1","0.05878824235152969","0.0003999200159968006","0.006802721088435374","-0.0025394921015796843","3.0887585908271262","2520","2520"
"fig3a","5.411695265464638","0.002154434690031882","5000","280","0","0.05618876224755049","0.0001999600079984003","0.0035587188612099642","-0.0026094781043791244","4.118948544352293","2521","2521"
"fig3a","5.411695265464638","0.0025118864315095794","5000","302","0","0.060587882423515295","0.0001999600079984003","0.0033003300330033004","-0.0028294341131773646","5.462856104224159","2522","2522"
"fig3a","5.411695265464638","0.0029286445646252374","5000","322","0","0.06458708258348331","0.0001999600079984003","0.003095975232198142","-0.003029394121175765","7.204032538770321","2523","2523"
"fig3a","5.411695265464638","0.003414548873833601","5000","355","0","0.07118576284743051","0.0001999600079984003","0.0028089887640449437","-0.0033593281343731254","9.443183677298464","2524","2524"
"fig3a","5.411695265464638","0.003981071705534973","5000","354","0","0.07098580283943211","0.0001999600079984003","0.0028169014084507044","-0.003349330133973205","12.299594737954635","2525","2525"
"fig3a","5.411695265464638","0.004641588833612782","5000","389","0","0.07798440311937613","0.0001999600079984003","0.002564102564102564","-0.003699260147970406","15.911810419781034","2526","2526"
"fig3a","5.411695265464638","0.0054116952654646375","5000","400","0","0.08018396320735853","0.0001999600079984003","0.0024937655860349127","-0.0038092381523695262","20.437221747469437","2527","2527"
"fig3a","5.411695265464638","0.006309573444801929","5000","434","0","0.08698260347930414","0.0001999600079984003","0.0022988505747126436","-0.004149170165966807","26.05021605451975","2528","2528"
"fig3a","5.411695265464638","0.007356422544596414","5000","509","0","0.10197960407918416","0.0001999600079984003","0.00196078431372549","-0.004899020195960808","32.938614289514845","2529","2529"
"fig3a","5.411695265464638","0.008576958985908946","5000","586","0","0.11737652469506099","0.0001999600079984003","0.0017035775127768312","-0.00566886622675465","40.56763177555058","2530","2530"
"fig3a","5.411695265464638","0.01","5000","669","0","0.1339732053589282","0.0001999600079984003","0.0014925373134328358","-0.00649870025994801","50.1497235020494","2531","2531"
"fig3a","5.411695265464638","0.01165914401179831","5000","746","0","0.14937012597480503","0.0001999600079984003","0.0013386880856760374","-0.0072685462907418515","61.47988573079596","2532","2532"
"fig3a","5.411695265464638","0.013593563908785255","5000","843","0","0.16876624675064986","0.0001999600079984003","0.001184834123222749","-0.008238352329534094","74.73369913323211","2533","2533"
"fig3a","5.411695265464638","0.01584893192461114","5000","845","0","0.16916616676664667","0.0001999600079984003","0.001182033096926714","-0.008258348330333934","90.06293789581028","2534","2534"
"fig3a","5.411695265464638","0.018478497974222907","5000","923","0","0.1847630473905219","0.0001999600079984003","0.0010822510822510823","-0.009038192361527695","107.58755414328152","2535","2535"
"fig3a","5.411695265464638","0.021544346900318843","5000","1019","0","0.20395920815836832","0.0001999600079984003","0.000980392156862745","-0.009998000399920017","127.39094944818004","2536","2536"
"fig3a","5.411695265464638","0.025118864315095794","5000","1078","0","0.21575684863027395","0.0001999600079984003","0.0009267840593141798","-0.010587882423515299","149.51999001267876","2537","2537"
"fig3a","5.411695265464638","0.029286445646252372","5000","1051","0","0.21035792841431714","0.0001999600079984003","0.0009505703422053232","-0.010317936412717457","173.9908620889014","2538","2538"
"fig3a","5.411695265464638","0.034145488738336005","5000","1147","0","0.22955408918216358","0.0001999600079984003","0.0008710801393728222","-0.01127774445110978","200.801436908494","2539","2539"
"fig3a","5.411695265464638","0.039810717055349734","5000","1155","0","0.23115376924615078","0.0001999600079984003","0.0008650519031141868","-0.01135772845430914","229.9504196004611","2540","2540"
"fig3a","5.411695265464638","0.046415888336127774","5000","1127","0","0.22555488902219556","0.0001999600079984003","0.0008865248226950354","-0.01107778444311138","261.4629710749861","2541","2541"
"fig3a","5.411695265464638","0.054116952654646375","5000","1173","0","0.23475304939012198","0.0001999600079984003","0.0008517887563884156","-0.0115376924615077","295.4202981055479","2542","2542"
"fig3a","5.411695265464638","0.0630957344480193","5000","1184","0","0.23695260947810437","0.0001999600079984003","0.0008438818565400844","-0.011647670465906819","331.98252506141023","2543","2543"
"fig3a","5.411695265464638","0.07356422544596414","5000","1114","0","0.22295540891821636","0.0001999600079984003","0.0008968609865470852","-0.010947810437912419","371.3745855854161","2544","2544"
"fig3a","5.411695265464638","0.08576958985908938","5000","1103","0","0.22075584883023394","0.0001999600079984003","0.0009057971014492754","-0.010837832433513299","413.79297475272534","2545","2545"
"fig3a","5.411695265464638","0.1","5000","1120","0","0.22415516896620677","0.0001999600079984003","0.0008920606601248884","-0.011007798440311939","459.25189278222757","2546","2546"
"fig3a","5.411695265464638","0.11659144011798311","5000","1035","0","0.20715856828634274","0.0001999600079984003","0.0009652509652509652","-0.010157968406318739","507.4811094495463","2547","2547"
"fig3a","5.411695265464638","0.13593563908785256","5000","1054","0","0.21095780843831233","0.0001999600079984003","0.0009478672985781991","-0.010347930413917218","557.9322449363576","2548","2548"
"fig3a","5.411695265464638","0.1584893192461114","5000","990","0","0.19816036792641473","0.0001999600079984003","0.0010090817356205853","-0.009708058388322338","609.9780809192637","2549","2549"
"fig3a","5.411695265464638","0.18478497974222907","5000","993","0","0.19876024795040992","0.0001999600079984003","0.0010060362173038228","-0.009738052389522097","665.488612397809","2550","2550"
"fig3a","5.411695265464638","0.21544346900318845","5000","935","0","0.1871625674865027","0.0001999600079984003","0.0010683760683760683","-0.009158168366326736","726.235397350205","2551","2551"
"fig3a","5.411695265464638","0.25118864315095796","5000","1054","0","0.21095780843831233","0.0001999600079984003","0.0009478672985781991","-0.010347930413917218","793.862625452268","2552","2552"
"fig3a","5.411695265464638","0.29286445646252374","5000","963","0","0.19276144771045792","0.0001999600079984003","0.001037344398340249","-0.009438112377524496","870.7362169885848","2553","2553"
"fig3a","5.411695265464638","0.34145488738336005","5000","940","0","0.1881623675264947","0.0001999600079984003","0.0010626992561105207","-0.009208158368326336","960.3093379117367","2554","2554"
"fig3a","5.411695265464638","0.3981071705534973","5000","940","0","0.1881623675264947","0.0001999600079984003","0.0010626992561105207","-0.009208158368326336","1067.7423509981277","2555","2555"
"fig3a","5.411695265464638","0.46415888336127775","5000","1001","0","0.20035992801439712","0.0001999600079984003","0.000998003992015968","-0.009818036392721457","1201.0061396490219","2556","2556"
"fig3a","5.411695265464638","0.5411695265464638","5000","956","0","0.1913617276544691","0.0001999600079984003","0.0010449320794148381","-0.009368126374725056","1372.9586337741234","2557","2557"
"fig3a","5.411695265464638","0.630957344480193","5000","910","0","0.1821635672865427","0.0001999600079984003","0.001097694840834248","-0.008908218356328736","1605.5248127055752","2558","2558"
"fig3a","5.411695265464638","0.7356422544596414","5000","924","0","0.18496300739852028","0.0001999600079984003","0.001081081081081081","-0.009048190361927616","1938.8399988180417","2559","2559"
"fig3a","5.411695265464638","0.8576958985908937","5000","954","0","0.19096180763847231","0.0001999600079984003","0.0010471204188481674","-0.009348130373925217","2453.479531430109","2560","2560"
"fig3a","5.411695265464638","1.0","5000","998","0","0.19976004799040192","0.0001999600079984003","0.001001001001001001","-0.009788042391521697","3332.614025364289","2561","2561"
"fig3a","6.30957344480193","0.0001","5000","324","262","0.0649870025994801","0.052589482103579284","0.8092307692307692","0.049340131973605275","0.01571474444949672","2562","2562"
"fig3a","6.30957344480193","0.00011659144011798323","5000","334","234","0.0669866026794641","0.046990601879624075","0.7014925373134329","0.04364127174565087","0.0210248648559741","2563","2563"
"fig3a","6.30957344480193","0.00013593563908785255","5000","308","218","0.0617876424715057","0.04379124175164967","0.7087378640776698","0.040701859628074384","0.028171082895767086","2564","2564"
"fig3a","6.30957344480193","0.00015848931924611142","5000","341","227","0.0683863227354529","0.04559088182363527","0.6666666666666666","0.04217156568686262","0.03779192676603316","2565","2565"
"fig3a","6.30957344480193","0.00018478497974222906","5000","303","205","0.060787842431513694","0.041191761647670466","0.6776315789473685","0.038152369526094784","0.05074653421667108","2566","2566"
"fig3a","6.30957344480193","0.00021544346900318845","5000","290","225","0.05818836232753449","0.04519096180763847","0.7766323024054983","0.04228154369126175","0.06818946019808436","2567","2567"
"fig3a","6.30957344480193","0.00025118864315095795","5000","312","180","0.0625874825034993","0.036192761447710456","0.5782747603833865","0.03306338732253549","0.09166995910464948","2568","2568"
"fig3a","6.30957344480193","0.00029286445646252375","5000","325","152","0.0651869626074785","0.03059388122375525","0.4693251533742332","0.027334533093381325","0.12326323449332222","2569","2569"
"fig3a","6.30957344480193","0.0003414548873833601","5000","328","143","0.0657868426314737","0.028794241151769647","0.4376899696048632","0.02550489902019596","0.16574315478865742","2570","2570"
"fig3a","6.30957344480193","0.00039810717055349735","5000","334","119","0.0669866026794641","0.02399520095980804","0.35820895522388063","0.020645870825834835","0.22280831452241046","2571","2571"
"fig3a","6.30957344480193","0.00046415888336127773","5000","339","92","0.06798640271945611","0.01859628074385123","0.2735294117647059","0.015196960607878425","0.29937605223963715","2572","2572"
"fig3a","6.30957344480193","0.0005411695265464637","5000","310","76","0.0621875624875025","0.015396920615876825","0.24758842443729903","0.012287542491501699","0.4019620213406938","2573","2573"
"fig3a","6.30957344480193","0.000630957344480193","5000","321","59","0.0643871225754849","0.01199760047990402","0.1863354037267081","0.008778244351129776","0.5391659368952446","2574","2574"
"fig3a","6.30957344480193","0.0007356422544596414","5000","305","48","0.0611877624475105","0.009798040391921616","0.16013071895424835","0.006738652269546091","0.7222868068081425","2575","2575"
"fig3a","6.30957344480193","0.0008576958985908946","5000","319","25","0.0639872025594881","0.005198960207958408","0.08125","0.0019996000799840027","0.966092677932977","2576","2576"
"fig3a","6.30957344480193","0.001","5000","319","19","0.0639872025594881","0.003999200159968006","0.0625","0.0007998400319936009","1.2897697549083773","2577","2577"
"fig3a","6.30957344480193","0.001165914401179831","5000","304","1","0.0609878024395121","0.0003999200159968006","0.006557377049180327","-0.002649470105978805","1.718072381288664","2578","2578"
"fig3a","6.30957344480193","0.0013593563908785254","5000","333","6","0.06678664267146571","0.0013997200559888023","0.020958083832335328","-0.0019396120775844834","2.2826871264182387","2579","2579"
"fig3a","6.30957344480193","0.001584893192461114","5000","345","5","0.0691861627674465","0.0011997600479904018","0.017341040462427747","-0.0022595480903819234","3.023809110151319","2580","2580"
"fig3a","6.30957344480193","0.0018478497974222907","5000","340","2","0.06818636272745451","0.0005998800239952009","0.00879765395894428","-0.002809438112377525","3.9919046621481016","2581","2581"
"fig3a","6.30957344480193","0.002154434690031882","5000","312","1","0.0625874825034993","0.0003999200159968006","0.006389776357827476","-0.0027294541091781644","5.249599780009362","2582","2582"
"fig3a","6.30957344480193","0.0025118864315095794","5000","373","0","0.07478504299140172","0.0001999600079984003","0.00267379679144385","-0.0035392921415716857","6.856788980518445","2583","2583"
"fig3a","6.30957344480193","0.0029286445646252374","5000","377","0","0.07558488302339532","0.0001999600079984003","0.0026455026455026454","-0.0035792841431713657","8.956396437253687","2584","2584"
"fig3a","6.30957344480193","0.003414548873833601","5000","357","0","0.07158568286342731","0.0001999600079984003","0.002793296089385475","-0.0033793241351729652","11.607786748634169","2585","2585"
"fig3a","6.30957344480193","0.003981071705534973","5000","354","0","0.07098580283943211","0.0001999600079984003","0.0028169014084507044","-0.003349330133973205","14.95551548069784","2586","2586"
"fig3a","6.30957344480193","0.004641588833612782","5000","476","0","0.09538092381523695","0.0001999600079984003","0.0020964360587002093","-0.004569086182763448","18.56181138585174","2587","2587"
"fig3a","6.30957344480193","0.0054116952654646375","5000","512","0","0.10257948410317937","0.0001999600079984003","0.001949317738791423","-0.004929014197160568","23.4523230676387","2588","2588"
"fig3a","6.30957344480193","0.006309573444801929","5000","524","0","0.10497900419916016","0.0001999600079984003","0.0019047619047619048","-0.005048990201959608","29.448522469859427","2589","2589"
"fig3a","6.30957344480193","0.007356422544596414","5000","621","0","0.124375124975005","0.0001999600079984003","0.001607717041800643","-0.00601879624075185","36.73377607443311","2590","2590"
"fig3a","6.30957344480193","0.008576958985908946","5000","679","0","0.13597280543891221","0.0001999600079984003","0.0014705882352941176","-0.0065986802639472104","45.49584561965085","2591","2591"
"fig3a","6.30957344480193","0.01","5000","730","0","0.14617076584683064","0.0001999600079984003","0.0013679890560875513","-0.007108578284343132","55.9185535910168","2592","2592"
"fig3a","6.30957344480193","0.01165914401179831","5000","779","0","0.15596880623875226","0.0001999600079984003","0.001282051282051282","-0.007598480303939213","68.17241287289616","2593","2593"
"fig3a","6.30957344480193","0.013593563908785255","5000","824","0","0.16496700659868027","0.0001999600079984003","0.0012121212121212121","-0.008048390321935614","82.40528248493567","2594","2594"
"fig3a","6.30957344480193","0.01584893192461114","5000","898","0","0.17976404719056188","0.0001999600079984003","0.0011123470522803114","-0.008788242351529694","98.7343801852166","2595","2595"
"fig3a","6.30957344480193","0.018478497974222907","5000","906","0","0.18136372725454908","0.0001999600079984003","0.0011025358324145535","-0.008868226354729055","117.24108530436132","2596","2596"
"fig3a","6.30957344480193","0.021544346900318843","5000","980","0","0.19616076784643072","0.0001999600079984003","0.001019367991845056","-0.009608078384323137","137.96987675330143","2597","2597"
"fig3a","6.30957344480193","0.025118864315095794","5000","1023","0","0.20475904819036192","0.0001999600079984003","0.0009765625","-0.010037992401519697","160.93250164283688","2598","2598"
"fig3a","6.30957344480193","0.029286445646252372","5000","1015","0","0.20315936812637472","0.0001999600079984003","0.000984251968503937","-0.009958008398320338","186.1181383795015","2599","2599"
"fig3a","6.30957344480193","0.034145488738336005","5000","1037","0","0.20755848830233953","0.0001999600079984003","0.0009633911368015414","-0.010177964407118578","213.5099849339702","2600","2600"
"fig3a","6.30957344480193","0.039810717055349734","5000","1054","0","0.21095780843831233","0.0001999600079984003","0.0009478672985781991","-0.010347930413917218","243.10828374987125","2601","2601"
"fig3a","6.30957344480193","0.046415888336127774","5000","1074","0","0.21495700859828035","0.0001999600079984003","0.0009302325581395348","-0.010547890421915618","274.95852325432367","2602","2602"
"fig3a","6.30957344480193","0.054116952654646375","5000","1016","0","0.20335932813437313","0.0001999600079984003","0.000983284169124877","-0.009968006398720258","309.1787723990998","2603","2603"
"fig3a","6.30957344480193","0.0630957344480193","5000","1011","0","0.20235952809438112","0.0001999600079984003","0.0009881422924901185","-0.009918016396720658","345.9670193913615","2604","2604"
"fig3a","6.30957344480193","0.07356422544596414","5000","997","0","0.19956008798240352","0.0001999600079984003","0.001002004008016032","-0.009778044391121777","385.553240924489","2605","2605"
"fig3a","6.30957344480193","0.08576958985908938","5000","976","0","0.19536092781443712","0.0001999600079984003","0.0010235414534288639","-0.009568086382723457","428.0836328907839","2606","2606"
"fig3a","6.30957344480193","0.1","5000","1044","0","0.20895820835832835","0.0001999600079984003","0.0009569377990430621","-0.010247950409918018","473.5030963195863","2607","2607"
"fig3a","6.30957344480193","0.11659144011798311","5000","962","0","0.1925614877024595","0.0001999600079984003","0.0010384215991692627","-0.009428114377124576","521.5133850192321","2608","2608"
"fig3a","6.30957344480193","0.13593563908785256","5000","932","0","0.1865626874625075","0.0001999600079984003","0.0010718113612004287","-0.009128174365126977","571.5943481420065","2609","2609"
"fig3a","6.30957344480193","0.1584893192461114","5000","947","0","0.1895620875824835","0.0001999600079984003","0.0010548523206751054","-0.009278144371125776","623.6773709949484","2610","2610"
"fig3a","6.30957344480193","0.18478497974222907","5000","981","0","0.19636072785442912","0.0001999600079984003","0.0010183299389002036","-0.009618076384723057","680.0880287965356","2611","2611"
"fig3a","6.30957344480193","0.21544346900318845","5000","961","0","0.1923615276944611","0.0001999600079984003","0.0010395010395010396","-0.009418116376724656","742.235271652157","2612","2612"
"fig3a","6.30957344480193","0.25118864315095796","5000","1000","0","0.2001599680063987","0.0001999600079984003","0.000999000999000999","-0.009808038392321536","811.84395353122","2613","2613"
"fig3a","6.30957344480193","0.29286445646252374","5000","967","0","0.19356128774245152","0.0001999600079984003","0.0010330578512396695","-0.009478104379124178","891.3456277602502","2614","2614"
"fig3a","6.30957344480193","0.34145488738336005","5000","981","0","0.19636072785442912","0.0001999600079984003","0.0010183299389002036","-0.009618076384723057","984.2240308016098","2615","2615"
"fig3a","6.30957344480193","0.3981071705534973","5000","978","0","0.1957608478304339","0.0001999600079984003","0.0010214504596527069","-0.009588082383523296","1095.5875848197556","2616","2616"
"fig3a","6.30957344480193","0.46415888336127775","5000","995","0","0.19916016796640673","0.0001999600079984003","0.001004016064257028","-0.009758048390321938","1233.1597031921292","2617","2617"
"fig3a","6.30957344480193","0.5411695265464638","5000","977","0","0.19556088782243553","0.0001999600079984003","0.0010224948875255623","-0.009578084383123377","1409.0807969971354","2618","2618"
"fig3a","6.30957344480193","0.630957344480193","5000","1015","0","0.20315936812637472","0.0001999600079984003","0.000984251968503937","-0.009958008398320338","1643.3940350767884","2619","2619"
"fig3a","6.30957344480193","0.7356422544596414","5000","977","0","0.19556088782243553","0.0001999600079984003","0.0010224948875255623","-0.009578084383123377","1971.3172314978083","2620","2620"
"fig3a","6.30957344480193","0.8576958985908937","5000","1027","0","0.20555888822235552","0.0001999600079984003","0.0009727626459143969","-0.010077984403119376","2459.942238328994","2621","2621"
"fig3a","6.30957344480193","1.0","5000","1039","0","0.20795840831833634","0.0001999600079984003","0.0009615384615384615","-0.010197960407918418","3251.7745390838095","2622","2622"
"fig3a","7.3564225445964135","0.0001","5000","752","636","0.15056988602279545","0.127374525094981","0.8459495351925631","0.11984603079384124","-0.03494873818755195","2623","2623"
"fig3a","7.3564225445964135","0.00011659144011798323","5000","780","581","0.15616876624675066","0.11637672465506899","0.7451984635083226","0.10856828634273145","-0.03709758449519995","2624","2624"
"fig3a","7.3564225445964135","0.00013593563908785255","5000","728","572","0.14577084583083383","0.11457708458308338","0.7860082304526749","0.1072885422915417","-0.038315760141728106","2625","2625"
"fig3a","7.3564225445964135","0.00015848931924611142","5000","697","523","0.13957208558288342","0.10477904419116177","0.7507163323782235","0.0978004399120176","-0.03800026225798092","2626","2626"
"fig3a","7.3564225445964135","0.00018478497974222906","5000","768","481","0.15376924615076984","0.09638072385522896","0.6267880364109233","0.08869226154769047","-0.03529479219687914","2627","2627"
"fig3a","7.3564225445964135","0.00021544346900318845","5000","708","443","0.14177164567086584","0.08878224355128975","0.6262341325811002","0.08169366126774645","-0.028997133982386458","2628","2628"
"fig3a","7.3564225445964135","0.00025118864315095795","5000","730","412","0.14617076584683064","0.08258348330333934","0.5649794801641587","0.07527494501099781","-0.01743545553080139","2629","2629"
"fig3a","7.3564225445964135","0.00029286445646252375","5000","722","356","0.14457108578284344","0.07138572285542892","0.49377593360995853","0.06415716856628675","0.0016959398875826537","2630","2630"
"fig3a","7.3564225445964135","0.0003414548873833601","5000","742","317","0.14857028594281144","0.0635872825434913","0.42799461641991926","0.05615876824635073","0.031553321877197504","2631","2631"
"fig3a","7.3564225445964135","0.00039810717055349735","5000","724","246","0.14497100579884023","0.04939012197560488","0.3406896551724138","0.04214157168566286","0.07642743342174185","2632","2632"
"fig3a","7.3564225445964135","0.00046415888336127773","5000","668","225","0.13377324535092983","0.04519096180763847","0.3378176382660687","0.03850229954009198","0.14211244003865886","2633","2633"
"fig3a","7.3564225445964135","0.0005411695265464637","5000","714","199","0.14297140571885622","0.03999200159968006","0.27972027972027974","0.03284343131373725","0.2363810110733766","2634","2634"
"fig3a","7.3564225445964135","0.000630957344480193","5000","692","146","0.13857228554289142","0.029394121175764846","0.21212121212121213","0.022465506898620275","0.36958957682651317","2635","2635"
"fig3a","7.3564225445964135","0.0007356422544596414","5000","656","115","0.131373725254949","0.023195360927814438","0.17656012176560124","0.01662667466506699","0.5554398820732445","2636","2636"
"fig3a","7.3564225445964135","0.0008576958985908946","5000","731","71","0.14637072585482905","0.014397120575884824","0.09836065573770492","0.0070785842831433705","0.8119232059095509","2637","2637"
"fig3a","7.3564225445964135","0.001","5000","649","36","0.1299740051989602","0.007398520295940812","0.05692307692307692","0.0008998200359928016","1.162470693002689","2638","2638"
"fig3a","7.3564225445964135","0.001165914401179831","5000","633","26","0.1267746450709858","0.005398920215956809","0.04258675078864354","-0.0009398120375924812","1.6373253549664923","2639","2639"
"fig3a","7.3564225445964135","0.0013593563908785254","5000","579","15","0.11597680463907219","0.003199360127974405","0.027586206896551724","-0.0025994801039792045","2.2751362733197595","2640","2640"
"fig3a","7.3564225445964135","0.001584893192461114","5000","662","4","0.13257348530293941","0.0009998000399920016","0.007541478129713424","-0.00562887422515497","3.1130222842575677","2641","2641"
"fig3a","7.3564225445964135","0.0018478497974222907","5000","628","3","0.12577484503099381","0.0007998400319936012","0.0063593004769475344","-0.00548890221955609","4.195552433299781","2642","2642"
"fig3a","7.3564225445964135","0.002154434690031882","5000","652","1","0.1305738852229554","0.0003999200159968006","0.0030627871362940277","-0.00612877424515097","5.717385929279317","2643","2643"
"fig3a","7.3564225445964135","0.0025118864315095794","5000","648","1","0.1297740451909618","0.0003999200159968006","0.0030816640986132513","-0.006088782243551289","7.626442475684655","2644","2644"
"fig3a","7.3564225445964135","0.0029286445646252374","5000","676","0","0.13537292541491702","0.0001999600079984003","0.0014771048744460856","-0.006568686262747451","9.683919173408185","2645","2645"
"fig3a","7.3564225445964135","0.003414548873833601","5000","717","0","0.14357128574285144","0.0001999600079984003","0.0013927576601671307","-0.0069786042791441716","12.608324972902352","2646","2646"
"fig3a","7.3564225445964135","0.003981071705534973","5000","699","0","0.13997200559888023","0.0001999600079984003","0.0014285714285714284","-0.006798640271945612","16.304366184476066","2647","2647"
"fig3a","7.3564225445964135","0.004641588833612782","5000","769","0","0.15396920615876825","0.0001999600079984003","0.0012987012987012987","-0.007498500299940012","20.936194867043127","2648","2648"
"fig3a","7.3564225445964135","0.0054116952654646375","5000","799","0","0.15996800639872025","0.0001999600079984003","0.00125","-0.007798440311937612","26.683900311490902","2649","2649"
"fig3a","7.3564225445964135","0.006309573444801929","5000","882","0","0.1765646870625875","0.0001999600079984003","0.001132502831257078","-0.008628274345130976","33.73753215078517","2650","2650"
"fig3a","7.3564225445964135","0.007356422544596414","5000","886","0","0.1773645270945811","0.0001999600079984003","0.0011273957158962795","-0.008668266346730655","42.28859708661315","2651","2651"
"fig3a","7.3564225445964135","0.008576958985908946","5000","914","0","0.1829634073185363","0.0001999600079984003","0.001092896174863388","-0.008948210357928416","52.51948917156835","2652","2652"
"fig3a","7.3564225445964135","0.01","5000","965","0","0.1931613677264547","0.0001999600079984003","0.0010351966873706005","-0.009458108378324337","64.59180588313058","2653","2653"
"fig3a","7.3564225445964135","0.01165914401179831","5000","1002","0","0.20055988802239552","0.0001999600079984003","0.0009970089730807576","-0.009828034393121377","78.63491957486502","2654","2654"
"fig3a","7.3564225445964135","0.013593563908785255","5000","1002","0","0.20055988802239552","0.0001999600079984003","0.0009970089730807576","-0.009828034393121377","94.73641115395179","2655","2655"
"fig3a","7.3564225445964135","0.01584893192461114","5000","1072","0","0.21455708858228353","0.0001999600079984003","0.0009319664492078285","-0.010527894421115777","112.93596735739635","2656","2656"
"fig3a","7.3564225445964135","0.018478497974222907","5000","1128","0","0.22575484903019397","0.0001999600079984003","0.0008857395925597873","-0.0110877824435113","133.22409630406133","2657","2657"
"fig3a","7.3564225445964135","0.021544346900318843","5000","1121","0","0.22435512897420515","0.0001999600079984003","0.0008912655971479501","-0.01101779644071186","155.54659420029492","2658","2658"
"fig3a","7.3564225445964135","0.025118864315095794","5000","1127","0","0.22555488902219556","0.0001999600079984003","0.0008865248226950354","-0.01107778444311138","179.81521087278844","2659","2659"
"fig3a","7.3564225445964135","0.029286445646252372","5000","1107","0","0.22155568886222757","0.0001999600079984003","0.0009025270758122743","-0.01087782443511298","205.92453409357603","2660","2660"
"fig3a","7.3564225445964135","0.034145488738336005","5000","1139","0","0.22795440911817635","0.0001999600079984003","0.0008771929824561404","-0.011197760447910418","233.77480195930804","2661","2661"
"fig3a","7.3564225445964135","0.039810717055349734","5000","1102","0","0.22055588882223556","0.0001999600079984003","0.0009066183136899364","-0.01082783443311338","263.299973124133","2662","2662"
"fig3a","7.3564225445964135","0.046415888336127774","5000","1068","0","0.21375724855028994","0.0001999600079984003","0.0009354536950420954","-0.010487902419516098","294.4989964136864","2663","2663"
"fig3a","7.3564225445964135","0.054116952654646375","5000","1111","0","0.22235552889422117","0.0001999600079984003","0.0008992805755395683","-0.01091781643671266","327.4631835587124","2664","2664"
"fig3a","7.3564225445964135","0.0630957344480193","5000","1087","0","0.21755648870225955","0.0001999600079984003","0.0009191176470588235","-0.010677864427114579","362.3806188833069","2665","2665"
"fig3a","7.3564225445964135","0.07356422544596414","5000","1028","0","0.20575884823035392","0.0001999600079984003","0.0009718172983479105","-0.010087982403519297","399.48846821064757","2666","2666"
"fig3a","7.3564225445964135","0.08576958985908938","5000","1014","0","0.20295940811837632","0.0001999600079984003","0.0009852216748768472","-0.009948010397920417","438.9711145348578","2667","2667"
"fig3a","7.3564225445964135","0.1","5000","987","0","0.1975604879024195","0.0001999600079984003","0.0010121457489878543","-0.009678064387122577","480.8624667446456","2668","2668"
"fig3a","7.3564225445964135","0.11659144011798311","5000","1006","0","0.20135972805438912","0.0001999600079984003","0.0009930486593843098","-0.009868026394721056","525.0072864809072","2669","2669"
"fig3a","7.3564225445964135","0.13593563908785256","5000","1012","0","0.20255948810237953","0.0001999600079984003","0.0009871668311944718","-0.009928014397120578","571.1153926510897","2670","2670"
"fig3a","7.3564225445964135","0.1584893192461114","5000","1001","0","0.20035992801439712","0.0001999600079984003","0.000998003992015968","-0.009818036392721457","620.4737021714591","2671","2671"
"fig3a","7.3564225445964135","0.18478497974222907","5000","998","0","0.19976004799040192","0.0001999600079984003","0.001001001001001001","-0.009788042391521697","674.626520935006","2672","2672"
"fig3a","7.3564225445964135","0.21544346900318845","5000","981","0","0.19636072785442912","0.0001999600079984003","0.0010183299389002036","-0.009618076384723057","734.9363554448487","2673","2673"
"fig3a","7.3564225445964135","0.25118864315095796","5000","1014","0","0.20295940811837632","0.0001999600079984003","0.0009852216748768472","-0.009948010397920417","803.265867571316","2674","2674"
"fig3a","7.3564225445964135","0.29286445646252374","5000","982","0","0.1965606878624275","0.0001999600079984003","0.001017293997965412","-0.009628074385122976","882.2076036512906","2675","2675"
"fig3a","7.3564225445964135","0.34145488738336005","5000","924","0","0.18496300739852028","0.0001999600079984003","0.001081081081081081","-0.009048190361927616","975.4543705224494","2676","2676"
"fig3a","7.3564225445964135","0.3981071705534973","5000","948","0","0.1897620475904819","0.0001999600079984003","0.001053740779768177","-0.009288142371525697","1088.4167937289003","2677","2677"
"fig3a","7.3564225445964135","0.46415888336127775","5000","992","0","0.1985602879424115","0.0001999600079984003","0.0010070493454179255","-0.009728054389122177","1229.2960444181904","2678","2678"
"fig3a","7.3564225445964135","0.5411695265464638","5000","945","0","0.1891621675664867","0.0001999600079984003","0.0010570824524312895","-0.009258148370325937","1411.0418026733332","2679","2679"
"fig3a","7.3564225445964135","0.630957344480193","5000","956","0","0.1913617276544691","0.0001999600079984003","0.0010449320794148381","-0.009368126374725056","1655.147545908585","2680","2680"
"fig3a","7.3564225445964135","0.7356422544596414","5000","976","0","0.19536092781443712","0.0001999600079984003","0.0010235414534288639","-0.009568086382723457","1999.5726996619587","2681","2681"
"fig3a","7.3564225445964135","0.8576958985908937","5000","956","0","0.1913617276544691","0.0001999600079984003","0.0010449320794148381","-0.009368126374725056","2516.894992899295","2682","2682"
"fig3a","7.3564225445964135","1.0","5000","997","0","0.19956008798240352","0.0001999600079984003","0.001002004008016032","-0.009778044391121777","3361.278092338557","2683","2683"
"fig3a","8.576958985908938","0.0001","5000","906","675","0.18136372725454908","0.13517296540691862","0.7453142227122382","0.12610477904419115","-0.06160717988916531","2684","2684"
"fig3a","8.576958985908938","0.00011659144011798323","5000","881","663","0.17636472705458908","0.13277344531093782","0.7528344671201814","0.12395520895820837","-0.06767618939298359","2685","2685"
"fig3a","8.576958985908938","0.00013593563908785255","5000","841","655","0.16836632673465307","0.1311737652469506","0.7790973871733966","0.12275544891021795","-0.07328835681727242","2686","2686"
"fig3a","8.576958985908938","0.00015848931924611142","5000","810","626","0.16216756648670266","0.125374925014997","0.7731196054254007","0.11726654669066187","-0.07785819748272615","2687","2687"
"fig3a","8.576958985908938","0.00018478497974222906","5000","838","589","0.16776644671065788","0.11797640471905618","0.703218116805721","0.10958808238352329","-0.0805292194623064","2688","2688"
"fig3a","8.576958985908938","0.00021544346900318845","5000","897","557","0.17956408718256348","0.11157768446310738","0.6213808463251671","0.10259948010397921","-0.08007170169616984","2689","2689"
"fig3a","8.576958985908938","0.00025118864315095795","5000","840","498","0.16816636672665466","0.09978004399120176","0.5933412604042806","0.09137172565486902","-0.07474581701737293","2690","2690"
"fig3a","8.576958985908938","0.00029286445646252375","5000","840","448","0.16816636672665466","0.08978204359128174","0.5338882282996432","0.081373725254949","-0.062119537226124066","2691","2691"
"fig3a","8.576958985908938","0.0003414548873833601","5000","876","405","0.17536492701459708","0.08118376324735053","0.4629418472063854","0.07241551689662068","-0.03882806965327745","2692","2692"
"fig3a","8.576958985908938","0.00039810717055349735","5000","829","330","0.16596680663867228","0.0661867626474705","0.39879518072289155","0.05788842231553689","-0.00025848577914189264","2693","2693"
"fig3a","8.576958985908938","0.00046415888336127773","5000","815","286","0.16316736652669467","0.057388522295540895","0.35171568627450983","0.04923015396920616","0.05986017693402346","2694","2694"
"fig3a","8.576958985908938","0.0005411695265464637","5000","785","202","0.15716856628674264","0.04059188162367527","0.25826972010178123","0.032733453309338134","0.14998448431339284","2695","2695"
"fig3a","8.576958985908938","0.000630957344480193","5000","820","165","0.16416716656668667","0.033193361327734455","0.20219244823386115","0.02498500299940012","0.28142801641274673","2696","2696"
"fig3a","8.576958985908938","0.0007356422544596414","5000","803","106","0.16076784643071385","0.021395720855828835","0.13308457711442787","0.013357328534293143","0.4692046888754362","2697","2697"
"fig3a","8.576958985908938","0.0008576958985908946","5000","812","86","0.16256748650269945","0.01739652069586083","0.10701107011070113","0.009268146370725856","0.7330717217871552","2698","2698"
"fig3a","8.576958985908938","0.001","5000","814","57","0.16296740651869626","0.011597680463907219","0.07116564417177915","0.003449310137972405","1.0987958781069835","2699","2699"
"fig3a","8.576958985908938","0.001165914401179831","5000","812","23","0.16256748650269945","0.004799040191961607","0.02952029520295203","-0.003329334133173366","1.599656660376013","2700","2700"
"fig3a","8.576958985908938","0.0013593563908785254","5000","819","7","0.16396720655868827","0.0015996800639872025","0.00975609756097561","-0.006598680263947211","2.278181959145428","2701","2701"
"fig3a","8.576958985908938","0.001584893192461114","5000","754","2","0.15096980603879223","0.0005998800239952009","0.003973509933774834","-0.0069486102779444114","3.1880825962665824","2702","2702"
"fig3a","8.576958985908938","0.0018478497974222907","5000","764","0","0.15296940611877624","0.0001999600079984003","0.00130718954248366","-0.007448510297940412","4.396310091987857","2703","2703"
"fig3a","8.576958985908938","0.002154434690031882","5000","738","1","0.14777044591081784","0.0003999200159968006","0.002706359945872801","-0.006988602279544091","5.985105871465237","2704","2704"
"fig3a","8.576958985908938","0.0025118864315095794","5000","783","0","0.15676864627074585","0.0001999600079984003","0.0012755102040816326","-0.007638472305538892","8.053841608744477","2705","2705"
"fig3a","8.576958985908938","0.0029286445646252374","5000","737","0","0.14757048590281943","0.0001999600079984003","0.0013550135501355014","-0.007178564287142571","10.720375108848032","2706","2706"
"fig3a","8.576958985908938","0.003414548873833601","5000","746","0","0.14937012597480503","0.0001999600079984003","0.0013386880856760374","-0.0072685462907418515","14.121575102702764","2707","2707"
"fig3a","8.576958985908938","0.003981071705534973","5000","776","0","0.15536892621475704","0.0001999600079984003","0.001287001287001287","-0.007568486302739452","17.891015032324617","2708","2708"
"fig3a","8.576958985908938","0.004641588833612782","5000","879","0","0.17596480703859227","0.0001999600079984003","0.0011363636363636363","-0.008598280343931215","23.013731165718127","2709","2709"
"fig3a","8.576958985908938","0.0054116952654646375","5000","943","0","0.1887622475504899","0.0001999600079984003","0.001059322033898305","-0.009238152369526097","29.355272674844173","2710","2710"
"fig3a","8.576958985908938","0.006309573444801929","5000","954","0","0.19096180763847231","0.0001999600079984003","0.0010471204188481674","-0.009348130373925217","37.118415307855116","2711","2711"
"fig3a","8.576958985908938","0.007356422544596414","5000","955","0","0.1911617676464707","0.0001999600079984003","0.0010460251046025106","-0.009358128374325135","46.50420655980818","2712","2712"
"fig3a","8.576958985908938","0.008576958985908946","5000","1037","0","0.20755848830233953","0.0001999600079984003","0.0009633911368015414","-0.010177964407118578","57.699451478327575","2713","2713"
"fig3a","8.576958985908938","0.01","5000","1077","0","0.21555688862227554","0.0001999600079984003","0.0009276437847866419","-0.010577884423115379","70.86321845349656","2714","2714"
"fig3a","8.576958985908938","0.01165914401179831","5000","1122","0","0.22455508898220355","0.0001999600079984003","0.0008904719501335708","-0.01102779444111178","86.11404877968624","2715","2715"
"fig3a","8.576958985908938","0.013593563908785255","5000","1114","0","0.22295540891821636","0.0001999600079984003","0.0008968609865470852","-0.010947810437912419","103.51972237920774","2716","2716"
"fig3a","8.576958985908938","0.01584893192461114","5000","1134","0","0.22695460907818435","0.0001999600079984003","0.000881057268722467","-0.011147770445910818","123.09127062352428","2717","2717"
"fig3a","8.576958985908938","0.018478497974222907","5000","1165","0","0.23315336932613479","0.0001999600079984003","0.0008576329331046311","-0.01145770845830834","144.7824658061944","2718","2718"
"fig3a","8.576958985908938","0.021544346900318843","5000","1237","0","0.24755048990201958","0.0001999600079984003","0.0008077544426494346","-0.01217756448710258","168.49536118674882","2719","2719"
"fig3a","8.576958985908938","0.025118864315095794","5000","1221","0","0.2443511297740452","0.0001999600079984003","0.000818330605564648","-0.01201759648070386","194.0917503845315","2720","2720"
"fig3a","8.576958985908938","0.029286445646252372","5000","1187","0","0.2375524895020996","0.0001999600079984003","0.0008417508417508417","-0.01167766446710658","221.40979750548382","2721","2721"
"fig3a","8.576958985908938","0.034145488738336005","5000","1199","0","0.23995200959808038","0.0001999600079984003","0.0008333333333333333","-0.01179764047190562","250.2846380446096","2722","2722"
"fig3a","8.576958985908938","0.039810717055349734","5000","1197","0","0.23955208958208357","0.0001999600079984003","0.0008347245409015025","-0.01177764447110578","280.57141894391236","2723","2723"
"fig3a","8.576958985908938","0.046415888336127774","5000","1096","0","0.21935612877424515","0.0001999600079984003","0.0009115770282588879","-0.010767846430713858","312.1687580515476","2724","2724"
"fig3a","8.576958985908938","0.054116952654646375","5000","1190","0","0.23815236952609478","0.0001999600079984003","0.0008396305625524769","-0.011707658468306341","345.03931408724475","2725","2725"
"fig3a","8.576958985908938","0.0630957344480193","5000","1088","0","0.21775644871025795","0.0001999600079984003","0.0009182736455463728","-0.010687862427514499","379.22118110730236","2726","2726"
"fig3a","8.576958985908938","0.07356422544596414","5000","1079","0","0.21595680863827235","0.0001999600079984003","0.0009259259259259259","-0.01059788042391522","414.8195952197537","2727","2727"
"fig3a","8.576958985908938","0.08576958985908938","5000","1033","0","0.20675864827034593","0.0001999600079984003","0.0009671179883945841","-0.010137972405518898","451.9686282331373","2728","2728"
"fig3a","8.576958985908938","0.1","5000","1012","0","0.20255948810237953","0.0001999600079984003","0.0009871668311944718","-0.009928014397120578","490.76663851364987","2729","2729"
"fig3a","8.576958985908938","0.11659144011798311","5000","962","0","0.1925614877024595","0.0001999600079984003","0.0010384215991692627","-0.009428114377124576","531.2710107430491","2730","2730"
"fig3a","8.576958985908938","0.13593563908785256","5000","1020","0","0.20415916816636673","0.0001999600079984003","0.0009794319294809011","-0.010007998400319938","574.3203610952137","2731","2731"
"fig3a","8.576958985908938","0.1584893192461114","5000","981","0","0.19636072785442912","0.0001999600079984003","0.0010183299389002036","-0.009618076384723057","620.8463334504761","2732","2732"
"fig3a","8.576958985908938","0.18478497974222907","5000","959","0","0.19196160767846432","0.0001999600079984003","0.0010416666666666667","-0.009398120375924817","671.8916715906844","2733","2733"
"fig3a","8.576958985908938","0.21544346900318845","5000","1008","0","0.20175964807038593","0.0001999600079984003","0.0009910802775024777","-0.009888022395520897","728.8502884354052","2734","2734"
"fig3a","8.576958985908938","0.25118864315095796","5000","958","0","0.1917616476704659","0.0001999600079984003","0.0010427528675703858","-0.009388122375524896","793.6061608303767","2735","2735"
"fig3a","8.576958985908938","0.29286445646252374","5000","969","0","0.1939612077584483","0.0001999600079984003","0.0010309278350515464","-0.009498100379924016","868.7527652627248","2736","2736"
"fig3a","8.576958985908938","0.34145488738336005","5000","955","0","0.1911617676464707","0.0001999600079984003","0.0010460251046025106","-0.009358128374325135","957.9495123613992","2737","2737"
"fig3a","8.576958985908938","0.3981071705534973","5000","829","0","0.16596680663867228","0.0001999600079984003","0.0012048192771084336","-0.008098380323935214","1066.5206230642766","2738","2738"
"fig3a","8.576958985908938","0.46415888336127775","5000","893","0","0.17876424715056988","0.0001999600079984003","0.0011185682326621924","-0.008738252349530094","1202.503596988752","2739","2739"
"fig3a","8.576958985908938","0.5411695265464638","5000","870","0","0.17416516696660667","0.0001999600079984003","0.001148105625717566","-0.008508298340331934","1378.5794965903146","2740","2740"
"fig3a","8.576958985908938","0.630957344480193","5000","812","0","0.16256748650269945","0.0001999600079984003","0.0012300123001230013","-0.007928414317136574","1615.8543352097727","2741","2741"
"fig3a","8.576958985908938","0.7356422544596414","5000","796","0","0.15936812637472506","0.0001999600079984003","0.0012547051442910915","-0.007768446310737853","1951.864600011365","2742","2742"
"fig3a","8.576958985908938","0.8576958985908937","5000","754","0","0.15096980603879223","0.0001999600079984003","0.0013245033112582781","-0.0073485302939412115","2459.2897537638414","2743","2743"
"fig3a","8.576958985908938","1.0","5000","714","0","0.14297140571885622","0.0001999600079984003","0.0013986013986013986","-0.006948610277944411","3295.7864395412525","2744","2744"
"fig3a","10.0","0.0001","5000","707","609","0.14157168566286743","0.1219756048790242","0.8615819209039548","0.11489702059588083","-0.04116387021514356","2745","2745"
"fig3a","10.0","0.00011659144011798323","5000","734","519","0.14697060587882424","0.10397920415916817","0.7074829931972789","0.09663067386522696","-0.04419700539233418","2746","2746"
"fig3a","10.0","0.00013593563908785255","5000","726","479","0.14537092581483704","0.09598080383923216","0.6602475928473177","0.08871225754849031","-0.04639334685936092","2747","2747"
"fig3a","10.0","0.00015848931924611142","5000","712","524","0.14257148570285944","0.10497900419916016","0.7363253856942495","0.09785042991401718","-0.04714646655966703","2748","2748"
"fig3a","10.0","0.00018478497974222906","5000","730","484","0.14617076584683064","0.09698060387922415","0.6634746922024624","0.08967206558688262","-0.04558925193265395","2749","2749"
"fig3a","10.0","0.00021544346900318845","5000","709","449","0.14197160567886422","0.08998200359928014","0.6338028169014085","0.08288342331533693","-0.04049762384420319","2750","2750"
"fig3a","10.0","0.00025118864315095795","5000","705","403","0.14117176564687062","0.08078384323135374","0.5722379603399435","0.07372525494901021","-0.030161713865027195","2751","2751"
"fig3a","10.0","0.00029286445646252375","5000","716","319","0.14337132573485303","0.0639872025594881","0.44630404463040446","0.05681863627274545","-0.012214495843181794","2752","2752"
"fig3a","10.0","0.0003414548873833601","5000","725","332","0.14517096580683864","0.0665866826634673","0.4586776859504132","0.05932813437312537","0.01659474778497838","2753","2753"
"fig3a","10.0","0.00039810717055349735","5000","686","293","0.13737252549490103","0.05878824235152969","0.42794759825327505","0.051919616076784636","0.060697793344331785","2754","2754"
"fig3a","10.0","0.00046415888336127773","5000","681","219","0.13637272545490903","0.04399120175964807","0.32258064516129026","0.03717256548690261","0.12609475087458577","2755","2755"
"fig3a","10.0","0.0005411695265464637","5000","742","194","0.14857028594281144","0.038992201559688064","0.26244952893674295","0.03156368726254749","0.22085388626803137","2756","2756"
"fig3a","10.0","0.000630957344480193","5000","708","129","0.14177164567086584","0.025994801039792043","0.18335684062059238","0.01890621875624875","0.35574997540769004","2757","2757"
"fig3a","10.0","0.0007356422544596414","5000","675","102","0.13517296540691862","0.020595880823835233","0.15236686390532544","0.013837232553489301","0.5450696520142628","2758","2758"
"fig3a","10.0","0.0008576958985908946","5000","682","80","0.1365726854629074","0.016196760647870425","0.11859443631039532","0.009368126374725054","0.8076128069969855","2759","2759"
"fig3a","10.0","0.001","5000","694","49","0.13897220555888823","0.009998000399920015","0.07194244604316546","0.003049390121975604","1.1679163396592571","2760","2760"
"fig3a","10.0","0.001165914401179831","5000","672","29","0.13457308538292342","0.00599880023995201","0.04457652303120357","-0.0007298540291941612","1.6577184527406246","2761","2761"
"fig3a","10.0","0.0013593563908785254","5000","648","10","0.1297740451909618","0.0021995600879824036","0.01694915254237288","-0.004289142171565686","2.3176657240288137","2762","2762"
"fig3a","10.0","0.001584893192461114","5000","688","5","0.13777244551089782","0.0011997600479904018","0.008708272859216255","-0.005688862227554489","3.1992385615852754","2763","2763"
"fig3a","10.0","0.0018478497974222907","5000","721","1","0.14437112577484504","0.0003999200159968006","0.0027700831024930744","-0.0068186362727454515","4.366830685931035","2764","2764"
"fig3a","10.0","0.002154434690031882","5000","697","0","0.13957208558288342","0.0001999600079984003","0.0014326647564469914","-0.006778644271145771","5.892545424958797","2765","2765"
"fig3a","10.0","0.0025118864315095794","5000","754","0","0.15096980603879223","0.0001999600079984003","0.0013245033112582781","-0.0073485302939412115","7.89474507933798","2766","2766"
"fig3a","10.0","0.0029286445646252374","5000","717","0","0.14357128574285144","0.0001999600079984003","0.0013927576601671307","-0.0069786042791441716","10.466409988213655","2767","2767"
"fig3a","10.0","0.003414548873833601","5000","769","0","0.15396920615876825","0.0001999600079984003","0.0012987012987012987","-0.007498500299940012","13.396064106311798","2768","2768"
"fig3a","10.0","0.003981071705534973","5000","864","0","0.17296540691861628","0.0001999600079984003","0.0011560693641618496","-0.008448310337932415","17.2999888226243","2769","2769"
"fig3a","10.0","0.004641588833612782","5000","920","0","0.1841631673665267","0.0001999600079984003","0.0010857763300760044","-0.009008198360327934","22.178071278558434","2770","2770"
"fig3a","10.0","0.0054116952654646375","5000","922","0","0.1845630873825235","0.0001999600079984003","0.0010834236186348862","-0.009028194361127775","28.224217653121883","2771","2771"
"fig3a","10.0","0.006309573444801929","5000","1024","0","0.20495900819836033","0.0001999600079984003","0.000975609756097561","-0.010047990401919617","35.64447884899789","2772","2772"
"fig3a","10.0","0.007356422544596414","5000","1074","0","0.21495700859828035","0.0001999600079984003","0.0009302325581395348","-0.010547890421915618","44.64688626928893","2773","2773"
"fig3a","10.0","0.008576958985908946","5000","1130","0","0.22615476904619075","0.0001999600079984003","0.0008841732979664014","-0.011107778444311139","55.4284523044538","2774","2774"
"fig3a","10.0","0.01","5000","1176","0","0.23535292941411717","0.0001999600079984003","0.0008496176720475786","-0.01156768646270746","68.16064105095114","2775","2775"
"fig3a","10.0","0.01165914401179831","5000","1299","0","0.2599480103979204","0.0001999600079984003","0.0007692307692307691","-0.012797440511897622","82.97523784415264","2776","2776"
"fig3a","10.0","0.013593563908785255","5000","1322","0","0.26454709058188364","0.0001999600079984003","0.0007558578987150415","-0.013027394521095782","99.95282553402893","2777","2777"
"fig3a","10.0","0.01584893192461114","5000","1327","0","0.26554689062187564","0.0001999600079984003","0.000753012048192771","-0.013077384523095384","119.11590106105672","2778","2778"
"fig3a","10.0","0.018478497974222907","5000","1308","0","0.261747650469906","0.0001999600079984003","0.0007639419404125286","-0.012887422515496901","140.42807259140847","2779","2779"
"fig3a","10.0","0.021544346900318843","5000","1448","0","0.2897420515896821","0.0001999600079984003","0.0006901311249137335","-0.014287142571485705","163.79992337413103","2780","2780"
"fig3a","10.0","0.025118864315095794","5000","1426","0","0.28534293141371725","0.0001999600079984003","0.000700770847932726","-0.014067186562687463","189.10122580409057","2781","2781"
"fig3a","10.0","0.029286445646252372","5000","1411","0","0.28234353129374123","0.0001999600079984003","0.000708215297450425","-0.013917216556688664","216.1784249849789","2782","2782"
"fig3a","10.0","0.034145488738336005","5000","1389","0","0.27794441111777646","0.0001999600079984003","0.0007194244604316546","-0.013697260547890423","244.87578220194405","2783","2783"
"fig3a","10.0","0.039810717055349734","5000","1354","0","0.2709458108378324","0.0001999600079984003","0.0007380073800738007","-0.013347330533893222","275.05822399066807","2784","2784"
"fig3a","10.0","0.046415888336127774","5000","1353","0","0.27074585082983404","0.0001999600079984003","0.0007385524372230428","-0.013337332533493304","306.6335011363928","2785","2785"
"fig3a","10.0","0.054116952654646375","5000","1332","0","0.26654669066186765","0.0001999600079984003","0.0007501875468867216","-0.013127374525094984","339.5701214263192","2786","2786"
"fig3a","10.0","0.0630957344480193","5000","1347","0","0.2695460907818436","0.0001999600079984003","0.000741839762611276","-0.013277344531093782","373.9049976439781","2787","2787"
"fig3a","10.0","0.07356422544596414","5000","1299","0","0.2599480103979204","0.0001999600079984003","0.0007692307692307691","-0.012797440511897622","409.73175105398417","2788","2788"
"fig3a","10.0","0.08576958985908938","5000","1274","0","0.2549490101979604","0.0001999600079984003","0.000784313725490196","-0.01254749050189962","447.1626428014342","2789","2789"
"fig3a","10.0","0.1","5000","1243","0","0.24875024995001","0.0001999600079984003","0.0008038585209003215","-0.0122375524895021","486.2704964472095","2790","2790"
"fig3a","10.0","0.11659144011798311","5000","1129","0","0.22595480903819237","0.0001999600079984003","0.0008849557522123893","-0.01109778044391122","527.0322450953418","2791","2791"
"fig3a","10.0","0.13593563908785256","5000","1128","0","0.22575484903019397","0.0001999600079984003","0.0008857395925597873","-0.0110877824435113","569.5421699896256","2792","2792"
"fig3a","10.0","0.1584893192461114","5000","1084","0","0.21695660867826436","0.0001999600079984003","0.0009216589861751151","-0.01064787042591482","614.9973730378313","2793","2793"
"fig3a","10.0","0.18478497974222907","5000","1086","0","0.21735652869426114","0.0001999600079984003","0.0009199632014719411","-0.010667866426714658","664.3506810465319","2794","2794"
"fig3a","10.0","0.21544346900318845","5000","1029","0","0.20595880823835233","0.0001999600079984003","0.000970873786407767","-0.010097980403919217","718.7666033486842","2795","2795"
"fig3a","10.0","0.25118864315095796","5000","999","0","0.19996000799840033","0.0001999600079984003","0.0009999999999999998","-0.009798040391921618","779.823561256716","2796","2796"
"fig3a","10.0","0.29286445646252374","5000","1005","0","0.2011597680463907","0.0001999600079984003","0.0009940357852882703","-0.009858028394321136","849.6921775894734","2797","2797"
"fig3a","10.0","0.34145488738336005","5000","1004","0","0.20095980803839233","0.0001999600079984003","0.0009950248756218905","-0.009848030393921217","931.4194118592936","2798","2798"
"fig3a","10.0","0.3981071705534973","5000","950","0","0.19016196760647872","0.0001999600079984003","0.0010515247108307045","-0.009308138372325537","1029.3971593827223","2799","2799"
"fig3a","10.0","0.46415888336127775","5000","931","0","0.1863627274545091","0.0001999600079984003","0.001072961373390558","-0.009118176364727056","1150.1675724143315","2800","2800"
"fig3a","10.0","0.5411695265464638","5000","922","0","0.1845630873825235","0.0001999600079984003","0.0010834236186348862","-0.009028194361127775","1303.8775447076064","2801","2801"
"fig3a","10.0","0.630957344480193","5000","872","0","0.17456508698260348","0.0001999600079984003","0.001145475372279496","-0.008528294341131774","1507.0696262186282","2802","2802"
"fig3a","10.0","0.7356422544596414","5000","832","0","0.16656668666266747","0.0001999600079984003","0.0012004801920768306","-0.008128374325134973","1788.4550560007808","2803","2803"
"fig3a","10.0","0.8576958985908937","5000","861","0","0.17236552689462106","0.0001999600079984003","0.001160092807424594","-0.008418316336732654","2202.0519744261537","2804","2804"
"fig3a","10.0","1.0","5000","848","0","0.16976604679064186","0.0001999600079984003","0.0011778563015312133","-0.008288342331533693","2861.091550432462","2805","2805"
"fig3a","11.659144011798311","0.0001","5000","735","542","0.14717056588682265","0.10857828434313137","0.7377717391304347","0.10121975604879023","-0.07285987162788388","2806","2806"
"fig3a","11.659144011798311","0.00011659144011798323","5000","729","570","0.14597080583883223","0.11417716456708658","0.7821917808219178","0.10687862427514497","-0.08150177657512359","2807","2807"
"fig3a","11.659144011798311","0.00013593563908785255","5000","698","498","0.13977204559088183","0.09978004399120176","0.7138769670958511","0.09279144171165767","-0.09035904826987462","2808","2808"
"fig3a","11.659144011798311","0.00015848931924611142","5000","691","496","0.138372325534893","0.09938012397520496","0.7182080924855492","0.09246150769846032","-0.09904113835654016","2809","2809"
"fig3a","11.659144011798311","0.00018478497974222906","5000","695","482","0.13917216556688664","0.09658068386322735","0.6939655172413792","0.08962207558488303","-0.10694613250103657","2810","2810"
"fig3a","11.659144011798311","0.00021544346900318845","5000","718","428","0.14377124575084982","0.08578284343131373","0.5966620305980529","0.07859428114377125","-0.11317675587434906","2811","2811"
"fig3a","11.659144011798311","0.00025118864315095795","5000","749","388","0.14997000599880023","0.07778444311137772","0.5186666666666667","0.07028594281143771","-0.11642694708189083","2812","2812"
"fig3a","11.659144011798311","0.00029286445646252375","5000","707","355","0.14157168566286743","0.07118576284743051","0.5028248587570622","0.06410717856428715","-0.11482968485475453","2813","2813"
"fig3a","11.659144011798311","0.0003414548873833601","5000","691","302","0.138372325534893","0.060587882423515295","0.4378612716763006","0.053669266146770644","-0.10575421042318567","2814","2814"
"fig3a","11.659144011798311","0.00039810717055349735","5000","702","281","0.14057188562287543","0.05638872225554889","0.4011379800853485","0.049360127974405116","-0.08553776443332595","2815","2815"
"fig3a","11.659144011798311","0.00046415888336127773","5000","735","231","0.14717056588682265","0.046390721855628876","0.31521739130434784","0.039032193561287745","-0.04913348243306359","2816","2816"
"fig3a","11.659144011798311","0.0005411695265464637","5000","741","166","0.14837032593481303","0.033393321335732855","0.22506738544474394","0.025974805038992202","0.010347705156107168","2817","2817"
"fig3a","11.659144011798311","0.000630957344480193","5000","660","140","0.1321735652869426","0.028194361127774445","0.21331316187594554","0.021585682863427314","0.10222716286097011","2818","2818"
"fig3a","11.659144011798311","0.0007356422544596414","5000","730","113","0.14617076584683064","0.022795440911817635","0.15595075239398085","0.015486902619476103","0.23900999315262084","2819","2819"
"fig3a","11.659144011798311","0.0008576958985908946","5000","700","78","0.1401719656068786","0.015796840631873626","0.11269614835948646","0.008788242351529696","0.43732925282819224","2820","2820"
"fig3a","11.659144011798311","0.001","5000","665","47","0.1331733653269346","0.009598080383923215","0.07207207207207207","0.002939412117576484","0.7191138327533508","2821","2821"
"fig3a","11.659144011798311","0.001165914401179831","5000","717","30","0.14357128574285144","0.0061987602479504095","0.04317548746518105","-0.0009798040391921625","1.1130059731962092","2822","2822"
"fig3a","11.659144011798311","0.0013593563908785254","5000","667","12","0.13357328534293142","0.002599480103979204","0.019461077844311375","-0.004079184163167367","1.6560427194326053","2823","2823"
"fig3a","11.659144011798311","0.001584893192461114","5000","665","4","0.1331733653269346","0.0009998000399920016","0.0075075075075075074","-0.005658868226354729","2.3955943703308833","2824","2824"
"fig3a","11.659144011798311","0.0018478497974222907","5000","694","2","0.13897220555888823","0.0005998800239952009","0.004316546762589927","-0.006348730253949211","3.3915191427968807","2825","2825"
"fig3a","11.659144011798311","0.002154434690031882","5000","721","2","0.14437112577484504","0.0005998800239952009","0.0041551246537396115","-0.006618676264747051","4.718444368151239","2826","2826"
"fig3a","11.659144011798311","0.0025118864315095794","5000","717","0","0.14357128574285144","0.0001999600079984003","0.0013927576601671307","-0.0069786042791441716","6.468019641528372","2827","2827"
"fig3a","11.659144011798311","0.0029286445646252374","5000","734","0","0.14697060587882424","0.0001999600079984003","0.0013605442176870747","-0.007148570285942812","8.750908689811382","2828","2828"
"fig3a","11.659144011798311","0.003414548873833601","5000","712","0","0.14257148570285944","0.0001999600079984003","0.001402524544179523","-0.006928614277144572","11.698201519500913","2829","2829"
"fig3a","11.659144011798311","0.003981071705534973","5000","753","0","0.15076984603079385","0.0001999600079984003","0.001326259946949602","-0.007338532293541293","15.461850529608682","2830","2830"
"fig3a","11.659144011798311","0.004641588833612782","5000","778","0","0.15576884623075385","0.0001999600079984003","0.0012836970474967907","-0.007588482303539292","19.73565755048753","2831","2831"
"fig3a","11.659144011798311","0.0054116952654646375","5000","839","0","0.16796640671865626","0.0001999600079984003","0.0011904761904761906","-0.008198360327934414","25.296695977270076","2832","2832"
"fig3a","11.659144011798311","0.006309573444801929","5000","895","0","0.1791641671665667","0.0001999600079984003","0.0011160714285714285","-0.008758248350329935","32.134906550945004","2833","2833"
"fig3a","11.659144011798311","0.007356422544596414","5000","967","0","0.19356128774245152","0.0001999600079984003","0.0010330578512396695","-0.009478104379124178","40.469774595588376","2834","2834"
"fig3a","11.659144011798311","0.008576958985908946","5000","1001","0","0.20035992801439712","0.0001999600079984003","0.000998003992015968","-0.009818036392721457","50.52271168022108","2835","2835"
"fig3a","11.659144011798311","0.01","5000","1166","0","0.23335332933413316","0.0001999600079984003","0.000856898029134533","-0.01146770645870826","62.50335154285381","2836","2836"
"fig3a","11.659144011798311","0.01165914401179831","5000","1211","0","0.24235152969406118","0.0001999600079984003","0.0008250825082508251","-0.01191761647670466","76.59424031787668","2837","2837"
"fig3a","11.659144011798311","0.013593563908785255","5000","1268","0","0.25374925014997","0.0001999600079984003","0.0007880220646178092","-0.012487502499500102","92.93601897892546","2838","2838"
"fig3a","11.659144011798311","0.01584893192461114","5000","1360","0","0.27214557088582286","0.0001999600079984003","0.0007347538574577516","-0.013407318536292744","111.6155306737881","2839","2839"
"fig3a","11.659144011798311","0.018478497974222907","5000","1309","0","0.26194761047790444","0.0001999600079984003","0.0007633587786259541","-0.012897420515896823","132.65911984383143","2840","2840"
"fig3a","11.659144011798311","0.021544346900318843","5000","1390","0","0.27814437112577484","0.0001999600079984003","0.0007189072609633358","-0.013707258548290344","156.03276286088266","2841","2841"
"fig3a","11.659144011798311","0.025118864315095794","5000","1404","0","0.28094381123775247","0.0001999600079984003","0.0007117437722419928","-0.013847230553889225","181.6497745349364","2842","2842"
"fig3a","11.659144011798311","0.029286445646252372","5000","1416","0","0.28334333133373324","0.0001999600079984003","0.0007057163020465773","-0.013967206558688263","209.38592719918108","2843","2843"
"fig3a","11.659144011798311","0.034145488738336005","5000","1389","0","0.27794441111777646","0.0001999600079984003","0.0007194244604316546","-0.013697260547890423","239.10108413171724","2844","2844"
"fig3a","11.659144011798311","0.039810717055349734","5000","1345","0","0.26914617076584685","0.0001999600079984003","0.0007429420505200594","-0.013257348530293943","270.6658144002442","2845","2845"
"fig3a","11.659144011798311","0.046415888336127774","5000","1405","0","0.28114377124575085","0.0001999600079984003","0.0007112375533428164","-0.013857228554289143","303.99026992333546","2846","2846"
"fig3a","11.659144011798311","0.054116952654646375","5000","1372","0","0.27454509098180363","0.0001999600079984003","0.0007283321194464676","-0.013527294541091783","339.04925961720454","2847","2847"
"fig3a","11.659144011798311","0.0630957344480193","5000","1294","0","0.2589482103579284","0.0001999600079984003","0.0007722007722007722","-0.012747450509898022","375.89053253124797","2848","2848"
"fig3a","11.659144011798311","0.07356422544596414","5000","1278","0","0.25574885022995403","0.0001999600079984003","0.0007818608287724784","-0.012587482503499302","414.6084418245601","2849","2849"
"fig3a","11.659144011798311","0.08576958985908938","5000","1228","0","0.24575084983003398","0.0001999600079984003","0.0008136696501220504","-0.0120875824835033","455.2803188692605","2850","2850"
"fig3a","11.659144011798311","0.1","5000","1153","0","0.23075384923015396","0.0001999600079984003","0.0008665511265164644","-0.0113377324535093","497.89612694149235","2851","2851"
"fig3a","11.659144011798311","0.11659144011798311","5000","1177","0","0.23555288942211558","0.0001999600079984003","0.0008488964346349745","-0.01157768446310738","542.315698208632","2852","2852"
"fig3a","11.659144011798311","0.13593563908785256","5000","1067","0","0.21355728854229153","0.0001999600079984003","0.0009363295880149813","-0.010477904419116177","588.2547067034773","2853","2853"
"fig3a","11.659144011798311","0.1584893192461114","5000","1065","0","0.21315736852629474","0.0001999600079984003","0.0009380863039399625","-0.010457908418316338","636.5201235599357","2854","2854"
"fig3a","11.659144011798311","0.18478497974222907","5000","1119","0","0.22395520895820836","0.0001999600079984003","0.0008928571428571428","-0.010997800439912019","688.7250620583754","2855","2855"
"fig3a","11.659144011798311","0.21544346900318845","5000","1063","0","0.21275744851029793","0.0001999600079984003","0.0009398496240601504","-0.010437912417516498","746.0426838120995","2856","2856"
"fig3a","11.659144011798311","0.25118864315095796","5000","1023","0","0.20475904819036192","0.0001999600079984003","0.0009765625","-0.010037992401519697","810.0675172074816","2857","2857"
"fig3a","11.659144011798311","0.29286445646252374","5000","995","0","0.19916016796640673","0.0001999600079984003","0.001004016064257028","-0.009758048390321938","882.9963683161939","2858","2858"
"fig3a","11.659144011798311","0.34145488738336005","5000","906","0","0.18136372725454908","0.0001999600079984003","0.0011025358324145535","-0.008868226354729055","967.918028514543","2859","2859"
"fig3a","11.659144011798311","0.3981071705534973","5000","943","0","0.1887622475504899","0.0001999600079984003","0.001059322033898305","-0.009238152369526097","1069.291089516103","2860","2860"
"fig3a","11.659144011798311","0.46415888336127775","5000","898","0","0.17976404719056188","0.0001999600079984003","0.0011123470522803114","-0.008788242351529694","1193.7622564017881","2861","2861"
"fig3a","11.659144011798311","0.5411695265464638","5000","851","0","0.17036592681463708","0.0001999600079984003","0.0011737089201877932","-0.008318336332733454","1351.6352395711458","2862","2862"
"fig3a","11.659144011798311","0.630957344480193","5000","846","0","0.16936612677464508","0.0001999600079984003","0.0011806375442739079","-0.008268346330733855","1559.6645931694834","2863","2863"
"fig3a","11.659144011798311","0.7356422544596414","5000","779","0","0.15596880623875226","0.0001999600079984003","0.001282051282051282","-0.007598480303939213","1846.7631235108734","2864","2864"
"fig3a","11.659144011798311","0.8576958985908937","5000","769","0","0.15396920615876825","0.0001999600079984003","0.0012987012987012987","-0.007498500299940012","2266.753540698999","2865","2865"
"fig3a","11.659144011798311","1.0","5000","653","0","0.1307738452309538","0.0001999600079984003","0.0015290519877675841","-0.006338732253549291","2930.3444995412483","2866","2866"
"fig3a","13.593563908785255","0.0001","5000","866","699","0.17336532693461307","0.13997200559888023","0.8073817762399078","0.13130373925214958","-0.11965795184329409","2867","2867"
"fig3a","13.593563908785255","0.00011659144011798323","5000","885","697","0.17716456708658268","0.13957208558288342","0.7878103837471784","0.13071385722855428","-0.13609550487078081","2868","2868"
"fig3a","13.593563908785255","0.00013593563908785255","5000","895","664","0.1791641671665667","0.1329734053189362","0.7421874999999999","0.12401519696060787","-0.1540525645449975","2869","2869"
"fig3a","13.593563908785255","0.00015848931924611142","5000","848","651","0.16976604679064186","0.130373925214957","0.767962308598351","0.1218856228754249","-0.1733585413839478","2870","2870"
"fig3a","13.593563908785255","0.00018478497974222906","5000","880","565","0.17616476704659068","0.11317736452709458","0.6424517593643587","0.10436912617476504","-0.193669105839831","2871","2871"
"fig3a","13.593563908785255","0.00021544346900318845","5000","881","556","0.17636472705458908","0.11137772445510898","0.6315192743764172","0.10255948810237953","-0.2143887545230143","2872","2872"
"fig3a","13.593563908785255","0.00025118864315095795","5000","866","493","0.17336532693461307","0.09878024395120975","0.5697808535178778","0.0901119776044791","-0.23456509817228266","2873","2873"
"fig3a","13.593563908785255","0.00029286445646252375","5000","853","458","0.17076584683063387","0.09178164367126575","0.5374707259953162","0.08324335132973405","-0.2527457432398421","2874","2874"
"fig3a","13.593563908785255","0.0003414548873833601","5000","828","427","0.16576684663067387","0.08558288342331534","0.5162846803377563","0.07729454109178165","-0.26678611306004996","2875","2875"
"fig3a","13.593563908785255","0.00039810717055349735","5000","812","327","0.16256748650269945","0.0655868826234753","0.4034440344403444","0.05745850829834032","-0.27359353585598","2876","2876"
"fig3a","13.593563908785255","0.00046415888336127773","5000","805","302","0.16116776644671066","0.060587882423515295","0.3759305210918114","0.05252949410117976","-0.26878943787110643","2877","2877"
"fig3a","13.593563908785255","0.0005411695265464637","5000","843","236","0.16876624675064986","0.047390521895620874","0.28080568720379145","0.03895220955808838","-0.24626763337505508","2878","2878"
"fig3a","13.593563908785255","0.000630957344480193","5000","809","192","0.16196760647870426","0.038592281543691265","0.23827160493827163","0.03049390121975605","-0.19762275798618134","2879","2879"
"fig3a","13.593563908785255","0.0007356422544596414","5000","814","140","0.16296740651869626","0.028194361127774445","0.17300613496932515","0.02004599080183963","-0.11141932776757812","2880","2880"
"fig3a","13.593563908785255","0.0008576958985908946","5000","815","100","0.16316736652669467","0.020195960807838434","0.12377450980392157","0.0120375924815037","0.027730481678474916","2881","2881"
"fig3a","13.593563908785255","0.001","5000","837","70","0.16756648670265947","0.014197160567886422","0.08472553699284009","0.0058188362327534476","0.24031224286108","2882","2882"
"fig3a","13.593563908785255","0.001165914401179831","5000","844","37","0.16896620675864826","0.007598480303939212","0.04497041420118343","-0.0008498300339932017","0.5533056714799045","2883","2883"
"fig3a","13.593563908785255","0.0013593563908785254","5000","814","26","0.16296740651869626","0.005398920215956809","0.033128834355828224","-0.0027494501099780055","1.0018493281897634","2884","2884"
"fig3a","13.593563908785255","0.001584893192461114","5000","808","11","0.16176764647070585","0.0023995200959808036","0.014833127317676142","-0.0056888622275544885","1.6311713492738988","2885","2885"
"fig3a","13.593563908785255","0.0018478497974222907","5000","790","2","0.15816836632673464","0.0005998800239952009","0.0037926675094816687","-0.007308538292341533","2.498752287708271","2886","2886"
"fig3a","13.593563908785255","0.002154434690031882","5000","804","0","0.16096780643871225","0.0001999600079984003","0.0012422360248447205","-0.007848430313937213","3.676639947133822","2887","2887"
"fig3a","13.593563908785255","0.0025118864315095794","5000","844","0","0.16896620675864826","0.0001999600079984003","0.001183431952662722","-0.008248350329934014","5.253774243747188","2888","2888"
"fig3a","13.593563908785255","0.0029286445646252374","5000","856","0","0.17136572685462909","0.0001999600079984003","0.0011668611435239206","-0.008368326334733054","7.338104410739419","2889","2889"
"fig3a","13.593563908785255","0.003414548873833601","5000","763","0","0.15276944611077783","0.0001999600079984003","0.0013089005235602095","-0.007438512297540492","10.058197632559313","2890","2890"
"fig3a","13.593563908785255","0.003981071705534973","5000","800","0","0.16016796640671865","0.0001999600079984003","0.0012484394506866417","-0.007808438312337533","13.56396001778154","2891","2891"
"fig3a","13.593563908785255","0.004641588833612782","5000","803","0","0.16076784643071385","0.0001999600079984003","0.0012437810945273632","-0.007838432313537293","18.026037173968973","2892","2892"
"fig3a","13.593563908785255","0.0054116952654646375","5000","905","0","0.1811637672465507","0.0001999600079984003","0.0011037527593818985","-0.008858228354329136","22.948826512155932","2893","2893"
"fig3a","13.593563908785255","0.006309573444801929","5000","871","0","0.17436512697460507","0.0001999600079984003","0.0011467889908256881","-0.008518296340731854","29.440230084720667","2894","2894"
"fig3a","13.593563908785255","0.007356422544596414","5000","958","0","0.1917616476704659","0.0001999600079984003","0.0010427528675703858","-0.009388122375524896","37.37306987439308","2895","2895"
"fig3a","13.593563908785255","0.008576958985908946","5000","1076","0","0.21535692861427713","0.0001999600079984003","0.0009285051067780873","-0.010567886422715458","46.968816302498624","2896","2896"
"fig3a","13.593563908785255","0.01","5000","1112","0","0.22255548890221954","0.0001999600079984003","0.0008984725965858042","-0.010927814437112578","58.442233202488865","2897","2897"
"fig3a","13.593563908785255","0.01165914401179831","5000","1157","0","0.23155368926214756","0.0001999600079984003","0.0008635578583765112","-0.011377724455108979","71.9872387327114","2898","2898"
"fig3a","13.593563908785255","0.013593563908785255","5000","1249","0","0.2499500099980004","0.0001999600079984003","0.0007999999999999999","-0.012297540491901621","87.76256959950834","2899","2899"
"fig3a","13.593563908785255","0.01584893192461114","5000","1259","0","0.2519496100779844","0.0001999600079984003","0.0007936507936507937","-0.01239752049590082","105.87948176907702","2900","2900"
"fig3a","13.593563908785255","0.018478497974222907","5000","1251","0","0.2503499300139972","0.0001999600079984003","0.0007987220447284345","-0.01231753649270146","126.39380391777826","2901","2901"
"fig3a","13.593563908785255","0.021544346900318843","5000","1322","0","0.26454709058188364","0.0001999600079984003","0.0007558578987150415","-0.013027394521095782","149.30430392236218","2902","2902"
"fig3a","13.593563908785255","0.025118864315095794","5000","1283","0","0.25674865026994603","0.0001999600079984003","0.0007788161993769469","-0.012637472505498903","174.55863761252766","2903","2903"
"fig3a","13.593563908785255","0.029286445646252372","5000","1332","0","0.26654669066186765","0.0001999600079984003","0.0007501875468867216","-0.013127374525094984","202.06732688340725","2904","2904"
"fig3a","13.593563908785255","0.034145488738336005","5000","1352","0","0.2705458908218356","0.0001999600079984003","0.0007390983000739098","-0.013327334533093382","231.72544227088127","2905","2905"
"fig3a","13.593563908785255","0.039810717055349734","5000","1349","0","0.2699460107978404","0.0001999600079984003","0.0007407407407407407","-0.013297340531893622","263.4408564067782","2906","2906"
"fig3a","13.593563908785255","0.046415888336127774","5000","1358","0","0.27174565086982605","0.0001999600079984003","0.0007358351729212655","-0.013387322535492904","297.166202097294","2907","2907"
"fig3a","13.593563908785255","0.054116952654646375","5000","1359","0","0.27194561087782443","0.0001999600079984003","0.0007352941176470588","-0.013397320535892822","332.9265167635817","2908","2908"
"fig3a","13.593563908785255","0.0630957344480193","5000","1287","0","0.2575484903019396","0.0001999600079984003","0.0007763975155279503","-0.012677464507098581","370.8235149033197","2909","2909"
"fig3a","13.593563908785255","0.07356422544596414","5000","1291","0","0.25834833033393323","0.0001999600079984003","0.0007739938080495355","-0.012717456508698263","410.9907641481779","2910","2910"
"fig3a","13.593563908785255","0.08576958985908938","5000","1264","0","0.2529494101179764","0.0001999600079984003","0.0007905138339920949","-0.01244751049790042","453.50313723517894","2911","2911"
"fig3a","13.593563908785255","0.1","5000","1251","0","0.2503499300139972","0.0001999600079984003","0.0007987220447284345","-0.01231753649270146","498.29494944684023","2912","2912"
"fig3a","13.593563908785255","0.11659144011798311","5000","1106","0","0.22135572885422916","0.0001999600079984003","0.0009033423667570009","-0.01086782643471306","545.1286564859577","2913","2913"
"fig3a","13.593563908785255","0.13593563908785256","5000","1096","0","0.21935612877424515","0.0001999600079984003","0.0009115770282588879","-0.010767846430713858","593.598262375468","2914","2914"
"fig3a","13.593563908785255","0.1584893192461114","5000","1079","0","0.21595680863827235","0.0001999600079984003","0.0009259259259259259","-0.01059788042391522","643.6287857816412","2915","2915"
"fig3a","13.593563908785255","0.18478497974222907","5000","1030","0","0.20615876824635074","0.0001999600079984003","0.0009699321047526672","-0.010107978404319137","697.3202974168237","2916","2916"
"fig3a","13.593563908785255","0.21544346900318845","5000","1025","0","0.20515896820635873","0.0001999600079984003","0.0009746588693957114","-0.010057988402319537","755.9886111187031","2917","2917"
"fig3a","13.593563908785255","0.25118864315095796","5000","997","0","0.19956008798240352","0.0001999600079984003","0.001002004008016032","-0.009778044391121777","821.1794804582125","2918","2918"
"fig3a","13.593563908785255","0.29286445646252374","5000","928","0","0.1857628474305139","0.0001999600079984003","0.001076426264800861","-0.009088182363527297","895.0465386888636","2919","2919"
"fig3a","13.593563908785255","0.34145488738336005","5000","952","0","0.1905618876224755","0.0001999600079984003","0.001049317943336831","-0.009328134373125376","980.642227762349","2920","2920"
"fig3a","13.593563908785255","0.3981071705534973","5000","878","0","0.1757648470305939","0.0001999600079984003","0.0011376564277588168","-0.008588282343531295","1082.3969068256638","2921","2921"
"fig3a","13.593563908785255","0.46415888336127775","5000","917","0","0.1835632873425315","0.0001999600079984003","0.0010893246187363833","-0.008978204359128175","1206.9413403092703","2922","2922"
"fig3a","13.593563908785255","0.5411695265464638","5000","797","0","0.15956808638272346","0.0001999600079984003","0.0012531328320802004","-0.007778444311137773","1364.591245385332","2923","2923"
"fig3a","13.593563908785255","0.630957344480193","5000","788","0","0.15776844631073786","0.0001999600079984003","0.0012674271229404308","-0.007688462307538492","1572.1945095352446","2924","2924"
"fig3a","13.593563908785255","0.7356422544596414","5000","681","0","0.13637272545490903","0.0001999600079984003","0.0014662756598240467","-0.006618676264747051","1859.0143730941868","2925","2925"
"fig3a","13.593563908785255","0.8576958985908937","5000","680","0","0.13617276544691062","0.0001999600079984003","0.0014684287812041115","-0.006608678264347131","2280.077386822581","2926","2926"
"fig3a","13.593563908785255","1.0","5000","642","0","0.1285742851429714","0.0001999600079984003","0.0015552099533437014","-0.00622875424915017","2950.3514450468183","2927","2927"
"fig3a","15.848931924611142","0.0001","5000","594","494","0.11897620475904819","0.09898020395920816","0.8319327731092437","0.09303139372125575","-0.038676202157063244","2928","2928"
"fig3a","15.848931924611142","0.00011659144011798323","5000","640","496","0.1281743651269746","0.09938012397520496","0.7753510140405616","0.09297140571885623","-0.0417854242663509","2929","2929"
"fig3a","15.848931924611142","0.00013593563908785255","5000","607","446","0.12157568486302739","0.08938212357528494","0.7351973684210527","0.08330333933213357","-0.044241690039910964","2930","2930"
"fig3a","15.848931924611142","0.00015848931924611142","5000","626","437","0.125374925014997","0.08758248350329934","0.6985645933014354","0.08131373725254948","-0.04552805241453939","2931","2931"
"fig3a","15.848931924611142","0.00018478497974222906","5000","649","401","0.1299740051989602","0.08038392321535692","0.6184615384615384","0.07388522295540892","-0.04490147716063575","2932","2932"
"fig3a","15.848931924611142","0.00021544346900318845","5000","640","374","0.1281743651269746","0.07498500299940011","0.5850234009360373","0.06857628474305139","-0.04130859224244432","2933","2933"
"fig3a","15.848931924611142","0.00025118864315095795","5000","592","343","0.11857628474305139","0.0687862427514497","0.5801011804384485","0.06285742851429714","-0.03327271257217035","2934","2934"
"fig3a","15.848931924611142","0.00029286445646252375","5000","598","313","0.11977604479104179","0.0627874425114977","0.5242070116861436","0.056798640271945616","-0.01874318893413829","2935","2935"
"fig3a","15.848931924611142","0.0003414548873833601","5000","601","260","0.12037592481503699","0.052189562087582485","0.4335548172757475","0.046170765846830636","0.0051042758382209286","2936","2936"
"fig3a","15.848931924611142","0.00039810717055349735","5000","575","227","0.11517696460707859","0.04559088182363527","0.3958333333333333","0.039832033593281344","0.042130547480667246","2937","2937"
"fig3a","15.848931924611142","0.00046415888336127773","5000","624","206","0.1249750049990002","0.041391721655668866","0.3312","0.035142971405718856","0.0975766698559255","2938","2938"
"fig3a","15.848931924611142","0.0005411695265464637","5000","616","142","0.12337532493501299","0.028594281143771244","0.23176661264181522","0.022425514897020594","0.17850912943868025","2939","2939"
"fig3a","15.848931924611142","0.000630957344480193","5000","560","122","0.11217756448710257","0.02459508098380324","0.21925133689839574","0.01898620275944811","0.2943912345677404","2940","2940"
"fig3a","15.848931924611142","0.0007356422544596414","5000","585","82","0.11717656468706258","0.016596680663867228","0.14163822525597272","0.010737852429514097","0.4578080330208252","2941","2941"
"fig3a","15.848931924611142","0.0008576958985908946","5000","573","60","0.11477704459108179","0.01219756048790242","0.10627177700348432","0.006458708258348329","0.6853738011561745","2942","2942"
"fig3a","15.848931924611142","0.001","5000","558","46","0.11177764447110577","0.009398120375924815","0.08407871198568873","0.0038092381523695262","0.9988501609066986","2943","2943"
"fig3a","15.848931924611142","0.001165914401179831","5000","559","15","0.11197760447910418","0.003199360127974405","0.02857142857142857","-0.002399520095980804","1.4264975986689024","2944","2944"
"fig3a","15.848931924611142","0.0013593563908785254","5000","577","10","0.11557688462307539","0.0021995600879824036","0.01903114186851211","-0.003579284143171366","2.0046713507241805","2945","2945"
"fig3a","15.848931924611142","0.001584893192461114","5000","615","3","0.1231753649270146","0.0007998400319936012","0.006493506493506493","-0.005358928214357129","2.779651669000657","2946","2946"
"fig3a","15.848931924611142","0.0018478497974222907","5000","594","2","0.11897620475904819","0.0005998800239952009","0.0050420168067226885","-0.00534893021395721","3.8096657125707623","2947","2947"
"fig3a","15.848931924611142","0.002154434690031882","5000","604","1","0.1209758048390322","0.0003999200159968006","0.003305785123966942","-0.005648870225954809","5.167011640968326","2948","2948"
"fig3a","15.848931924611142","0.0025118864315095794","5000","579","0","0.11597680463907219","0.0001999600079984003","0.0017241379310344827","-0.005598880223955209","6.940134483059666","2949","2949"
"fig3a","15.848931924611142","0.0029286445646252374","5000","607","0","0.12157568486302739","0.0001999600079984003","0.001644736842105263","-0.0058788242351529695","9.235430692375132","2950","2950"
"fig3a","15.848931924611142","0.003414548873833601","5000","617","0","0.1235752849430114","0.0001999600079984003","0.0016181229773462782","-0.00597880423915217","12.178481410440781","2951","2951"
"fig3a","15.848931924611142","0.003981071705534973","5000","686","0","0.13737252549490103","0.0001999600079984003","0.0014556040756914118","-0.006668666266746652","15.558720967638465","2952","2952"
"fig3a","15.848931924611142","0.004641588833612782","5000","706","0","0.14137172565486902","0.0001999600079984003","0.0014144271570014145","-0.0068686262747450514","19.980255368065457","2953","2953"
"fig3a","15.848931924611142","0.0054116952654646375","5000","795","0","0.15916816636672665","0.0001999600079984003","0.001256281407035176","-0.007758448310337933","25.458094512069636","2954","2954"
"fig3a","15.848931924611142","0.006309573444801929","5000","811","0","0.16236752649470107","0.0001999600079984003","0.001231527093596059","-0.007918416316736654","32.188317792936886","2955","2955"
"fig3a","15.848931924611142","0.007356422544596414","5000","936","0","0.1873625274945011","0.0001999600079984003","0.0010672358591248664","-0.009168166366726656","40.37604056979427","2956","2956"
"fig3a","15.848931924611142","0.008576958985908946","5000","962","0","0.1925614877024595","0.0001999600079984003","0.0010384215991692627","-0.009428114377124576","50.22534350278093","2957","2957"
"fig3a","15.848931924611142","0.01","5000","1002","0","0.20055988802239552","0.0001999600079984003","0.0009970089730807576","-0.009828034393121377","61.927021730659874","2958","2958"
"fig3a","15.848931924611142","0.01165914401179831","5000","1011","0","0.20235952809438112","0.0001999600079984003","0.0009881422924901185","-0.009918016396720658","75.64547351697504","2959","2959"
"fig3a","15.848931924611142","0.013593563908785255","5000","1054","0","0.21095780843831233","0.0001999600079984003","0.0009478672985781991","-0.010347930413917218","91.50653378725758","2960","2960"
"fig3a","15.848931924611142","0.01584893192461114","5000","1122","0","0.22455508898220355","0.0001999600079984003","0.0008904719501335708","-0.01102779444111178","109.58824221240832","2961","2961"
"fig3a","15.848931924611142","0.018478497974222907","5000","1167","0","0.23355328934213157","0.0001999600079984003","0.0008561643835616438","-0.01147770445910818","129.91634577692417","2962","2962"
"fig3a","15.848931924611142","0.021544346900318843","5000","1244","0","0.2489502099580084","0.0001999600079984003","0.0008032128514056224","-0.012247550489902021","152.46581331800496","2963","2963"
"fig3a","15.848931924611142","0.025118864315095794","5000","1291","0","0.25834833033393323","0.0001999600079984003","0.0007739938080495355","-0.012717456508698263","177.16892256110583","2964","2964"
"fig3a","15.848931924611142","0.029286445646252372","5000","1216","0","0.24335132973405318","0.0001999600079984003","0.0008216926869350862","-0.01196760647870426","203.92974682751066","2965","2965"
"fig3a","15.848931924611142","0.034145488738336005","5000","1203","0","0.24075184963007398","0.0001999600079984003","0.0008305647840531562","-0.0118376324735053","232.64424707643963","2966","2966"
"fig3a","15.848931924611142","0.039810717055349734","5000","1245","0","0.2491501699660068","0.0001999600079984003","0.0008025682182985554","-0.012257548490301941","263.2245944289228","2967","2967"
"fig3a","15.848931924611142","0.046415888336127774","5000","1252","0","0.2505498900219956","0.0001999600079984003","0.0007980845969672785","-0.012327534493101382","295.62524804520075","2968","2968"
"fig3a","15.848931924611142","0.054116952654646375","5000","1226","0","0.2453509298140372","0.0001999600079984003","0.0008149959250203749","-0.01206758648270346","329.8652617868257","2969","2969"
"fig3a","15.848931924611142","0.0630957344480193","5000","1250","0","0.2501499700059988","0.0001999600079984003","0.0007993605115907274","-0.012307538492301541","366.03483980640675","2970","2970"
"fig3a","15.848931924611142","0.07356422544596414","5000","1200","0","0.2401519696060788","0.0001999600079984003","0.000832639467110741","-0.01180763847230554","404.26885114062094","2971","2971"
"fig3a","15.848931924611142","0.08576958985908938","5000","1153","0","0.23075384923015396","0.0001999600079984003","0.0008665511265164644","-0.0113377324535093","444.6825741413964","2972","2972"
"fig3a","15.848931924611142","0.1","5000","1093","0","0.21875624875024996","0.0001999600079984003","0.0009140767824497257","-0.010737852429514099","487.29742075129064","2973","2973"
"fig3a","15.848931924611142","0.11659144011798311","5000","1106","0","0.22135572885422916","0.0001999600079984003","0.0009033423667570009","-0.01086782643471306","531.9926481906166","2974","2974"
"fig3a","15.848931924611142","0.13593563908785256","5000","1066","0","0.21335732853429315","0.0001999600079984003","0.000937207122774133","-0.010467906418716259","578.4873917254843","2975","2975"
"fig3a","15.848931924611142","0.1584893192461114","5000","1035","0","0.20715856828634274","0.0001999600079984003","0.0009652509652509652","-0.010157968406318739","627.2924078800047","2976","2976"
"fig3a","15.848931924611142","0.18478497974222907","5000","1067","0","0.21355728854229153","0.0001999600079984003","0.0009363295880149813","-0.010477904419116177","680.1389188642754","2977","2977"
"fig3a","15.848931924611142","0.21544346900318845","5000","1041","0","0.20835832833433313","0.0001999600079984003","0.0009596928982725527","-0.010217956408718257","738.1566610621544","2978","2978"
"fig3a","15.848931924611142","0.25118864315095796","5000","1004","0","0.20095980803839233","0.0001999600079984003","0.0009950248756218905","-0.009848030393921217","802.8696500240419","2979","2979"
"fig3a","15.848931924611142","0.29286445646252374","5000","948","0","0.1897620475904819","0.0001999600079984003","0.001053740779768177","-0.009288142371525697","876.3797836014585","2980","2980"
"fig3a","15.848931924611142","0.34145488738336005","5000","940","0","0.1881623675264947","0.0001999600079984003","0.0010626992561105207","-0.009208158368326336","961.6412935712574","2981","2981"
"fig3a","15.848931924611142","0.3981071705534973","5000","938","0","0.1877624475104979","0.0001999600079984003","0.0010649627263045794","-0.009188162367526495","1062.907752514158","2982","2982"
"fig3a","15.848931924611142","0.46415888336127775","5000","927","0","0.1855628874225155","0.0001999600079984003","0.0010775862068965517","-0.009078184363127377","1186.4876771066372","2983","2983"
"fig3a","15.848931924611142","0.5411695265464638","5000","842","0","0.16856628674265148","0.0001999600079984003","0.0011862396204033213","-0.008228354329134175","1342.0815322833153","2984","2984"
"fig3a","15.848931924611142","0.630957344480193","5000","881","0","0.17636472705458908","0.0001999600079984003","0.0011337868480725624","-0.008618276344731056","1545.2829761327985","2985","2985"
"fig3a","15.848931924611142","0.7356422544596414","5000","819","0","0.16396720655868827","0.0001999600079984003","0.0012195121951219512","-0.007998400319936014","1822.5876637817971","2986","2986"
"fig3a","15.848931924611142","0.8576958985908937","5000","781","0","0.15636872625474904","0.0001999600079984003","0.0012787723785166241","-0.007618476304739052","2222.3082409928816","2987","2987"
"fig3a","15.848931924611142","1.0","5000","758","0","0.15176964607078583","0.0001999600079984003","0.0013175230566534915","-0.007388522295540891","2841.0705098185203","2988","2988"
"fig3a","18.478497974222908","0.0001","5000","614","453","0.12297540491901619","0.09078184363127374","0.7382113821138211","0.08463307338532293","-0.05740463203460422","2989","2989"
"fig3a","18.478497974222908","0.00011659144011798323","5000","651","473","0.130373925214957","0.09478104379124175","0.7269938650306749","0.0882623475304939","-0.06336904823433542","2990","2990"
"fig3a","18.478497974222908","0.00013593563908785255","5000","616","472","0.12337532493501299","0.09458108378324336","0.766612641815235","0.0884123175364927","-0.06906542041713237","2991","2991"
"fig3a","18.478497974222908","0.00015848931924611142","5000","605","457","0.12117576484703059","0.09158168366326734","0.7557755775577557","0.08552289542091582","-0.0740097841285774","2992","2992"
"fig3a","18.478497974222908","0.00018478497974222906","5000","596","404","0.11937612477504499","0.08098380323935213","0.678391959798995","0.07501499700059988","-0.07748705260709698","2993","2993"
"fig3a","18.478497974222908","0.00021544346900318845","5000","638","416","0.1277744451109778","0.08338332333533294","0.6525821596244132","0.07699460107978405","-0.0784624874296469","2994","2994"
"fig3a","18.478497974222908","0.00025118864315095795","5000","625","297","0.1251749650069986","0.0595880823835233","0.476038338658147","0.05332933413317337","-0.07546268182869653","2995","2995"
"fig3a","18.478497974222908","0.00029286445646252375","5000","597","298","0.1195760847830434","0.0597880423915217","0.5","0.05380923815236953","-0.06641653450404306","2996","2996"
"fig3a","18.478497974222908","0.0003414548873833601","5000","589","244","0.11797640471905618","0.04899020195960808","0.4152542372881356","0.043091381723655266","-0.0484441432307392","2997","2997"
"fig3a","18.478497974222908","0.00039810717055349735","5000","616","225","0.12337532493501299","0.04519096180763847","0.36628849270664504","0.03902219556088782","-0.017578541936330794","2998","2998"
"fig3a","18.478497974222908","0.00046415888336127773","5000","595","181","0.1191761647670466","0.036392721455708855","0.30536912751677847","0.030433913217356525","0.03159820586523665","2999","2999"
"fig3a","18.478497974222908","0.0005411695265464637","5000","629","153","0.1259748050389922","0.03079384123175365","0.24444444444444446","0.02449510097980404","0.1064267031741224","3000","3000"
"fig3a","18.478497974222908","0.000630957344480193","5000","593","115","0.1187762447510498","0.023195360927814438","0.19528619528619529","0.01725654869026195","0.21677543390794085","3001","3001"
"fig3a","18.478497974222908","0.0007356422544596414","5000","582","85","0.11657668466306739","0.017196560687862426","0.14751286449399656","0.011367726454709057","0.3758081604678125","3002","3002"
"fig3a","18.478497974222908","0.0008576958985908946","5000","604","51","0.1209758048390322","0.010397920415916816","0.0859504132231405","0.0043491301739652065","0.6009435435367436","3003","3003"
"fig3a","18.478497974222908","0.001","5000","597","39","0.1195760847830434","0.007998400319936013","0.06688963210702341","0.0020195960807838425","0.9150354744087963","3004","3004"
"fig3a","18.478497974222908","0.001165914401179831","5000","631","13","0.126374725054989","0.0027994401119776045","0.022151898734177215","-0.0035192961407718463","1.3477962503006324","3005","3005"
"fig3a","18.478497974222908","0.0013593563908785254","5000","582","9","0.11657668466306739","0.001999600079984003","0.017152658662092625","-0.0038292341531693664","1.9374711250188739","3006","3006"
"fig3a","18.478497974222908","0.001584893192461114","5000","609","3","0.1219756048790242","0.0007998400319936012","0.006557377049180327","-0.00529894021195761","2.7327490972430155","3007","3007"
"fig3a","18.478497974222908","0.0018478497974222907","5000","603","2","0.12077584483103379","0.0005998800239952009","0.004966887417218542","-0.005438912217556489","3.79485819507579","3008","3008"
"fig3a","18.478497974222908","0.002154434690031882","5000","564","0","0.11297740451909619","0.0001999600079984003","0.0017699115044247785","-0.005448910217956409","5.199741830783637","3009","3009"
"fig3a","18.478497974222908","0.0025118864315095794","5000","656","0","0.131373725254949","0.0001999600079984003","0.0015220700152207","-0.00636872625474905","7.040145790851284","3010","3010"
"fig3a","18.478497974222908","0.0029286445646252374","5000","634","0","0.1269746050789842","0.0001999600079984003","0.0015748031496062992","-0.00614877024595081","9.427366382602628","3011","3011"
"fig3a","18.478497974222908","0.003414548873833601","5000","622","0","0.1245750849830034","0.0001999600079984003","0.0016051364365971107","-0.00602879424115177","12.492327843168482","3012","3012"
"fig3a","18.478497974222908","0.003981071705534973","5000","665","0","0.1331733653269346","0.0001999600079984003","0.0015015015015015015","-0.00645870825834833","16.385586890766007","3013","3013"
"fig3a","18.478497974222908","0.004641588833612782","5000","769","0","0.15396920615876825","0.0001999600079984003","0.0012987012987012987","-0.007498500299940012","20.86380626216473","3014","3014"
"fig3a","18.478497974222908","0.0054116952654646375","5000","764","0","0.15296940611877624","0.0001999600079984003","0.00130718954248366","-0.007448510297940412","26.686752938894102","3015","3015"
"fig3a","18.478497974222908","0.006309573444801929","5000","846","0","0.16936612677464508","0.0001999600079984003","0.0011806375442739079","-0.008268346330733855","33.84172422913048","3016","3016"
"fig3a","18.478497974222908","0.007356422544596414","5000","945","0","0.1891621675664867","0.0001999600079984003","0.0010570824524312895","-0.009258148370325937","42.53976614321164","3017","3017"
"fig3a","18.478497974222908","0.008576958985908946","5000","901","0","0.1803639272145571","0.0001999600079984003","0.0011086474501108645","-0.008818236352729455","52.985439616781605","3018","3018"
"fig3a","18.478497974222908","0.01","5000","1055","0","0.21115776844631073","0.0001999600079984003","0.000946969696969697","-0.010357928414317139","65.36259577149553","3019","3019"
"fig3a","18.478497974222908","0.01165914401179831","5000","1062","0","0.21255748850229955","0.0001999600079984003","0.000940733772342427","-0.010427914417116579","79.81987690208229","3020","3020"
"fig3a","18.478497974222908","0.013593563908785255","5000","1082","0","0.21655668866226754","0.0001999600079984003","0.0009233610341643582","-0.010627874425114979","96.4581425225108","3021","3021"
"fig3a","18.478497974222908","0.01584893192461114","5000","1094","0","0.21895620875824834","0.0001999600079984003","0.0009132420091324201","-0.010747850429914017","115.32200838292141","3022","3022"
"fig3a","18.478497974222908","0.018478497974222907","5000","1174","0","0.2349530093981204","0.0001999600079984003","0.0008510638297872339","-0.011547690461907621","136.39721601510342","3023","3023"
"fig3a","18.478497974222908","0.021544346900318843","5000","1139","0","0.22795440911817635","0.0001999600079984003","0.0008771929824561404","-0.011197760447910418","159.61475700786673","3024","3024"
"fig3a","18.478497974222908","0.025118864315095794","5000","1190","0","0.23815236952609478","0.0001999600079984003","0.0008396305625524769","-0.011707658468306341","184.8617866332175","3025","3025"
"fig3a","18.478497974222908","0.029286445646252372","5000","1199","0","0.23995200959808038","0.0001999600079984003","0.0008333333333333333","-0.01179764047190562","211.99859732293288","3026","3026"
"fig3a","18.478497974222908","0.034145488738336005","5000","1219","0","0.2439512097580484","0.0001999600079984003","0.0008196721311475409","-0.011997600479904022","240.88040701596702","3027","3027"
"fig3a","18.478497974222908","0.039810717055349734","5000","1240","0","0.2481503699260148","0.0001999600079984003","0.0008058017727639","-0.012207558488302342","271.382385852881","3028","3028"
"fig3a","18.478497974222908","0.046415888336127774","5000","1222","0","0.2445510897820436","0.0001999600079984003","0.0008176614881439083","-0.012027594481103781","303.42581614567104","3029","3029"
"fig3a","18.478497974222908","0.054116952654646375","5000","1176","0","0.23535292941411717","0.0001999600079984003","0.0008496176720475786","-0.01156768646270746","337.0016816947144","3030","3030"
"fig3a","18.478497974222908","0.0630957344480193","5000","1179","0","0.23595280943811237","0.0001999600079984003","0.000847457627118644","-0.011597680463907219","372.18416095178094","3031","3031"
"fig3a","18.478497974222908","0.07356422544596414","5000","1167","0","0.23355328934213157","0.0001999600079984003","0.0008561643835616438","-0.01147770445910818","409.1213028073784","3032","3032"
"fig3a","18.478497974222908","0.08576958985908938","5000","1098","0","0.21975604879024196","0.0001999600079984003","0.0009099181073703366","-0.010787842431513699","447.99129878554226","3033","3033"
"fig3a","18.478497974222908","0.1","5000","1113","0","0.22275544891021795","0.0001999600079984003","0.0008976660682226212","-0.010937812437512498","488.93031994298275","3034","3034"
"fig3a","18.478497974222908","0.11659144011798311","5000","1093","0","0.21875624875024996","0.0001999600079984003","0.0009140767824497257","-0.010737852429514099","531.9596804614969","3035","3035"
"fig3a","18.478497974222908","0.13593563908785256","5000","1058","0","0.21175764847030593","0.0001999600079984003","0.0009442870632672333","-0.010387922415516898","577.3411965803623","3036","3036"
"fig3a","18.478497974222908","0.1584893192461114","5000","1011","0","0.20235952809438112","0.0001999600079984003","0.0009881422924901185","-0.009918016396720658","626.3306625162529","3037","3037"
"fig3a","18.478497974222908","0.18478497974222907","5000","996","0","0.1993601279744051","0.0001999600079984003","0.0010030090270812437","-0.009768046390721857","679.9165908462815","3038","3038"
"fig3a","18.478497974222908","0.21544346900318845","5000","1060","0","0.21215756848630274","0.0001999600079984003","0.000942507068803016","-0.010407918416316738","739.3676428537033","3039","3039"
"fig3a","18.478497974222908","0.25118864315095796","5000","940","0","0.1881623675264947","0.0001999600079984003","0.0010626992561105207","-0.009208158368326336","806.3912216214158","3040","3040"
"fig3a","18.478497974222908","0.29286445646252374","5000","962","0","0.1925614877024595","0.0001999600079984003","0.0010384215991692627","-0.009428114377124576","883.3320690310229","3041","3041"
"fig3a","18.478497974222908","0.34145488738336005","5000","998","0","0.19976004799040192","0.0001999600079984003","0.001001001001001001","-0.009788042391521697","973.4905050035898","3042","3042"
"fig3a","18.478497974222908","0.3981071705534973","5000","899","0","0.1799640071985603","0.0001999600079984003","0.0011111111111111111","-0.008798240351929614","1081.6482861861523","3043","3043"
"fig3a","18.478497974222908","0.46415888336127775","5000","902","0","0.18056388722255548","0.0001999600079984003","0.0011074197120708748","-0.008828234353129375","1214.9744098163665","3044","3044"
"fig3a","18.478497974222908","0.5411695265464638","5000","909","0","0.1819636072785443","0.0001999600079984003","0.001098901098901099","-0.008898220355928816","1384.6708591924366","3045","3045"
"fig3a","18.478497974222908","0.630957344480193","5000","881","0","0.17636472705458908","0.0001999600079984003","0.0011337868480725624","-0.008618276344731056","1609.1720126525847","3046","3046"
"fig3a","18.478497974222908","0.7356422544596414","5000","832","0","0.16656668666266747","0.0001999600079984003","0.0012004801920768306","-0.008128374325134973","1920.9317494153884","3047","3047"
"fig3a","18.478497974222908","0.8576958985908937","5000","805","0","0.16116776644671066","0.0001999600079984003","0.0012406947890818859","-0.007858428314337133","2382.61170743862","3048","3048"
"fig3a","18.478497974222908","1.0","5000","713","0","0.14277144571085784","0.0001999600079984003","0.0014005602240896356","-0.006938612277544492","3132.7287787929777","3049","3049"
"fig3a","21.544346900318843","0.0001","5000","641","532","0.12837432513497302","0.10657868426314737","0.8302180685358255","0.10015996800639872","-0.06110007547846408","3050","3050"
"fig3a","21.544346900318843","0.00011659144011798323","5000","654","451","0.13097380523895222","0.09038192361527694","0.6900763358778625","0.08383323335332933","-0.06764385611216994","3051","3051"
"fig3a","21.544346900318843","0.00013593563908785255","5000","701","488","0.14037192561487702","0.09778044391121776","0.6965811965811967","0.09076184763047392","-0.07400405760159856","3052","3052"
"fig3a","21.544346900318843","0.00015848931924611142","5000","643","447","0.1287742451509698","0.08958208358328335","0.6956521739130436","0.08314337132573485","-0.0797068080746044","3053","3053"
"fig3a","21.544346900318843","0.00018478497974222906","5000","671","419","0.13437312537492502","0.08398320335932813","0.625","0.07726454709058188","-0.08404752942323057","3054","3054"
"fig3a","21.544346900318843","0.00021544346900318845","5000","660","363","0.1321735652869426","0.07278544291141771","0.5506807866868382","0.06617676464707058","-0.08600210764029725","3055","3055"
"fig3a","21.544346900318843","0.00025118864315095795","5000","595","368","0.1191761647670466","0.07378524295140972","0.6191275167785234","0.06782643471305738","-0.0841074374941968","3056","3056"
"fig3a","21.544346900318843","0.00029286445646252375","5000","628","296","0.12577484503099381","0.0593881223755249","0.4721780604133545","0.05309938012397521","-0.07630178712352631","3057","3057"
"fig3a","21.544346900318843","0.0003414548873833601","5000","635","257","0.1271745650869826","0.05158968206358728","0.40566037735849053","0.045230953809238146","-0.05971288145747167","3058","3058"
"fig3a","21.544346900318843","0.00039810717055349735","5000","633","231","0.1267746450709858","0.046390721855628876","0.36593059936908523","0.040051989602079584","-0.030378606820079312","3059","3059"
"fig3a","21.544346900318843","0.00046415888336127773","5000","664","156","0.1329734053189362","0.03139372125574885","0.23609022556390982","0.024745050989802043","0.01711815071394085","3060","3060"
"fig3a","21.544346900318843","0.0005411695265464637","5000","630","164","0.1261747650469906","0.032993401319736056","0.26148969889064977","0.026684663067386524","0.09012263964493172","3061","3061"
"fig3a","21.544346900318843","0.000630957344480193","5000","603","128","0.12077584483103379","0.02579484103179364","0.21357615894039733","0.01975604879024195","0.19851497209506874","3062","3062"
"fig3a","21.544346900318843","0.0007356422544596414","5000","625","87","0.1251749650069986","0.01759648070385923","0.1405750798722045","0.0113377324535093","0.35547890025344486","3063","3063"
"fig3a","21.544346900318843","0.0008576958985908946","5000","636","44","0.127374525094981","0.008998200359928014","0.07064364207221349","0.0026294741051789633","0.5784623125176154","3064","3064"
"fig3a","21.544346900318843","0.001","5000","634","24","0.1269746050789842","0.004999000199960008","0.03937007874015748","-0.0013497300539892024","0.8903573607461794","3065","3065"
"fig3a","21.544346900318843","0.001165914401179831","5000","605","20","0.12117576484703059","0.004199160167966407","0.034653465346534656","-0.0018596280743851234","1.3209215005409192","3066","3066"
"fig3a","21.544346900318843","0.0013593563908785254","5000","633","13","0.1267746450709858","0.0027994401119776045","0.022082018927444796","-0.0035392921415716852","1.9084468190335144","3067","3067"
"fig3a","21.544346900318843","0.001584893192461114","5000","576","2","0.11537692461507698","0.0005998800239952009","0.005199306759098786","-0.005168966206758649","2.7016610536992403","3068","3068"
"fig3a","21.544346900318843","0.0018478497974222907","5000","578","1","0.11577684463107378","0.0003999200159968006","0.0034542314335060447","-0.005388922215556888","3.7618069046973517","3069","3069"
"fig3a","21.544346900318843","0.002154434690031882","5000","603","0","0.12077584483103379","0.0001999600079984003","0.0016556291390728477","-0.005838832233553289","5.16479461905945","3070","3070"
"fig3a","21.544346900318843","0.0025118864315095794","5000","606","0","0.121375724855029","0.0001999600079984003","0.0016474464579901151","-0.00586882623475305","7.003256352537619","3071","3071"
"fig3a","21.544346900318843","0.0029286445646252374","5000","648","0","0.1297740451909618","0.0001999600079984003","0.0015408320493066256","-0.00628874225154969","9.388253042610188","3072","3072"
"fig3a","21.544346900318843","0.003414548873833601","5000","649","0","0.1299740051989602","0.0001999600079984003","0.0015384615384615382","-0.00629874025194961","12.450304357955417","3073","3073"
"fig3a","21.544346900318843","0.003981071705534973","5000","650","0","0.13017396520695862","0.0001999600079984003","0.0015360983102918585","-0.0063087382523495305","16.33934539748938","3074","3074"
"fig3a","21.544346900318843","0.004641588833612782","5000","671","0","0.13437312537492502","0.0001999600079984003","0.001488095238095238","-0.00651869626074785","21.223182791397136","3075","3075"
"fig3a","21.544346900318843","0.0054116952654646375","5000","733","0","0.14677064587082583","0.0001999600079984003","0.0013623978201634877","-0.0071385722855428916","27.28405503719651","3076","3076"
"fig3a","21.544346900318843","0.006309573444801929","5000","815","0","0.16316736652669467","0.0001999600079984003","0.0012254901960784314","-0.007958408318336335","34.2217022720946","3077","3077"
"fig3a","21.544346900318843","0.007356422544596414","5000","790","0","0.15816836632673464","0.0001999600079984003","0.0012642225031605564","-0.007708458308338333","42.96587694703334","3078","3078"
"fig3a","21.544346900318843","0.008576958985908946","5000","882","0","0.1765646870625875","0.0001999600079984003","0.001132502831257078","-0.008628274345130976","53.42941059161922","3079","3079"
"fig3a","21.544346900318843","0.01","5000","953","0","0.1907618476304739","0.0001999600079984003","0.0010482180293501047","-0.009338132373525296","65.79070903674975","3080","3080"
"fig3a","21.544346900318843","0.01165914401179831","5000","1000","0","0.2001599680063987","0.0001999600079984003","0.000999000999000999","-0.009808038392321536","80.19487181215709","3081","3081"
"fig3a","21.544346900318843","0.013593563908785255","5000","1022","0","0.20455908818236354","0.0001999600079984003","0.0009775171065493646","-0.010027994401119778","96.74177313516446","3082","3082"
"fig3a","21.544346900318843","0.01584893192461114","5000","1032","0","0.20655868826234752","0.0001999600079984003","0.000968054211035818","-0.010127974405118978","115.47796880309255","3083","3083"
"fig3a","21.544346900318843","0.018478497974222907","5000","1143","0","0.22875424915016995","0.0001999600079984003","0.0008741258741258741","-0.0112377524495101","136.39412107272352","3084","3084"
"fig3a","21.544346900318843","0.021544346900318843","5000","1149","0","0.22995400919816036","0.0001999600079984003","0.0008695652173913044","-0.01129774045190962","159.4289529974264","3085","3085"
"fig3a","21.544346900318843","0.025118864315095794","5000","1167","0","0.23355328934213157","0.0001999600079984003","0.0008561643835616438","-0.01147770445910818","184.47995859835538","3086","3086"
"fig3a","21.544346900318843","0.029286445646252372","5000","1253","0","0.250749850029994","0.0001999600079984003","0.0007974481658692185","-0.0123375324935013","211.42041144951617","3087","3087"
"fig3a","21.544346900318843","0.034145488738336005","5000","1244","0","0.2489502099580084","0.0001999600079984003","0.0008032128514056224","-0.012247550489902021","240.12175890464397","3088","3088"
"fig3a","21.544346900318843","0.039810717055349734","5000","1190","0","0.23815236952609478","0.0001999600079984003","0.0008396305625524769","-0.011707658468306341","270.4802069972391","3089","3089"
"fig3a","21.544346900318843","0.046415888336127774","5000","1220","0","0.24415116976604678","0.0001999600079984003","0.0008190008190008189","-0.01200759848030394","302.44575684412854","3090","3090"
"fig3a","21.544346900318843","0.054116952654646375","5000","1176","0","0.23535292941411717","0.0001999600079984003","0.0008496176720475786","-0.01156768646270746","336.04994158826423","3091","3091"
"fig3a","21.544346900318843","0.0630957344480193","5000","1144","0","0.22895420915816836","0.0001999600079984003","0.0008733624454148472","-0.01124775044991002","371.4229228231049","3092","3092"
"fig3a","21.544346900318843","0.07356422544596414","5000","1182","0","0.23655268946210758","0.0001999600079984003","0.0008453085376162299","-0.01162767446510698","408.78148155028947","3093","3093"
"fig3a","21.544346900318843","0.08576958985908938","5000","1142","0","0.22855428914217157","0.0001999600079984003","0.0008748906386701661","-0.011227754449110179","448.3687802298559","3094","3094"
"fig3a","21.544346900318843","0.1","5000","1091","0","0.21835632873425315","0.0001999600079984003","0.0009157509157509158","-0.010717856428714258","490.35502289024697","3095","3095"
"fig3a","21.544346900318843","0.11659144011798311","5000","1112","0","0.22255548890221954","0.0001999600079984003","0.0008984725965858042","-0.010927814437112578","534.7452230921062","3096","3096"
"fig3a","21.544346900318843","0.13593563908785256","5000","1054","0","0.21095780843831233","0.0001999600079984003","0.0009478672985781991","-0.010347930413917218","581.4483841727449","3097","3097"
"fig3a","21.544346900318843","0.1584893192461114","5000","1072","0","0.21455708858228353","0.0001999600079984003","0.0009319664492078285","-0.010527894421115777","631.7300658466422","3098","3098"
"fig3a","21.544346900318843","0.18478497974222907","5000","1006","0","0.20135972805438912","0.0001999600079984003","0.0009930486593843098","-0.009868026394721056","686.8370440934646","3099","3099"
"fig3a","21.544346900318843","0.21544346900318845","5000","1044","0","0.20895820835832835","0.0001999600079984003","0.0009569377990430621","-0.010247950409918018","748.0970226613188","3100","3100"
"fig3a","21.544346900318843","0.25118864315095796","5000","954","0","0.19096180763847231","0.0001999600079984003","0.0010471204188481674","-0.009348130373925217","817.3190827932142","3101","3101"
"fig3a","21.544346900318843","0.29286445646252374","5000","982","0","0.1965606878624275","0.0001999600079984003","0.001017293997965412","-0.009628074385122976","897.0197875260096","3102","3102"
"fig3a","21.544346900318843","0.34145488738336005","5000","936","0","0.1873625274945011","0.0001999600079984003","0.0010672358591248664","-0.009168166366726656","990.7877290090314","3103","3103"
"fig3a","21.544346900318843","0.3981071705534973","5000","1000","0","0.2001599680063987","0.0001999600079984003","0.000999000999000999","-0.009808038392321536","1103.8920616954679","3104","3104"
"fig3a","21.544346900318843","0.46415888336127775","5000","915","0","0.18316336732653468","0.0001999600079984003","0.001091703056768559","-0.008958208358328335","1244.3447559105502","3105","3105"
"fig3a","21.544346900318843","0.5411695265464638","5000","917","0","0.1835632873425315","0.0001999600079984003","0.0010893246187363833","-0.008978204359128175","1424.8602440264658","3106","3106"
"fig3a","21.544346900318843","0.630957344480193","5000","880","0","0.17616476704659068","0.0001999600079984003","0.0011350737797956867","-0.008608278344331135","1666.7248127418427","3107","3107"
"fig3a","21.544346900318843","0.7356422544596414","5000","831","0","0.16636672665466906","0.0001999600079984003","0.001201923076923077","-0.008118376324735053","2008.1133014272455","3108","3108"
"fig3a","21.544346900318843","0.8576958985908937","5000","763","0","0.15276944611077783","0.0001999600079984003","0.0013089005235602095","-0.007438512297540492","2524.0225673349973","3109","3109"
"fig3a","21.544346900318843","1.0","5000","775","0","0.15516896620675866","0.0001999600079984003","0.001288659793814433","-0.007558488302339533","3381.5429704773032","3110","3110"
"fig3a","25.118864315095795","0.0001","5000","620","537","0.1241751649670066","0.10757848430313938","0.8663446054750402","0.10136972605478904","-0.052581474861767674","3111","3111"
"fig3a","25.118864315095795","0.00011659144011798323","5000","629","497","0.1259748050389922","0.09958008398320337","0.7904761904761906","0.09328134373125375","-0.058149091592895275","3112","3112"
"fig3a","25.118864315095795","0.00013593563908785255","5000","598","515","0.11977604479104179","0.10317936412717456","0.8614357262103506","0.09719056188762247","-0.06352443568280819","3113","3113"
"fig3a","25.118864315095795","0.00015848931924611142","5000","652","472","0.1305738852229554","0.09458108378324336","0.7243491577335376","0.08805238952209558","-0.06828506862143513","3114","3114"
"fig3a","25.118864315095795","0.00018478497974222906","5000","659","448","0.13197360527894422","0.08978204359128174","0.6803030303030302","0.08318336332733453","-0.07180413103046135","3115","3115"
"fig3a","25.118864315095795","0.00021544346900318845","5000","615","392","0.1231753649270146","0.07858428314337132","0.6379870129870129","0.0724255148970206","-0.07317155404129494","3116","3116"
"fig3a","25.118864315095795","0.00025118864315095795","5000","627","352","0.1255748850229954","0.07058588282343531","0.5621019108280254","0.06430713857228554","-0.07108796868845957","3117","3117"
"fig3a","25.118864315095795","0.00029286445646252375","5000","625","312","0.1251749650069986","0.0625874825034993","0.5","0.05632873425314937","-0.06372270236045097","3118","3118"
"fig3a","25.118864315095795","0.0003414548873833601","5000","616","299","0.12337532493501299","0.059988002399520096","0.4862236628849271","0.05381923615276944","-0.04852489915373326","3119","3119"
"fig3a","25.118864315095795","0.00039810717055349735","5000","657","263","0.1315736852629474","0.052789442111577684","0.4012158054711246","0.04621075784843031","-0.02197399687491952","3120","3120"
"fig3a","25.118864315095795","0.00046415888336127773","5000","624","238","0.1249750049990002","0.04779044191161767","0.38239999999999996","0.041541691661667664","0.020747437478490838","3121","3121"
"fig3a","25.118864315095795","0.0005411695265464637","5000","619","143","0.1239752049590082","0.028794241151769647","0.23225806451612904","0.022595480903819236","0.08617905863437159","3122","3122"
"fig3a","25.118864315095795","0.000630957344480193","5000","634","127","0.1269746050789842","0.02559488102379524","0.2015748031496063","0.01924615076984603","0.18313043786432104","3123","3123"
"fig3a","25.118864315095795","0.0007356422544596414","5000","639","113","0.1279744051189762","0.022795440911817635","0.178125","0.016396720655868825","0.3233784776966502","3124","3124"
"fig3a","25.118864315095795","0.0008576958985908946","5000","591","74","0.118376324735053","0.014997000599880024","0.12668918918918917","0.009078184363127375","0.5225439884781622","3125","3125"
"fig3a","25.118864315095795","0.001","5000","670","43","0.1341731653669266","0.008798240351929614","0.06557377049180328","0.002089582083583284","0.8011766282598103","3126","3126"
"fig3a","25.118864315095795","0.001165914401179831","5000","653","28","0.1307738452309538","0.0057988402319536095","0.04434250764525994","-0.0007398520295940816","1.1860732245792178","3127","3127"
"fig3a","25.118864315095795","0.0013593563908785254","5000","633","11","0.1267746450709858","0.0023995200959808036","0.01892744479495268","-0.003939212157568486","1.7118442163126701","3128","3128"
"fig3a","25.118864315095795","0.001584893192461114","5000","599","7","0.11997600479904019","0.0015996800639872025","0.013333333333333332","-0.004399120175964807","2.422723976186944","3129","3129"
"fig3a","25.118864315095795","0.0018478497974222907","5000","637","1","0.1275744851029794","0.0003999200159968006","0.0031347962382445144","-0.005978804239152169","3.3745903311127563","3130","3130"
"fig3a","25.118864315095795","0.002154434690031882","5000","618","0","0.12377524495100979","0.0001999600079984003","0.0016155088852988692","-0.00598880223955209","4.637114332117164","3131","3131"
"fig3a","25.118864315095795","0.0025118864315095794","5000","613","1","0.1227754449110178","0.0003999200159968006","0.0032573289902280127","-0.005738852229554089","6.295902275167066","3132","3132"
"fig3a","25.118864315095795","0.0029286445646252374","5000","634","0","0.1269746050789842","0.0001999600079984003","0.0015748031496062992","-0.00614877024595081","8.454419968208924","3133","3133"
"fig3a","25.118864315095795","0.003414548873833601","5000","665","0","0.1331733653269346","0.0001999600079984003","0.0015015015015015015","-0.00645870825834833","11.235410577670791","3134","3134"
"fig3a","25.118864315095795","0.003981071705534973","5000","673","0","0.1347730453909218","0.0001999600079984003","0.001483679525222552","-0.00653869226154769","14.781444390814784","3135","3135"
"fig3a","25.118864315095795","0.004641588833612782","5000","747","0","0.14957008598280344","0.0001999600079984003","0.001336898395721925","-0.007278544291141772","18.730227981452884","3136","3136"
"fig3a","25.118864315095795","0.0054116952654646375","5000","767","0","0.15356928614277143","0.0001999600079984003","0.0013020833333333335","-0.007478504299140171","23.980925784152646","3137","3137"
"fig3a","25.118864315095795","0.006309573444801929","5000","817","0","0.16356728654269145","0.0001999600079984003","0.0012224938875305623","-0.007978404319136174","30.454375032490276","3138","3138"
"fig3a","25.118864315095795","0.007356422544596414","5000","874","0","0.1749650069986003","0.0001999600079984003","0.0011428571428571427","-0.008548290341931615","38.360076812463774","3139","3139"
"fig3a","25.118864315095795","0.008576958985908946","5000","955","0","0.1911617676464707","0.0001999600079984003","0.0010460251046025106","-0.009358128374325135","47.90936305123623","3140","3140"
"fig3a","25.118864315095795","0.01","5000","1020","0","0.20415916816636673","0.0001999600079984003","0.0009794319294809011","-0.010007998400319938","59.30292940314911","3141","3141"
"fig3a","25.118864315095795","0.01165914401179831","5000","1050","0","0.21015796840631873","0.0001999600079984003","0.0009514747859181732","-0.010307938412317537","72.71705410918455","3142","3142"
"fig3a","25.118864315095795","0.013593563908785255","5000","1125","0","0.22515496900619877","0.0001999600079984003","0.0008880994671403196","-0.01105778844231154","88.29034825233268","3143","3143"
"fig3a","25.118864315095795","0.01584893192461114","5000","1155","0","0.23115376924615078","0.0001999600079984003","0.0008650519031141868","-0.01135772845430914","106.11314029622446","3144","3144"
"fig3a","25.118864315095795","0.018478497974222907","5000","1207","0","0.24155168966206758","0.0001999600079984003","0.0008278145695364238","-0.01187762447510498","126.22143614567437","3145","3145"
"fig3a","25.118864315095795","0.021544346900318843","5000","1259","0","0.2519496100779844","0.0001999600079984003","0.0007936507936507937","-0.01239752049590082","148.59684678386566","3146","3146"
"fig3a","25.118864315095795","0.025118864315095794","5000","1291","0","0.25834833033393323","0.0001999600079984003","0.0007739938080495355","-0.012717456508698263","173.17308831881388","3147","3147"
"fig3a","25.118864315095795","0.029286445646252372","5000","1278","0","0.25574885022995403","0.0001999600079984003","0.0007818608287724784","-0.012587482503499302","199.84883579031072","3148","3148"
"fig3a","25.118864315095795","0.034145488738336005","5000","1272","0","0.2545490901819636","0.0001999600079984003","0.0007855459544383347","-0.01252749450109978","228.50601508934204","3149","3149"
"fig3a","25.118864315095795","0.039810717055349734","5000","1312","0","0.2625474905018996","0.0001999600079984003","0.0007616146230007615","-0.012927414517096582","259.0320577996546","3150","3150"
"fig3a","25.118864315095795","0.046415888336127774","5000","1262","0","0.2525494901019796","0.0001999600079984003","0.0007917656373713382","-0.01242751449710058","291.34391246179877","3151","3151"
"fig3a","25.118864315095795","0.054116952654646375","5000","1243","0","0.24875024995001","0.0001999600079984003","0.0008038585209003215","-0.0122375524895021","325.40986265083995","3152","3152"
"fig3a","25.118864315095795","0.0630957344480193","5000","1278","0","0.25574885022995403","0.0001999600079984003","0.0007818608287724784","-0.012587482503499302","361.2613767694683","3153","3153"
"fig3a","25.118864315095795","0.07356422544596414","5000","1232","0","0.2465506898620276","0.0001999600079984003","0.0008110300081103","-0.01212757448510298","398.9827235264185","3154","3154"
"fig3a","25.118864315095795","0.08576958985908938","5000","1174","0","0.2349530093981204","0.0001999600079984003","0.0008510638297872339","-0.011547690461907621","438.66956620210675","3155","3155"
"fig3a","25.118864315095795","0.1","5000","1148","0","0.22975404919016196","0.0001999600079984003","0.0008703220191470844","-0.0112877424515097","480.36689399220126","3156","3156"
"fig3a","25.118864315095795","0.11659144011798311","5000","1141","0","0.22835432913417317","0.0001999600079984003","0.0008756567425569177","-0.011217756448710259","524.0132272232684","3157","3157"
"fig3a","25.118864315095795","0.13593563908785256","5000","1078","0","0.21575684863027395","0.0001999600079984003","0.0009267840593141798","-0.010587882423515299","569.4070630262972","3158","3158"
"fig3a","25.118864315095795","0.1584893192461114","5000","1042","0","0.20855828834233153","0.0001999600079984003","0.0009587727708533077","-0.010227954409118178","617.0647618760381","3159","3159"
"fig3a","25.118864315095795","0.18478497974222907","5000","1094","0","0.21895620875824834","0.0001999600079984003","0.0009132420091324201","-0.010747850429914017","668.4594174118088","3160","3160"
"fig3a","25.118864315095795","0.21544346900318845","5000","1071","0","0.21435712857428516","0.0001999600079984003","0.0009328358208955223","-0.010517896420715859","724.6272209082545","3161","3161"
"fig3a","25.118864315095795","0.25118864315095796","5000","996","0","0.1993601279744051","0.0001999600079984003","0.0010030090270812437","-0.009768046390721857","786.9709157113211","3162","3162"
"fig3a","25.118864315095795","0.29286445646252374","5000","1036","0","0.20735852829434112","0.0001999600079984003","0.0009643201542912247","-0.010167966406718658","857.4182650788005","3163","3163"
"fig3a","25.118864315095795","0.34145488738336005","5000","1069","0","0.21395720855828834","0.0001999600079984003","0.0009345794392523364","-0.010497900419916018","938.6668778591641","3164","3164"
"fig3a","25.118864315095795","0.3981071705534973","5000","1023","0","0.20475904819036192","0.0001999600079984003","0.0009765625","-0.010037992401519697","1034.582174217415","3165","3165"
"fig3a","25.118864315095795","0.46415888336127775","5000","1021","0","0.20435912817436513","0.0001999600079984003","0.0009784735812133072","-0.010017996400719858","1150.8683895693152","3166","3166"
"fig3a","25.118864315095795","0.5411695265464638","5000","970","0","0.1941611677664467","0.0001999600079984003","0.0010298661174047373","-0.009508098380323937","1296.252669831096","3167","3167"
"fig3a","25.118864315095795","0.630957344480193","5000","972","0","0.19456108778244352","0.0001999600079984003","0.001027749229188078","-0.009528094381123777","1484.694829307881","3168","3168"
"fig3a","25.118864315095795","0.7356422544596414","5000","975","0","0.1951609678064387","0.0001999600079984003","0.0010245901639344263","-0.009558088382323537","1739.8046971999747","3169","3169"
"fig3a","25.118864315095795","0.8576958985908937","5000","989","0","0.19796040791841632","0.0001999600079984003","0.00101010101010101","-0.009698060387922418","2104.46243205104","3170","3170"
"fig3a","25.118864315095795","1.0","5000","966","0","0.1933613277344531","0.0001999600079984003","0.0010341261633919337","-0.009468106378724257","2664.195777158978","3171","3171"
"fig3a","29.28644564625237","0.0001","5000","591","479","0.118376324735053","0.09598080383923216","0.8108108108108109","0.0900619876024795","-0.04773630579870769","3172","3172"
"fig3a","29.28644564625237","0.00011659144011798323","5000","590","429","0.11817636472705459","0.08598280343931214","0.727580372250423","0.08007398520295941","-0.05213139073461548","3173","3173"
"fig3a","29.28644564625237","0.00013593563908785255","5000","578","425","0.11577684463107378","0.08518296340731854","0.7357512953367876","0.07939412117576485","-0.056010517346493316","3174","3174"
"fig3a","29.28644564625237","0.00015848931924611142","5000","539","394","0.10797840431913618","0.07898420315936813","0.7314814814814815","0.07358528294341132","-0.0588530412674686","3175","3175"
"fig3a","29.28644564625237","0.00018478497974222906","5000","573","419","0.11477704459108179","0.08398320335932813","0.7317073170731706","0.07824435112977404","-0.05990269381337043","3176","3176"
"fig3a","29.28644564625237","0.00021544346900318845","5000","574","377","0.11497700459908018","0.07558488302339532","0.6573913043478261","0.0698360327934413","-0.058078863862419894","3177","3177"
"fig3a","29.28644564625237","0.00025118864315095795","5000","560","277","0.11217756448710257","0.05558888222355529","0.4955436720142603","0.04998000399920016","-0.05185755421604199","3178","3178"
"fig3a","29.28644564625237","0.00029286445646252375","5000","589","273","0.11797640471905618","0.054789042191561686","0.46440677966101696","0.048890221955608874","-0.03911258137290474","3179","3179"
"fig3a","29.28644564625237","0.0003414548873833601","5000","581","267","0.11637672465506899","0.05358928214357129","0.4604810996563574","0.04777044591081784","-0.016905073729049036","3180","3180"
"fig3a","29.28644564625237","0.00039810717055349735","5000","609","195","0.1219756048790242","0.039192161567686463","0.32131147540983607","0.03309338132373525","0.018793637434924904","3181","3181"
"fig3a","29.28644564625237","0.00046415888336127773","5000","602","166","0.1205758848230354","0.033393321335732855","0.2769485903814262","0.027364527094581086","0.07346399365223988","3182","3182"
"fig3a","29.28644564625237","0.0005411695265464637","5000","587","137","0.11757648470305938","0.027594481103779243","0.23469387755102042","0.021715656868626275","0.15450689982185395","3183","3183"
"fig3a","29.28644564625237","0.000630957344480193","5000","564","106","0.11297740451909619","0.021395720855828835","0.1893805309734513","0.015746850629874024","0.27184447822415336","3184","3184"
"fig3a","29.28644564625237","0.0007356422544596414","5000","561","90","0.11237752449510098","0.018196360727854428","0.16192170818505336","0.012577484503099378","0.43868107986975247","3185","3185"
"fig3a","29.28644564625237","0.0008576958985908946","5000","577","49","0.11557688462307539","0.009998000399920015","0.08650519031141868","0.004219156168766246","0.6724540321544055","3186","3186"
"fig3a","29.28644564625237","0.001","5000","611","35","0.122375524895021","0.007198560287942412","0.058823529411764705","0.0010797840431913614","0.9960019854358961","3187","3187"
"fig3a","29.28644564625237","0.001165914401179831","5000","580","14","0.11617676464707058","0.002999400119976005","0.02581755593803787","-0.002809438112377524","1.4389723498406966","3188","3188"
"fig3a","29.28644564625237","0.0013593563908785254","5000","581","4","0.11637672465506899","0.0009998000399920016","0.00859106529209622","-0.004819036192761448","2.0394758153921373","3189","3189"
"fig3a","29.28644564625237","0.001584893192461114","5000","578","3","0.11577684463107378","0.0007998400319936012","0.0069084628670120895","-0.004989002199560088","2.8459725697982776","3190","3190"
"fig3a","29.28644564625237","0.0018478497974222907","5000","588","2","0.11777644471105779","0.0005998800239952009","0.005093378607809847","-0.005288942211557689","3.9193388135906844","3191","3191"
"fig3a","29.28644564625237","0.002154434690031882","5000","571","1","0.11437712457508498","0.0003999200159968006","0.0034965034965034965","-0.005318936212757449","5.3350114956078585","3192","3192"
"fig3a","29.28644564625237","0.0025118864315095794","5000","618","0","0.12377524495100979","0.0001999600079984003","0.0016155088852988692","-0.00598880223955209","7.185043718655038","3193","3193"
"fig3a","29.28644564625237","0.0029286445646252374","5000","603","0","0.12077584483103379","0.0001999600079984003","0.0016556291390728477","-0.005838832233553289","9.579826323096881","3194","3194"
"fig3a","29.28644564625237","0.003414548873833601","5000","637","0","0.1275744851029794","0.0001999600079984003","0.0015673981191222572","-0.00617876424715057","12.649151287442407","3195","3195"
"fig3a","29.28644564625237","0.003981071705534973","5000","664","0","0.1329734053189362","0.0001999600079984003","0.0015037593984962407","-0.00644871025794841","16.229588038351068","3196","3196"
"fig3a","29.28644564625237","0.004641588833612782","5000","698","0","0.13977204559088183","0.0001999600079984003","0.001430615164520744","-0.006788642271545691","20.858006509449524","3197","3197"
"fig3a","29.28644564625237","0.0054116952654646375","5000","773","0","0.15476904619076184","0.0001999600079984003","0.0012919896640826874","-0.0075384923015396925","26.587858939503064","3198","3198"
"fig3a","29.28644564625237","0.006309573444801929","5000","907","0","0.18156368726254749","0.0001999600079984003","0.0011013215859030836","-0.008878224355128975","33.6224203575876","3199","3199"
"fig3a","29.28644564625237","0.007356422544596414","5000","881","0","0.17636472705458908","0.0001999600079984003","0.0011337868480725624","-0.008618276344731056","42.172098855702274","3200","3200"
"fig3a","29.28644564625237","0.008576958985908946","5000","991","0","0.1983603279344131","0.0001999600079984003","0.0010080645161290322","-0.009718056388722257","52.44256332265678","3201","3201"
"fig3a","29.28644564625237","0.01","5000","1029","0","0.20595880823835233","0.0001999600079984003","0.000970873786407767","-0.010097980403919217","64.62061243107138","3202","3202"
"fig3a","29.28644564625237","0.01165914401179831","5000","1104","0","0.22095580883823235","0.0001999600079984003","0.0009049773755656109","-0.010847830433913219","78.8595082957359","3203","3203"
"fig3a","29.28644564625237","0.013593563908785255","5000","1143","0","0.22875424915016995","0.0001999600079984003","0.0008741258741258741","-0.0112377524495101","95.26598665172784","3204","3204"
"fig3a","29.28644564625237","0.01584893192461114","5000","1166","0","0.23335332933413316","0.0001999600079984003","0.000856898029134533","-0.01146770645870826","113.89119951017261","3205","3205"
"fig3a","29.28644564625237","0.018478497974222907","5000","1219","0","0.2439512097580484","0.0001999600079984003","0.0008196721311475409","-0.011997600479904022","134.727414570029","3206","3206"
"fig3a","29.28644564625237","0.021544346900318843","5000","1171","0","0.23435312937412517","0.0001999600079984003","0.0008532423208191126","-0.01151769646070786","157.71152023192957","3207","3207"
"fig3a","29.28644564625237","0.025118864315095794","5000","1353","0","0.27074585082983404","0.0001999600079984003","0.0007385524372230428","-0.013337332533493304","182.73549865759702","3208","3208"
"fig3a","29.28644564625237","0.029286445646252372","5000","1284","0","0.2569486102779444","0.0001999600079984003","0.0007782101167315175","-0.012647470505898822","209.6632652907781","3209","3209"
"fig3a","29.28644564625237","0.034145488738336005","5000","1269","0","0.2539492101579684","0.0001999600079984003","0.0007874015748031496","-0.01249750049990002","238.35276586682943","3210","3210"
"fig3a","29.28644564625237","0.039810717055349734","5000","1326","0","0.2653469306138772","0.0001999600079984003","0.0007535795026375283","-0.013067386522695462","268.6818984907498","3211","3211"
"fig3a","29.28644564625237","0.046415888336127774","5000","1281","0","0.2563487302539492","0.0001999600079984003","0.0007800312012480498","-0.012617476504699063","300.5762196481331","3212","3212"
"fig3a","29.28644564625237","0.054116952654646375","5000","1277","0","0.2555488902219556","0.0001999600079984003","0.000782472613458529","-0.012577484503099381","334.0343309509748","3213","3213"
"fig3a","29.28644564625237","0.0630957344480193","5000","1243","0","0.24875024995001","0.0001999600079984003","0.0008038585209003215","-0.0122375524895021","369.14174054339543","3214","3214"
"fig3a","29.28644564625237","0.07356422544596414","5000","1211","0","0.24235152969406118","0.0001999600079984003","0.0008250825082508251","-0.01191761647670466","406.05749257822384","3215","3215"
"fig3a","29.28644564625237","0.08576958985908938","5000","1174","0","0.2349530093981204","0.0001999600079984003","0.0008510638297872339","-0.011547690461907621","444.9618253047301","3216","3216"
"fig3a","29.28644564625237","0.1","5000","1155","0","0.23115376924615078","0.0001999600079984003","0.0008650519031141868","-0.01135772845430914","485.97849488885623","3217","3217"
"fig3a","29.28644564625237","0.11659144011798311","5000","1133","0","0.22675464907018597","0.0001999600079984003","0.0008818342151675485","-0.0111377724455109","529.1068470795597","3218","3218"
"fig3a","29.28644564625237","0.13593563908785256","5000","1099","0","0.21995600879824034","0.0001999600079984003","0.0009090909090909091","-0.010797840431913619","574.1849133255007","3219","3219"
"fig3a","29.28644564625237","0.1584893192461114","5000","1082","0","0.21655668866226754","0.0001999600079984003","0.0009233610341643582","-0.010627874425114979","622.0004786754782","3220","3220"
"fig3a","29.28644564625237","0.18478497974222907","5000","1052","0","0.21055788842231554","0.0001999600079984003","0.0009496676163342829","-0.010327934413117378","674.0266208897488","3221","3221"
"fig3a","29.28644564625237","0.21544346900318845","5000","1031","0","0.20635872825434912","0.0001999600079984003","0.0009689922480620155","-0.010117976404719058","731.4507848015987","3222","3222"
"fig3a","29.28644564625237","0.25118864315095796","5000","980","0","0.19616076784643072","0.0001999600079984003","0.001019367991845056","-0.009608078384323137","795.8873897402545","3223","3223"
"fig3a","29.28644564625237","0.29286445646252374","5000","1028","0","0.20575884823035392","0.0001999600079984003","0.0009718172983479105","-0.010087982403519297","869.574346401801","3224","3224"
"fig3a","29.28644564625237","0.34145488738336005","5000","966","0","0.1933613277344531","0.0001999600079984003","0.0010341261633919337","-0.009468106378724257","955.6910514183751","3225","3225"
"fig3a","29.28644564625237","0.3981071705534973","5000","923","0","0.1847630473905219","0.0001999600079984003","0.0010822510822510823","-0.009038192361527695","1058.8902523890893","3226","3226"
"fig3a","29.28644564625237","0.46415888336127775","5000","909","0","0.1819636072785443","0.0001999600079984003","0.001098901098901099","-0.008898220355928816","1186.2269704415592","3227","3227"
"fig3a","29.28644564625237","0.5411695265464638","5000","894","0","0.17896420715856828","0.0001999600079984003","0.0011173184357541898","-0.008748250349930015","1348.8714195649723","3228","3228"
"fig3a","29.28644564625237","0.630957344480193","5000","833","0","0.16676664667066587","0.0001999600079984003","0.001199040767386091","-0.008138372325534894","1565.487383874327","3229","3229"
"fig3a","29.28644564625237","0.7356422544596414","5000","826","0","0.16536692661467706","0.0001999600079984003","0.0012091898428053204","-0.008068386322735453","1869.4799540837396","3230","3230"
"fig3a","29.28644564625237","0.8576958985908937","5000","725","0","0.14517096580683864","0.0001999600079984003","0.001377410468319559","-0.0070585882823435316","2326.3142393015723","3231","3231"
"fig3a","29.28644564625237","1.0","5000","676","0","0.13537292541491702","0.0001999600079984003","0.0014771048744460856","-0.006568686262747451","3081.2973650942845","3232","3232"
"fig3a","34.145488738336006","0.0001","5000","477","412","0.09558088382323535","0.08258348330333934","0.8640167364016738","0.07780443911217758","-0.012444058394436297","3233","3233"
"fig3a","34.145488738336006","0.00011659144011798323","5000","527","363","0.10557888422315537","0.07278544291141771","0.6893939393939393","0.06750649870025995","-0.010895726060851985","3234","3234"
"fig3a","34.145488738336006","0.00013593563908785255","5000","492","349","0.09858028394321136","0.06998600279944012","0.7099391480730224","0.06505698860227954","-0.007815009462206035","3235","3235"
"fig3a","34.145488738336006","0.00015848931924611142","5000","513","324","0.10277944411117776","0.0649870025994801","0.6322957198443581","0.05984803039392122","-0.0025024502078565547","3236","3236"
"fig3a","34.145488738336006","0.00018478497974222906","5000","497","316","0.09958008398320337","0.0633873225354929","0.6365461847389557","0.058408318336332726","0.006009950047655366","3237","3237"
"fig3a","34.145488738336006","0.00021544346900318845","5000","510","270","0.10217956408718257","0.05418916216756649","0.5303326810176126","0.04908018396320736","0.019053849536192047","3238","3238"
"fig3a","34.145488738336006","0.00025118864315095795","5000","477","295","0.09558088382323535","0.0591881623675265","0.6192468619246863","0.05440911817636473","0.038451289563568025","3239","3239"
"fig3a","34.145488738336006","0.00029286445646252375","5000","510","238","0.10217956408718257","0.04779044191161767","0.46771037181996084","0.042681463707258546","0.06668267787426885","3240","3240"
"fig3a","34.145488738336006","0.0003414548873833601","5000","514","198","0.10297940411917617","0.03979204159168166","0.3864077669902912","0.034643071385722854","0.10710821448796537","3241","3241"
"fig3a","34.145488738336006","0.00039810717055349735","5000","473","164","0.09478104379124175","0.032993401319736056","0.34810126582278483","0.028254349130173967","0.16425789355815823","3242","3242"
"fig3a","34.145488738336006","0.00046415888336127773","5000","492","109","0.09858028394321136","0.021995600879824034","0.22312373225152127","0.017066586682663466","0.24420852218116806","3243","3243"
"fig3a","34.145488738336006","0.0005411695265464637","5000","494","109","0.09898020395920816","0.021995600879824034","0.2222222222222222","0.017046590681863625","0.35506967849173066","3244","3244"
"fig3a","34.145488738336006","0.000630957344480193","5000","479","85","0.09598080383923216","0.017196560687862426","0.17916666666666664","0.012397520495900819","0.5076038302472909","3245","3245"
"fig3a","34.145488738336006","0.0007356422544596414","5000","506","46","0.10137972405518897","0.009398120375924815","0.09270216962524654","0.004329134173165366","0.7160083399278108","3246","3246"
"fig3a","34.145488738336006","0.0008576958985908946","5000","492","39","0.09858028394321136","0.007998400319936013","0.08113590263691683","0.0030693861227754447","0.9988878329052966","3247","3247"
"fig3a","34.145488738336006","0.001","5000","469","14","0.09398120375924815","0.002999400119976005","0.03191489361702128","-0.0016996600679864025","1.3804429981126418","3248","3248"
"fig3a","34.145488738336006","0.001165914401179831","5000","499","10","0.09998000399920016","0.0021995600879824036","0.022","-0.002799440111977605","1.8918944140816905","3249","3249"
"fig3a","34.145488738336006","0.0013593563908785254","5000","501","9","0.10037992401519696","0.001999600079984003","0.0199203187250996","-0.003019396120775845","2.573145041651287","3250","3250"
"fig3a","34.145488738336006","0.001584893192461114","5000","511","4","0.10237952409518096","0.0009998000399920016","0.009765625","-0.004119176164767047","3.4746598701101448","3251","3251"
"fig3a","34.145488738336006","0.0018478497974222907","5000","491","1","0.09838032393521295","0.0003999200159968006","0.004065040650406504","-0.004519096180763847","4.659503226470747","3252","3252"
"fig3a","34.145488738336006","0.002154434690031882","5000","493","0","0.09878024395120975","0.0001999600079984003","0.0020242914979757085","-0.004739052189562088","6.205421741170028","3253","3253"
"fig3a","34.145488738336006","0.0025118864315095794","5000","518","0","0.10377924415116976","0.0001999600079984003","0.0019267822736030828","-0.004989002199560088","8.20679432007472","3254","3254"
"fig3a","34.145488738336006","0.0029286445646252374","5000","495","0","0.09918016396720655","0.0001999600079984003","0.0020161290322580645","-0.004759048190361928","10.776193849494916","3255","3255"
"fig3a","34.145488738336006","0.003414548873833601","5000","542","0","0.10857828434313137","0.0001999600079984003","0.001841620626151013","-0.005228954209158168","14.0452283576887","3256","3256"
"fig3a","34.145488738336006","0.003981071705534973","5000","609","0","0.1219756048790242","0.0001999600079984003","0.0016393442622950817","-0.00589882023595281","17.771074571722636","3257","3257"
"fig3a","34.145488738336006","0.004641588833612782","5000","664","0","0.1329734053189362","0.0001999600079984003","0.0015037593984962407","-0.00644871025794841","22.65474320438318","3258","3258"
"fig3a","34.145488738336006","0.0054116952654646375","5000","714","0","0.14297140571885622","0.0001999600079984003","0.0013986013986013986","-0.006948610277944411","28.685578144580433","3259","3259"
"fig3a","34.145488738336006","0.006309573444801929","5000","789","0","0.15796840631873627","0.0001999600079984003","0.0012658227848101264","-0.0076984603079384125","36.067654389302874","3260","3260"
"fig3a","34.145488738336006","0.007356422544596414","5000","841","0","0.16836632673465307","0.0001999600079984003","0.001187648456057007","-0.008218356328734255","45.00872793074382","3261","3261"
"fig3a","34.145488738336006","0.008576958985908946","5000","905","0","0.1811637672465507","0.0001999600079984003","0.0011037527593818985","-0.008858228354329136","55.70765008661965","3262","3262"
"fig3a","34.145488738336006","0.01","5000","959","0","0.19196160767846432","0.0001999600079984003","0.0010416666666666667","-0.009398120375924817","68.34010350255463","3263","3263"
"fig3a","34.145488738336006","0.01165914401179831","5000","943","0","0.1887622475504899","0.0001999600079984003","0.001059322033898305","-0.009238152369526097","83.04460231281286","3264","3264"
"fig3a","34.145488738336006","0.013593563908785255","5000","1046","0","0.20935812837432513","0.0001999600079984003","0.0009551098376313276","-0.010267946410717857","99.9110104543227","3265","3265"
"fig3a","34.145488738336006","0.01584893192461114","5000","1105","0","0.22115576884623075","0.0001999600079984003","0.0009041591320072332","-0.01085782843431314","118.97365069752078","3266","3266"
"fig3a","34.145488738336006","0.018478497974222907","5000","1196","0","0.2393521295740852","0.0001999600079984003","0.000835421888053467","-0.011767646470705861","140.2104508200798","3267","3267"
"fig3a","34.145488738336006","0.021544346900318843","5000","1123","0","0.22475504899020196","0.0001999600079984003","0.0008896797153024911","-0.0110377924415117","163.54869857151442","3268","3268"
"fig3a","34.145488738336006","0.025118864315095794","5000","1182","0","0.23655268946210758","0.0001999600079984003","0.0008453085376162299","-0.01162767446510698","188.87710050929184","3269","3269"
"fig3a","34.145488738336006","0.029286445646252372","5000","1198","0","0.23975204959008198","0.0001999600079984003","0.0008340283569641367","-0.0117876424715057","216.06315281426157","3270","3270"
"fig3a","34.145488738336006","0.034145488738336005","5000","1227","0","0.2455508898220356","0.0001999600079984003","0.0008143322475570032","-0.01207758448310338","244.9743945288257","3271","3271"
"fig3a","34.145488738336006","0.039810717055349734","5000","1274","0","0.2549490101979604","0.0001999600079984003","0.000784313725490196","-0.01254749050189962","275.50179796504847","3272","3272"
"fig3a","34.145488738336006","0.046415888336127774","5000","1240","0","0.2481503699260148","0.0001999600079984003","0.0008058017727639","-0.012207558488302342","307.5829672450222","3273","3273"
"fig3a","34.145488738336006","0.054116952654646375","5000","1211","0","0.24235152969406118","0.0001999600079984003","0.0008250825082508251","-0.01191761647670466","341.2212513731459","3274","3274"
"fig3a","34.145488738336006","0.0630957344480193","5000","1149","0","0.22995400919816036","0.0001999600079984003","0.0008695652173913044","-0.01129774045190962","376.4937169922766","3275","3275"
"fig3a","34.145488738336006","0.07356422544596414","5000","1154","0","0.23095380923815237","0.0001999600079984003","0.0008658008658008658","-0.01134773045390922","413.5377096236088","3276","3276"
"fig3a","34.145488738336006","0.08576958985908938","5000","1085","0","0.21715656868626274","0.0001999600079984003","0.0009208103130755065","-0.010657868426314738","452.50888123860676","3277","3277"
"fig3a","34.145488738336006","0.1","5000","1128","0","0.22575484903019397","0.0001999600079984003","0.0008857395925597873","-0.0110877824435113","493.5183099115374","3278","3278"
"fig3a","34.145488738336006","0.11659144011798311","5000","1021","0","0.20435912817436513","0.0001999600079984003","0.0009784735812133072","-0.010017996400719858","536.5706533693742","3279","3279"
"fig3a","34.145488738336006","0.13593563908785256","5000","1084","0","0.21695660867826436","0.0001999600079984003","0.0009216589861751151","-0.01064787042591482","581.9049787884201","3280","3280"
"fig3a","34.145488738336006","0.1584893192461114","5000","1018","0","0.20375924815036991","0.0001999600079984003","0.0009813542688910696","-0.009988002399520097","630.7464803381849","3281","3281"
"fig3a","34.145488738336006","0.18478497974222907","5000","1043","0","0.20875824835032994","0.0001999600079984003","0.0009578544061302681","-0.010237952409518098","684.0508369893093","3282","3282"
"fig3a","34.145488738336006","0.21544346900318845","5000","1039","0","0.20795840831833634","0.0001999600079984003","0.0009615384615384615","-0.010197960407918418","743.0529260784924","3283","3283"
"fig3a","34.145488738336006","0.25118864315095796","5000","1032","0","0.20655868826234752","0.0001999600079984003","0.000968054211035818","-0.010127974405118978","809.4323568650054","3284","3284"
"fig3a","34.145488738336006","0.29286445646252374","5000","990","0","0.19816036792641473","0.0001999600079984003","0.0010090817356205853","-0.009708058388322338","885.5176527751028","3285","3285"
"fig3a","34.145488738336006","0.34145488738336005","5000","988","0","0.1977604479104179","0.0001999600079984003","0.0010111223458038423","-0.009688062387522497","974.6142641047181","3286","3286"
"fig3a","34.145488738336006","0.3981071705534973","5000","950","0","0.19016196760647872","0.0001999600079984003","0.0010515247108307045","-0.009308138372325537","1081.5499570490958","3287","3287"
"fig3a","34.145488738336006","0.46415888336127775","5000","1023","0","0.20475904819036192","0.0001999600079984003","0.0009765625","-0.010037992401519697","1213.6221544577502","3288","3288"
"fig3a","34.145488738336006","0.5411695265464638","5000","911","0","0.18236352729454108","0.0001999600079984003","0.0010964912280701754","-0.008918216356728655","1382.3347119451341","3289","3289"
"fig3a","34.145488738336006","0.630957344480193","5000","940","0","0.1881623675264947","0.0001999600079984003","0.0010626992561105207","-0.009208158368326336","1606.800629579336","3290","3290"
"fig3a","34.145488738336006","0.7356422544596414","5000","867","0","0.17356528694261147","0.0001999600079984003","0.001152073732718894","-0.008478304339132174","1920.9845875487727","3291","3291"
"fig3a","34.145488738336006","0.8576958985908937","5000","870","0","0.17416516696660667","0.0001999600079984003","0.001148105625717566","-0.008508298340331934","2390.8438588643103","3292","3292"
"fig3a","34.145488738336006","1.0","5000","806","0","0.16136772645470907","0.0001999600079984003","0.001239157372986369","-0.007868426314737054","3161.0421178431848","3293","3293"
"fig3a","39.810717055349734","0.0001","5000","918","841","0.1837632473505299","0.16836632673465307","0.9162132752992382","0.15917816436712656","-0.11335435962752172","3294","3294"
"fig3a","39.810717055349734","0.00011659144011798323","5000","921","756","0.1843631273745251","0.15136972605478904","0.8210412147505424","0.1421515696860628","-0.12901508066900647","3295","3295"
"fig3a","39.810717055349734","0.00013593563908785255","5000","938","723","0.1877624475104979","0.14477104579084182","0.7710330138445154","0.13538292341531694","-0.14616137624722114","3296","3296"
"fig3a","39.810717055349734","0.00015848931924611142","5000","931","723","0.1863627274545091","0.14477104579084182","0.7768240343347639","0.13545290941811636","-0.16465016255875753","3297","3297"
"fig3a","39.810717055349734","0.00018478497974222906","5000","1016","638","0.20335932813437313","0.1277744451109778","0.6283185840707964","0.11760647870425914","-0.18418052487734826","3298","3298"
"fig3a","39.810717055349734","0.00021544346900318845","5000","923","645","0.1847630473905219","0.12917416516696661","0.6991341991341992","0.11993601279744052","-0.20422268463661908","3299","3299"
"fig3a","39.810717055349734","0.00025118864315095795","5000","960","604","0.1921615676864627","0.1209758048390322","0.6295525494276796","0.11136772645470906","-0.22392092766077099","3300","3300"
"fig3a","39.810717055349734","0.00029286445646252375","5000","942","541","0.1885622875424915","0.10837832433513298","0.574761399787911","0.0989502099580084","-0.24196206657251196","3301","3301"
"fig3a","39.810717055349734","0.0003414548873833601","5000","941","498","0.1883623275344931","0.09978004399120176","0.529723991507431","0.0903619276144771","-0.25639867122202986","3302","3302"
"fig3a","39.810717055349734","0.00039810717055349735","5000","928","441","0.1857628474305139","0.08838232353529295","0.4757804090419806","0.07909418116376725","-0.26441350218010484","3303","3303"
"fig3a","39.810717055349734","0.00046415888336127773","5000","884","380","0.17696460707858427","0.07618476304739052","0.4305084745762712","0.0673365326934613","-0.26200834305078047","3304","3304"
"fig3a","39.810717055349734","0.0005411695265464637","5000","932","307","0.1865626874625075","0.0615876824635073","0.33011789924973206","0.05225954809038193","-0.24359684985415697","3305","3305"
"fig3a","39.810717055349734","0.000630957344480193","5000","878","220","0.1757648470305939","0.044191161767646474","0.2514220705346985","0.03540291941611678","-0.20147735773136333","3306","3306"
"fig3a","39.810717055349734","0.0007356422544596414","5000","847","162","0.16956608678264348","0.03259348130373925","0.19221698113207544","0.024115176964607077","-0.1251582506622526","3307","3307"
"fig3a","39.810717055349734","0.0008576958985908946","5000","895","133","0.1791641671665667","0.026794641071785644","0.14955357142857142","0.01783643271345731","-0.0005062468952132804","3308","3308"
"fig3a","39.810717055349734","0.001","5000","885","82","0.17716456708658268","0.016596680663867228","0.09367945823927766","0.007738452309538093","0.1913120875497043","3309","3309"
"fig3a","39.810717055349734","0.001165914401179831","5000","856","53","0.17136572685462909","0.010797840431913617","0.06301050175029171","0.0022295540891821633","0.47512149907117873","3310","3310"
"fig3a","39.810717055349734","0.0013593563908785254","5000","879","21","0.17596480703859227","0.004399120175964807","0.025","-0.004399120175964807","0.8832780294538338","3311","3311"
"fig3a","39.810717055349734","0.001584893192461114","5000","829","6","0.16596680663867228","0.0013997200559888023","0.008433734939759036","-0.0068986202759448115","1.457455646409926","3312","3312"
"fig3a","39.810717055349734","0.0018478497974222907","5000","844","9","0.16896620675864826","0.001999600079984003","0.011834319526627219","-0.006448710257948411","2.250647638952728","3313","3313"
"fig3a","39.810717055349734","0.002154434690031882","5000","832","1","0.16656668666266747","0.0003999200159968006","0.0024009603841536613","-0.007928414317136572","3.329307344069008","3314","3314"
"fig3a","39.810717055349734","0.0025118864315095794","5000","841","1","0.16836632673465307","0.0003999200159968006","0.002375296912114014","-0.008018396320735853","4.7754942264916735","3315","3315"
"fig3a","39.810717055349734","0.0029286445646252374","5000","847","0","0.16956608678264348","0.0001999600079984003","0.0011792452830188679","-0.008278344331133775","6.688819341914211","3316","3316"
"fig3a","39.810717055349734","0.003414548873833601","5000","817","0","0.16356728654269145","0.0001999600079984003","0.0012224938875305623","-0.007978404319136174","9.187904719396613","3317","3317"
"fig3a","39.810717055349734","0.003981071705534973","5000","856","0","0.17136572685462909","0.0001999600079984003","0.0011668611435239206","-0.008368326334733054","12.410996174783975","3318","3318"
"fig3a","39.810717055349734","0.004641588833612782","5000","855","0","0.17116576684663068","0.0001999600079984003","0.0011682242990654205","-0.008358328334333134","16.515317383958404","3319","3319"
"fig3a","39.810717055349734","0.0054116952654646375","5000","937","0","0.1875624875024995","0.0001999600079984003","0.0010660980810234541","-0.009178164367126575","21.275382954329473","3320","3320"
"fig3a","39.810717055349734","0.006309573444801929","5000","918","0","0.1837632473505299","0.0001999600079984003","0.0010881392818280738","-0.008988202359528095","27.407427107317687","3321","3321"
"fig3a","39.810717055349734","0.007356422544596414","5000","1029","0","0.20595880823835233","0.0001999600079984003","0.000970873786407767","-0.010097980403919217","34.91904391001782","3322","3322"
"fig3a","39.810717055349734","0.008576958985908946","5000","1072","0","0.21455708858228353","0.0001999600079984003","0.0009319664492078285","-0.010527894421115777","44.01493081611585","3323","3323"
"fig3a","39.810717055349734","0.01","5000","1169","0","0.23395320935812838","0.0001999600079984003","0.0008547008547008546","-0.011497700459908021","54.88823177510429","3324","3324"
"fig3a","39.810717055349734","0.01165914401179831","5000","1067","0","0.21355728854229153","0.0001999600079984003","0.0009363295880149813","-0.010477904419116177","67.7066335383027","3325","3325"
"fig3a","39.810717055349734","0.013593563908785255","5000","1213","0","0.242751449710058","0.0001999600079984003","0.0008237232289950576","-0.011937612477504501","82.59913689050455","3326","3326"
"fig3a","39.810717055349734","0.01584893192461114","5000","1203","0","0.24075184963007398","0.0001999600079984003","0.0008305647840531562","-0.0118376324735053","99.64566729942032","3327","3327"
"fig3a","39.810717055349734","0.018478497974222907","5000","1267","0","0.2535492901419716","0.0001999600079984003","0.0007886435331230285","-0.01247750449910018","118.87149127248728","3328","3328"
"fig3a","39.810717055349734","0.021544346900318843","5000","1271","0","0.2543491301739652","0.0001999600079984003","0.0007861635220125786","-0.012517496500699861","140.24782685393535","3329","3329"
"fig3a","39.810717055349734","0.025118864315095794","5000","1278","0","0.25574885022995403","0.0001999600079984003","0.0007818608287724784","-0.012587482503499302","163.6992567358248","3330","3330"
"fig3a","39.810717055349734","0.029286445646252372","5000","1354","0","0.2709458108378324","0.0001999600079984003","0.0007380073800738007","-0.013347330533893222","189.11779092702506","3331","3331"
"fig3a","39.810717055349734","0.034145488738336005","5000","1311","0","0.2623475304939012","0.0001999600079984003","0.0007621951219512195","-0.01291741651669666","216.38285469061418","3332","3332"
"fig3a","39.810717055349734","0.039810717055349734","5000","1319","0","0.26394721055788845","0.0001999600079984003","0.0007575757575757575","-0.012997400519896023","245.38611755230517","3333","3333"
"fig3a","39.810717055349734","0.046415888336127774","5000","1365","0","0.2731453709258148","0.0001999600079984003","0.0007320644216691069","-0.013457308538292342","276.05961052541596","3334","3334"
"fig3a","39.810717055349734","0.054116952654646375","5000","1344","0","0.2689462107578484","0.0001999600079984003","0.0007434944237918215","-0.013247350529894023","308.4039079453459","3335","3335"
"fig3a","39.810717055349734","0.0630957344480193","5000","1271","0","0.2543491301739652","0.0001999600079984003","0.0007861635220125786","-0.012517496500699861","342.50802799823276","3336","3336"
"fig3a","39.810717055349734","0.07356422544596414","5000","1276","0","0.2553489302139572","0.0001999600079984003","0.0007830853563038371","-0.012567486502699461","378.54344379351295","3337","3337"
"fig3a","39.810717055349734","0.08576958985908938","5000","1229","0","0.24595080983803239","0.0001999600079984003","0.0008130081300813008","-0.01209758048390322","416.7129065662422","3338","3338"
"fig3a","39.810717055349734","0.1","5000","1182","0","0.23655268946210758","0.0001999600079984003","0.0008453085376162299","-0.01162767446510698","457.1627200030053","3339","3339"
"fig3a","39.810717055349734","0.11659144011798311","5000","1236","0","0.2473505298940212","0.0001999600079984003","0.0008084074373484236","-0.012167566486702662","499.9033342670462","3340","3340"
"fig3a","39.810717055349734","0.13593563908785256","5000","1123","0","0.22475504899020196","0.0001999600079984003","0.0008896797153024911","-0.0110377924415117","544.7697129634137","3341","3341"
"fig3a","39.810717055349734","0.1584893192461114","5000","1108","0","0.22175564887022595","0.0001999600079984003","0.0009017132551848512","-0.010887822435512898","591.615914068213","3342","3342"
"fig3a","39.810717055349734","0.18478497974222907","5000","1071","0","0.21435712857428516","0.0001999600079984003","0.0009328358208955223","-0.010517896420715859","641.8798877583206","3343","3343"
"fig3a","39.810717055349734","0.21544346900318845","5000","996","0","0.1993601279744051","0.0001999600079984003","0.0010030090270812437","-0.009768046390721857","696.7085426602528","3344","3344"
"fig3a","39.810717055349734","0.25118864315095796","5000","1066","0","0.21335732853429315","0.0001999600079984003","0.000937207122774133","-0.010467906418716259","757.3410721374105","3345","3345"
"fig3a","39.810717055349734","0.29286445646252374","5000","1042","0","0.20855828834233153","0.0001999600079984003","0.0009587727708533077","-0.010227954409118178","825.4808176023937","3346","3346"
"fig3a","39.810717055349734","0.34145488738336005","5000","1059","0","0.21195760847830433","0.0001999600079984003","0.0009433962264150943","-0.010397920415916818","903.5132850529621","3347","3347"
"fig3a","39.810717055349734","0.3981071705534973","5000","963","0","0.19276144771045792","0.0001999600079984003","0.001037344398340249","-0.009438112377524496","994.856385094607","3348","3348"
"fig3a","39.810717055349734","0.46415888336127775","5000","1027","0","0.20555888822235552","0.0001999600079984003","0.0009727626459143969","-0.010077984403119376","1104.545150934537","3349","3349"
"fig3a","39.810717055349734","0.5411695265464638","5000","994","0","0.19896020795840832","0.0001999600079984003","0.0010050251256281406","-0.009748050389922018","1240.2556174631509","3350","3350"
"fig3a","39.810717055349734","0.630957344480193","5000","989","0","0.19796040791841632","0.0001999600079984003","0.00101010101010101","-0.009698060387922418","1414.20476552979","3351","3351"
"fig3a","39.810717055349734","0.7356422544596414","5000","1010","0","0.20215956808638272","0.0001999600079984003","0.0009891196834817012","-0.009908018396320738","1646.9352604644264","3352","3352"
"fig3a","39.810717055349734","0.8576958985908937","5000","978","0","0.1957608478304339","0.0001999600079984003","0.0010214504596527069","-0.009588082383523296","1975.5531757103745","3353","3353"
"fig3a","39.810717055349734","1.0","5000","914","0","0.1829634073185363","0.0001999600079984003","0.001092896174863388","-0.008948210357928416","2473.8267958441274","3354","3354"
"fig3a","46.41588833612777","0.0001","5000","973","850","0.1947610477904419","0.17016596680663867","0.8737166324435319","0.16042791441711657","-0.11628055853935848","3355","3355"
"fig3a","46.41588833612777","0.00011659144011798323","5000","1052","805","0.21055788842231554","0.16116776644671066","0.7654320987654321","0.15063987202559487","-0.1322205928708513","3356","3356"
"fig3a","46.41588833612777","0.00013593563908785255","5000","959","806","0.19196160767846432","0.16136772645470907","0.840625","0.15176964607078586","-0.1496199291342748","3357","3357"
"fig3a","46.41588833612777","0.00015848931924611142","5000","1002","736","0.20055988802239552","0.14737052589482103","0.7347956131605183","0.13734253149370124","-0.1683058790130758","3358","3358"
"fig3a","46.41588833612777","0.00018478497974222906","5000","961","690","0.1923615276944611","0.13817236552689463","0.7182952182952184","0.12855428914217157","-0.18793442248096426","3359","3359"
"fig3a","46.41588833612777","0.00021544346900318845","5000","989","648","0.19796040791841632","0.1297740451909618","0.6555555555555556","0.11987602479504099","-0.2079141199280059","3360","3360"
"fig3a","46.41588833612777","0.00025118864315095795","5000","927","602","0.1855628874225155","0.1205758848230354","0.6497844827586207","0.11129774045190963","-0.22730228492127935","3361","3361"
"fig3a","46.41588833612777","0.00029286445646252375","5000","976","560","0.19536092781443712","0.11217756448710257","0.5742067553735926","0.10240951809638071","-0.2446644791181427","3362","3362"
"fig3a","46.41588833612777","0.0003414548873833601","5000","972","491","0.19456108778244352","0.09838032393521295","0.5056526207605344","0.08865226954609078","-0.25788592556796175","3363","3363"
"fig3a","46.41588833612777","0.00039810717055349735","5000","979","447","0.1959608078384323","0.08958208358328335","0.4571428571428572","0.07978404319136173","-0.2639204957709467","3364","3364"
"fig3a","46.41588833612777","0.00046415888336127773","5000","966","386","0.1933613277344531","0.07738452309538092","0.40020682523267836","0.06771645670865827","-0.2584595358055708","3365","3365"
"fig3a","46.41588833612777","0.0005411695265464637","5000","940","289","0.1881623675264947","0.05798840231953609","0.308182784272051","0.04858028394321136","-0.23549907469998743","3366","3366"
"fig3a","46.41588833612777","0.000630957344480193","5000","945","221","0.1891621675664867","0.04439112177564487","0.2346723044397463","0.034933013397320536","-0.18678016733079517","3367","3367"
"fig3a","46.41588833612777","0.0007356422544596414","5000","928","188","0.1857628474305139","0.03779244151169766","0.20344456404736275","0.02850429914017196","-0.1010737492008218","3368","3368"
"fig3a","46.41588833612777","0.0008576958985908946","5000","949","138","0.1899620075984803","0.027794441111777646","0.1463157894736842","0.018296340731853628","0.036720780191274116","3369","3369"
"fig3a","46.41588833612777","0.001","5000","928","78","0.1857628474305139","0.015796840631873626","0.08503767491926803","0.006508698260347929","0.24669376120959896","3370","3370"
"fig3a","46.41588833612777","0.001165914401179831","5000","924","45","0.18496300739852028","0.009198160367926415","0.049729729729729735","-4.9990001999599895e-05","0.5552863661922913","3371","3371"
"fig3a","46.41588833612777","0.0013593563908785254","5000","889","23","0.17796440711857628","0.004799040191961607","0.026966292134831458","-0.004099180163967207","0.9969098569746393","3372","3372"
"fig3a","46.41588833612777","0.001584893192461114","5000","918","15","0.1837632473505299","0.003199360127974405","0.01741022850924918","-0.00598880223955209","1.6158183279893592","3373","3373"
"fig3a","46.41588833612777","0.0018478497974222907","5000","807","4","0.16156768646270747","0.0009998000399920016","0.0061881188118811875","-0.007078584283143372","2.468198271295364","3374","3374"
"fig3a","46.41588833612777","0.002154434690031882","5000","892","1","0.1785642871425715","0.0003999200159968006","0.002239641657334826","-0.008528294341131774","3.624391838746533","3375","3375"
"fig3a","46.41588833612777","0.0025118864315095794","5000","859","0","0.17196560687862428","0.0001999600079984003","0.0011627906976744186","-0.008398320335932815","5.171108761976512","3376","3376"
"fig3a","46.41588833612777","0.0029286445646252374","5000","869","0","0.1739652069586083","0.0001999600079984003","0.0011494252873563218","-0.008498300339932015","7.213406489929781","3377","3377"
"fig3a","46.41588833612777","0.003414548873833601","5000","840","0","0.16816636672665466","0.0001999600079984003","0.0011890606420927466","-0.008208358328334334","9.876135885062581","3378","3378"
"fig3a","46.41588833612777","0.003981071705534973","5000","834","0","0.16696660667866425","0.0001999600079984003","0.0011976047904191617","-0.008148370325934814","13.304473783261443","3379","3379"
"fig3a","46.41588833612777","0.004641588833612782","5000","851","0","0.17036592681463708","0.0001999600079984003","0.0011737089201877932","-0.008318336332733454","17.663113945538385","3380","3380"
"fig3a","46.41588833612777","0.0054116952654646375","5000","827","0","0.16556688662267546","0.0001999600079984003","0.0012077294685990338","-0.008078384323135374","23.13369039966568","3381","3381"
"fig3a","46.41588833612777","0.006309573444801929","5000","984","0","0.19696060787842432","0.0001999600079984003","0.0010152284263959391","-0.009648070385922816","29.47964180205281","3382","3382"
"fig3a","46.41588833612777","0.007356422544596414","5000","1010","0","0.20215956808638272","0.0001999600079984003","0.0009891196834817012","-0.009908018396320738","37.475599181477406","3383","3383"
"fig3a","46.41588833612777","0.008576958985908946","5000","964","0","0.1929614077184563","0.0001999600079984003","0.0010362694300518134","-0.009448110377924417","47.115925051402485","3384","3384"
"fig3a","46.41588833612777","0.01","5000","1029","0","0.20595880823835233","0.0001999600079984003","0.000970873786407767","-0.010097980403919217","58.59519466834158","3385","3385"
"fig3a","46.41588833612777","0.01165914401179831","5000","1078","0","0.21575684863027395","0.0001999600079984003","0.0009267840593141798","-0.010587882423515299","72.08170271285786","3386","3386"
"fig3a","46.41588833612777","0.013593563908785255","5000","1200","0","0.2401519696060788","0.0001999600079984003","0.000832639467110741","-0.01180763847230554","87.70420667010075","3387","3387"
"fig3a","46.41588833612777","0.01584893192461114","5000","1190","0","0.23815236952609478","0.0001999600079984003","0.0008396305625524769","-0.011707658468306341","105.54142940333412","3388","3388"
"fig3a","46.41588833612777","0.018478497974222907","5000","1182","0","0.23655268946210758","0.0001999600079984003","0.0008453085376162299","-0.01162767446510698","125.61633321554547","3389","3389"
"fig3a","46.41588833612777","0.021544346900318843","5000","1242","0","0.2485502899420116","0.0001999600079984003","0.0008045052292839903","-0.01222755448910218","147.89669303165414","3390","3390"
"fig3a","46.41588833612777","0.025118864315095794","5000","1318","0","0.26374725054989","0.0001999600079984003","0.000758150113722517","-0.012987402519496101","172.30279344519778","3391","3391"
"fig3a","46.41588833612777","0.029286445646252372","5000","1339","0","0.2679464107178564","0.0001999600079984003","0.0007462686567164179","-0.013197360527894421","198.72236193982366","3392","3392"
"fig3a","46.41588833612777","0.034145488738336005","5000","1303","0","0.260747850429914","0.0001999600079984003","0.0007668711656441718","-0.012837432513497301","227.03232037288177","3393","3393"
"fig3a","46.41588833612777","0.039810717055349734","5000","1340","0","0.26814637072585484","0.0001999600079984003","0.0007457121551081282","-0.013207358528294343","257.1266450130052","3394","3394"
"fig3a","46.41588833612777","0.046415888336127774","5000","1250","0","0.2501499700059988","0.0001999600079984003","0.0007993605115907274","-0.012307538492301541","288.9492137402953","3395","3395"
"fig3a","46.41588833612777","0.054116952654646375","5000","1234","0","0.2469506098780244","0.0001999600079984003","0.0008097165991902834","-0.012147570485902821","322.5284708991168","3396","3396"
"fig3a","46.41588833612777","0.0630957344480193","5000","1241","0","0.2483503299340132","0.0001999600079984003","0.0008051529790660224","-0.012217556488702262","358.0032905158168","3397","3397"
"fig3a","46.41588833612777","0.07356422544596414","5000","1260","0","0.2521495700859828","0.0001999600079984003","0.0007930214115781125","-0.012407518496300743","395.6138929804453","3398","3398"
"fig3a","46.41588833612777","0.08576958985908938","5000","1118","0","0.22375524895020996","0.0001999600079984003","0.0008936550491510277","-0.010987802439512098","435.6262201395271","3399","3399"
"fig3a","46.41588833612777","0.1","5000","1149","0","0.22995400919816036","0.0001999600079984003","0.0008695652173913044","-0.01129774045190962","478.2044300348437","3400","3400"
"fig3a","46.41588833612777","0.11659144011798311","5000","1126","0","0.22535492901419715","0.0001999600079984003","0.0008873114463176575","-0.011067786442711459","523.3069888667792","3401","3401"
"fig3a","46.41588833612777","0.13593563908785256","5000","1039","0","0.20795840831833634","0.0001999600079984003","0.0009615384615384615","-0.010197960407918418","570.6504628971754","3402","3402"
"fig3a","46.41588833612777","0.1584893192461114","5000","1018","0","0.20375924815036991","0.0001999600079984003","0.0009813542688910696","-0.009988002399520097","620.2131400773444","3403","3403"
"fig3a","46.41588833612777","0.18478497974222907","5000","1033","0","0.20675864827034593","0.0001999600079984003","0.0009671179883945841","-0.010137972405518898","673.9368925024198","3404","3404"
"fig3a","46.41588833612777","0.21544346900318845","5000","1009","0","0.2019596080783843","0.0001999600079984003","0.0009900990099009901","-0.009898020395920817","733.1555758693507","3405","3405"
"fig3a","46.41588833612777","0.25118864315095796","5000","1004","0","0.20095980803839233","0.0001999600079984003","0.0009950248756218905","-0.009848030393921217","799.5106383740047","3406","3406"
"fig3a","46.41588833612777","0.29286445646252374","5000","974","0","0.1949610077984403","0.0001999600079984003","0.0010256410256410256","-0.009548090381923616","875.3086511006168","3407","3407"
"fig3a","46.41588833612777","0.34145488738336005","5000","950","0","0.19016196760647872","0.0001999600079984003","0.0010515247108307045","-0.009308138372325537","963.8659563053511","3408","3408"
"fig3a","46.41588833612777","0.3981071705534973","5000","961","0","0.1923615276944611","0.0001999600079984003","0.0010395010395010396","-0.009418116376724656","1070.0849928731473","3409","3409"
"fig3a","46.41588833612777","0.46415888336127775","5000","948","0","0.1897620475904819","0.0001999600079984003","0.001053740779768177","-0.009288142371525697","1201.461412260127","3410","3410"
"fig3a","46.41588833612777","0.5411695265464638","5000","896","0","0.1793641271745651","0.0001999600079984003","0.0011148272017837235","-0.008768246350729855","1369.9407418641665","3411","3411"
"fig3a","46.41588833612777","0.630957344480193","5000","891","0","0.1783643271345731","0.0001999600079984003","0.0011210762331838565","-0.008718256348730255","1595.5691331502512","3412","3412"
"fig3a","46.41588833612777","0.7356422544596414","5000","813","0","0.16276744651069786","0.0001999600079984003","0.0012285012285012285","-0.007938412317536494","1914.2586038480963","3413","3413"
"fig3a","46.41588833612777","0.8576958985908937","5000","853","0","0.17076584683063387","0.0001999600079984003","0.00117096018735363","-0.008338332333533293","2396.00789906132","3414","3414"
"fig3a","46.41588833612777","1.0","5000","760","0","0.15216956608678264","0.0001999600079984003","0.001314060446780552","-0.007408518296340732","3193.4500856529858","3415","3415"
"fig3a","54.116952654646376","0.0001","5000","585","464","0.11717656468706258","0.09298140371925614","0.7935153583617748","0.08712257548490301","-0.06307787599945414","3416","3416"
"fig3a","54.116952654646376","0.00011659144011798323","5000","588","433","0.11777644471105779","0.08678264347130574","0.7368421052631579","0.08089382123575285","-0.06993420501152059","3417","3417"
"fig3a","54.116952654646376","0.00013593563908785255","5000","595","411","0.1191761647670466","0.08238352329534093","0.6912751677852349","0.0764247150569886","-0.07665302843443556","3418","3418"
"fig3a","54.116952654646376","0.00015848931924611142","5000","581","379","0.11637672465506899","0.07598480303939212","0.6529209621993127","0.07016596680663867","-0.0827659403013854","3419","3419"
"fig3a","54.116952654646376","0.00018478497974222906","5000","591","364","0.118376324735053","0.07298540291941612","0.6165540540540541","0.06706658668266346","-0.08757389684353711","3420","3420"
"fig3a","54.116952654646376","0.00021544346900318845","5000","588","334","0.11777644471105779","0.0669866026794641","0.5687606112054329","0.06109778044391121","-0.09005806682802131","3421","3421"
"fig3a","54.116952654646376","0.00025118864315095795","5000","626","331","0.125374925014997","0.06638672265546891","0.5295055821371611","0.06011797640471906","-0.08875986851199968","3422","3422"
"fig3a","54.116952654646376","0.00029286445646252375","5000","575","266","0.11517696460707859","0.05338932213557288","0.46354166666666663","0.047630473905218955","-0.08162055174165062","3423","3423"
"fig3a","54.116952654646376","0.0003414548873833601","5000","564","224","0.11297740451909619","0.04499100179964007","0.39823008849557523","0.03934213157368526","-0.06576809941464035","3424","3424"
"fig3a","54.116952654646376","0.00039810717055349735","5000","553","198","0.11077784443111378","0.03979204159168166","0.35920577617328514","0.034253149370125975","-0.03723617273584523","3425","3425"
"fig3a","54.116952654646376","0.00046415888336127773","5000","563","166","0.11277744451109778","0.033393321335732855","0.29609929078014185","0.027754449110177964","0.009403639540920494","3426","3426"
"fig3a","54.116952654646376","0.0005411695265464637","5000","562","149","0.11257748450309939","0.029994001199760048","0.2664298401420959","0.024365126974605078","0.08151872996523934","3427","3427"
"fig3a","54.116952654646376","0.000630957344480193","5000","569","100","0.11397720455908818","0.020195960807838434","0.17719298245614037","0.014497100579884025","0.18902765796599397","3428","3428"
"fig3a","54.116952654646376","0.0007356422544596414","5000","581","61","0.11637672465506899","0.012397520495900819","0.10652920962199312","0.00657868426314737","0.3451767503527208","3429","3429"
"fig3a","54.116952654646376","0.0008576958985908946","5000","590","63","0.11817636472705459","0.01279744051189762","0.10829103214890017","0.00688862227554489","0.5675117212890655","3430","3430"
"fig3a","54.116952654646376","0.001","5000","517","35","0.10357928414317137","0.007198560287942412","0.0694980694980695","0.0020195960807838425","0.8790734665921605","3431","3431"
"fig3a","54.116952654646376","0.001165914401179831","5000","540","16","0.10817836432713457","0.0033993201359728054","0.031423290203327174","-0.0020095980803839235","1.3098409310642865","3432","3432"
"fig3a","54.116952654646376","0.0013593563908785254","5000","553","8","0.11077784443111378","0.001799640071985603","0.016245487364620937","-0.0037392521495700866","1.898430455210189","3433","3433"
"fig3a","54.116952654646376","0.001584893192461114","5000","536","4","0.10737852429514097","0.0009998000399920016","0.00931098696461825","-0.004369126174765047","2.6940374411286143","3434","3434"
"fig3a","54.116952654646376","0.0018478497974222907","5000","573","1","0.11477704459108179","0.0003999200159968006","0.0034843205574912888","-0.005338932213557289","3.7585696663655312","3435","3435"
"fig3a","54.116952654646376","0.002154434690031882","5000","546","0","0.10937812437512498","0.0001999600079984003","0.0018281535648994513","-0.005268946210757849","5.168869949476004","3436","3436"
"fig3a","54.116952654646376","0.0025118864315095794","5000","590","1","0.11817636472705459","0.0003999200159968006","0.00338409475465313","-0.005508898220355929","7.0188588373443395","3437","3437"
"fig3a","54.116952654646376","0.0029286445646252374","5000","530","0","0.10617876424715057","0.0001999600079984003","0.0018832391713747645","-0.005108978204359129","9.421348722664192","3438","3438"
"fig3a","54.116952654646376","0.003414548873833601","5000","608","0","0.1217756448710258","0.0001999600079984003","0.0016420361247947454","-0.00588882223555289","12.161857225903532","3439","3439"
"fig3a","54.116952654646376","0.003981071705534973","5000","701","0","0.14037192561487702","0.0001999600079984003","0.0014245014245014246","-0.006818636272745451","15.822621231516962","3440","3440"
"fig3a","54.116952654646376","0.004641588833612782","5000","744","0","0.14897020595880825","0.0001999600079984003","0.0013422818791946308","-0.0072485502899420125","20.419569937946562","3441","3441"
"fig3a","54.116952654646376","0.0054116952654646375","5000","765","0","0.15316936612677465","0.0001999600079984003","0.0013054830287206266","-0.0074585082983403325","26.15148806616196","3442","3442"
"fig3a","54.116952654646376","0.006309573444801929","5000","835","0","0.16716656668666266","0.0001999600079984003","0.0011961722488038277","-0.008158368326334734","33.23480073753987","3443","3443"
"fig3a","54.116952654646376","0.007356422544596414","5000","872","0","0.17456508698260348","0.0001999600079984003","0.001145475372279496","-0.008528294341131774","41.89420080592012","3444","3444"
"fig3a","54.116952654646376","0.008576958985908946","5000","956","0","0.1913617276544691","0.0001999600079984003","0.0010449320794148381","-0.009368126374725056","52.34966378230047","3445","3445"
"fig3a","54.116952654646376","0.01","5000","984","0","0.19696060787842432","0.0001999600079984003","0.0010152284263959391","-0.009648070385922816","64.80096804011595","3446","3446"
"fig3a","54.116952654646376","0.01165914401179831","5000","1042","0","0.20855828834233153","0.0001999600079984003","0.0009587727708533077","-0.010227954409118178","79.41169424061138","3447","3447"
"fig3a","54.116952654646376","0.013593563908785255","5000","1095","0","0.21915616876624675","0.0001999600079984003","0.0009124087591240876","-0.010757848430313938","96.29519956692172","3448","3448"
"fig3a","54.116952654646376","0.01584893192461114","5000","1094","0","0.21895620875824834","0.0001999600079984003","0.0009132420091324201","-0.010747850429914017","115.50504132190986","3449","3449"
"fig3a","54.116952654646376","0.018478497974222907","5000","1155","0","0.23115376924615078","0.0001999600079984003","0.0008650519031141868","-0.01135772845430914","137.03174543967924","3450","3450"
"fig3a","54.116952654646376","0.021544346900318843","5000","1230","0","0.2461507698460308","0.0001999600079984003","0.0008123476848090983","-0.01210757848430314","160.8068589947768","3451","3451"
"fig3a","54.116952654646376","0.025118864315095794","5000","1218","0","0.24375124975005","0.0001999600079984003","0.0008203445447087776","-0.011987602479504101","186.7141736824908","3452","3452"
"fig3a","54.116952654646376","0.029286445646252372","5000","1197","0","0.23955208958208357","0.0001999600079984003","0.0008347245409015025","-0.01177764447110578","214.60711220967875","3453","3453"
"fig3a","54.116952654646376","0.034145488738336005","5000","1205","0","0.2411517696460708","0.0001999600079984003","0.0008291873963515754","-0.01185762847430514","244.33064742980503","3454","3454"
"fig3a","54.116952654646376","0.039810717055349734","5000","1158","0","0.23175364927014597","0.0001999600079984003","0.0008628127696289904","-0.011387722455508899","275.745681041601","3455","3455"
"fig3a","54.116952654646376","0.046415888336127774","5000","1212","0","0.2425514897020596","0.0001999600079984003","0.0008244023083264633","-0.011927614477104581","308.7531845549758","3456","3456"
"fig3a","54.116952654646376","0.054116952654646375","5000","1145","0","0.22915416916616677","0.0001999600079984003","0.0008726003490401396","-0.01125774845030994","343.31399505303483","3457","3457"
"fig3a","54.116952654646376","0.0630957344480193","5000","1149","0","0.22995400919816036","0.0001999600079984003","0.0008695652173913044","-0.01129774045190962","379.45762070931795","3458","3458"
"fig3a","54.116952654646376","0.07356422544596414","5000","1090","0","0.21815636872625474","0.0001999600079984003","0.0009165902841429881","-0.010707858428314338","417.27137001660634","3459","3459"
"fig3a","54.116952654646376","0.08576958985908938","5000","1113","0","0.22275544891021795","0.0001999600079984003","0.0008976660682226212","-0.010937812437512498","456.86457201788033","3460","3460"
"fig3a","54.116952654646376","0.1","5000","1061","0","0.21235752849430115","0.0001999600079984003","0.0009416195856873823","-0.010417916416716659","498.31440484365845","3461","3461"
"fig3a","54.116952654646376","0.11659144011798311","5000","1060","0","0.21215756848630274","0.0001999600079984003","0.000942507068803016","-0.010407918416316738","541.61254951039","3462","3462"
"fig3a","54.116952654646376","0.13593563908785256","5000","1010","0","0.20215956808638272","0.0001999600079984003","0.0009891196834817012","-0.009908018396320738","587.3884835840602","3463","3463"
"fig3a","54.116952654646376","0.1584893192461114","5000","1006","0","0.20135972805438912","0.0001999600079984003","0.0009930486593843098","-0.009868026394721056","636.7324835827344","3464","3464"
"fig3a","54.116952654646376","0.18478497974222907","5000","971","0","0.1943611277744451","0.0001999600079984003","0.0010288065843621398","-0.009518096380723857","690.632263407178","3465","3465"
"fig3a","54.116952654646376","0.21544346900318845","5000","946","0","0.1893621275744851","0.0001999600079984003","0.0010559662090813095","-0.009268146370725856","750.41908901438","3466","3466"
"fig3a","54.116952654646376","0.25118864315095796","5000","897","0","0.17956408718256348","0.0001999600079984003","0.0011135857461024498","-0.008778244351129774","817.9118520833065","3467","3467"
"fig3a","54.116952654646376","0.29286445646252374","5000","918","0","0.1837632473505299","0.0001999600079984003","0.0010881392818280738","-0.008988202359528095","895.6465901900474","3468","3468"
"fig3a","54.116952654646376","0.34145488738336005","5000","907","0","0.18156368726254749","0.0001999600079984003","0.0011013215859030836","-0.008878224355128975","987.2517858248234","3469","3469"
"fig3a","54.116952654646376","0.3981071705534973","5000","906","0","0.18136372725454908","0.0001999600079984003","0.0011025358324145535","-0.008868226354729055","1098.0843076394892","3470","3470"
"fig3a","54.116952654646376","0.46415888336127775","5000","866","0","0.17336532693461307","0.0001999600079984003","0.0011534025374855825","-0.008468306338732254","1236.3573348407203","3471","3471"
"fig3a","54.116952654646376","0.5411695265464638","5000","804","0","0.16096780643871225","0.0001999600079984003","0.0012422360248447205","-0.007848430313937213","1415.2576240092665","3472","3472"
"fig3a","54.116952654646376","0.630957344480193","5000","786","0","0.15736852629474105","0.0001999600079984003","0.0012706480304955528","-0.0076684663067386515","1657.2086112416507","3473","3473"
"fig3a","54.116952654646376","0.7356422544596414","5000","721","0","0.14437112577484504","0.0001999600079984003","0.0013850415512465372","-0.007018596280743852","2003.2418688663042","3474","3474"
"fig3a","54.116952654646376","0.8576958985908937","5000","654","0","0.13097380523895222","0.0001999600079984003","0.0015267175572519082","-0.006348730253949211","2536.0611279189443","3475","3475"
"fig3a","54.116952654646376","1.0","5000","592","0","0.11857628474305139","0.0001999600079984003","0.0016863406408094434","-0.005728854229154169","3446.09315793339","3476","3476"
"fig3a","63.0957344480193","0.0001","5000","617","475","0.1235752849430114","0.09518096380723855","0.7702265372168284","0.08900219956008798","-0.02270665402042482","3477","3477"
"fig3a","63.0957344480193","0.00011659144011798323","5000","581","427","0.11637672465506899","0.08558288342331534","0.7353951890034365","0.07976404719056189","-0.02228466986184685","3478","3478"
"fig3a","63.0957344480193","0.00013593563908785255","5000","581","429","0.11637672465506899","0.08598280343931214","0.738831615120275","0.08016396720655869","-0.020316121096016104","3479","3479"
"fig3a","63.0957344480193","0.00015848931924611142","5000","593","405","0.1187762447510498","0.08118376324735053","0.6835016835016835","0.07524495100979804","-0.0160303982347898","3480","3480"
"fig3a","63.0957344480193","0.00018478497974222906","5000","654","345","0.13097380523895222","0.0691861627674465","0.5282442748091603","0.06263747250549889","-0.008353766755078595","3481","3481"
"fig3a","63.0957344480193","0.00021544346900318845","5000","614","358","0.12297540491901619","0.07178564287142572","0.5837398373983741","0.0656368726254749","0.004198603212898888","3482","3482"
"fig3a","63.0957344480193","0.00025118864315095795","5000","585","361","0.11717656468706258","0.07238552289542091","0.6177474402730375","0.06652669466106778","0.023666320519396322","3483","3483"
"fig3a","63.0957344480193","0.00029286445646252375","5000","583","283","0.11677664467106579","0.05678864227154569","0.4863013698630137","0.0509498100379924","0.05283392138369436","3484","3484"
"fig3a","63.0957344480193","0.0003414548873833601","5000","599","238","0.11997600479904019","0.04779044191161767","0.3983333333333333","0.041791641671665665","0.09548094530543949","3485","3485"
"fig3a","63.0957344480193","0.00039810717055349735","5000","623","213","0.1247750449910018","0.04279144171165767","0.34294871794871795","0.03655268946210758","0.1567085093095102","3486","3486"
"fig3a","63.0957344480193","0.00046415888336127773","5000","648","154","0.1297740451909618","0.03099380123975205","0.23882896764252698","0.02450509898020396","0.2433623396302096","3487","3487"
"fig3a","63.0957344480193","0.0005411695265464637","5000","593","140","0.1187762447510498","0.028194361127774445","0.23737373737373738","0.022255548890221955","0.36457563491751444","3488","3488"
"fig3a","63.0957344480193","0.000630957344480193","5000","651","83","0.130373925214957","0.016796640671865627","0.12883435582822086","0.010277944411117776","0.5324581182599673","3489","3489"
"fig3a","63.0957344480193","0.0007356422544596414","5000","555","58","0.11117776444711058","0.011797640471905619","0.10611510791366906","0.006238752249550089","0.762959439539145","3490","3490"
"fig3a","63.0957344480193","0.0008576958985908946","5000","577","36","0.11557688462307539","0.007398520295940812","0.06401384083044982","0.0016196760647870425","1.0769345893719446","3491","3491"
"fig3a","63.0957344480193","0.001","5000","590","18","0.11817636472705459","0.003799240151969606","0.032148900169204735","-0.0021095780843831237","1.5014346000070589","3492","3492"
"fig3a","63.0957344480193","0.001165914401179831","5000","571","11","0.11437712457508498","0.0023995200959808036","0.02097902097902098","-0.003319336132773446","2.0712354738582235","3493","3493"
"fig3a","63.0957344480193","0.0013593563908785254","5000","603","6","0.12077584483103379","0.0013997200559888023","0.011589403973509934","-0.004639072185562887","2.83059953446525","3494","3494"
"fig3a","63.0957344480193","0.001584893192461114","5000","558","3","0.11177764447110577","0.0007998400319936012","0.007155635062611807","-0.004789042191561688","3.8352336495547377","3495","3495"
"fig3a","63.0957344480193","0.0018478497974222907","5000","567","2","0.11357728454309138","0.0005998800239952009","0.00528169014084507","-0.005078984203159368","5.15436587659363","3496","3496"
"fig3a","63.0957344480193","0.002154434690031882","5000","598","0","0.11977604479104179","0.0001999600079984003","0.001669449081803005","-0.005788842231553689","6.872805225860304","3497","3497"
"fig3a","63.0957344480193","0.0025118864315095794","5000","645","0","0.12917416516696661","0.0001999600079984003","0.001547987616099071","-0.006258748250349931","9.092780263702338","3498","3498"
"fig3a","63.0957344480193","0.0029286445646252374","5000","681","0","0.13637272545490903","0.0001999600079984003","0.0014662756598240467","-0.006618676264747051","11.935277184035215","3499","3499"
"fig3a","63.0957344480193","0.003414548873833601","5000","709","0","0.14197160567886422","0.0001999600079984003","0.0014084507042253522","-0.006898620275944811","15.168587899058593","3500","3500"
"fig3a","63.0957344480193","0.003981071705534973","5000","743","0","0.14877024595080984","0.0001999600079984003","0.0013440860215053762","-0.007238552289542092","19.422814825424325","3501","3501"
"fig3a","63.0957344480193","0.004641588833612782","5000","779","0","0.15596880623875226","0.0001999600079984003","0.001282051282051282","-0.007598480303939213","24.70553725801102","3502","3502"
"fig3a","63.0957344480193","0.0054116952654646375","5000","814","0","0.16296740651869626","0.0001999600079984003","0.0012269938650306747","-0.007948410317936415","31.219180262558098","3503","3503"
"fig3a","63.0957344480193","0.006309573444801929","5000","924","0","0.18496300739852028","0.0001999600079984003","0.001081081081081081","-0.009048190361927616","39.17898832728147","3504","3504"
"fig3a","63.0957344480193","0.007356422544596414","5000","950","0","0.19016196760647872","0.0001999600079984003","0.0010515247108307045","-0.009308138372325537","48.80230571764321","3505","3505"
"fig3a","63.0957344480193","0.008576958985908946","5000","1057","0","0.21155768846230755","0.0001999600079984003","0.0009451795841209829","-0.01037792441511698","60.29480410727342","3506","3506"
"fig3a","63.0957344480193","0.01","5000","1070","0","0.21415716856628675","0.0001999600079984003","0.0009337068160597572","-0.010507898420315938","73.83509915414973","3507","3507"
"fig3a","63.0957344480193","0.01165914401179831","5000","1128","0","0.22575484903019397","0.0001999600079984003","0.0008857395925597873","-0.0110877824435113","89.55988891996128","3508","3508"
"fig3a","63.0957344480193","0.013593563908785255","5000","1162","0","0.23255348930213957","0.0001999600079984003","0.0008598452278589854","-0.011427714457108579","107.55202163678075","3509","3509"
"fig3a","63.0957344480193","0.01584893192461114","5000","1177","0","0.23555288942211558","0.0001999600079984003","0.0008488964346349745","-0.01157768446310738","127.83363504521043","3510","3510"
"fig3a","63.0957344480193","0.018478497974222907","5000","1290","0","0.2581483703259348","0.0001999600079984003","0.000774593338497289","-0.01270745850829834","150.36577074119197","3511","3511"
"fig3a","63.0957344480193","0.021544346900318843","5000","1191","0","0.2383523295340932","0.0001999600079984003","0.0008389261744966443","-0.011717656468706261","175.05487322683223","3512","3512"
"fig3a","63.0957344480193","0.025118864315095794","5000","1209","0","0.2419516096780644","0.0001999600079984003","0.0008264462809917355","-0.01189762047590482","201.7656021168916","3513","3513"
"fig3a","63.0957344480193","0.029286445646252372","5000","1250","0","0.2501499700059988","0.0001999600079984003","0.0007993605115907274","-0.012307538492301541","230.3386243547842","3514","3514"
"fig3a","63.0957344480193","0.034145488738336005","5000","1235","0","0.2471505698860228","0.0001999600079984003","0.0008090614886731391","-0.012157568486302742","260.6115839688163","3515","3515"
"fig3a","63.0957344480193","0.039810717055349734","5000","1256","0","0.2513497300539892","0.0001999600079984003","0.0007955449482895784","-0.012367526494701062","292.4411738353861","3516","3516"
"fig3a","63.0957344480193","0.046415888336127774","5000","1264","0","0.2529494101179764","0.0001999600079984003","0.0007905138339920949","-0.01244751049790042","325.7238908019065","3517","3517"
"fig3a","63.0957344480193","0.054116952654646375","5000","1186","0","0.23735252949410118","0.0001999600079984003","0.0008424599831508003","-0.01166766646670666","360.41227827828794","3518","3518"
"fig3a","63.0957344480193","0.0630957344480193","5000","1161","0","0.23235352929414116","0.0001999600079984003","0.0008605851979345956","-0.011417716456708658","396.5221097252053","3519","3519"
"fig3a","63.0957344480193","0.07356422544596414","5000","1203","0","0.24075184963007398","0.0001999600079984003","0.0008305647840531562","-0.0118376324735053","434.1248887628744","3520","3520"
"fig3a","63.0957344480193","0.08576958985908938","5000","1135","0","0.22715456908618276","0.0001999600079984003","0.0008802816901408451","-0.011157768446310739","473.32155915692755","3521","3521"
"fig3a","63.0957344480193","0.1","5000","1086","0","0.21735652869426114","0.0001999600079984003","0.0009199632014719411","-0.010667866426714658","514.2031544227468","3522","3522"
"fig3a","63.0957344480193","0.11659144011798311","5000","1057","0","0.21155768846230755","0.0001999600079984003","0.0009451795841209829","-0.01037792441511698","557.3099986184122","3523","3523"
"fig3a","63.0957344480193","0.13593563908785256","5000","1067","0","0.21355728854229153","0.0001999600079984003","0.0009363295880149813","-0.010477904419116177","603.4732028130945","3524","3524"
"fig3a","63.0957344480193","0.1584893192461114","5000","1030","0","0.20615876824635074","0.0001999600079984003","0.0009699321047526672","-0.010107978404319137","653.5526052732921","3525","3525"
"fig3a","63.0957344480193","0.18478497974222907","5000","1005","0","0.2011597680463907","0.0001999600079984003","0.0009940357852882703","-0.009858028394321136","708.7046318154846","3526","3526"
"fig3a","63.0957344480193","0.21544346900318845","5000","968","0","0.19376124775044992","0.0001999600079984003","0.0010319917440660474","-0.009488102379524098","770.4982431620563","3527","3527"
"fig3a","63.0957344480193","0.25118864315095796","5000","965","0","0.1931613677264547","0.0001999600079984003","0.0010351966873706005","-0.009458108378324337","841.1003499366304","3528","3528"
"fig3a","63.0957344480193","0.29286445646252374","5000","947","0","0.1895620875824835","0.0001999600079984003","0.0010548523206751054","-0.009278144371125776","923.5786773927384","3529","3529"
"fig3a","63.0957344480193","0.34145488738336005","5000","905","0","0.1811637672465507","0.0001999600079984003","0.0011037527593818985","-0.008858228354329136","1022.4115383774299","3530","3530"
"fig3a","63.0957344480193","0.3981071705534973","5000","923","0","0.1847630473905219","0.0001999600079984003","0.0010822510822510823","-0.009038192361527695","1144.3807684388157","3531","3531"
"fig3a","63.0957344480193","0.46415888336127775","5000","894","0","0.17896420715856828","0.0001999600079984003","0.0011173184357541898","-0.008748250349930015","1300.2168739620106","3532","3532"
"fig3a","63.0957344480193","0.5411695265464638","5000","791","0","0.15836832633473305","0.0001999600079984003","0.0012626262626262625","-0.007718456308738253","1507.825640331589","3533","3533"
"fig3a","63.0957344480193","0.630957344480193","5000","785","0","0.15716856628674264","0.0001999600079984003","0.001272264631043257","-0.007658468306338731","1799.124207503316","3534","3534"
"fig3a","63.0957344480193","0.7356422544596414","5000","753","0","0.15076984603079385","0.0001999600079984003","0.001326259946949602","-0.007338532293541293","2235.9931258382103","3535","3535"
"fig3a","63.0957344480193","0.8576958985908937","5000","714","0","0.14297140571885622","0.0001999600079984003","0.0013986013986013986","-0.006948610277944411","2952.427681064209","3536","3536"
"fig3a","63.0957344480193","1.0","5000","660","0","0.1321735652869426","0.0001999600079984003","0.0015128593040847202","-0.00640871825634873","4286.17902886905","3537","3537"
"fig3a","73.56422544596414","0.0001","5000","576","458","0.11537692461507698","0.09178164367126575","0.7954939341421144","0.08601279744051189","-0.07189113750712295","3538","3538"
"fig3a","73.56422544596414","0.00011659144011798323","5000","568","441","0.11377724455108978","0.08838232353529295","0.7768014059753955","0.08269346130773846","-0.0811980314111338","3539","3539"
"fig3a","73.56422544596414","0.00013593563908785255","5000","569","427","0.11397720455908818","0.08558288342331534","0.7508771929824561","0.07988402319536093","-0.0911209169146332","3540","3540"
"fig3a","73.56422544596414","0.00015848931924611142","5000","543","384","0.10877824435112977","0.07698460307938412","0.7077205882352942","0.07154569086182763","-0.10143634261879697","3541","3541"
"fig3a","73.56422544596414","0.00018478497974222906","5000","586","415","0.11737652469506099","0.08318336332733453","0.7086882453151618","0.07731453709258149","-0.11177127612168647","3542","3542"
"fig3a","73.56422544596414","0.00021544346900318845","5000","529","348","0.10597880423915217","0.06978604279144171","0.6584905660377358","0.0644871025794841","-0.1215404211130533","3543","3543"
"fig3a","73.56422544596414","0.00025118864315095795","5000","553","339","0.11077784443111378","0.06798640271945611","0.6137184115523465","0.06244751049790042","-0.12986096344204157","3544","3544"
"fig3a","73.56422544596414","0.00029286445646252375","5000","578","279","0.11577684463107378","0.05598880223955209","0.4835924006908463","0.0501999600079984","-0.1354374153017659","3545","3545"
"fig3a","73.56422544596414","0.0003414548873833601","5000","548","266","0.10977804439112178","0.05338932213557288","0.4863387978142076","0.04790041991601679","-0.13640714055568992","3546","3546"
"fig3a","73.56422544596414","0.00039810717055349735","5000","566","259","0.11337732453509299","0.051989602079584085","0.4585537918871252","0.046320735852829434","-0.13013461143097516","3547","3547"
"fig3a","73.56422544596414","0.00046415888336127773","5000","561","191","0.11237752449510098","0.03839232153569286","0.34163701067615654","0.03277344531093781","-0.11293945589918053","3548","3548"
"fig3a","73.56422544596414","0.0005411695265464637","5000","571","157","0.11437712457508498","0.03159368126374725","0.27622377622377625","0.025874825034993002","-0.07973995471303397","3549","3549"
"fig3a","73.56422544596414","0.000630957344480193","5000","537","131","0.10757848430313938","0.026394721055788842","0.2453531598513011","0.021015796840631873","-0.02358998843737936","3550","3550"
"fig3a","73.56422544596414","0.0007356422544596414","5000","571","92","0.11437712457508498","0.01859628074385123","0.1625874125874126","0.01287742451509698","0.06491616840185088","3551","3551"
"fig3a","73.56422544596414","0.0008576958985908946","5000","501","92","0.10037992401519696","0.01859628074385123","0.1852589641434263","0.013577284543091383","0.19839980289143","3552","3552"
"fig3a","73.56422544596414","0.001","5000","561","55","0.11237752449510098","0.011197760447910418","0.099644128113879","0.005578884223155368","0.39364456210986987","3553","3553"
"fig3a","73.56422544596414","0.001165914401179831","5000","553","34","0.11077784443111378","0.006998600279944011","0.0631768953068592","0.0014597080583883216","0.6727628655461615","3554","3554"
"fig3a","73.56422544596414","0.0013593563908785254","5000","528","11","0.10577884423115377","0.0023995200959808036","0.02268431001890359","-0.0028894221155768857","1.0646047329596513","3555","3555"
"fig3a","73.56422544596414","0.001584893192461114","5000","586","5","0.11737652469506099","0.0011997600479904018","0.010221465076660987","-0.004669066186762648","1.6064188630099636","3556","3556"
"fig3a","73.56422544596414","0.0018478497974222907","5000","579","4","0.11597680463907219","0.0009998000399920016","0.008620689655172414","-0.004799040191961608","2.3457530988110307","3557","3557"
"fig3a","73.56422544596414","0.002154434690031882","5000","539","0","0.10797840431913618","0.0001999600079984003","0.0018518518518518517","-0.005198960207958409","3.3425462265653323","3558","3558"
"fig3a","73.56422544596414","0.0025118864315095794","5000","567","0","0.11357728454309138","0.0001999600079984003","0.0017605633802816902","-0.005478904219156169","4.671313306124034","3559","3559"
"fig3a","73.56422544596414","0.0029286445646252374","5000","569","0","0.11397720455908818","0.0001999600079984003","0.0017543859649122807","-0.005498900219956008","6.423262190088195","3560","3560"
"fig3a","73.56422544596414","0.003414548873833601","5000","567","0","0.11357728454309138","0.0001999600079984003","0.0017605633802816902","-0.005478904219156169","8.708102686541878","3561","3561"
"fig3a","73.56422544596414","0.003981071705534973","5000","575","0","0.11517696460707859","0.0001999600079984003","0.001736111111111111","-0.0055588882223555295","11.655230207220711","3562","3562"
"fig3a","73.56422544596414","0.004641588833612782","5000","679","0","0.13597280543891221","0.0001999600079984003","0.0014705882352941176","-0.0065986802639472104","15.41389750159263","3563","3563"
"fig3a","73.56422544596414","0.0054116952654646375","5000","638","0","0.1277744451109778","0.0001999600079984003","0.001564945226917058","-0.00618876224755049","20.15195279874274","3564","3564"
"fig3a","73.56422544596414","0.006309573444801929","5000","732","0","0.14657068586282743","0.0001999600079984003","0.001364256480218281","-0.007128574285142971","25.539918687058986","3565","3565"
"fig3a","73.56422544596414","0.007356422544596414","5000","800","0","0.16016796640671865","0.0001999600079984003","0.0012484394506866417","-0.007808438312337533","32.47701091957558","3566","3566"
"fig3a","73.56422544596414","0.008576958985908946","5000","836","0","0.16736652669466107","0.0001999600079984003","0.0011947431302270011","-0.008168366326734655","40.90313836741103","3567","3567"
"fig3a","73.56422544596414","0.01","5000","917","0","0.1835632873425315","0.0001999600079984003","0.0010893246187363833","-0.008978204359128175","51.0229834467618","3568","3568"
"fig3a","73.56422544596414","0.01165914401179831","5000","909","0","0.1819636072785443","0.0001999600079984003","0.001098901098901099","-0.008898220355928816","63.02590828661474","3569","3569"
"fig3a","73.56422544596414","0.013593563908785255","5000","1031","0","0.20635872825434912","0.0001999600079984003","0.0009689922480620155","-0.010117976404719058","77.07241830159319","3570","3570"
"fig3a","73.56422544596414","0.01584893192461114","5000","1056","0","0.21135772845430914","0.0001999600079984003","0.000946073793755913","-0.010367926414717059","93.28188620778505","3571","3571"
"fig3a","73.56422544596414","0.018478497974222907","5000","1151","0","0.23035392921415718","0.0001999600079984003","0.0008680555555555555","-0.01131773645270946","111.72366090062911","3572","3572"
"fig3a","73.56422544596414","0.021544346900318843","5000","1189","0","0.23795240951809637","0.0001999600079984003","0.0008403361344537815","-0.01169766046790642","132.4134368056445","3573","3573"
"fig3a","73.56422544596414","0.025118864315095794","5000","1234","0","0.2469506098780244","0.0001999600079984003","0.0008097165991902834","-0.012147570485902821","155.3161710277576","3574","3574"
"fig3a","73.56422544596414","0.029286445646252372","5000","1169","0","0.23395320935812838","0.0001999600079984003","0.0008547008547008546","-0.011497700459908021","180.3560796354543","3575","3575"
"fig3a","73.56422544596414","0.034145488738336005","5000","1168","0","0.23375324935012998","0.0001999600079984003","0.000855431993156544","-0.0114877024595081","207.43351229530964","3576","3576"
"fig3a","73.56422544596414","0.039810717055349734","5000","1282","0","0.2565486902619476","0.0001999600079984003","0.000779423226812159","-0.012627474505098981","236.44786721187614","3577","3577"
"fig3a","73.56422544596414","0.046415888336127774","5000","1262","0","0.2525494901019796","0.0001999600079984003","0.0007917656373713382","-0.01242751449710058","267.3248553605688","3578","3578"
"fig3a","73.56422544596414","0.054116952654646375","5000","1183","0","0.236752649470106","0.0001999600079984003","0.0008445945945945945","-0.0116376724655069","300.04418825993645","3579","3579"
"fig3a","73.56422544596414","0.0630957344480193","5000","1146","0","0.22935412917416517","0.0001999600079984003","0.0008718395815170008","-0.01126774645070986","334.6580577752638","3580","3580"
"fig3a","73.56422544596414","0.07356422544596414","5000","1138","0","0.22775444911017798","0.0001999600079984003","0.0008779631255487268","-0.0111877624475105","371.28259690969645","3581","3581"
"fig3a","73.56422544596414","0.08576958985908938","5000","1124","0","0.22495500899820037","0.0001999600079984003","0.0008888888888888888","-0.01104779044191162","410.0481489761341","3582","3582"
"fig3a","73.56422544596414","0.1","5000","1124","0","0.22495500899820037","0.0001999600079984003","0.0008888888888888888","-0.01104779044191162","451.024799020304","3583","3583"
"fig3a","73.56422544596414","0.11659144011798311","5000","1060","0","0.21215756848630274","0.0001999600079984003","0.000942507068803016","-0.010407918416316738","494.1635963548585","3584","3584"
"fig3a","73.56422544596414","0.13593563908785256","5000","1083","0","0.21675664867026595","0.0001999600079984003","0.0009225092250922509","-0.010637872425514899","539.2706429625721","3585","3585"
"fig3a","73.56422544596414","0.1584893192461114","5000","1029","0","0.20595880823835233","0.0001999600079984003","0.000970873786407767","-0.010097980403919217","586.2310584542572","3586","3586"
"fig3a","73.56422544596414","0.18478497974222907","5000","1015","0","0.20315936812637472","0.0001999600079984003","0.000984251968503937","-0.009958008398320338","636.5124502497731","3587","3587"
"fig3a","73.56422544596414","0.21544346900318845","5000","1012","0","0.20255948810237953","0.0001999600079984003","0.0009871668311944718","-0.009928014397120578","691.2335113326847","3588","3588"
"fig3a","73.56422544596414","0.25118864315095796","5000","1038","0","0.20775844831033793","0.0001999600079984003","0.0009624639076034648","-0.010187962407518498","751.633712610472","3589","3589"
"fig3a","73.56422544596414","0.29286445646252374","5000","984","0","0.19696060787842432","0.0001999600079984003","0.0010152284263959391","-0.009648070385922816","819.4180908738208","3590","3590"
"fig3a","73.56422544596414","0.34145488738336005","5000","960","0","0.1921615676864627","0.0001999600079984003","0.001040582726326743","-0.009408118376324735","896.9719733017182","3591","3591"
"fig3a","73.56422544596414","0.3981071705534973","5000","945","0","0.1891621675664867","0.0001999600079984003","0.0010570824524312895","-0.009258148370325937","987.7075653456463","3592","3592"
"fig3a","73.56422544596414","0.46415888336127775","5000","921","0","0.1843631273745251","0.0001999600079984003","0.0010845986984815619","-0.009018196360727855","1096.6445018799686","3593","3593"
"fig3a","73.56422544596414","0.5411695265464638","5000","917","0","0.1835632873425315","0.0001999600079984003","0.0010893246187363833","-0.008978204359128175","1231.4285491604965","3594","3594"
"fig3a","73.56422544596414","0.630957344480193","5000","919","0","0.1839632073585283","0.0001999600079984003","0.0010869565217391302","-0.008998200359928016","1404.2242871775552","3595","3595"
"fig3a","73.56422544596414","0.7356422544596414","5000","889","0","0.17796440711857628","0.0001999600079984003","0.0011235955056179776","-0.008698260347930415","1635.488382492229","3596","3596"
"fig3a","73.56422544596414","0.8576958985908937","5000","861","0","0.17236552689462106","0.0001999600079984003","0.001160092807424594","-0.008418316336732654","1962.1879785531582","3597","3597"
"fig3a","73.56422544596414","1.0","5000","826","0","0.16536692661467706","0.0001999600079984003","0.0012091898428053204","-0.008068386322735453","2457.872039225257","3598","3598"
"fig3a","85.76958985908936","0.0001","5000","1204","969","0.2409518096380724","0.1939612077584483","0.8049792531120331","0.18191361727654468","-0.14020835883042082","3599","3599"
"fig3a","85.76958985908936","0.00011659144011798323","5000","1128","974","0.22575484903019397","0.1949610077984403","0.8635961027457927","0.1836732653469306","-0.1596367010207871","3600","3600"
"fig3a","85.76958985908936","0.00013593563908785255","5000","1163","874","0.23275344931013797","0.1749650069986003","0.7517182130584193","0.1633273345330934","-0.18093588839116137","3601","3601"
"fig3a","85.76958985908936","0.00015848931924611142","5000","1151","860","0.23035392921415718","0.17216556688662268","0.7473958333333334","0.16064787042591483","-0.2039447648770647","3602","3602"
"fig3a","85.76958985908936","0.00018478497974222906","5000","1151","817","0.23035392921415718","0.16356728654269145","0.7100694444444444","0.1520495900819836","-0.2283142423113702","3603","3603"
"fig3a","85.76958985908936","0.00021544346900318845","5000","1163","727","0.23275344931013797","0.14557088582283542","0.6254295532646048","0.13393321335732852","-0.25342284280799277","3604","3604"
"fig3a","85.76958985908936","0.00025118864315095795","5000","1139","689","0.22795440911817635","0.13797240551889622","0.6052631578947368","0.1265746850629874","-0.27826165234958466","3605","3605"
"fig3a","85.76958985908936","0.00029286445646252375","5000","1118","661","0.22375524895020996","0.132373525294941","0.5915996425379804","0.12118576284743052","-0.30127903599685624","3606","3606"
"fig3a","85.76958985908936","0.0003414548873833601","5000","1161","557","0.23235352929414116","0.11157768446310738","0.4802065404475043","0.09996000799840032","-0.32017293363838917","3607","3607"
"fig3a","85.76958985908936","0.00039810717055349735","5000","1140","561","0.22815436912617476","0.11237752449510098","0.4925503943908852","0.10096980603879224","-0.33161561360179803","3608","3608"
"fig3a","85.76958985908936","0.00046415888336127773","5000","1157","418","0.23155368926214756","0.08378324335132974","0.36183074265975823","0.07220555888822236","-0.330892492821647","3609","3609"
"fig3a","85.76958985908936","0.0005411695265464637","5000","1132","348","0.22655468906218756","0.06978604279144171","0.30803177405119153","0.058458308338332335","-0.31143323655217614","3610","3610"
"fig3a","85.76958985908936","0.000630957344480193","5000","1110","303","0.22215556888622276","0.060787842431513694","0.2736273627362736","0.04968006398720255","-0.26421020607767787","3611","3611"
"fig3a","85.76958985908936","0.0007356422544596414","5000","1114","201","0.22295540891821636","0.04039192161567687","0.18116591928251122","0.02924415116976605","-0.17697706242404365","3612","3612"
"fig3a","85.76958985908936","0.0008576958985908946","5000","1148","115","0.22975404919016196","0.023195360927814438","0.1009573542210618","0.01170765846830634","-0.03331993090120022","3613","3613"
"fig3a","85.76958985908936","0.001","5000","1027","103","0.20555888822235552","0.020795840831833633","0.10116731517509728","0.010517896420715857","0.1885036222726626","3614","3614"
"fig3a","85.76958985908936","0.001165914401179831","5000","1064","50","0.21295740851829634","0.010197960407918417","0.04788732394366198","-0.0004499100179964008","0.5169546020210589","3615","3615"
"fig3a","85.76958985908936","0.0013593563908785254","5000","1097","24","0.21955608878224356","0.004999000199960008","0.022768670309653915","-0.00597880423915217","0.98883307214561","3616","3616"
"fig3a","85.76958985908936","0.001584893192461114","5000","1015","17","0.20315936812637472","0.003599280143971206","0.017716535433070866","-0.006558688262347531","1.651105458989548","3617","3617"
"fig3a","85.76958985908936","0.0018478497974222907","5000","1016","8","0.20335932813437313","0.001799640071985603","0.008849557522123894","-0.008368326334733054","2.5628778171108593","3618","3618"
"fig3a","85.76958985908936","0.002154434690031882","5000","989","2","0.19796040791841632","0.0005998800239952009","0.00303030303030303","-0.009298140371925617","3.797403782491301","3619","3619"
"fig3a","85.76958985908936","0.0025118864315095794","5000","960","0","0.1921615676864627","0.0001999600079984003","0.001040582726326743","-0.009408118376324735","5.443953281868119","3620","3620"
"fig3a","85.76958985908936","0.0029286445646252374","5000","1062","0","0.21255748850229955","0.0001999600079984003","0.000940733772342427","-0.010427914417116579","7.609297723525998","3621","3621"
"fig3a","85.76958985908936","0.003414548873833601","5000","1025","0","0.20515896820635873","0.0001999600079984003","0.0009746588693957114","-0.010057988402319537","10.418498835036246","3622","3622"
"fig3a","85.76958985908936","0.003981071705534973","5000","1030","0","0.20615876824635074","0.0001999600079984003","0.0009699321047526672","-0.010107978404319137","14.014636720855947","3623","3623"
"fig3a","85.76958985908936","0.004641588833612782","5000","1031","0","0.20635872825434912","0.0001999600079984003","0.0009689922480620155","-0.010117976404719058","18.55709847513066","3624","3624"
"fig3a","85.76958985908936","0.0054116952654646375","5000","1042","0","0.20855828834233153","0.0001999600079984003","0.0009587727708533077","-0.010227954409118178","23.858798147557962","3625","3625"
"fig3a","85.76958985908936","0.006309573444801929","5000","1030","0","0.20615876824635074","0.0001999600079984003","0.0009699321047526672","-0.010107978404319137","30.575620147556208","3626","3626"
"fig3a","85.76958985908936","0.007356422544596414","5000","1130","0","0.22615476904619075","0.0001999600079984003","0.0008841732979664014","-0.011107778444311139","38.72908897733751","3627","3627"
"fig3a","85.76958985908936","0.008576958985908946","5000","1199","0","0.23995200959808038","0.0001999600079984003","0.0008333333333333333","-0.01179764047190562","48.50667755795155","3628","3628"
"fig3a","85.76958985908936","0.01","5000","1233","0","0.24675064987002598","0.0001999600079984003","0.0008103727714748784","-0.012137572485502901","60.07613155459342","3629","3629"
"fig3a","85.76958985908936","0.01165914401179831","5000","1347","0","0.2695460907818436","0.0001999600079984003","0.000741839762611276","-0.013277344531093782","73.57251618990202","3630","3630"
"fig3a","85.76958985908936","0.013593563908785255","5000","1244","0","0.2489502099580084","0.0001999600079984003","0.0008032128514056224","-0.012247550489902021","89.0872483005441","3631","3631"
"fig3a","85.76958985908936","0.01584893192461114","5000","1374","0","0.27494501099780044","0.0001999600079984003","0.0007272727272727272","-0.013547290541891624","106.66101670212942","3632","3632"
"fig3a","85.76958985908936","0.018478497974222907","5000","1334","0","0.2669466106778644","0.0001999600079984003","0.000749063670411985","-0.013147370525894821","126.28203627136116","3633","3633"
"fig3a","85.76958985908936","0.021544346900318843","5000","1325","0","0.26514697060587883","0.0001999600079984003","0.0007541478129713423","-0.013057388522295543","147.89039957677045","3634","3634"
"fig3a","85.76958985908936","0.025118864315095794","5000","1309","0","0.26194761047790444","0.0001999600079984003","0.0007633587786259541","-0.012897420515896823","171.38858945708688","3635","3635"
"fig3a","85.76958985908936","0.029286445646252372","5000","1433","0","0.28674265146970607","0.0001999600079984003","0.000697350069735007","-0.014137172565486904","196.65767704996216","3636","3636"
"fig3a","85.76958985908936","0.034145488738336005","5000","1388","0","0.277744451109778","0.0001999600079984003","0.0007199424046076315","-0.013687262547490503","223.5784415456256","3637","3637"
"fig3a","85.76958985908936","0.039810717055349734","5000","1330","0","0.26614677064587083","0.0001999600079984003","0.0007513148009015777","-0.013107378524295143","252.0565218234969","3638","3638"
"fig3a","85.76958985908936","0.046415888336127774","5000","1391","0","0.27834433113377327","0.0001999600079984003","0.000718390804597701","-0.013717256548690264","282.0502568308773","3639","3639"
"fig3a","85.76958985908936","0.054116952654646375","5000","1387","0","0.27754449110177964","0.0001999600079984003","0.0007204610951008645","-0.013677264547090583","313.5976987265753","3640","3640"
"fig3a","85.76958985908936","0.0630957344480193","5000","1325","0","0.26514697060587883","0.0001999600079984003","0.0007541478129713423","-0.013057388522295543","346.8329666443679","3641","3641"
"fig3a","85.76958985908936","0.07356422544596414","5000","1324","0","0.26494701059788045","0.0001999600079984003","0.0007547169811320753","-0.013047390521895623","381.9725318215961","3642","3642"
"fig3a","85.76958985908936","0.08576958985908938","5000","1228","0","0.24575084983003398","0.0001999600079984003","0.0008136696501220504","-0.0120875824835033","419.2549050889665","3643","3643"
"fig3a","85.76958985908936","0.1","5000","1221","0","0.2443511297740452","0.0001999600079984003","0.000818330605564648","-0.01201759648070386","458.85055224861986","3644","3644"
"fig3a","85.76958985908936","0.11659144011798311","5000","1212","0","0.2425514897020596","0.0001999600079984003","0.0008244023083264633","-0.011927614477104581","500.78761348450934","3645","3645"
"fig3a","85.76958985908936","0.13593563908785256","5000","1193","0","0.23875224955008997","0.0001999600079984003","0.0008375209380234506","-0.0117376524695061","544.9161034255951","3646","3646"
"fig3a","85.76958985908936","0.1584893192461114","5000","1113","0","0.22275544891021795","0.0001999600079984003","0.0008976660682226212","-0.010937812437512498","591.4741443168537","3647","3647"
"fig3a","85.76958985908936","0.18478497974222907","5000","1124","0","0.22495500899820037","0.0001999600079984003","0.0008888888888888888","-0.01104779044191162","642.0302792282182","3648","3648"
"fig3a","85.76958985908936","0.21544346900318845","5000","1041","0","0.20835832833433313","0.0001999600079984003","0.0009596928982725527","-0.010217956408718257","697.6774301772293","3649","3649"
"fig3a","85.76958985908936","0.25118864315095796","5000","1051","0","0.21035792841431714","0.0001999600079984003","0.0009505703422053232","-0.010317936412717457","759.8568629442209","3650","3650"
"fig3a","85.76958985908936","0.29286445646252374","5000","1050","0","0.21015796840631873","0.0001999600079984003","0.0009514747859181732","-0.010307938412317537","830.5920560917086","3651","3651"
"fig3a","85.76958985908936","0.34145488738336005","5000","1030","0","0.20615876824635074","0.0001999600079984003","0.0009699321047526672","-0.010107978404319137","912.7987298465482","3652","3652"
"fig3a","85.76958985908936","0.3981071705534973","5000","995","0","0.19916016796640673","0.0001999600079984003","0.001004016064257028","-0.009758048390321938","1010.807058821402","3653","3653"
"fig3a","85.76958985908936","0.46415888336127775","5000","1013","0","0.20275944811037794","0.0001999600079984003","0.0009861932938856014","-0.009938012397520499","1131.283965090213","3654","3654"
"fig3a","85.76958985908936","0.5411695265464638","5000","997","0","0.19956008798240352","0.0001999600079984003","0.001002004008016032","-0.009778044391121777","1284.9596801377465","3655","3655"
"fig3a","85.76958985908936","0.630957344480193","5000","981","0","0.19636072785442912","0.0001999600079984003","0.0010183299389002036","-0.009618076384723057","1490.0967380207971","3656","3656"
"fig3a","85.76958985908936","0.7356422544596414","5000","973","0","0.1947610477904419","0.0001999600079984003","0.001026694045174538","-0.009538092381523696","1780.0921496132664","3657","3657"
"fig3a","85.76958985908936","0.8576958985908937","5000","929","0","0.1859628074385123","0.0001999600079984003","0.001075268817204301","-0.009098180363927216","2222.0631549756354","3658","3658"
"fig3a","85.76958985908936","1.0","5000","987","0","0.1975604879024195","0.0001999600079984003","0.0010121457489878543","-0.009678064387122577","2969.264643698093","3659","3659"
"fig3a","100.0","0.0001","5000","1415","1159","0.28314337132573486","0.23195360927814437","0.8192090395480226","0.21779644071185764","-0.1636632906339912","3660","3660"
"fig3a","100.0","0.00011659144011798323","5000","1377","1107","0.27554489102179563","0.22155568886222757","0.8040638606676344","0.2077784443111378","-0.18620681563243124","3661","3661"
"fig3a","100.0","0.00013593563908785255","5000","1366","1051","0.27334533093381325","0.21035792841431714","0.769568397951719","0.19669066186762646","-0.2108665252624462","3662","3662"
"fig3a","100.0","0.00015848931924611142","5000","1344","1021","0.2689462107578484","0.20435912817436513","0.7598513011152417","0.19091181763647272","-0.23742865645041888","3663","3663"
"fig3a","100.0","0.00018478497974222906","5000","1377","966","0.27554489102179563","0.1933613277344531","0.7017416545718432","0.17958408318336333","-0.26545165492649403","3664","3664"
"fig3a","100.0","0.00021544346900318845","5000","1368","889","0.27374525094981006","0.17796440711857628","0.6501095690284878","0.16427714457108578","-0.29416524934492827","3665","3665"
"fig3a","100.0","0.00025118864315095795","5000","1376","801","0.27534493101379726","0.16036792641471706","0.5824255628177196","0.1466006798640272","-0.32233338331289474","3666","3666"
"fig3a","100.0","0.00029286445646252375","5000","1325","759","0.26514697060587883","0.15196960607878424","0.5731523378582202","0.1387122575484903","-0.3480697957201073","3667","3667"
"fig3a","100.0","0.0003414548873833601","5000","1296","673","0.25934813037392523","0.1347730453909218","0.5196607555898226","0.12180563887222554","-0.36859220361969847","3668","3668"
"fig3a","100.0","0.00039810717055349735","5000","1345","573","0.26914617076584685","0.11477704459108179","0.4264487369985141","0.10131973605278945","-0.37989780956189634","3669","3669"
"fig3a","100.0","0.00046415888336127773","5000","1325","465","0.26514697060587883","0.09318136372725455","0.3514328808446456","0.0799240151969606","-0.37633936402386325","3670","3670"
"fig3a","100.0","0.0005411695265464637","5000","1306","403","0.26134773045390924","0.08078384323135374","0.3091048201989288","0.06771645670865828","-0.3500775499790052","3671","3671"
"fig3a","100.0","0.000630957344480193","5000","1241","313","0.2483503299340132","0.0627874425114977","0.2528180354267311","0.05036992601479704","-0.2903825279072123","3672","3672"
"fig3a","100.0","0.0007356422544596414","5000","1308","213","0.261747650469906","0.04279144171165767","0.16348357524828114","0.02970405918816237","-0.18275589824753524","3673","3673"
"fig3a","100.0","0.0008576958985908946","5000","1208","146","0.241751649670066","0.029394121175764846","0.12158808933002481","0.017306538692261546","-0.007845310182290177","3674","3674"
"fig3a","100.0","0.001","5000","1232","106","0.2465506898620276","0.021395720855828835","0.0867802108678021","0.009068186362727455","0.2598708625895654","3675","3675"
"fig3a","100.0","0.001165914401179831","5000","1216","63","0.24335132973405318","0.01279744051189762","0.05258833196384552","0.0006298740251949597","0.6536398123167828","3676","3676"
"fig3a","100.0","0.0013593563908785254","5000","1157","22","0.23155368926214756","0.004599080183963208","0.01986183074265976","-0.006978604279144171","1.2162222015046211","3677","3677"
"fig3a","100.0","0.001584893192461114","5000","1213","11","0.242751449710058","0.0023995200959808036","0.009884678747940691","-0.009738052389522097","2.0018705901789247","3678","3678"
"fig3a","100.0","0.0018478497974222907","5000","1150","5","0.23015396920615877","0.0011997600479904018","0.0052128583840139004","-0.010307938412317537","3.078412279722073","3679","3679"
"fig3a","100.0","0.002154434690031882","5000","1101","1","0.22035592881423716","0.0003999200159968006","0.0018148820326678765","-0.010617876424715058","4.529291811758128","3680","3680"
"fig3a","100.0","0.0025118864315095794","5000","1145","0","0.22915416916616677","0.0001999600079984003","0.0008726003490401396","-0.01125774845030994","6.45535857168457","3681","3681"
"fig3a","100.0","0.0029286445646252374","5000","1073","0","0.21475704859028194","0.0001999600079984003","0.000931098696461825","-0.010537892421515697","8.976110860395409","3682","3682"
"fig3a","100.0","0.003414548873833601","5000","1078","0","0.21575684863027395","0.0001999600079984003","0.0009267840593141798","-0.010587882423515299","12.230041797329221","3683","3683"
"fig3a","100.0","0.003981071705534973","5000","1103","0","0.22075584883023394","0.0001999600079984003","0.0009057971014492754","-0.010837832433513299","16.373692755449213","3684","3684"
"fig3a","100.0","0.004641588833612782","5000","1104","0","0.22095580883823235","0.0001999600079984003","0.0009049773755656109","-0.010847830433913219","21.11900791125757","3685","3685"
"fig3a","100.0","0.0054116952654646375","5000","1188","0","0.23775244951009797","0.0001999600079984003","0.0008410428931875525","-0.0116876624675065","27.28837546702175","3686","3686"
"fig3a","100.0","0.006309573444801929","5000","1209","0","0.2419516096780644","0.0001999600079984003","0.0008264462809917355","-0.01189762047590482","34.844727451433926","3687","3687"
"fig3a","100.0","0.007356422544596414","5000","1234","0","0.2469506098780244","0.0001999600079984003","0.0008097165991902834","-0.012147570485902821","43.98941750030713","3688","3688"
"fig3a","100.0","0.008576958985908946","5000","1239","0","0.2479504099180164","0.0001999600079984003","0.0008064516129032258","-0.012197560487902421","54.90956979369372","3689","3689"
"fig3a","100.0","0.01","5000","1282","0","0.2565486902619476","0.0001999600079984003","0.000779423226812159","-0.012627474505098981","67.76394128997947","3690","3690"
"fig3a","100.0","0.01165914401179831","5000","1260","0","0.2521495700859828","0.0001999600079984003","0.0007930214115781125","-0.012407518496300743","82.66979501666361","3691","3691"
"fig3a","100.0","0.013593563908785255","5000","1316","0","0.2633473305338932","0.0001999600079984003","0.0007593014426727411","-0.01296740651869626","99.69288484151502","3692","3692"
"fig3a","100.0","0.01584893192461114","5000","1378","0","0.275744851029794","0.0001999600079984003","0.0007251631617113851","-0.013587282543491301","118.84234499222856","3693","3693"
"fig3a","100.0","0.018478497974222907","5000","1361","0","0.27234553089382124","0.0001999600079984003","0.0007342143906020558","-0.013417316536692663","140.07164861192172","3694","3694"
"fig3a","100.0","0.021544346900318843","5000","1316","0","0.2633473305338932","0.0001999600079984003","0.0007593014426727411","-0.01296740651869626","163.28604114679405","3695","3695"
"fig3a","100.0","0.025118864315095794","5000","1354","0","0.2709458108378324","0.0001999600079984003","0.0007380073800738007","-0.013347330533893222","188.35617023931678","3696","3696"
"fig3a","100.0","0.029286445646252372","5000","1380","0","0.2761447710457908","0.0001999600079984003","0.0007241129616220131","-0.013607278544291142","215.137175449428","3697","3697"
"fig3a","100.0","0.034145488738336005","5000","1375","0","0.2751449710057988","0.0001999600079984003","0.0007267441860465116","-0.013557288542291542","243.49232194336093","3698","3698"
"fig3a","100.0","0.039810717055349734","5000","1317","0","0.26354729054189163","0.0001999600079984003","0.0007587253414264036","-0.012977404519096182","273.32024278398995","3699","3699"
"fig3a","100.0","0.046415888336127774","5000","1316","0","0.2633473305338932","0.0001999600079984003","0.0007593014426727411","-0.01296740651869626","304.58446893588","3700","3700"
"fig3a","100.0","0.054116952654646375","5000","1294","0","0.2589482103579284","0.0001999600079984003","0.0007722007722007722","-0.012747450509898022","337.3416757657838","3701","3701"
"fig3a","100.0","0.0630957344480193","5000","1346","0","0.2693461307738452","0.0001999600079984003","0.0007423904974016332","-0.013267346530693863","371.75817118472554","3702","3702"
"fig3a","100.0","0.07356422544596414","5000","1254","0","0.2509498100379924","0.0001999600079984003","0.0007968127490039841","-0.012347530493901221","408.0928428073195","3703","3703"
"fig3a","100.0","0.08576958985908938","5000","1188","0","0.23775244951009797","0.0001999600079984003","0.0008410428931875525","-0.0116876624675065","446.62606606231697","3704","3704"
"fig3a","100.0","0.1","5000","1180","0","0.23615276944611077","0.0001999600079984003","0.000846740050804403","-0.01160767846430714","487.5519296151239","3705","3705"
"fig3a","100.0","0.11659144011798311","5000","1120","0","0.22415516896620677","0.0001999600079984003","0.0008920606601248884","-0.011007798440311939","530.8889093306339","3706","3706"
"fig3a","100.0","0.13593563908785256","5000","1097","0","0.21955608878224356","0.0001999600079984003","0.0009107468123861565","-0.010777844431113778","576.4390022222567","3707","3707"
"fig3a","100.0","0.1584893192461114","5000","1103","0","0.22075584883023394","0.0001999600079984003","0.0009057971014492754","-0.010837832433513299","624.7797445793574","3708","3708"
"fig3a","100.0","0.18478497974222907","5000","1128","0","0.22575484903019397","0.0001999600079984003","0.0008857395925597873","-0.0110877824435113","677.6405408574542","3709","3709"
"fig3a","100.0","0.21544346900318845","5000","1068","0","0.21375724855028994","0.0001999600079984003","0.0009354536950420954","-0.010487902419516098","736.2814210033121","3710","3710"
"fig3a","100.0","0.25118864315095796","5000","1094","0","0.21895620875824834","0.0001999600079984003","0.0009132420091324201","-0.010747850429914017","802.4294931174165","3711","3711"
"fig3a","100.0","0.29286445646252374","5000","1076","0","0.21535692861427713","0.0001999600079984003","0.0009285051067780873","-0.010567886422715458","878.5195179498794","3712","3712"
"fig3a","100.0","0.34145488738336005","5000","1050","0","0.21015796840631873","0.0001999600079984003","0.0009514747859181732","-0.010307938412317537","968.0820723458771","3713","3713"
"fig3a","100.0","0.3981071705534973","5000","1040","0","0.20815836832633472","0.0001999600079984003","0.0009606147934678194","-0.010207958408318337","1076.4074778528952","3714","3714"
"fig3a","100.0","0.46415888336127775","5000","1022","0","0.20455908818236354","0.0001999600079984003","0.0009775171065493646","-0.010027994401119778","1211.739648024804","3715","3715"
"fig3a","100.0","0.5411695265464638","5000","1021","0","0.20435912817436513","0.0001999600079984003","0.0009784735812133072","-0.010017996400719858","1387.5588463274203","3716","3716"
"fig3a","100.0","0.630957344480193","5000","964","0","0.1929614077184563","0.0001999600079984003","0.0010362694300518134","-0.009448110377924417","1627.286755650468","3717","3717"
"fig3a","100.0","0.7356422544596414","5000","1061","0","0.21235752849430115","0.0001999600079984003","0.0009416195856873823","-0.010417916416716659","1974.930988010492","3718","3718"
"fig3a","100.0","0.8576958985908937","5000","1039","0","0.20795840831833634","0.0001999600079984003","0.0009615384615384615","-0.010197960407918418","2522.2122474400385","3719","3719"
"fig3a","100.0","1.0","5000","1000","0","0.2001599680063987","0.0001999600079984003","0.000999000999000999","-0.009808038392321536","3489.599850946361","3720","3720"
