"figure","mass","amplitude","toys_per_hypothesis","tail_3nu","tail_4nu","p3_corrected","p4_corrected","cls_corrected","q","observed_test_statistic","tested_point_index","figure_point_index"
"fig3b","0.1","0.01","5000","3166","2340","0.6332733453309338","0.46810637872425515","0.7391853489106409","0.43644271145770847","-1.4972496711743304","3721","0"
"fig3b","0.1","0.0107977516232771","5000","3210","2218","0.6420715856828634","0.4437112577484503","0.6910619744627843","0.4116076784643072","-1.5811046908763728","3722","1"
"fig3b","0.1","0.011659144011798317","5000","3146","2136","0.6292741451709658","0.4273145370925815","0.6790594216714331","0.3958508298340332","-1.6662937297608664","3723","2"
"fig3b","0.1","0.012589254117941675","5000","3132","2017","0.6264747050589882","0.40351929614077187","0.6441110756463454","0.37219556088782246","-1.7521627397711939","3724","3"
"fig3b","0.1","0.013593563908785255","5000","3144","1937","0.628874225154969","0.38752249550089984","0.6162162162162163","0.35607878424315137","-1.8379079966744598","3725","4"
"fig3b","0.1","0.014677992676220698","5000","3087","1770","0.6174765046990602","0.354129174165167","0.5735103626943004","0.32325534893021396","-1.9225540255104363","3726","5"
"fig3b","0.1","0.015848931924611134","5000","3077","1643","0.6154769046190762","0.3287342531493701","0.5341130604288499","0.29796040791841627","-2.0049292434805466","3727","6"
"fig3b","0.1","0.01711328304161781","5000","3025","1527","0.6050789842031594","0.30553889222155567","0.5049570389953734","0.2752849430113977","-2.083639241263768","3728","7"
"fig3b","0.1","0.018478497974222907","5000","2974","1423","0.594881023795241","0.28474305138972206","0.4786554621848739","0.25499900019996","-2.157037656296893","3729","8"
"fig3b","0.1","0.0199526231496888","5000","2939","1275","0.587882423515297","0.2551489702059588","0.4340136054421768","0.22575484903019394","-2.2231946329540335","3730","9"
"fig3b","0.1","0.021544346900318832","5000","2897","1167","0.5794841031793642","0.23355328934213157","0.4030365769496204","0.20457908418316337","-2.2798629158127426","3731","10"
"fig3b","0.1","0.02326305067153626","5000","2906","982","0.5812837432513497","0.1965606878624275","0.33814929480564154","0.16749650069986002","-2.32444168385004","3732","11"
"fig3b","0.1","0.025118864315095794","5000","2760","836","0.5520895820835833","0.16736652669466107","0.3031510322346976","0.13976204759048189","-2.353938306064606","3733","12"
"fig3b","0.1","0.02712272579332028","5000","2657","737","0.531493701259748","0.14757048590281943","0.27765237020316025","0.12099580083983202","-2.3649282827961997","3734","13"
"fig3b","0.1","0.029286445646252372","5000","2631","691","0.5262947410517896","0.138372325534893","0.26291793313069906","0.11205758848230353","-2.363512770104279","3735","14"
"fig3b","0.1","0.03162277660168379","5000","2575","651","0.5150969806038792","0.130373925214957","0.2531055900621118","0.10461907618476304","-2.3618942093383737","3736","15"
"fig3b","0.1","0.034145488738336005","5000","2573","581","0.5146970605878824","0.11637672465506899","0.22610722610722608","0.09064187162567486","-2.360145134740037","3737","16"
"fig3b","0.1","0.03686945064519575","5000","2431","604","0.48630273945210956","0.1209758048390322","0.24876644736842107","0.09666066786642671","-2.3582549006018496","3738","17"
"fig3b","0.1","0.039810717055349734","5000","2449","557","0.48990201959608076","0.11157768446310738","0.22775510204081634","0.08708258348330335","-2.3562119723767125","3739","18"
"fig3b","0.1","0.042986623470822764","5000","2426","580","0.48530293941211755","0.11617676464707058","0.23939019365471775","0.0919116176764647","-2.354003848997479","3740","19"
"fig3b","0.1","0.046415888336127774","5000","2401","588","0.4803039392121576","0.11777644471105779","0.24521232306411322","0.09376124775044992","-2.3516169778176277","3741","20"
"fig3b","0.1","0.05011872336272722","5000","2391","620","0.4783043391321736","0.1241751649670066","0.25961538461538464","0.10025994801039792","-2.349036661374555","3742","21"
"fig3b","0.1","0.054116952654646375","5000","2429","569","0.4859028194361128","0.11397720455908818","0.2345679012345679","0.08968206358728253","-2.3462469550691196","3743","22"
"fig3b","0.1","0.05843414133735175","5000","2430","558","0.4861027794441112","0.11177764447110577","0.22994652406417113","0.08747250549890022","-2.3432305547388523","3744","23"
"fig3b","0.1","0.06309573444801933","5000","2442","567","0.488502299540092","0.11357728454309138","0.23250102333196887","0.08915216956608678","-2.3399686729569282","3745","24"
"fig3b","0.1","0.06812920690579614","5000","2368","600","0.47370525894821036","0.1201759648070386","0.2536935415787252","0.09649070185962808","-2.336440902733841","3746","25"
"fig3b","0.1","0.07356422544596414","5000","2374","542","0.47490501899620075","0.10857828434313137","0.2286315789473684","0.08483303339332132","-2.3326250671036632","3747","26"
"fig3b","0.1","0.07943282347242814","5000","2391","565","0.4783043391321736","0.11317736452709458","0.2366220735785953","0.0892621475704859","-2.3284970528467284","3748","27"
"fig3b","0.1","0.08576958985908942","5000","2360","595","0.47210557888422316","0.1191761647670466","0.2524354087251165","0.09557088582283543","-2.324030626350975","3749","28"
"fig3b","0.1","0.09261187281287937","5000","2341","589","0.4683063387322535","0.11797640471905618","0.2519214346712212","0.0945610877824435","-2.319197229277762","3750","29"
"fig3b","0.1","0.1","5000","2419","594","0.4839032193561288","0.11897620475904819","0.2458677685950413","0.09478104379124175","-2.313965751334166","3751","30"
"fig3b","0.1","0.10797751623277094","5000","2435","570","0.4871025794841032","0.11417716456708658","0.2344006568144499","0.08982203559288142","-2.3083022769986883","3752","31"
"fig3b","0.1","0.11659144011798317","5000","2417","579","0.483503299340132","0.11597680463907219","0.23986765922249795","0.09180163967206559","-2.3021698024793977","3753","32"
"fig3b","0.1","0.12589254117941676","5000","2387","570","0.47750449910017995","0.11417716456708658","0.23911222780569516","0.09030193961207758","-2.2955279185309223","3754","33"
"fig3b","0.1","0.13593563908785256","5000","2381","570","0.47630473905218956","0.11417716456708658","0.23971452560873216","0.0903619276144771","-2.2883324539091916","3755","34"
"fig3b","0.1","0.14677992676220697","5000","2355","549","0.47110577884423116","0.10997800439912017","0.23344651952461798","0.0864227154569086","-2.2805350732133434","3756","35"
"fig3b","0.1","0.15848931924611134","5000","2400","554","0.48010397920415915","0.11097780443911218","0.2311536859641816","0.08697260547890422","-2.272082821566073","3757","36"
"fig3b","0.1","0.1711328304161781","5000","2433","571","0.48670265946810637","0.11437712457508498","0.23500410846343467","0.09004199160167965","-2.2629176069380037","3758","37"
"fig3b","0.1","0.18478497974222907","5000","2380","555","0.4761047790441912","0.11117776444711058","0.23351532969340613","0.08737252549490102","-2.25297560878937","3759","38"
"fig3b","0.1","0.19952623149688797","5000","2427","528","0.485502899420116","0.10577884423115377","0.21787479406919275","0.08150369926014797","-2.2421865989531966","3760","39"
"fig3b","0.1","0.21544346900318834","5000","2375","568","0.4751049790041992","0.11377724455108978","0.23947811447811448","0.09002199560087983","-2.230473157024335","3761","40"
"fig3b","0.1","0.23263050671536262","5000","2378","541","0.47570485902819437","0.10837832433513298","0.2278268179907524","0.08459308138372326","-2.217749757615451","3762","41"
"fig3b","0.1","0.25118864315095796","5000","2398","563","0.4797040591881624","0.11277744451109778","0.23509795748228426","0.08879224155168966","-2.2039217001441216","3763","42"
"fig3b","0.1","0.27122725793320285","5000","2316","526","0.46330733853229356","0.10537892421515697","0.2274492878722486","0.0822135572885423","-2.1888838424842447","3764","43"
"fig3b","0.1","0.29286445646252357","5000","2374","561","0.47490501899620075","0.11237752449510098","0.23663157894736844","0.08863227354529093","-2.172519086542593","3765","44"
"fig3b","0.1","0.31622776601683794","5000","2310","583","0.4621075784843031","0.11677664467106579","0.25270445694504545","0.09367126574685063","-2.154696544543043","3766","45"
"fig3b","0.1","0.34145488738336005","5000","2327","538","0.46550689862027594","0.10777844431113777","0.2315292096219931","0.08450309938012397","-2.135269286027153","3767","46"
"fig3b","0.1","0.3686945064519575","5000","2287","499","0.4575084983003399","0.09998000399920016","0.21853146853146854","0.07710457908418317","-2.114071521514063","3768","47"
"fig3b","0.1","0.3981071705534973","5000","2347","504","0.46950609878024396","0.10097980403919216","0.21507666098807493","0.07750449910017995","-2.090915009142549","3769","48"
"fig3b","0.1","0.42986623470822766","5000","2254","542","0.45090981803639274","0.10857828434313137","0.2407982261640798","0.08603279344131173","-2.0655843568404464","3770","49"
"fig3b","0.1","0.464158883361278","5000","2290","506","0.45810837832433515","0.10137972405518897","0.22130074203404626","0.07847430513897222","-2.0378306993297315","3771","50"
"fig3b","0.1","0.5011872336272722","5000","2345","463","0.46910617876424715","0.09278144371125775","0.1977834612105712","0.06932613477304539","-2.007362886328366","3772","51"
"fig3b","0.1","0.5411695265464638","5000","2257","491","0.45150969806038793","0.09838032393521295","0.2178919397697077","0.07580483903219355","-1.9738346776534286","3773","52"
"fig3b","0.1","0.5843414133735175","5000","2251","458","0.45030993801239755","0.09178164367126575","0.20381882770870335","0.06926614677064587","-1.9368251692158935","3774","53"
"fig3b","0.1","0.6309573444801932","5000","2271","443","0.4543091381723655","0.08878224355128975","0.19542253521126762","0.06606678664267147","-1.8958069564747007","3775","54"
"fig3b","0.1","0.6812920690579611","5000","2137","447","0.42751449710057987","0.08958208358328335","0.20954162768942938","0.06820635872825435","-1.8500901758318093","3776","55"
"fig3b","0.1","0.7356422544596414","5000","2217","424","0.4435112977404519","0.08498300339932013","0.19161406672678089","0.06280743851229753","-1.7987137615527615","3777","56"
"fig3b","0.1","0.7943282347242814","5000","2153","437","0.43071385722855426","0.08758248350329934","0.20334261838440112","0.06604679064187162","-1.740203053383027","3778","57"
"fig3b","0.1","0.8576958985908941","5000","2161","400","0.4323135372925415","0.08018396320735853","0.1854764107308048","0.05856828634273145","-1.6719062412367975","3779","58"
"fig3b","0.1","0.9261187281287933","5000","2088","372","0.41771645670865826","0.07458508298340331","0.17855433221637146","0.0536992601479704","-1.5873714229861662","3780","59"
"fig3b","0.1","1.0","5000","2065","370","0.41311737652469505","0.07418516296740651","0.17957405614714425","0.05352929414117176","-1.4200388831704913","3781","60"
"fig3b","0.10855370666298159","0.01","5000","3136","2141","0.6272745450909818","0.4283143371325735","0.6828179789607906","0.3969506098780244","-1.6618018649149349","3782","61"
"fig3b","0.10855370666298159","0.0107977516232771","5000","3157","2017","0.6314737052589482","0.40351929614077187","0.6390120329322356","0.37194561087782446","-1.7475883863688182","3783","62"
"fig3b","0.10855370666298159","0.011659144011798317","5000","3112","1916","0.6224755048990201","0.3833233353329334","0.615804690009637","0.35219956008798237","-1.833278103897129","3784","63"
"fig3b","0.10855370666298159","0.012589254117941675","5000","3032","1828","0.6064787042591482","0.36572685462907417","0.6030333003626772","0.3354029194161168","-1.9179006899822184","3785","64"
"fig3b","0.10855370666298159","0.013593563908785255","5000","3114","1639","0.622875424915017","0.32793441311737653","0.5264847512038523","0.2967906418716257","-2.00029013068189","3786","65"
"fig3b","0.10855370666298159","0.014677992676220698","5000","2984","1546","0.596880623875225","0.3093381323735253","0.5182579564489113","0.27949410117976403","-2.0790579652940266","3787","66"
"fig3b","0.10855370666298159","0.015848931924611134","5000","3027","1413","0.6054789042191562","0.28274345130973805","0.4669749009247028","0.2524695060987802","-2.1525640943905273","3788","67"
"fig3b","0.10855370666298159","0.01711328304161781","5000","2919","1294","0.5838832233553289","0.2589482103579284","0.4434931506849315","0.22975404919016196","-2.218885146472445","3789","68"
"fig3b","0.10855370666298159","0.018478497974222907","5000","2912","1044","0.5824835032993402","0.20895820835832835","0.3587366975626502","0.17983403319336133","-2.2757804443950818","3790","69"
"fig3b","0.10855370666298159","0.0199526231496888","5000","2834","976","0.5668866226754649","0.19536092781443712","0.344620811287478","0.16701659668066388","-2.3206556741830013","3791","70"
"fig3b","0.10855370666298159","0.021544346900318832","5000","2705","901","0.5410917816436712","0.1803639272145571","0.33333333333333337","0.15330933813237355","-2.350524431439055","3792","71"
"fig3b","0.10855370666298159","0.02326305067153626","5000","2670","684","0.5340931813637273","0.13697260547890422","0.2564582553350805","0.11026794641071785","-2.361967904470987","3793","72"
"fig3b","0.10855370666298159","0.025118864315095794","5000","2555","621","0.5110977804439112","0.124375124975005","0.24334898278560252","0.09882023595280943","-2.3605960244391895","3794","73"
"fig3b","0.10855370666298159","0.02712272579332028","5000","2560","646","0.5120975804839032","0.129374125174965","0.25263568918391255","0.10376924615076984","-2.3589718267027138","3795","74"
"fig3b","0.10855370666298159","0.029286445646252372","5000","2529","634","0.5058988202359528","0.1269746050789842","0.2509881422924901","0.10167966406718656","-2.357216763013156","3796","75"
"fig3b","0.10855370666298159","0.03162277660168379","5000","2501","548","0.5002999400119976","0.10977804439112178","0.21942446043165467","0.0847630473905219","-2.355320176666652","3797","76"
"fig3b","0.10855370666298159","0.034145488738336005","5000","2537","567","0.50749850029994","0.11357728454309138","0.22379826635145783","0.08820235952809438","-2.353270524323648","3798","77"
"fig3b","0.10855370666298159","0.03686945064519575","5000","2425","591","0.4851029794041192","0.118376324735053","0.24402308326463315","0.09412117576484703","-2.351055299082361","3799","78"
"fig3b","0.10855370666298159","0.039810717055349734","5000","2352","579","0.47050589882023597","0.11597680463907219","0.24649383765405863","0.09245150969806039","-2.348660946351856","3800","79"
"fig3b","0.10855370666298159","0.042986623470822764","5000","2400","611","0.48010397920415915","0.122375524895021","0.25489379425239483","0.09837032593481304","-2.3460727717574343","3801","80"
"fig3b","0.10855370666298159","0.046415888336127774","5000","2446","560","0.48930213957208557","0.11217756448710257","0.22926031875766245","0.08771245750849829","-2.3432748402256607","3802","81"
"fig3b","0.10855370666298159","0.05011872336272722","5000","2368","556","0.47370525894821036","0.11137772445510898","0.23512030392570704","0.08769246150769845","-2.3402498652839085","3803","82"
"fig3b","0.10855370666298159","0.054116952654646375","5000","2409","550","0.4819036192761448","0.11017796440711858","0.22863070539419086","0.08608278344331134","-2.3369790874768626","3804","83"
"fig3b","0.10855370666298159","0.05843414133735175","5000","2479","561","0.4959008198360328","0.11237752449510098","0.22661290322580646","0.08758248350329934","-2.3334421406673016","3805","84"
"fig3b","0.10855370666298159","0.06309573444801933","5000","2428","543","0.48570285942811436","0.10877824435112977","0.22396047756278303","0.08449310137972406","-2.3296169048161914","3806","85"
"fig3b","0.10855370666298159","0.06812920690579614","5000","2396","566","0.4793041391721656","0.11337732453509299","0.2365456821026283","0.0894121175764847","-2.325479343634356","3807","86"
"fig3b","0.10855370666298159","0.07356422544596414","5000","2404","564","0.4809038192361528","0.11297740451909619","0.23492723492723494","0.08893221355728854","-2.321003325278582","3808","87"
"fig3b","0.10855370666298159","0.07943282347242814","5000","2426","594","0.48530293941211755","0.11897620475904819","0.24515863205603627","0.09471105778844231","-2.3161604239866165","3809","88"
"fig3b","0.10855370666298159","0.08576958985908942","5000","2400","550","0.48010397920415915","0.11017796440711858","0.22948771345272803","0.08617276544691062","-2.3109197002298743","3810","89"
"fig3b","0.10855370666298159","0.09261187281287937","5000","2403","562","0.4807038592281544","0.11257748450309939","0.2341930116472546","0.08854229154169166","-2.305247456588262","3811","90"
"fig3b","0.10855370666298159","0.1","5000","2368","531","0.47370525894821036","0.10637872425514897","0.22456732798649218","0.08269346130773844","-2.2991069660905623","3812","91"
"fig3b","0.10855370666298159","0.10797751623277094","5000","2381","572","0.47630473905218956","0.11457708458308338","0.24055415617128464","0.0907618476304739","-2.2924581692401773","3813","92"
"fig3b","0.10855370666298159","0.11659144011798317","5000","2415","563","0.48310337932413516","0.11277744451109778","0.23344370860927152","0.08862227554489102","-2.2852573352701313","3814","93"
"fig3b","0.10855370666298159","0.12589254117941676","5000","2375","546","0.4751049790041992","0.10937812437512498","0.2302188552188552","0.08562287542491502","-2.2774566824023452","3815","94"
"fig3b","0.10855370666298159","0.13593563908785256","5000","2374","550","0.47490501899620075","0.11017796440711858","0.232","0.08643271345730855","-2.2690039508915163","3816","95"
"fig3b","0.10855370666298159","0.14677992676220697","5000","2405","558","0.48110377924415115","0.11177764447110577","0.23233582709891937","0.08772245550889822","-2.259841921442785","3817","96"
"fig3b","0.10855370666298159","0.15848931924611134","5000","2403","554","0.4807038592281544","0.11097780443911218","0.23086522462562395","0.08694261147770446","-2.249907870079994","3818","97"
"fig3b","0.10855370666298159","0.1711328304161781","5000","2369","517","0.47390521895620874","0.10357928414317137","0.21856540084388187","0.07988402319536093","-2.2391329486517293","3819","98"
"fig3b","0.10855370666298159","0.18478497974222907","5000","2438","508","0.4877024595080984","0.10177964407118577","0.2086920869208692","0.07739452109578085","-2.2274414777241986","3820","99"
"fig3b","0.10855370666298159","0.19952623149688797","5000","2328","528","0.4657068586282743","0.10577884423115377","0.22713610991841995","0.08249350129974006","-2.214750135482177","3821","100"
"fig3b","0.10855370666298159","0.21544346900318834","5000","2299","544","0.45990801839632073","0.10897820435912818","0.23695652173913045","0.08598280343931214","-2.200967022128822","3822","101"
"fig3b","0.10855370666298159","0.23263050671536262","5000","2318","537","0.46370725854829037","0.10757848430313938","0.2319965502371712","0.08439312137572486","-2.185990573774177","3823","102"
"fig3b","0.10855370666298159","0.25118864315095796","5000","2346","492","0.46930613877224553","0.09858028394321136","0.21005538985939498","0.07511497700459908","-2.169708292333894","3824","103"
"fig3b","0.10855370666298159","0.27122725793320285","5000","2314","496","0.46290741851629674","0.09938012397520496","0.21468682505399567","0.07623475304939012","-2.151995247617151","3825","104"
"fig3b","0.10855370666298159","0.29286445646252357","5000","2336","519","0.4673065386922616","0.10397920415916817","0.22250748823277705","0.0806138772245551","-2.13271229315896","3826","105"
"fig3b","0.10855370666298159","0.31622776601683794","5000","2302","508","0.4605078984203159","0.10177964407118577","0.22101606600086846","0.07875424915016997","-2.111703916213827","3827","106"
"fig3b","0.10855370666298159","0.34145488738336005","5000","2304","525","0.46090781843631273","0.10517896420715857","0.22819956616052062","0.08213357328534293","-2.088795610925871","3828","107"
"fig3b","0.10855370666298159","0.3686945064519575","5000","2244","513","0.44891021795640873","0.10277944411117776","0.22895322939866367","0.08033393321335733","-2.0637906158094665","3829","108"
"fig3b","0.10855370666298159","0.3981071705534973","5000","2322","477","0.46450709858028394","0.09558088382323535","0.20576840292724924","0.07235552889422114","-2.0364657812761777","3830","109"
"fig3b","0.10855370666298159","0.42986623470822766","5000","2290","479","0.45810837832433515","0.09598080383923216","0.20951549541684855","0.07307538492301541","-2.0065662101108046","3831","110"
"fig3b","0.10855370666298159","0.464158883361278","5000","2256","514","0.4513097380523895","0.10297940411917617","0.22817899867080196","0.08041391721655669","-1.9737981056982505","3832","111"
"fig3b","0.10855370666298159","0.5011872336272722","5000","2236","499","0.44731053789242153","0.09998000399920016","0.22351363433169424","0.07761447710457908","-1.9378188942097836","3833","112"
"fig3b","0.10855370666298159","0.5411695265464638","5000","2334","443","0.46690661867626476","0.08878224355128975","0.19014989293361884","0.0654369126174765","-1.8982229995330044","3834","113"
"fig3b","0.10855370666298159","0.5843414133735175","5000","2161","449","0.4323135372925415","0.08998200359928014","0.20814061054579092","0.06836632673465307","-1.854520286913214","3835","114"
"fig3b","0.10855370666298159","0.6309573444801932","5000","2142","444","0.4285142971405719","0.08898220355928814","0.20765282314512365","0.06755648870225954","-1.8061012822359714","3836","115"
"fig3b","0.10855370666298159","0.6812920690579611","5000","2128","413","0.4257148570285943","0.08278344331133773","0.1944574917801785","0.06149770045990802","-1.7521764646662632","3837","116"
"fig3b","0.10855370666298159","0.7356422544596414","5000","2109","425","0.42191561687662466","0.08518296340731854","0.20189573459715643","0.0640871825634873","-1.6916589709661878","3838","117"
"fig3b","0.10855370666298159","0.7943282347242814","5000","2089","404","0.4179164167166567","0.08098380323935213","0.19377990430622008","0.06008798240351929","-1.6229042911059253","3839","118"
"fig3b","0.10855370666298159","0.8576958985908941","5000","2131","365","0.4263147370525895","0.07318536292741452","0.17166979362101314","0.05186962607478505","-1.5429999486154884","3840","119"
"fig3b","0.10855370666298159","0.9261187281287933","5000","2012","353","0.40251949610077986","0.07078584283143372","0.17585692995529062","0.05065986802639472","-1.4449640033372475","3841","120"
"fig3b","0.10855370666298159","1.0","5000","1857","355","0.3715256948610278","0.07118576284743051","0.19160387513455326","0.05260947810437912","-1.2577471712100419","3842","121"
"fig3b","0.11783907230272654","0.01","5000","3160","1907","0.6320735852829434","0.3815236952609478","0.603606453653907","0.34992001599680067","-1.8255865655848709","3843","122"
"fig3b","0.11783907230272654","0.0107977516232771","5000","3018","1694","0.6036792641471705","0.33893221355728853","0.5614441868168267","0.30874825034993003","-1.9101946426310974","3844","123"
"fig3b","0.11783907230272654","0.011659144011798317","5000","3020","1661","0.6040791841631674","0.3323335332933413","0.5501489572989076","0.30212957408518293","-1.9926413397538454","3845","124"
"fig3b","0.11783907230272654","0.012589254117941675","5000","3018","1515","0.6036792641471705","0.3031393721255749","0.5021530308049024","0.27295540891821635","-2.0715505731379267","3846","125"
"fig3b","0.11783907230272654","0.013593563908785255","5000","2984","1403","0.596880623875225","0.28074385122975404","0.4703517587939698","0.25089982003599276","-2.1452957060953963","3847","126"
"fig3b","0.11783907230272654","0.014677992676220698","5000","2906","1266","0.5812837432513497","0.2533493301339732","0.43584451324389406","0.22428514297140573","-2.2119678665810625","3848","127"
"fig3b","0.11783907230272654","0.015848931924611134","5000","2935","1132","0.5870825834833033","0.22655468906218756","0.3858991825613079","0.1972005598880224","-2.2693418243943597","3849","128"
"fig3b","0.11783907230272654","0.01711328304161781","5000","2889","991","0.5778844231153769","0.1983603279344131","0.34325259515570933","0.16946610677864427","-2.3148395229789003","3850","129"
"fig3b","0.11783907230272654","0.018478497974222907","5000","2752","849","0.5504899020195961","0.16996600679864027","0.30875408645114416","0.14244151169766045","-2.345491433000234","3851","130"
"fig3b","0.11783907230272654","0.0199526231496888","5000","2708","742","0.5416916616676665","0.14857028594281144","0.2742709486895533","0.12148570285942811","-2.357895978623503","3852","131"
"fig3b","0.11783907230272654","0.021544346900318832","5000","2543","645","0.5086982603479304","0.12917416516696661","0.2539308176100629","0.1037392521495701","-2.356658334128241","3853","132"
"fig3b","0.11783907230272654","0.02326305067153626","5000","2577","638","0.5154969006198761","0.1277744451109778","0.24786656322730796","0.10199960007998399","-2.3550254702525137","3854","133"
"fig3b","0.11783907230272654","0.025118864315095794","5000","2515","609","0.5030993801239753","0.1219756048790242","0.24244833068362479","0.09682063587282544","-2.353261122423305","3855","134"
"fig3b","0.11783907230272654","0.02712272579332028","5000","2590","582","0.5180963807238552","0.11657668466306739","0.2250096487842532","0.09067186562687463","-2.351354597403514","3856","135"
"fig3b","0.11783907230272654","0.029286445646252372","5000","2401","603","0.4803039392121576","0.12077584483103379","0.2514571190674438","0.0967606478704259","-2.349294314684556","3857","136"
"fig3b","0.11783907230272654","0.03162277660168379","5000","2457","614","0.49150169966006796","0.12297540491901619","0.2502034174125305","0.0984003199360128","-2.3470677299336558","3858","137"
"fig3b","0.11783907230272654","0.034145488738336005","5000","2459","585","0.49190161967606477","0.11717656468706258","0.23821138211382115","0.09258148370325935","-2.3446612513475316","3859","138"
"fig3b","0.11783907230272654","0.03686945064519575","5000","2396","565","0.4793041391721656","0.11317736452709458","0.2361284939507718","0.0892121575684863","-2.3420601481820995","3860","139"
"fig3b","0.11783907230272654","0.039810717055349734","5000","2392","554","0.47850429914017195","0.11097780443911218","0.23192645215211033","0.08705258948210358","-2.33924845062856","3861","140"
"fig3b","0.11783907230272654","0.042986623470822764","5000","2437","597","0.4875024995001","0.1195760847830434","0.24528301886792453","0.09520095980803839","-2.3362088401138976","3862","141"
"fig3b","0.11783907230272654","0.046415888336127774","5000","2357","563","0.471505698860228","0.11277744451109778","0.23918575063613232","0.08920215956808639","-2.3329225289769226","3863","142"
"fig3b","0.11783907230272654","0.05011872336272722","5000","2383","538","0.4767046590681864","0.10777844431113777","0.22609060402684564","0.08394321135772845","-2.3293691283501516","3864","143"
"fig3b","0.11783907230272654","0.054116952654646375","5000","2383","559","0.4767046590681864","0.11197760447910418","0.2348993288590604","0.08814237152569486","-2.3255265029093266","3865","144"
"fig3b","0.11783907230272654","0.05843414133735175","5000","2326","538","0.46530693861227757","0.10777844431113777","0.23162870648904166","0.08451309738052389","-2.32137061098544","3866","145"
"fig3b","0.11783907230272654","0.06309573444801933","5000","2370","593","0.4741051789642072","0.1187762447510498","0.25052720371151416","0.09507098580283943","-2.316875328322226","3867","146"
"fig3b","0.11783907230272654","0.06812920690579614","5000","2411","550","0.4823035392921416","0.11017796440711858","0.22844112769485903","0.0860627874425115","-2.3120122535208907","3868","147"
"fig3b","0.11783907230272654","0.07356422544596414","5000","2431","563","0.48630273945210956","0.11277744451109778","0.23190789473684212","0.0884623075384923","-2.3067504929370557","3869","148"
"fig3b","0.11783907230272654","0.07943282347242814","5000","2326","559","0.46530693861227757","0.11197760447910418","0.2406532015470563","0.0887122575484903","-2.3010564224614996","3870","149"
"fig3b","0.11783907230272654","0.08576958985908942","5000","2397","498","0.47950409918016396","0.09978004399120176","0.20809007506255212","0.07580483903219357","-2.2948934232291265","3871","150"
"fig3b","0.11783907230272654","0.09261187281287937","5000","2380","574","0.4761047790441912","0.11497700459908018","0.24149517009659804","0.09117176564687063","-2.2882215878454417","3872","151"
"fig3b","0.11783907230272654","0.1","5000","2416","529","0.4833033393321336","0.10597880423915217","0.2192800992966487","0.08181363727254548","-2.2809973931704235","3873","152"
"fig3b","0.11783907230272654","0.10797751623277094","5000","2408","592","0.48170365926814634","0.11857628474305139","0.24616023246160235","0.09449110177964407","-2.273173335049023","3874","153"
"fig3b","0.11783907230272654","0.11659144011798317","5000","2393","526","0.4787042591481704","0.10537892421515697","0.22013366750208857","0.08144371125774845","-2.2646975195965524","3875","154"
"fig3b","0.11783907230272654","0.12589254117941676","5000","2371","529","0.47430513897220555","0.10597880423915217","0.22344013490725126","0.08226354729054189","-2.255513204690999","3876","155"
"fig3b","0.11783907230272654","0.13593563908785256","5000","2366","594","0.47330533893221355","0.11897620475904819","0.2513730460498521","0.0953109378124375","-2.245558284175729","3877","156"
"fig3b","0.11783907230272654","0.14677992676220697","5000","2321","535","0.46430713857228556","0.10717856428714258","0.23083548664944015","0.0839632073585283","-2.2347647058412576","3878","157"
"fig3b","0.11783907230272654","0.15848931924611134","5000","2268","505","0.4537092581483703","0.10117976404719056","0.2230057293962098","0.07849430113977204","-2.223057812493721","3879","158"
"fig3b","0.11783907230272654","0.1711328304161781","5000","2347","526","0.46950609878024396","0.10537892421515697","0.22444633730834754","0.08190361927614477","-2.210355593193583","3880","159"
"fig3b","0.11783907230272654","0.18478497974222907","5000","2342","465","0.46850629874025196","0.09318136372725455","0.1988903115663679","0.06975604879024196","-2.1965678289313644","3881","160"
"fig3b","0.11783907230272654","0.19952623149688797","5000","2358","534","0.47170565886822635","0.10697860427914417","0.2267910131411615","0.08339332133573285","-2.1815951133922624","3882","161"
"fig3b","0.11783907230272654","0.21544346900318834","5000","2348","515","0.46970605878824234","0.10317936412717456","0.21966794380587484","0.07969406118776244","-2.16532772473019","3883","162"
"fig3b","0.11783907230272654","0.23263050671536262","5000","2294","517","0.4589082183563287","0.10357928414317137","0.22570806100217866","0.08063387322535494","-2.147644318022344","3884","163"
"fig3b","0.11783907230272654","0.25118864315095796","5000","2313","519","0.46270745850829836","0.10397920415916817","0.2247191011235955","0.08084383123375324","-2.1284103996438546","3885","164"
"fig3b","0.11783907230272654","0.27122725793320285","5000","2288","509","0.45770845830833834","0.10197960407918416","0.22280471821756226","0.07909418116376724","-2.1074765331934486","3886","165"
"fig3b","0.11783907230272654","0.29286445646252357","5000","2277","490","0.45550889822035595","0.09818036392721456","0.21553994732221246","0.07540491901619677","-2.084676210329974","3887","166"
"fig3b","0.11783907230272654","0.31622776601683794","5000","2311","502","0.46230753849230155","0.10057988402319536","0.21756055363321797","0.07746450709858027","-2.0598232964450176","3888","167"
"fig3b","0.11783907230272654","0.34145488738336005","5000","2255","470","0.4511097780443911","0.09418116376724656","0.20877659574468085","0.071625674865027","-2.032708926540522","3889","168"
"fig3b","0.11783907230272654","0.3686945064519575","5000","2284","512","0.4569086182763447","0.10257948410317937","0.22450765864332606","0.07973405318936214","-2.003097674196198","3890","169"
"fig3b","0.11783907230272654","0.3981071705534973","5000","2236","484","0.44731053789242153","0.09698060387922415","0.21680822530174337","0.07461507698460307","-1.9707227342408373","3891","170"
"fig3b","0.11783907230272654","0.42986623470822766","5000","2247","437","0.4495100979804039","0.08758248350329934","0.19483985765124553","0.06510697860427914","-1.9352797262046124","3892","171"
"fig3b","0.11783907230272654","0.464158883361278","5000","2185","421","0.4371125774845031","0.08438312337532493","0.1930466605672461","0.06252749450109978","-1.896418500034457","3893","172"
"fig3b","0.11783907230272654","0.5011872336272722","5000","2219","451","0.4439112177564487","0.09038192361527694","0.2036036036036036","0.06818636272745451","-1.8537319270014905","3894","173"
"fig3b","0.11783907230272654","0.5411695265464638","5000","2148","413","0.4297140571885623","0.08278344331133773","0.19264774313634248","0.06129774045190961","-1.8067399168099314","3895","174"
"fig3b","0.11783907230272654","0.5843414133735175","5000","2104","430","0.42091581683663265","0.08618276344731053","0.20475059382422803","0.0651369726054789","-1.7548654333145919","3896","175"
"fig3b","0.11783907230272654","0.6309573444801932","5000","2098","414","0.41971605678864227","0.08298340331933614","0.1977131967603621","0.06199760047990402","-1.6973961501959707","3897","176"
"fig3b","0.11783907230272654","0.6812920690579611","5000","2026","433","0.40531893621275744","0.08678264347130574","0.21410952146028614","0.06651669666066787","-1.6334180659850404","3898","177"
"fig3b","0.11783907230272654","0.7356422544596414","5000","2056","366","0.41131773645270947","0.07338532293541292","0.17841516771998056","0.05281943611277744","-1.5616881015972695","3899","178"
"fig3b","0.11783907230272654","0.7943282347242814","5000","1977","369","0.3955208958208358","0.07398520295940812","0.18705763397371084","0.05420915816836633","-1.4803528365539478","3900","179"
"fig3b","0.11783907230272654","0.8576958985908941","5000","1953","327","0.39072185562887424","0.0655868826234753","0.16786079836233364","0.046050789842031585","-1.3861838607731443","3901","180"
"fig3b","0.11783907230272654","0.9261187281287933","5000","1933","325","0.3867226554689062","0.0651869626074785","0.1685625646328852","0.045850829834033185","-1.27156974937526","3902","181"
"fig3b","0.11783907230272654","1.0","5000","1751","283","0.35032993401319734","0.05678864227154569","0.16210045662100456","0.03927214557088582","-1.0602612706496757","3903","182"
"fig3b","0.12791868088188055","0.01","5000","2984","1565","0.596880623875225","0.3131373725254949","0.5246231155778894","0.2832933413317337","-1.9813730193457388","3904","183"
"fig3b","0.12791868088188055","0.0107977516232771","5000","2916","1531","0.5832833433313337","0.3063387322535493","0.5251971203291053","0.2771745650869826","-2.060501571140037","3905","184"
"fig3b","0.12791868088188055","0.011659144011798317","5000","2939","1346","0.587882423515297","0.2693461307738452","0.45816326530612245","0.23995200959808038","-2.1346167899592956","3906","185"
"fig3b","0.12791868088188055","0.012589254117941675","5000","2890","1234","0.5780843831233753","0.2469506098780244","0.42718782428225527","0.2180463907218556","-2.201833447164347","3907","186"
"fig3b","0.12791868088188055","0.013593563908785255","5000","2870","1121","0.5740851829634073","0.22435512897420515","0.39080459770114945","0.19565086982603477","-2.259951903273361","3908","187"
"fig3b","0.12791868088188055","0.014677992676220698","5000","2853","979","0.5706858628274345","0.1959608078384323","0.3433777154870357","0.16742651469706057","-2.3064215412651947","3909","188"
"fig3b","0.12791868088188055","0.015848931924611134","5000","2760","853","0.5520895820835833","0.17076584683063387","0.30930822165881927","0.1431613677264547","-2.3383019527759927","3910","189"
"fig3b","0.12791868088188055","0.01711328304161781","5000","2630","664","0.5260947810437913","0.1329734053189362","0.2527556062333713","0.10666866626674663","-2.3522221164649864","3911","190"
"fig3b","0.12791868088188055","0.018478497974222907","5000","2513","642","0.5026994601079784","0.1285742851429714","0.2557677008750994","0.10343931213757247","-2.3513071500111096","3912","191"
"fig3b","0.12791868088188055","0.0199526231496888","5000","2603","627","0.5206958608278345","0.1255748850229954","0.2411674347158218","0.09954009198160368","-2.349662842713144","3913","192"
"fig3b","0.12791868088188055","0.021544346900318832","5000","2433","593","0.48670265946810637","0.1187762447510498","0.24404272801972063","0.09444111177764447","-2.3478861940243405","3914","193"
"fig3b","0.12791868088188055","0.02326305067153626","5000","2449","580","0.48990201959608076","0.11617676464707058","0.23714285714285713","0.09168166366726654","-2.3459664519066337","3915","194"
"fig3b","0.12791868088188055","0.025118864315095794","5000","2427","573","0.485502899420116","0.11477704459108179","0.23640856672158156","0.09050189962007599","-2.3438919740591757","3916","195"
"fig3b","0.12791868088188055","0.02712272579332028","5000","2463","520","0.4927014597080584","0.10417916416716656","0.21144480519480519","0.07954409118176364","-2.3416501514392962","3917","196"
"fig3b","0.12791868088188055","0.029286445646252372","5000","2419","584","0.4839032193561288","0.11697660467906419","0.24173553719008264","0.09278144371125775","-2.3392273247520166","3918","197"
"fig3b","0.12791868088188055","0.03162277660168379","5000","2374","547","0.47490501899620075","0.10957808438312337","0.23073684210526316","0.08583283343331333","-2.336608693201015","3919","198"
"fig3b","0.12791868088188055","0.034145488738336005","5000","2441","552","0.48830233953209357","0.11057788442311538","0.22645372645372647","0.08616276744651069","-2.3337782146905397","3920","199"
"fig3b","0.12791868088188055","0.03686945064519575","5000","2418","581","0.48370325934813035","0.11637672465506899","0.2405952873088053","0.09219156168766246","-2.3307184965785552","3921","200"
"fig3b","0.12791868088188055","0.039810717055349734","5000","2360","567","0.47210557888422316","0.11357728454309138","0.24057602710715797","0.08997200559888022","-2.3274106759746473","3922","201"
"fig3b","0.12791868088188055","0.042986623470822764","5000","2413","546","0.48270345930813835","0.10937812437512498","0.22659486329743167","0.08524295140971806","-2.3238342884399685","3923","202"
"fig3b","0.12791868088188055","0.046415888336127774","5000","2371","529","0.47430513897220555","0.10597880423915217","0.22344013490725126","0.08226354729054189","-2.3199671238160704","3924","203"
"fig3b","0.12791868088188055","0.05011872336272722","5000","2428","517","0.48570285942811436","0.10357928414317137","0.21325648414985593","0.07929414117176566","-2.3157850677275746","3925","204"
"fig3b","0.12791868088188055","0.054116952654646375","5000","2351","548","0.47030593881223753","0.10977804439112178","0.2334183673469388","0.08626274745050991","-2.311261927124349","3926","205"
"fig3b","0.12791868088188055","0.05843414133735175","5000","2377","564","0.47550489902019594","0.11297740451909619","0.23759461732548362","0.08920215956808639","-2.3063692380034695","3927","206"
"fig3b","0.12791868088188055","0.06309573444801933","5000","2406","527","0.4813037392521496","0.10557888422315537","0.2193601994183631","0.08151369726054788","-2.3010760531945493","3928","207"
"fig3b","0.12791868088188055","0.06812920690579614","5000","2322","526","0.46450709858028394","0.10537892421515697","0.22686181661644428","0.08215356928614277","-2.2953487077899695","3929","208"
"fig3b","0.12791868088188055","0.07356422544596414","5000","2350","552","0.47010597880423916","0.11057788442311538","0.2352190557209698","0.08707258548290342","-2.2891505594664636","3930","209"
"fig3b","0.12791868088188055","0.07943282347242814","5000","2351","539","0.47030593881223753","0.10797840431913618","0.22959183673469388","0.0844631073785243","-2.2824417005199678","3931","210"
"fig3b","0.12791868088188055","0.08576958985908942","5000","2307","538","0.4615076984603079","0.10777844431113777","0.23353552859618718","0.08470305938812236","-2.2751786379739656","3932","211"
"fig3b","0.12791868088188055","0.09261187281287937","5000","2346","554","0.46930613877224553","0.11097780443911218","0.2364720920323818","0.0875124975004999","-2.267313937543463","3933","212"
"fig3b","0.12791868088188055","0.1","5000","2346","562","0.46930613877224553","0.11257748450309939","0.2398806987643801","0.08911217756448711","-2.258795826579103","3934","213"
"fig3b","0.12791868088188055","0.10797751623277094","5000","2290","539","0.45810837832433515","0.10797840431913618","0.2357049323439546","0.08507298540291941","-2.249567750308131","3935","214"
"fig3b","0.12791868088188055","0.11659144011798317","5000","2310","556","0.4621075784843031","0.11137772445510898","0.24102120294244916","0.08827234553089382","-2.2395678747400893","3936","215"
"fig3b","0.12791868088188055","0.12589254117941676","5000","2342","538","0.46850629874025196","0.10777844431113777","0.2300469483568075","0.08435312937412517","-2.228728528450233","3937","216"
"fig3b","0.12791868088188055","0.13593563908785256","5000","2272","553","0.45450909818036395","0.11077784443111378","0.24373075230972283","0.08805238952209558","-2.216975574056562","3938","217"
"fig3b","0.12791868088188055","0.14677992676220697","5000","2371","523","0.47430513897220555","0.10477904419116177","0.2209106239460371","0.08106378724255149","-2.204227698488239","3939","218"
"fig3b","0.12791868088188055","0.15848931924611134","5000","2338","528","0.46770645870825833","0.10577884423115377","0.22616502778965372","0.08239352129574086","-2.1903956090373526","3940","219"
"fig3b","0.12791868088188055","0.1711328304161781","5000","2299","499","0.45990801839632073","0.09998000399920016","0.2173913043478261","0.07698460307938412","-2.1753811195475805","3941","220"
"fig3b","0.12791868088188055","0.18478497974222907","5000","2237","524","0.4475104979004199","0.10497900419916016","0.23458445040214476","0.08260347930413917","-2.15907610776722","3942","221"
"fig3b","0.12791868088188055","0.19952623149688797","5000","2329","519","0.46590681863627276","0.10397920415916817","0.22317596566523606","0.08068386322735453","-2.1413613206664763","3943","222"
"fig3b","0.12791868088188055","0.21544346900318834","5000","2214","504","0.4429114177164567","0.10097980403919216","0.22799097065462753","0.07883423315336932","-2.1221049990189726","3944","223"
"fig3b","0.12791868088188055","0.23263050671536262","5000","2257","491","0.45150969806038793","0.09838032393521295","0.2178919397697077","0.07580483903219355","-2.1011612853441193","3945","224"
"fig3b","0.12791868088188055","0.25118864315095796","5000","2192","472","0.4385122975404919","0.09458108378324336","0.21568627450980393","0.07265546890621875","-2.0783683696499793","3946","225"
"fig3b","0.12791868088188055","0.27122725793320285","5000","2225","497","0.4451109778044391","0.09958008398320337","0.22371967654986524","0.07732453509298141","-2.0535463142504113","3947","226"
"fig3b","0.12791868088188055","0.29286445646252357","5000","2184","461","0.43691261747650467","0.09238152369526095","0.21144164759725403","0.07053589282143571","-2.0264944805740015","3948","227"
"fig3b","0.12791868088188055","0.31622776601683794","5000","2198","463","0.4397120575884823","0.09278144371125775","0.21100500227376082","0.07079584083183363","-1.996988454667644","3949","228"
"fig3b","0.12791868088188055","0.34145488738336005","5000","2256","478","0.4513097380523895","0.09578084383123375","0.21222862206468765","0.07321535692861428","-1.9647763296559333","3950","229"
"fig3b","0.12791868088188055","0.3686945064519575","5000","2231","453","0.44631073785242953","0.09078184363127374","0.20340501792114693","0.06846630673865227","-1.9295741453996698","3951","230"
"fig3b","0.12791868088188055","0.3981071705534973","5000","2217","432","0.4435112977404519","0.08658268346330734","0.19522091974752032","0.06440711857628476","-1.8910601950962302","3952","231"
"fig3b","0.12791868088188055","0.42986623470822766","5000","2180","426","0.4361127774445111","0.08538292341531693","0.19578175149014213","0.06357728454309138","-1.8488677623034562","3953","232"
"fig3b","0.12791868088188055","0.464158883361278","5000","2151","396","0.4303139372125575","0.07938412317536493","0.18447955390334572","0.057868426314737056","-1.8025756056923683","3954","233"
"fig3b","0.12791868088188055","0.5011872336272722","5000","2130","435","0.4261147770445911","0.08718256348730254","0.2045987799155326","0.06587682463507298","-1.7516950751447666","3955","234"
"fig3b","0.12791868088188055","0.5411695265464638","5000","2059","371","0.41191761647670466","0.07438512297540492","0.18058252427184465","0.05378924215156969","-1.6956519373758","3956","235"
"fig3b","0.12791868088188055","0.5843414133735175","5000","2117","392","0.42351529694061185","0.07858428314337132","0.18555240793201133","0.05740851829634072","-1.6337593977935398","3957","236"
"fig3b","0.12791868088188055","0.6309573444801932","5000","2044","364","0.40891821635672865","0.07298540291941612","0.17848410757946212","0.05253949210157968","-1.5651754169494438","3958","237"
"fig3b","0.12791868088188055","0.6812920690579611","5000","2027","363","0.4055188962207559","0.07278544291141771","0.17948717948717946","0.052509498100379914","-1.4888295049448175","3959","238"
"fig3b","0.12791868088188055","0.7356422544596414","5000","1944","348","0.3889222155568886","0.06978604279144171","0.1794344473007712","0.05033993201359728","-1.4032833362900305","3960","239"
"fig3b","0.12791868088188055","0.7943282347242814","5000","1858","318","0.3717256548690262","0.0637872425514897","0.17159763313609466","0.045200959808038385","-1.3064249173175995","3961","240"
"fig3b","0.12791868088188055","0.8576958985908941","5000","1789","286","0.35792841431713657","0.057388522295540895","0.16033519553072625","0.039492101579684066","-1.194640786285703","3962","241"
"fig3b","0.12791868088188055","0.9261187281287933","5000","1756","245","0.35132973405318935","0.04919016196760648","0.1400113830392715","0.03162367526494701","-1.0595691446239641","3963","242"
"fig3b","0.12791868088188055","1.0","5000","1667","216","0.33353329334133175","0.04339132173565287","0.13009592326139088","0.026714657068586282","-0.8189361504807948","3964","243"
"fig3b","0.13886046961167214","0.01","5000","2911","1396","0.5822835432913417","0.2793441311737652","0.479739010989011","0.2502299540091981","-2.1197569311972586","3965","244"
"fig3b","0.13886046961167214","0.0107977516232771","5000","2905","1213","0.5810837832433513","0.242751449710058","0.41775636613902273","0.21369726054789043","-2.187705479993241","3966","245"
"fig3b","0.13886046961167214","0.011659144011798317","5000","2831","1070","0.5662867426514697","0.21415716856628675","0.3781779661016949","0.18584283143371327","-2.2468354765669005","3967","246"
"fig3b","0.13886046961167214","0.012589254117941675","5000","2755","931","0.5510897820435913","0.1863627274545091","0.3381712626995646","0.15880823835232954","-2.294636413058072","3968","247"
"fig3b","0.13886046961167214","0.013593563908785255","5000","2734","903","0.5468906218756249","0.1807638472305539","0.33053016453382084","0.15341931613677265","-2.3282109268819795","3969","248"
"fig3b","0.13886046961167214","0.014677992676220698","5000","2651","689","0.5302939412117577","0.13797240551889622","0.26018099547511314","0.11145770845830834","-2.344233752264131","3970","249"
"fig3b","0.13886046961167214","0.015848931924611134","5000","2578","586","0.5156968606278745","0.11737652469506099","0.22760759984490112","0.09159168166366727","-2.343997191562835","3971","250"
"fig3b","0.13886046961167214","0.01711328304161781","5000","2524","600","0.5048990201959608","0.1201759648070386","0.23801980198019804","0.09493101379724056","-2.3423388788637","3972","251"
"fig3b","0.13886046961167214","0.018478497974222907","5000","2459","591","0.49190161967606477","0.118376324735053","0.24065040650406505","0.09378124375124976","-2.3405471498355723","3973","252"
"fig3b","0.13886046961167214","0.0199526231496888","5000","2488","578","0.4977004599080184","0.11577684463107378","0.23262354359180393","0.09089182163567286","-2.3386111739806097","3974","253"
"fig3b","0.13886046961167214","0.021544346900318832","5000","2416","597","0.4833033393321336","0.1195760847830434","0.24741414977244516","0.09541091781643671","-2.3365192255602665","3975","254"
"fig3b","0.13886046961167214","0.02326305067153626","5000","2355","561","0.47110577884423116","0.11237752449510098","0.23853989813242785","0.08882223555288943","-2.3342586069501863","3976","255"
"fig3b","0.13886046961167214","0.025118864315095794","5000","2374","550","0.47490501899620075","0.11017796440711858","0.232","0.08643271345730855","-2.331815564997214","3977","256"
"fig3b","0.13886046961167214","0.02712272579332028","5000","2396","562","0.4793041391721656","0.11257748450309939","0.23487692949520234","0.08861227754449111","-2.329175199675774","3978","257"
"fig3b","0.13886046961167214","0.029286445646252372","5000","2347","570","0.46950609878024396","0.11417716456708658","0.24318568994889267","0.09070185962807438","-2.3263213642518963","3979","258"
"fig3b","0.13886046961167214","0.03162277660168379","5000","2354","560","0.4709058188362327","0.11217756448710257","0.23821656050955414","0.08863227354529093","-2.3232365560729136","3980","259"
"fig3b","0.13886046961167214","0.034145488738336005","5000","2313","525","0.46270745850829836","0.10517896420715857","0.22731201382886776","0.08204359128174366","-2.3199017969943725","3981","260"
"fig3b","0.13886046961167214","0.03686945064519575","5000","2450","567","0.4901019796040792","0.11357728454309138","0.23174214606283147","0.08907218556288742","-2.3162965023325626","3982","261"
"fig3b","0.13886046961167214","0.039810717055349734","5000","2378","573","0.47570485902819437","0.11477704459108179","0.24127784783522488","0.09099180163967208","-2.3123983370975623","3983","262"
"fig3b","0.13886046961167214","0.042986623470822764","5000","2425","565","0.4851029794041192","0.11317736452709458","0.2333058532563891","0.08892221555688862","-2.3081830580976828","3984","263"
"fig3b","0.13886046961167214","0.046415888336127774","5000","2412","545","0.48250349930013997","0.10917816436712657","0.22627434728553666","0.08505298940211957","-2.3036243403333856","3985","264"
"fig3b","0.13886046961167214","0.05011872336272722","5000","2403","566","0.4807038592281544","0.11337732453509299","0.23585690515806987","0.08934213157368526","-2.298693585880102","3986","265"
"fig3b","0.13886046961167214","0.054116952654646375","5000","2292","554","0.4585082983403319","0.11097780443911218","0.2420409943305713","0.08805238952209558","-2.2933597132266073","3987","266"
"fig3b","0.13886046961167214","0.05843414133735175","5000","2361","522","0.47230553889222154","0.10457908418316336","0.2214225232853514","0.08096380723855229","-2.2875889247604846","3988","267"
"fig3b","0.13886046961167214","0.06309573444801933","5000","2363","535","0.47270545890821836","0.10717856428714258","0.22673434856175975","0.08354329134173166","-2.2813444497535897","3989","268"
"fig3b","0.13886046961167214","0.06812920690579614","5000","2351","542","0.47030593881223753","0.10857828434313137","0.2308673469387755","0.0850629874025195","-2.274586259856193","3990","269"
"fig3b","0.13886046961167214","0.07356422544596414","5000","2372","517","0.47450509898020393","0.10357928414317137","0.21828908554572274","0.07985402919416118","-2.267270753639707","3991","270"
"fig3b","0.13886046961167214","0.07943282347242814","5000","2351","513","0.47030593881223753","0.10277944411117776","0.2185374149659864","0.07926414717056587","-2.259350406246881","3992","271"
"fig3b","0.13886046961167214","0.08576958985908942","5000","2355","545","0.47110577884423116","0.10917816436712657","0.23174872665534804","0.08562287542491501","-2.25077337958831","3993","272"
"fig3b","0.13886046961167214","0.09261187281287937","5000","2361","578","0.47230553889222154","0.11577684463107378","0.24513124470787467","0.0921615676864627","-2.2414830878384464","3994","273"
"fig3b","0.13886046961167214","0.1","5000","2329","522","0.46590681863627276","0.10457908418316336","0.22446351931330472","0.08128374325134972","-2.2314177121370165","3995","274"
"fig3b","0.13886046961167214","0.10797751623277094","5000","2332","474","0.46650669866026795","0.09498100379924015","0.20360051435919418","0.07165566886622676","-2.220509657420706","3996","275"
"fig3b","0.13886046961167214","0.11659144011798317","5000","2314","553","0.46290741851629674","0.11077784443111378","0.2393088552915767","0.08763247350529894","-2.2086849431287874","3997","276"
"fig3b","0.13886046961167214","0.12589254117941676","5000","2373","478","0.47470505898820237","0.09578084383123375","0.20176916596461666","0.07204559088182363","-2.195862518094998","3998","277"
"fig3b","0.13886046961167214","0.13593563908785256","5000","2322","455","0.46450709858028394","0.09118176364727054","0.19629789065863107","0.06795640871825634","-2.181953488239799","3999","278"
"fig3b","0.13886046961167214","0.14677992676220697","5000","2305","501","0.4611077784443111","0.10037992401519696","0.21769297484822206","0.0773245350929814","-2.166860243577588","4000","279"
"fig3b","0.13886046961167214","0.15848931924611134","5000","2307","530","0.4615076984603079","0.10617876424715057","0.23006932409012132","0.08310337932413517","-2.1504754684818863","4001","280"
"fig3b","0.13886046961167214","0.1711328304161781","5000","2247","462","0.4495100979804039","0.09258148370325935","0.20596085409252668","0.07010597880423915","-2.132681015996127","4002","281"
"fig3b","0.13886046961167214","0.18478497974222907","5000","2259","518","0.45190961807638474","0.10377924415116976","0.22964601769911502","0.08118376324735052","-2.1133466229731823","4003","282"
"fig3b","0.13886046961167214","0.19952623149688797","5000","2246","451","0.44931013797240554","0.09038192361527694","0.20115709835336001","0.06791641671665666","-2.092328437810494","4004","283"
"fig3b","0.13886046961167214","0.21544346900318834","5000","2234","471","0.4469106178764247","0.09438112377524495","0.2111856823266219","0.07203559288142371","-2.0694673260575485","4005","284"
"fig3b","0.13886046961167214","0.23263050671536262","5000","2290","420","0.45810837832433515","0.08418316336732654","0.18376254910519424","0.06127774445110978","-2.0445869107443855","4006","285"
"fig3b","0.13886046961167214","0.25118864315095796","5000","2192","488","0.4385122975404919","0.09778044391121776","0.22298221614227087","0.07585482903419316","-2.0174912930722257","4007","286"
"fig3b","0.13886046961167214","0.27122725793320285","5000","2197","480","0.43951209758048393","0.09618076384723055","0.21883530482256594","0.07420515896820636","-1.9879623839617864","4008","287"
"fig3b","0.13886046961167214","0.29286445646252357","5000","2231","437","0.44631073785242953","0.08758248350329934","0.19623655913978494","0.06526694661067786","-1.95575675600179","4009","288"
"fig3b","0.13886046961167214","0.31622776601683794","5000","2147","428","0.4295140971805639","0.08578284343131373","0.19972067039106145","0.06430713857228554","-1.9206018956672892","4010","289"
"fig3b","0.13886046961167214","0.34145488738336005","5000","2208","416","0.4417116576684663","0.08338332333533294","0.18877320054323224","0.061297740451909624","-1.8821916924816833","4011","290"
"fig3b","0.13886046961167214","0.3686945064519575","5000","2183","422","0.4367126574685063","0.08458308338332333","0.1936813186813187","0.06274745050989802","-1.8401809370375872","4012","291"
"fig3b","0.13886046961167214","0.3981071705534973","5000","2096","399","0.41931613677264545","0.07998400319936012","0.19074868860276586","0.059018196360727845","-1.7941784994055467","4013","292"
"fig3b","0.13886046961167214","0.42986623470822766","5000","2177","372","0.4355128974205159","0.07458508298340331","0.1712580348943985","0.05280943811237752","-1.7437386980312226","4014","293"
"fig3b","0.13886046961167214","0.464158883361278","5000","2046","369","0.40931813637272546","0.07398520295940812","0.180752320468979","0.053519296140771846","-1.688350098729046","4015","294"
"fig3b","0.13886046961167214","0.5011872336272722","5000","2072","379","0.41451709658068386","0.07598480303939212","0.18330921369995176","0.05525894821035793","-1.6274205084772575","4016","295"
"fig3b","0.13886046961167214","0.5411695265464638","5000","2018","356","0.40371925614877024","0.07138572285542892","0.17682020802377416","0.05119976004799041","-1.5602560492128532","4017","296"
"fig3b","0.13886046961167214","0.5843414133735175","5000","1965","356","0.393121375724855","0.07138572285542892","0.18158697863682607","0.05172965406918617","-1.486030462695311","4018","297"
"fig3b","0.13886046961167214","0.6309573444801932","5000","1965","289","0.393121375724855","0.05798840231953609","0.14750762970498474","0.03833233353329334","-1.4037371113429344","4019","298"
"fig3b","0.13886046961167214","0.6812920690579611","5000","1882","279","0.3765246950609878","0.05598880223955209","0.14869888475836432","0.0371625674865027","-1.312107540007787","4020","299"
"fig3b","0.13886046961167214","0.7356422544596414","5000","1832","272","0.3665266946610678","0.05458908218356329","0.14893617021276595","0.03626274745050989","-1.2094578411316093","4021","300"
"fig3b","0.13886046961167214","0.7943282347242814","5000","1727","249","0.34553089382123575","0.04999000199960008","0.14467592592592593","0.032713457308538293","-1.093353988439219","4022","301"
"fig3b","0.13886046961167214","0.8576958985908941","5000","1691","210","0.33833233353329334","0.042191561687662464","0.12470449172576831","0.025274945010997796","-0.9597106577900263","4023","302"
"fig3b","0.13886046961167214","0.9261187281287933","5000","1607","204","0.3215356928614277","0.04099180163967207","0.12748756218905474","0.024915016996600682","-0.7992685240886601","4024","303"
"fig3b","0.13886046961167214","1.0","5000","1481","182","0.29634073185362925","0.03659268146370726","0.12348178137651825","0.021775644871025797","-0.52277979140257","4025","304"
"fig3b","0.15073818685309331","0.01","5000","2784","1086","0.5568886222755449","0.21735652869426114","0.39030520646319566","0.1895120975804839","-2.228991801447677","4026","305"
"fig3b","0.15073818685309331","0.0107977516232771","5000","2720","972","0.5440911817636472","0.19456108778244352","0.35758912164645357","0.16735652869426115","-2.2784720974293577","4027","306"
"fig3b","0.15073818685309331","0.011659144011798317","5000","2721","847","0.5442911417716457","0.16956608678264348","0.3115356355620867","0.1423515296940612","-2.314203945440852","4028","307"
"fig3b","0.15073818685309331","0.012589254117941675","5000","2621","717","0.5242951409718056","0.14357128574285144","0.2738367658276125","0.11735652869426116","-2.3329249619397103","4029","308"
"fig3b","0.15073818685309331","0.013593563908785255","5000","2530","623","0.5060987802439512","0.1247750449910018","0.24654286843145004","0.09947010597880424","-2.333972354551719","4030","309"
"fig3b","0.15073818685309331","0.014677992676220698","5000","2555","573","0.5110977804439112","0.11477704459108179","0.22456964006259783","0.08922215556888623","-2.3322976751641704","4031","310"
"fig3b","0.15073818685309331","0.015848931924611134","5000","2428","587","0.48570285942811436","0.11757648470305938","0.2420749279538905","0.09329134173165367","-2.3304883066303432","4032","311"
"fig3b","0.15073818685309331","0.01711328304161781","5000","2488","535","0.4977004599080184","0.10717856428714258","0.21534752912816393","0.08229354129174166","-2.328533322541915","4033","312"
"fig3b","0.15073818685309331","0.018478497974222907","5000","2349","524","0.4699060187962408","0.10497900419916016","0.2234042553191489","0.08148370325934812","-2.3264208945807923","4034","313"
"fig3b","0.15073818685309331","0.0199526231496888","5000","2354","544","0.4709058188362327","0.10897820435912818","0.23142250530785566","0.08543291341731654","-2.3241382155168253","4035","314"
"fig3b","0.15073818685309331","0.021544346900318832","5000","2403","519","0.4807038592281544","0.10397920415916817","0.21630615640599002","0.07994401119776046","-2.321671415213757","4036","315"
"fig3b","0.15073818685309331","0.02326305067153626","5000","2304","511","0.46090781843631273","0.10237952409518096","0.22212581344902385","0.07933413317336532","-2.3190054689431463","4037","316"
"fig3b","0.15073818685309331","0.025118864315095794","5000","2351","527","0.47030593881223753","0.10557888422315537","0.22448979591836735","0.08206358728254348","-2.3161240972280552","4038","317"
"fig3b","0.15073818685309331","0.02712272579332028","5000","2399","547","0.47990401919616077","0.10957808438312337","0.22833333333333333","0.08558288342331533","-2.313009656341137","4039","318"
"fig3b","0.15073818685309331","0.029286445646252372","5000","2330","551","0.46610677864427114","0.11037792441511697","0.2368082368082368","0.08707258548290342","-2.3096430184837686","4040","319"
"fig3b","0.15073818685309331","0.03162277660168379","5000","2397","524","0.47950409918016396","0.10497900419916016","0.2189324437030859","0.08100379924015197","-2.3060034405538943","4041","320"
"fig3b","0.15073818685309331","0.034145488738336005","5000","2333","531","0.4667066586682663","0.10637872425514897","0.22793487574978577","0.08304339132173565","-2.3020684202760435","4042","321"
"fig3b","0.15073818685309331","0.03686945064519575","5000","2315","547","0.4631073785242951","0.10957808438312337","0.2366148531951641","0.08642271545690862","-2.297813538315438","4043","322"
"fig3b","0.15073818685309331","0.039810717055349734","5000","2365","516","0.47310537892421517","0.10337932413517296","0.21851225697379542","0.07972405518896221","-2.2932122848234826","4044","323"
"fig3b","0.15073818685309331","0.042986623470822764","5000","2382","534","0.47650469906018794","0.10697860427914417","0.22450692404532102","0.08315336932613478","-2.2882358686617295","4045","324"
"fig3b","0.15073818685309331","0.046415888336127774","5000","2363","545","0.47270545890821836","0.10917816436712657","0.23096446700507614","0.08554289142171566","-2.282853007325116","4046","325"
"fig3b","0.15073818685309331","0.05011872336272722","5000","2438","515","0.4877024595080984","0.10317936412717456","0.2115621156211562","0.07879424115176964","-2.277029695313672","4047","326"
"fig3b","0.15073818685309331","0.054116952654646375","5000","2371","545","0.47430513897220555","0.10917816436712657","0.23018549747048903","0.0854629074185163","-2.2707289484075375","4048","327"
"fig3b","0.15073818685309331","0.05843414133735175","5000","2316","508","0.46330733853229356","0.10177964407118577","0.21968062149331033","0.07861427714457109","-2.2639105209426305","4049","328"
"fig3b","0.15073818685309331","0.06309573444801933","5000","2301","520","0.46030793841231754","0.10417916416716656","0.2263249348392702","0.08116376724655068","-2.256530592774567","4050","329"
"fig3b","0.15073818685309331","0.06812920690579614","5000","2331","540","0.46630673865226957","0.10817836432713457","0.23198970840480274","0.08486302739452109","-2.2485414221504243","4051","330"
"fig3b","0.15073818685309331","0.07356422544596414","5000","2280","525","0.45610877824435114","0.10517896420715857","0.23060061376589214","0.082373525294941","-2.2398909601515697","4052","331"
"fig3b","0.15073818685309331","0.07943282347242814","5000","2280","528","0.45610877824435114","0.10577884423115377","0.23191582639193337","0.08297340531893621","-2.2305224217292334","4053","332"
"fig3b","0.15073818685309331","0.08576958985908942","5000","2299","484","0.45990801839632073","0.09698060387922415","0.2108695652173913","0.07398520295940811","-2.2203738075933757","4054","333"
"fig3b","0.15073818685309331","0.09261187281287937","5000","2270","534","0.45410917816436713","0.10697860427914417","0.23557904007045355","0.08427314537092581","-2.2093773703359147","4055","334"
"fig3b","0.15073818685309331","0.1","5000","2331","501","0.46630673865226957","0.10037992401519696","0.21526586620926244","0.07706458708258349","-2.197459017107633","4056","335"
"fig3b","0.15073818685309331","0.10797751623277094","5000","2245","485","0.4491101779644071","0.09718056388722256","0.2163846838824577","0.0747250549890022","-2.1845376399353995","4057","336"
"fig3b","0.15073818685309331","0.11659144011798317","5000","2346","576","0.46930613877224553","0.11537692461507698","0.24584576054537707","0.0919116176764647","-2.170524363282368","4058","337"
"fig3b","0.15073818685309331","0.12589254117941676","5000","2265","478","0.45310937812437513","0.09578084383123375","0.2113857016769638","0.073125374925015","-2.155321696671251","4059","338"
"fig3b","0.15073818685309331","0.13593563908785256","5000","2251","493","0.45030993801239755","0.09878024395120975","0.21936056838365894","0.07626474705058987","-2.1388225780737002","4060","339"
"fig3b","0.15073818685309331","0.14677992676220697","5000","2251","538","0.45030993801239755","0.10777844431113777","0.23934280639431615","0.08526294741051789","-2.12090929116809","4061","340"
"fig3b","0.15073818685309331","0.15848931924611134","5000","2261","501","0.4523095380923815","0.10037992401519696","0.22192749778956677","0.0777644471105779","-2.1014522364110633","4062","341"
"fig3b","0.15073818685309331","0.1711328304161781","5000","2214","464","0.4429114177164567","0.09298140371925614","0.20993227990970653","0.07083583283343331","-2.080308531990454","4063","342"
"fig3b","0.15073818685309331","0.18478497974222907","5000","2188","451","0.4377124575084983","0.09038192361527694","0.2064869803563271","0.06849630073985202","-2.0573204158693557","4064","343"
"fig3b","0.15073818685309331","0.19952623149688797","5000","2250","465","0.4501099780043991","0.09318136372725455","0.20701910262105733","0.0706758648270346","-2.0323134140664934","4065","344"
"fig3b","0.15073818685309331","0.21544346900318834","5000","2183","472","0.4367126574685063","0.09458108378324336","0.21657509157509158","0.07274545090981804","-2.0050942325516985","4066","345"
"fig3b","0.15073818685309331","0.23263050671536262","5000","2160","414","0.4321135772845431","0.08298340331933614","0.19204072188801483","0.06137772445510899","-1.9754483201152482","4067","346"
"fig3b","0.15073818685309331","0.25118864315095796","5000","2206","411","0.4413117376524695","0.08238352329534093","0.1866787494336203","0.06031793641271746","-1.943137036385565","4068","347"
"fig3b","0.15073818685309331","0.27122725793320285","5000","2171","439","0.43431313737252547","0.08798240351929613","0.20257826887661143","0.06626674665066987","-1.907894341488685","4069","348"
"fig3b","0.15073818685309331","0.29286445646252357","5000","2181","400","0.4363127374525095","0.08018396320735853","0.18377635197066913","0.05836832633473306","-1.869422899627068","4070","349"
"fig3b","0.15073818685309331","0.31622776601683794","5000","2154","401","0.4309138172365527","0.08038392321535692","0.18654292343387469","0.058838232353529286","-1.8273894548465819","4071","350"
"fig3b","0.15073818685309331","0.34145488738336005","5000","2081","395","0.41631673665266944","0.07918416316736653","0.19020172910662825","0.05836832633473305","-1.7814192881939448","4072","351"
"fig3b","0.15073818685309331","0.3686945064519575","5000","2118","407","0.4237152569486103","0.08158368326334733","0.19254365266635207","0.06039792041591682","-1.7310894924567037","4073","352"
"fig3b","0.15073818685309331","0.3981071705534973","5000","2122","396","0.42451509698060386","0.07938412317536493","0.1869995289684409","0.05815836832633474","-1.6759206883418756","4074","353"
"fig3b","0.15073818685309331","0.42986623470822766","5000","2009","366","0.40191961607678467","0.07338532293541292","0.1825870646766169","0.053289342131573686","-1.615366626372662","4075","354"
"fig3b","0.15073818685309331","0.464158883361278","5000","2031","353","0.40631873625274945","0.07078584283143372","0.17421259842519685","0.05046990601879624","-1.5488008194798226","4076","355"
"fig3b","0.15073818685309331","0.5011872336272722","5000","1966","302","0.39332133573285344","0.060587882423515295","0.15404168784951702","0.040921815636872624","-1.4754988279807435","4077","356"
"fig3b","0.15073818685309331","0.5411695265464638","5000","1933","271","0.3867226554689062","0.05438912217556489","0.140641158221303","0.03505298940211957","-1.3946138527555547","4078","357"
"fig3b","0.15073818685309331","0.5843414133735175","5000","1903","286","0.3807238552289542","0.057388522295540895","0.15073529411764708","0.038352329534093184","-1.3051413928615716","4079","358"
"fig3b","0.15073818685309331","0.6309573444801932","5000","1759","261","0.35192961407718454","0.052389522095580884","0.14886363636363636","0.03479304139172165","-1.2058646937158528","4080","359"
"fig3b","0.15073818685309331","0.6812920690579611","5000","1790","274","0.35812837432513495","0.054989002199560086","0.15354550530429928","0.03708258348330334","-1.0952633229617845","4081","360"
"fig3b","0.15073818685309331","0.7356422544596414","5000","1670","239","0.33413317336532694","0.04799040191961608","0.1436265709156194","0.031283743251349735","-0.971342539645093","4082","361"
"fig3b","0.15073818685309331","0.7943282347242814","5000","1602","224","0.3205358928214357","0.04499100179964007","0.14036182158452903","0.028964207158568286","-0.8312647641944864","4083","362"
"fig3b","0.15073818685309331","0.8576958985908941","5000","1477","177","0.2955408918216357","0.03559288142371526","0.12043301759133965","0.020815836832633473","-0.6703632445621963","4084","363"
"fig3b","0.15073818685309331","0.9261187281287933","5000","1396","149","0.2793441311737652","0.029994001199760048","0.10737294201861132","0.016026794641071786","-0.47830163058287667","4085","364"
"fig3b","0.15073818685309331","1.0","5000","1214","112","0.2429514097180564","0.022595480903819236","0.09300411522633745","0.010447910417916415","-0.157775769099203","4086","365"
"fig3b","0.16363188918560398","0.01","5000","2645","835","0.5290941811637673","0.16716656668666266","0.31594860166288735","0.1407118576284743","-2.294928893770475","4087","366"
"fig3b","0.16363188918560398","0.0107977516232771","5000","2596","685","0.5192961407718456","0.13717256548690263","0.26415094339622647","0.11120775844831035","-2.316915884277364","4088","367"
"fig3b","0.16363188918560398","0.011659144011798317","5000","2558","635","0.5116976604679064","0.1271745650869826","0.24853458382180538","0.10158968206358729","-2.3201880067428817","4089","368"
"fig3b","0.16363188918560398","0.012589254117941675","5000","2516","549","0.5032993401319736","0.10997800439912017","0.2185141040921732","0.0848130373925215","-2.3184948131231238","4090","369"
"fig3b","0.16363188918560398","0.013593563908785255","5000","2436","565","0.48730253949210156","0.11317736452709458","0.2322527697989331","0.0888122375524895","-2.3166654794873693","4091","370"
"fig3b","0.16363188918560398","0.014677992676220698","5000","2378","526","0.47570485902819437","0.10537892421515697","0.22152164775115596","0.08159368126374725","-2.3146889681369487","4092","371"
"fig3b","0.16363188918560398","0.015848931924611134","5000","2342","522","0.46850629874025196","0.10457908418316336","0.22321809645753307","0.08115376924615077","-2.312553331357435","4093","372"
"fig3b","0.16363188918560398","0.01711328304161781","5000","2354","503","0.4709058188362327","0.10077984403119376","0.2140127388535032","0.07723455308938212","-2.310245633905197","4094","373"
"fig3b","0.16363188918560398","0.018478497974222907","5000","2378","531","0.47570485902819437","0.10637872425514897","0.22362337116435477","0.08259348130373925","-2.3077518684870597","4095","374"
"fig3b","0.16363188918560398","0.0199526231496888","5000","2330","543","0.46610677864427114","0.10877824435112977","0.2333762333762334","0.08547290541891622","-2.3050568635379136","4096","375"
"fig3b","0.16363188918560398","0.021544346900318832","5000","2329","526","0.46590681863627276","0.10537892421515697","0.22618025751072962","0.08208358328334334","-2.3021441825173383","4097","376"
"fig3b","0.16363188918560398","0.02326305067153626","5000","2317","511","0.46350729854029193","0.10237952409518096","0.22088006902502155","0.07920415916816637","-2.2989960138615118","4098","377"
"fig3b","0.16363188918560398","0.025118864315095794","5000","2334","517","0.46690661867626476","0.10357928414317137","0.22184154175588866","0.08023395320935814","-2.295593050624035","4099","378"
"fig3b","0.16363188918560398","0.02712272579332028","5000","2335","535","0.46710657868426314","0.10717856428714258","0.22945205479452058","0.08382323535292942","-2.2919143587221242","4100","379"
"fig3b","0.16363188918560398","0.029286445646252372","5000","2320","516","0.4641071785642871","0.10337932413517296","0.22274881516587677","0.0801739652069586","-2.2879372325768372","4101","380"
"fig3b","0.16363188918560398","0.03162277660168379","5000","2369","454","0.47390521895620874","0.09098180363927215","0.1919831223628692","0.06728654269146171","-2.283637036788093","4102","381"
"fig3b","0.16363188918560398","0.034145488738336005","5000","2355","489","0.47110577884423116","0.09798040391921616","0.20797962648556875","0.0744251149770046","-2.278987032310255","4103","382"
"fig3b","0.16363188918560398","0.03686945064519575","5000","2363","524","0.47270545890821836","0.10497900419916016","0.22208121827411167","0.08134373125374925","-2.2739581854094695","4104","383"
"fig3b","0.16363188918560398","0.039810717055349734","5000","2289","528","0.4579084183163367","0.10577884423115377","0.23100436681222708","0.08288342331533693","-2.2685189574523292","4105","384"
"fig3b","0.16363188918560398","0.042986623470822764","5000","2392","550","0.47850429914017195","0.11017796440711858","0.23025491015461766","0.08625274945010998","-2.2626350733241622","4106","385"
"fig3b","0.16363188918560398","0.046415888336127774","5000","2315","493","0.4631073785242951","0.09878024395120975","0.21329879101899826","0.075624875024995","-2.2562692659895447","4107","386"
"fig3b","0.16363188918560398","0.05011872336272722","5000","2290","514","0.45810837832433515","0.10297940411917617","0.2247926669576604","0.08007398520295941","-2.249380994358603","4108","387"
"fig3b","0.16363188918560398","0.054116952654646375","5000","2333","526","0.4667066586682663","0.10537892421515697","0.22579263067694946","0.08204359128174366","-2.241926131240774","4109","388"
"fig3b","0.16363188918560398","0.05843414133735175","5000","2297","510","0.4595080983803239","0.10217956408718257","0.22236727589208008","0.07920415916816637","-2.2338566177180894","4110","389"
"fig3b","0.16363188918560398","0.06309573444801933","5000","2326","485","0.46530693861227757","0.09718056388722256","0.20885259991405242","0.07391521695660867","-2.22512007974413","4111","390"
"fig3b","0.16363188918560398","0.06812920690579614","5000","2283","482","0.45670865826834633","0.09658068386322735","0.2114711033274956","0.07374525094981003","-2.2156594021714966","4112","391"
"fig3b","0.16363188918560398","0.07356422544596414","5000","2311","499","0.46230753849230155","0.09998000399920016","0.21626297577854672","0.07686462707458508","-2.2054122547054646","4113","392"
"fig3b","0.16363188918560398","0.07943282347242814","5000","2255","502","0.4511097780443911","0.10057988402319536","0.22296099290780141","0.0780243951209758","-2.1943105634516087","4114","393"
"fig3b","0.16363188918560398","0.08576958985908942","5000","2328","458","0.4657068586282743","0.09178164367126575","0.19708029197080293","0.06849630073985202","-2.182279920768167","4115","394"
"fig3b","0.16363188918560398","0.09261187281287937","5000","2247","464","0.4495100979804039","0.09298140371925614","0.20685053380782917","0.07050589882023595","-2.1692389249875816","4116","395"
"fig3b","0.16363188918560398","0.1","5000","2297","511","0.4595080983803239","0.10237952409518096","0.2228024369016536","0.07940411917616476","-2.1550984402476274","4117","396"
"fig3b","0.16363188918560398","0.10797751623277094","5000","2201","470","0.4403119376124775","0.09418116376724656","0.2138964577656676","0.07216556688662268","-2.139760765078961","4118","397"
"fig3b","0.16363188918560398","0.11659144011798317","5000","2286","474","0.4573085382923415","0.09498100379924015","0.20769567118495846","0.07211557688462308","-2.123118696525978","4119","398"
"fig3b","0.16363188918560398","0.12589254117941676","5000","2258","463","0.4517096580683863","0.09278144371125775","0.20540061974324925","0.07019596080783844","-2.1050544743263515","4120","399"
"fig3b","0.16363188918560398","0.13593563908785256","5000","2239","471","0.4479104179164167","0.09438112377524495","0.21071428571428572","0.07198560287942411","-2.0854385869924954","4121","400"
"fig3b","0.16363188918560398","0.14677992676220697","5000","2236","470","0.44731053789242153","0.09418116376724656","0.21054984354045597","0.07181563687262547","-2.0641284183831488","4122","401"
"fig3b","0.16363188918560398","0.15848931924611134","5000","2210","446","0.44211157768446313","0.08938212357528494","0.20217096336499318","0.06727654469106178","-2.040966709417063","4123","402"
"fig3b","0.16363188918560398","0.1711328304161781","5000","2173","451","0.4347130573885223","0.09038192361527694","0.2079116835326587","0.06864627074585083","-2.01577980473877","4124","403"
"fig3b","0.16363188918560398","0.18478497974222907","5000","2211","441","0.4423115376924615","0.08838232353529295","0.19981916817359857","0.06626674665066987","-1.9883756481800106","4125","404"
"fig3b","0.16363188918560398","0.19952623149688797","5000","2162","425","0.4325134973005399","0.08518296340731854","0.19694868238557559","0.06355728854229155","-1.9585414834025698","4126","405"
"fig3b","0.16363188918560398","0.21544346900318834","5000","2139","421","0.4279144171165767","0.08438312337532493","0.19719626168224297","0.0629874025194961","-1.9260412066794288","4127","406"
"fig3b","0.16363188918560398","0.23263050671536262","5000","2203","397","0.4407118576284743","0.07958408318336332","0.18058076225045372","0.057548490301939606","-1.8906123066719829","4128","407"
"fig3b","0.16363188918560398","0.25118864315095796","5000","2130","402","0.4261147770445911","0.08058388322335533","0.18911309244486155","0.059278144371125774","-1.8519623103243816","4129","408"
"fig3b","0.16363188918560398","0.27122725793320285","5000","2077","365","0.41551689662067587","0.07318536292741452","0.1761308950914341","0.052409518096380725","-1.8097646330503778","4130","409"
"fig3b","0.16363188918560398","0.29286445646252357","5000","2077","388","0.41551689662067587","0.07778444311137772","0.1871992300288739","0.05700859828034392","-1.7636537030221007","4131","410"
"fig3b","0.16363188918560398","0.31622776601683794","5000","2046","351","0.40931813637272546","0.07038592281543692","0.1719589643380557","0.04992001599680064","-1.713219189886047","4132","411"
"fig3b","0.16363188918560398","0.34145488738336005","5000","2026","351","0.40531893621275744","0.07038592281543692","0.17365564874198325","0.05011997600479905","-1.6579991118477722","4133","412"
"fig3b","0.16363188918560398","0.3686945064519575","5000","1925","380","0.385122975404919","0.07618476304739052","0.19781931464174454","0.056928614277144574","-1.5974715118901486","4134","413"
"fig3b","0.16363188918560398","0.3981071705534973","5000","1924","339","0.38492301539692064","0.06798640271945611","0.1766233766233766","0.04874025194961007","-1.5310442669930353","4135","414"
"fig3b","0.16363188918560398","0.42986623470822766","5000","1906","322","0.38132373525294944","0.06458708258348331","0.16937598321971684","0.045520895820835836","-1.4580423928593405","4136","415"
"fig3b","0.16363188918560398","0.464158883361278","5000","1870","262","0.374125174965007","0.052589482103579284","0.14056654195617316","0.03388322335532894","-1.3776918730936814","4137","416"
"fig3b","0.16363188918560398","0.5011872336272722","5000","1852","274","0.3705258948210358","0.054989002199560086","0.1484079870480302","0.0364627074585083","-1.2890984616281003","4138","417"
"fig3b","0.16363188918560398","0.5411695265464638","5000","1781","270","0.35632873425314937","0.05418916216756649","0.1520763187429854","0.03637272545490902","-1.191218840666977","4139","418"
"fig3b","0.16363188918560398","0.5843414133735175","5000","1750","237","0.35012997400519896","0.047590481903619274","0.13592233009708737","0.030083983203359324","-1.0828194253617198","4140","419"
"fig3b","0.16363188918560398","0.6309573444801932","5000","1675","211","0.33513297340531895","0.04239152169566087","0.12649164677804298","0.02563487302539492","-0.9624136802834471","4141","420"
"fig3b","0.16363188918560398","0.6812920690579611","5000","1558","183","0.3117376524695061","0.03679264147170566","0.118024374599102","0.02120575884823036","-0.828158518268765","4142","421"
"fig3b","0.16363188918560398","0.7356422544596414","5000","1490","176","0.2981403719256149","0.03539292141571686","0.11871227364185111","0.020485902819436113","-0.6776633345785115","4143","422"
"fig3b","0.16363188918560398","0.7943282347242814","5000","1463","129","0.2927414517096581","0.025994801039792043","0.08879781420765027","0.011357728454309136","-0.5075816886498217","4144","423"
"fig3b","0.16363188918560398","0.8576958985908941","5000","1308","108","0.261747650469906","0.021795640871825634","0.08326967150496563","0.008708258348330333","-0.31252636215918983","4145","424"
"fig3b","0.16363188918560398","0.9261187281287933","5000","1216","95","0.24335132973405318","0.01919616076784643","0.07888249794576828","0.007028594281143769","-0.08086440605717371","4146","425"
"fig3b","0.16363188918560398","1.0","5000","1077","109","0.21555688862227554","0.021995600879824034","0.10204081632653061","0.011217756448710255","0.293984398753139","4147","426"
"fig3b","0.17762848099363565","0.01","5000","2481","629","0.4963007398520296","0.1259748050389922","0.2538275584206285","0.10115976804639071","-2.301210054956698","4148","427"
"fig3b","0.17762848099363565","0.0107977516232771","5000","2452","580","0.490501899620076","0.11617676464707058","0.2368528332653893","0.09165166966606678","-2.2994964628917103","4149","428"
"fig3b","0.17762848099363565","0.011659144011798317","5000","2452","570","0.490501899620076","0.11417716456708658","0.232776192417448","0.08965206958608278","-2.297645125054885","4150","429"
"fig3b","0.17762848099363565","0.012589254117941675","5000","2410","543","0.48210357928414316","0.10877824435112977","0.22563251762754044","0.08467306538692261","-2.295644879304433","4151","430"
"fig3b","0.17762848099363565","0.013593563908785255","5000","2326","498","0.46530693861227757","0.09978004399120176","0.21443919209282336","0.07651469706058787","-2.293483644183482","4152","431"
"fig3b","0.17762848099363565","0.014677992676220698","5000","2340","536","0.46810637872425515","0.10737852429514097","0.22938914993592482","0.08397320535892822","-2.291148340774953","4153","432"
"fig3b","0.17762848099363565","0.015848931924611134","5000","2309","492","0.46190761847630474","0.09858028394321136","0.21341991341991343","0.07548490301939612","-2.2886248075197386","4154","433"
"fig3b","0.17762848099363565","0.01711328304161781","5000","2404","497","0.4809038192361528","0.09958008398320337","0.20706860706860708","0.07553489302139572","-2.285897707301615","4155","434"
"fig3b","0.17762848099363565","0.018478497974222907","5000","2262","570","0.45250949810037994","0.11417716456708658","0.25231992929739283","0.09155168966206759","-2.2829504260258773","4156","435"
"fig3b","0.17762848099363565","0.0199526231496888","5000","2315","531","0.4631073785242951","0.10637872425514897","0.229706390328152","0.08322335532893421","-2.279764961828789","4157","436"
"fig3b","0.17762848099363565","0.021544346900318832","5000","2345","497","0.46910617876424715","0.09958008398320337","0.2122762148337596","0.076124775044991","-2.2763218039547723","4158","437"
"fig3b","0.17762848099363565","0.02326305067153626","5000","2343","490","0.46870625874825034","0.09818036392721456","0.20947098976109216","0.07474505098980204","-2.272599800228761","4159","438"
"fig3b","0.17762848099363565","0.025118864315095794","5000","2270","521","0.45410917816436713","0.10437912417516497","0.22985468956406868","0.08167366526694661","-2.2685760119143765","4160","439"
"fig3b","0.17762848099363565","0.02712272579332028","5000","2344","537","0.46890621875624877","0.10757848430313938","0.22942430703624733","0.08413317336532694","-2.2642255546145407","4161","440"
"fig3b","0.17762848099363565","0.029286445646252372","5000","2362","539","0.47250549890022","0.10797840431913618","0.22852306390181973","0.08435312937412517","-2.259521423692604","4162","441"
"fig3b","0.17762848099363565","0.03162277660168379","5000","2257","497","0.45150969806038793","0.09958008398320337","0.22054915854738708","0.07700459908018396","-2.2544343025135447","4163","442"
"fig3b","0.17762848099363565","0.034145488738336005","5000","2276","525","0.4553089382123575","0.10517896420715857","0.23100570926657885","0.08241351729654069","-2.248932351574979","4164","443"
"fig3b","0.17762848099363565","0.03686945064519575","5000","2342","508","0.46850629874025196","0.10177964407118577","0.21724285104566796","0.07835432913417317","-2.242980976366681","4165","444"
"fig3b","0.17762848099363565","0.039810717055349734","5000","2295","520","0.45910817836432716","0.10417916416716656","0.22691637630662018","0.0812237552489502","-2.2365425714940557","4166","445"
"fig3b","0.17762848099363565","0.042986623470822764","5000","2288","467","0.45770845830833834","0.09358128374325135","0.20445609436435125","0.07069586082783444","-2.2295762382887574","4167","446"
"fig3b","0.17762848099363565","0.046415888336127774","5000","2273","477","0.4547090581883623","0.09558088382323535","0.2102022867194371","0.07284543091381723","-2.222037472744887","4168","447"
"fig3b","0.17762848099363565","0.05011872336272722","5000","2273","484","0.4547090581883623","0.09698060387922415","0.2132805628847845","0.07424515096980604","-2.2138778201876903","4169","448"
"fig3b","0.17762848099363565","0.054116952654646375","5000","2274","494","0.4549090181963607","0.09898020395920816","0.2175824175824176","0.07623475304939012","-2.2050444925836814","4170","449"
"fig3b","0.17762848099363565","0.05843414133735175","5000","2250","518","0.4501099780043991","0.10377924415116976","0.2305641936916926","0.08127374525094981","-2.19547994381017","4171","450"
"fig3b","0.17762848099363565","0.06309573444801933","5000","2197","493","0.43951209758048393","0.09878024395120975","0.22474977252047312","0.07680463907218556","-2.185121397545771","4172","451"
"fig3b","0.17762848099363565","0.06812920690579614","5000","2288","467","0.45770845830833834","0.09358128374325135","0.20445609436435125","0.07069586082783444","-2.1739003216436004","4173","452"
"fig3b","0.17762848099363565","0.07356422544596414","5000","2230","462","0.4461107778444311","0.09258148370325935","0.2075302554908113","0.07027594481103779","-2.161741841948924","4174","453"
"fig3b","0.17762848099363565","0.07943282347242814","5000","2234","475","0.4469106178764247","0.09518096380723855","0.21297539149888142","0.0728354329134173","-2.1485640874559238","4175","454"
"fig3b","0.17762848099363565","0.08576958985908942","5000","2193","462","0.4387122575484903","0.09258148370325935","0.21103008204193255","0.07064587082583483","-2.1342774574494285","4176","455"
"fig3b","0.17762848099363565","0.09261187281287937","5000","2204","461","0.4409118176364727","0.09238152369526095","0.20952380952380953","0.07033593281343732","-2.1187837998191696","4177","456"
"fig3b","0.17762848099363565","0.1","5000","2249","457","0.44991001799640074","0.09158168366326734","0.20355555555555555","0.0690861827634473","-2.1019754880120445","4178","457"
"fig3b","0.17762848099363565","0.10797751623277094","5000","2232","433","0.4465106978604279","0.08678264347130574","0.19435736677115986","0.06445710857828434","-2.0837343820487604","4179","458"
"fig3b","0.17762848099363565","0.11659144011798317","5000","2174","474","0.4349130173965207","0.09498100379924015","0.21839080459770113","0.07323535292941412","-2.0639306566312996","4180","459"
"fig3b","0.17762848099363565","0.12589254117941676","5000","2226","413","0.4453109378124375","0.08278344331133773","0.18590031432420295","0.06051789642071585","-2.042421476484378","4181","460"
"fig3b","0.17762848099363565","0.13593563908785256","5000","2214","443","0.4429114177164567","0.08878224355128975","0.20045146726862303","0.06663667266546691","-2.0190494956501652","4182","461"
"fig3b","0.17762848099363565","0.14677992676220697","5000","2198","432","0.4397120575884823","0.08658268346330734","0.19690768531150524","0.06459708058388322","-1.9936411533267915","4183","462"
"fig3b","0.17762848099363565","0.15848931924611134","5000","2090","430","0.41811637672465507","0.08618276344731053","0.20612147297943567","0.06527694461107778","-1.9660047338398385","4184","463"
"fig3b","0.17762848099363565","0.1711328304161781","5000","2050","441","0.41011797640471903","0.08838232353529295","0.21550463188688448","0.06787642471505699","-1.9359281522587253","4185","464"
"fig3b","0.17762848099363565","0.18478497974222907","5000","2117","402","0.42351529694061185","0.08058388322335533","0.1902738432483475","0.05940811837632473","-1.9031764196839447","4186","465"
"fig3b","0.17762848099363565","0.19952623149688797","5000","2108","415","0.4217156568686263","0.08318336332733453","0.19724988146040778","0.062097580483903216","-1.8674887329592025","4187","466"
"fig3b","0.17762848099363565","0.21544346900318834","5000","2126","404","0.4253149370125975","0.08098380323935213","0.19040902679830748","0.059718056388722254","-1.8285751219149802","4188","467"
"fig3b","0.17762848099363565","0.23263050671536262","5000","2054","417","0.41091781643671266","0.08358328334333133","0.20340632603406325","0.06303739252149569","-1.7861125724590465","4189","468"
"fig3b","0.17762848099363565","0.25118864315095796","5000","2060","357","0.41211757648470304","0.07158568286342731","0.17370208636584183","0.05097980403919216","-1.739740524696515","4190","469"
"fig3b","0.17762848099363565","0.27122725793320285","5000","2071","384","0.4143171365726855","0.07698460307938412","0.1858108108108108","0.056268746250749846","-1.6890556201493894","4191","470"
"fig3b","0.17762848099363565","0.29286445646252357","5000","2040","375","0.4081183763247351","0.07518496300739852","0.1842234198922097","0.054779044191161766","-1.6336055383825965","4192","471"
"fig3b","0.17762848099363565","0.31622776601683794","5000","1966","354","0.39332133573285344","0.07098580283943211","0.1804778851042196","0.05131973605278943","-1.5728817169312777","4193","472"
"fig3b","0.17762848099363565","0.34145488738336005","5000","1996","345","0.3993201359728054","0.0691861627674465","0.17325988983475213","0.04922015596880623","-1.5063106827861077","4194","473"
"fig3b","0.17762848099363565","0.3686945064519575","5000","1944","293","0.3889222155568886","0.05878824235152969","0.15115681233933162","0.03934213157368526","-1.4332436279045169","4195","474"
"fig3b","0.17762848099363565","0.3981071705534973","5000","1894","296","0.3789242151569686","0.0593881223755249","0.15672823218997362","0.04044191161767646","-1.352943716456707","4196","475"
"fig3b","0.17762848099363565","0.42986623470822766","5000","1791","272","0.3583283343331334","0.05458908218356329","0.15234375","0.03667266546690662","-1.2645703837933127","4197","476"
"fig3b","0.17762848099363565","0.464158883361278","5000","1776","248","0.35532893421315737","0.04979004199160168","0.1401238041643219","0.03202359528094381","-1.1671595127366743","4198","477"
"fig3b","0.17762848099363565","0.5011872336272722","5000","1743","229","0.34873025394921014","0.04599080183963208","0.13188073394495414","0.02855428914217157","-1.0595977256870412","4199","478"
"fig3b","0.17762848099363565","0.5411695265464638","5000","1611","206","0.3223355328934213","0.041391721655668866","0.12841191066997518","0.0252749450109978","-0.9405878472881","4200","479"
"fig3b","0.17762848099363565","0.5843414133735175","5000","1580","176","0.3161367726454709","0.03539292141571686","0.11195445920303605","0.01958608278344331","-0.8086002803476333","4201","480"
"fig3b","0.17762848099363565","0.6309573444801932","5000","1515","178","0.3031393721255749","0.03579284143171366","0.11807387862796832","0.02063587282543491","-0.6618001573951346","4202","481"
"fig3b","0.17762848099363565","0.6812920690579611","5000","1411","156","0.28234353129374123","0.03139372125574885","0.11118980169971673","0.01727654469106179","-0.49792880218740265","4203","482"
"fig3b","0.17762848099363565","0.7356422544596414","5000","1301","125","0.26034793041391724","0.02519496100779844","0.0967741935483871","0.012177564487102579","-0.31408834750192227","4204","483"
"fig3b","0.17762848099363565","0.7943282347242814","5000","1230","86","0.2461507698460308","0.01739652069586083","0.07067424857839155","0.00508898220355929","-0.10628665393630854","4205","484"
"fig3b","0.17762848099363565","0.8576958985908941","5000","1131","84","0.22635472905418916","0.016996600679864027","0.07508833922261485","0.005678864227154568","0.1317614733588357","4206","485"
"fig3b","0.17762848099363565","0.9261187281287933","5000","1012","78","0.20255948810237953","0.015796840631873626","0.07798617966436328","0.005668866226754648","0.4132551704013281","4207","486"
"fig3b","0.17762848099363565","1.0","5000","859","45","0.17196560687862428","0.009198160367926415","0.05348837209302326","0.0005998800239952005","0.8554048142148929","4208","487"
"fig3b","0.19282230020774124","0.01","5000","2368","559","0.47370525894821036","0.11197760447910418","0.23638666103841283","0.08829234153169366","-2.2714796783888858","4209","488"
"fig3b","0.19282230020774124","0.0107977516232771","5000","2295","494","0.45910817836432716","0.09898020395920816","0.21559233449477352","0.0760247950409918","-2.2694539170720986","4210","489"
"fig3b","0.19282230020774124","0.011659144011798317","5000","2301","482","0.46030793841231754","0.09658068386322735","0.2098175499565595","0.07356528694261147","-2.2672651563822797","4211","490"
"fig3b","0.19282230020774124","0.012589254117941675","5000","2317","501","0.46350729854029193","0.10037992401519696","0.21656600517687663","0.07720455908818237","-2.2649001613763744","4212","491"
"fig3b","0.19282230020774124","0.013593563908785255","5000","2344","488","0.46890621875624877","0.09778044391121776","0.20852878464818764","0.07433513297340533","-2.26234460276288","4213","492"
"fig3b","0.19282230020774124","0.014677992676220698","5000","2265","467","0.45310937812437513","0.09358128374325135","0.20653133274492497","0.07092581483703259","-2.2595829631829076","4214","493"
"fig3b","0.19282230020774124","0.015848931924611134","5000","2221","523","0.4443111377724455","0.10477904419116177","0.23582358235823583","0.08256348730253948","-2.2565984349422195","4215","494"
"fig3b","0.19282230020774124","0.01711328304161781","5000","2195","477","0.4391121775644871","0.09558088382323535","0.2176684881602914","0.07362527494501099","-2.2533728083351434","4216","495"
"fig3b","0.19282230020774124","0.018478497974222907","5000","2214","481","0.4429114177164567","0.09638072385522896","0.217607223476298","0.07423515296940612","-2.2498863496001036","4217","496"
"fig3b","0.19282230020774124","0.0199526231496888","5000","2227","515","0.4455108978204359","0.10317936412717456","0.23159784560143626","0.08090381923615277","-2.2461176674302124","4218","497"
"fig3b","0.19282230020774124","0.021544346900318832","5000","2324","503","0.46490701859628075","0.10077984403119376","0.2167741935483871","0.07753449310137972","-2.242043566843847","4219","498"
"fig3b","0.19282230020774124","0.02326305067153626","5000","2303","514","0.46070785842831435","0.10297940411917617","0.22352430555555555","0.07994401119776044","-2.237638889073139","4220","499"
"fig3b","0.19282230020774124","0.025118864315095794","5000","2330","492","0.46610677864427114","0.09858028394321136","0.2114972114972115","0.0752749450109978","-2.232876335956945","4221","500"
"fig3b","0.19282230020774124","0.02712272579332028","5000","2264","462","0.45290941811637675","0.09258148370325935","0.20441501103752757","0.06993601279744051","-2.2277262771485766","4222","501"
"fig3b","0.19282230020774124","0.029286445646252372","5000","2159","483","0.4319136172765447","0.09678064387122576","0.22407407407407406","0.07518496300739852","-2.2221565382317863","4223","502"
"fig3b","0.19282230020774124","0.03162277660168379","5000","2287","495","0.4575084983003399","0.09918016396720655","0.21678321678321677","0.07630473905218955","-2.21613216758945","4224","503"
"fig3b","0.19282230020774124","0.034145488738336005","5000","2218","488","0.4437112577484503","0.09778044391121776","0.22036953582694907","0.07559488102379525","-2.209615179600746","4225","504"
"fig3b","0.19282230020774124","0.03686945064519575","5000","2229","507","0.4459108178364327","0.10157968406318736","0.22780269058295963","0.07928414317136573","-2.2025642714120863","4226","505"
"fig3b","0.19282230020774124","0.039810717055349734","5000","2239","475","0.4479104179164167","0.09518096380723855","0.2125","0.07278544291141771","-2.1949345101679114","4227","506"
"fig3b","0.19282230020774124","0.042986623470822764","5000","2249","476","0.44991001799640074","0.09538092381523695","0.212","0.07288542291541691","-2.1866769871614338","4228","507"
"fig3b","0.19282230020774124","0.046415888336127774","5000","2193","418","0.4387122575484903","0.08378324335132974","0.190975387420237","0.06184763047390522","-2.17773843487646","4229","508"
"fig3b","0.19282230020774124","0.05011872336272722","5000","2233","431","0.44671065786842634","0.08638272345530894","0.19337511190689347","0.06404719056188762","-2.1680608023337413","4230","509"
"fig3b","0.19282230020774124","0.054116952654646375","5000","2183","502","0.4367126574685063","0.10057988402319536","0.2303113553113553","0.07874425114977004","-2.1575807834983323","4231","510"
"fig3b","0.19282230020774124","0.05843414133735175","5000","2190","432","0.4381123775244951","0.08658268346330734","0.19762665449566408","0.06467706458708258","-2.1462292927596707","4232","511"
"fig3b","0.19282230020774124","0.06309573444801933","5000","2221","462","0.4443111377724455","0.09258148370325935","0.20837083708370835","0.07036592681463708","-2.133930880610251","4233","512"
"fig3b","0.19282230020774124","0.06812920690579614","5000","2244","487","0.44891021795640873","0.09758048390321936","0.2173719376391982","0.07513497300539893","-2.120603081645072","4234","513"
"fig3b","0.19282230020774124","0.07356422544596414","5000","2199","462","0.4399120175964807","0.09258148370325935","0.21045454545454545","0.07058588282343531","-2.1061556858023778","4235","514"
"fig3b","0.19282230020774124","0.07943282347242814","5000","2183","477","0.4367126574685063","0.09558088382323535","0.21886446886446886","0.07374525094981003","-2.0904899223982056","4236","515"
"fig3b","0.19282230020774124","0.08576958985908942","5000","2194","468","0.4389122175564887","0.09378124375124974","0.21366742596810934","0.07183563287342531","-2.0734975448754653","4237","516"
"fig3b","0.19282230020774124","0.09261187281287937","5000","2125","477","0.4251149770045991","0.09558088382323535","0.22483537158984004","0.07432513497300539","-2.0550598022946076","4238","517"
"fig3b","0.19282230020774124","0.1","5000","2130","455","0.4261147770445911","0.09118176364727054","0.21398404504927263","0.06987602479504099","-2.0350462813470642","4239","518"
"fig3b","0.19282230020774124","0.10797751623277094","5000","2104","439","0.42091581683663265","0.08798240351929613","0.20902612826603326","0.06693661267746451","-2.013313600048633","4240","519"
"fig3b","0.19282230020774124","0.11659144011798317","5000","2173","414","0.4347130573885223","0.08298340331933614","0.1908923643054278","0.06124775044991002","-1.9897039311287585","4241","520"
"fig3b","0.19282230020774124","0.12589254117941676","5000","2172","411","0.4345130973805239","0.08238352329534093","0.18959963184537507","0.06065786842631474","-1.964043329432286","4242","521"
"fig3b","0.19282230020774124","0.13593563908785256","5000","2075","385","0.41511697660467906","0.07718456308738253","0.18593448940269752","0.05642871425714857","-1.9361398332150657","4243","522"
"fig3b","0.19282230020774124","0.14677992676220697","5000","2053","427","0.4107178564287143","0.08558288342331534","0.20837390457643623","0.06504699060187963","-1.9057813039074745","4244","523"
"fig3b","0.19282230020774124","0.15848931924611134","5000","2038","395","0.40771845630873826","0.07918416316736653","0.19421284943599804","0.05879824035192961","-1.872732962515471","4245","524"
"fig3b","0.19282230020774124","0.1711328304161781","5000","2034","377","0.40691861627674464","0.07558488302339532","0.18574938574938574","0.05523895220955809","-1.8367345730667353","4246","525"
"fig3b","0.19282230020774124","0.18478497974222907","5000","2045","377","0.4091181763647271","0.07558488302339532","0.1847507331378299","0.05512897420515896","-1.7974972140144132","4247","526"
"fig3b","0.19282230020774124","0.19952623149688797","5000","2126","334","0.4253149370125975","0.0669866026794641","0.15749882463563702","0.04572085582883423","-1.7546995668048453","4248","527"
"fig3b","0.19282230020774124","0.21544346900318834","5000","2010","369","0.40211957608478305","0.07398520295940812","0.1839880656389856","0.053879224155168964","-1.707983636229585","4249","528"
"fig3b","0.19282230020774124","0.23263050671536262","5000","2029","356","0.40591881623675263","0.07138572285542892","0.17586206896551726","0.051089782043591284","-1.6569497987889292","4250","529"
"fig3b","0.19282230020774124","0.25118864315095796","5000","1980","335","0.396120775844831","0.06718656268746251","0.1696113074204947","0.04738052389522096","-1.6011510517422494","4251","530"
"fig3b","0.19282230020774124","0.27122725793320285","5000","1931","344","0.3863227354529094","0.06898620275944811","0.17857142857142858","0.04967006598680264","-1.540086304874194","4252","531"
"fig3b","0.19282230020774124","0.29286445646252357","5000","1870","313","0.374125174965007","0.0627874425114977","0.16782469267771244","0.04408118376324735","-1.4731925162837456","4253","532"
"fig3b","0.19282230020774124","0.31622776601683794","5000","1885","286","0.377124575084983","0.057388522295540895","0.15217391304347827","0.03853229354129174","-1.399835418132625","4254","533"
"fig3b","0.19282230020774124","0.34145488738336005","5000","1783","275","0.3567286542691462","0.055188962207558485","0.15470852017937217","0.03735252949410117","-1.319298500879313","4255","534"
"fig3b","0.19282230020774124","0.3686945064519575","5000","1688","258","0.33773245350929815","0.051789642071585686","0.15334517465956188","0.03490301939612078","-1.2307698129058622","4256","535"
"fig3b","0.19282230020774124","0.3981071705534973","5000","1747","244","0.34953009398120377","0.04899020195960808","0.14016018306636155","0.03151369726054789","-1.1333259655443157","4257","536"
"fig3b","0.19282230020774124","0.42986623470822766","5000","1639","207","0.32793441311737653","0.041591681663667265","0.12682926829268293","0.025194961007798437","-1.0259124737121397","4258","537"
"fig3b","0.19282230020774124","0.464158883361278","5000","1574","191","0.3149370125974805","0.03839232153569286","0.12190476190476189","0.02264547090581883","-0.9073191390355078","4259","538"
"fig3b","0.19282230020774124","0.5011872336272722","5000","1520","173","0.3041391721655669","0.03479304139172166","0.11439842209072978","0.019586082783443315","-0.7761484562000192","4260","539"
"fig3b","0.19282230020774124","0.5411695265464638","5000","1432","150","0.28654269146170763","0.030193961207758448","0.10537334263782276","0.015866826634673065","-0.630773703106172","4261","540"
"fig3b","0.19282230020774124","0.5843414133735175","5000","1411","127","0.28234353129374123","0.02559488102379524","0.0906515580736544","0.011477704459108177","-0.4692808090441076","4262","541"
"fig3b","0.19282230020774124","0.6309573444801932","5000","1251","116","0.2503499300139972","0.023395320935812838","0.09345047923322684","0.010877824435112978","-0.28938269676410755","4263","542"
"fig3b","0.19282230020774124","0.6812920690579611","5000","1227","96","0.2455508898220356","0.019396120775844832","0.07899022801302932","0.007118576284743052","-0.08828229452541336","4264","543"
"fig3b","0.19282230020774124","0.7356422544596414","5000","1174","78","0.2349530093981204","0.015796840631873626","0.06723404255319149","0.004049190161967605","0.13757228890906958","4265","544"
"fig3b","0.19282230020774124","0.7943282347242814","5000","1020","69","0.20415916816636673","0.013997200559888023","0.06856023506366307","0.0037892421515696856","0.3929978278530655","4266","545"
"fig3b","0.19282230020774124","0.8576958985908941","5000","952","58","0.1905618876224755","0.011797640471905619","0.06190975865687303","0.002269546090781843","0.6854056759275409","4267","546"
"fig3b","0.19282230020774124","0.9261187281287933","5000","853","36","0.17076584683063387","0.007398520295940812","0.043325526932084316","-0.0011397720455908807","1.0298937648475999","4268","547"
"fig3b","0.19282230020774124","1.0","5000","769","24","0.15396920615876825","0.004999000199960008","0.032467532467532464","-0.0026994601079784047","1.5557769385546294","4269","548"
"fig3b","0.20931575414832518","0.01","5000","2234","432","0.4469106178764247","0.08658268346330734","0.19373601789709174","0.0642371525694861","-2.2312967892130757","4270","549"
"fig3b","0.20931575414832518","0.0107977516232771","5000","2290","492","0.45810837832433515","0.09858028394321136","0.21518987341772153","0.07567486502699461","-2.2289007403068126","4271","550"
"fig3b","0.20931575414832518","0.011659144011798317","5000","2237","509","0.4475104979004199","0.10197960407918416","0.22788203753351205","0.07960407918416317","-2.2263116824047415","4272","551"
"fig3b","0.20931575414832518","0.012589254117941675","5000","2222","477","0.4445110977804439","0.09558088382323535","0.21502474134053082","0.07335532893421315","-2.2235139084640707","4273","552"
"fig3b","0.20931575414832518","0.013593563908785255","5000","2223","487","0.44471105778844233","0.09758048390321936","0.21942446043165467","0.07534493101379725","-2.220490406895749","4274","553"
"fig3b","0.20931575414832518","0.014677992676220698","5000","2176","467","0.4353129374125175","0.09358128374325135","0.21497473587505744","0.07181563687262547","-2.2172227489155887","4275","554"
"fig3b","0.20931575414832518","0.015848931924611134","5000","2210","489","0.44211157768446313","0.09798040391921616","0.22161917684305743","0.075874825034993","-2.213690965474285","4276","555"
"fig3b","0.20931575414832518","0.01711328304161781","5000","2201","493","0.4403119376124775","0.09878024395120975","0.2243415077202543","0.07676464707058588","-2.2098734126974477","4277","556"
"fig3b","0.20931575414832518","0.018478497974222907","5000","2304","509","0.46090781843631273","0.10197960407918416","0.2212581344902386","0.07893421315736852","-2.2057466246416197","4278","557"
"fig3b","0.20931575414832518","0.0199526231496888","5000","2240","478","0.4481103779244151","0.09578084383123375","0.213743864346274","0.073375324935013","-2.2012851520194374","4279","558"
"fig3b","0.20931575414832518","0.021544346900318832","5000","2194","475","0.4389122175564887","0.09518096380723855","0.21685649202733484","0.0732353529294141","-2.196461385399573","4280","559"
"fig3b","0.20931575414832518","0.02326305067153626","5000","2224","475","0.4449110177964407","0.09518096380723855","0.2139325842696629","0.07293541291741651","-2.191245361191278","4281","560"
"fig3b","0.20931575414832518","0.025118864315095794","5000","2203","470","0.4407118576284743","0.09418116376724656","0.21370235934664247","0.07214557088582284","-2.185604548514874","4282","561"
"fig3b","0.20931575414832518","0.02712272579332028","5000","2246","440","0.44931013797240554","0.08818236352729454","0.19626168224299065","0.06571685662867427","-2.1795036148274107","4283","562"
"fig3b","0.20931575414832518","0.029286445646252372","5000","2182","478","0.4365126974605079","0.09578084383123375","0.2194228126431516","0.07395520895820835","-2.172904167883644","4284","563"
"fig3b","0.20931575414832518","0.03162277660168379","5000","2210","448","0.44211157768446313","0.08978204359128174","0.20307553143374035","0.06767646470705858","-2.1657644713156117","4285","564"
"fig3b","0.20931575414832518","0.034145488738336005","5000","2161","448","0.4323135372925415","0.08978204359128174","0.20767807585568915","0.06816636672665466","-2.1580391307342666","4286","565"
"fig3b","0.20931575414832518","0.03686945064519575","5000","2238","469","0.4477104579084183","0.09398120375924815","0.20991514068780706","0.07159568086382723","-2.1496787468604452","4287","566"
"fig3b","0.20931575414832518","0.039810717055349734","5000","2314","426","0.46290741851629674","0.08538292341531693","0.18444924406047516","0.06223755248950209","-2.1406295317022455","4288","567"
"fig3b","0.20931575414832518","0.042986623470822764","5000","2188","469","0.4377124575084983","0.09398120375924815","0.2147099132023755","0.07209558088382323","-2.130832883254982","4289","568"
"fig3b","0.20931575414832518","0.046415888336127774","5000","2139","442","0.4279144171165767","0.08858228354329134","0.2070093457943925","0.06718656268746251","-2.1202249135589284","4290","569"
"fig3b","0.20931575414832518","0.05011872336272722","5000","2170","444","0.4341131773645271","0.08898220355928814","0.20497466605251036","0.06727654469106178","-2.1087359242248453","4291","570"
"fig3b","0.20931575414832518","0.054116952654646375","5000","2093","437","0.41871625674865026","0.08758248350329934","0.20916905444126074","0.06664667066586683","-2.096289822679779","4292","571"
"fig3b","0.20931575414832518","0.05843414133735175","5000","2251","447","0.45030993801239755","0.08958208358328335","0.1989342806394316","0.06706658668266346","-2.082803471411637","4293","572"
"fig3b","0.20931575414832518","0.06309573444801933","5000","2219","452","0.4439112177564487","0.09058188362327535","0.20405405405405408","0.06838632273545292","-2.0681859613350184","4294","573"
"fig3b","0.20931575414832518","0.06812920690579614","5000","2111","468","0.42231553689262147","0.09378124375124974","0.22206439393939392","0.07266546690661867","-2.0523377990825793","4295","574"
"fig3b","0.20931575414832518","0.07356422544596414","5000","2170","440","0.4341131773645271","0.08818236352729454","0.2031321971441732","0.06647670465906819","-2.035149996463531","4296","575"
"fig3b","0.20931575414832518","0.07943282347242814","5000","2089","432","0.4179164167166567","0.08658268346330734","0.20717703349282296","0.0656868626274745","-2.0165030485260047","4297","576"
"fig3b","0.20931575414832518","0.08576958985908942","5000","2087","433","0.4175164967006599","0.08678264347130574","0.20785440613026818","0.06590681863627273","-1.9962657845324543","4298","577"
"fig3b","0.20931575414832518","0.09261187281287937","5000","2104","397","0.42091581683663265","0.07958408318336332","0.18907363420427553","0.05853829234153169","-1.9742940736684886","4299","578"
"fig3b","0.20931575414832518","0.1","5000","2061","409","0.4123175364927015","0.08198360327934413","0.1988360814742968","0.06136772645470906","-1.950429364377385","4300","579"
"fig3b","0.20931575414832518","0.10797751623277094","5000","2066","411","0.4133173365326935","0.08238352329534093","0.19932268988872762","0.06171765646870626","-1.9244970327605415","4301","580"
"fig3b","0.20931575414832518","0.11659144011798317","5000","2077","414","0.41551689662067587","0.08298340331933614","0.19971126082771898","0.06220755848830234","-1.8963045113941916","4302","581"
"fig3b","0.20931575414832518","0.12589254117941676","5000","2093","383","0.41871625674865026","0.07678464307138572","0.1833810888252149","0.055848830233953206","-1.8656391650729915","4303","582"
"fig3b","0.20931575414832518","0.13593563908785256","5000","2108","379","0.4217156568686263","0.07598480303939212","0.18018018018018017","0.0548990201959608","-1.8322658742137605","4304","583"
"fig3b","0.20931575414832518","0.14677992676220697","5000","2034","344","0.40691861627674464","0.06898620275944811","0.16953316953316955","0.04864027194561088","-1.7959242797508637","4305","584"
"fig3b","0.20931575414832518","0.15848931924611134","5000","1983","342","0.3967206558688262","0.06858628274345131","0.17288306451612906","0.04875024995001","-1.7563256350571805","4306","585"
"fig3b","0.20931575414832518","0.1711328304161781","5000","2032","335","0.4065186962607478","0.06718656268746251","0.16527299557304478","0.04686062787442512","-1.7131492003904043","4307","586"
"fig3b","0.20931575414832518","0.18478497974222907","5000","1957","353","0.3915216956608678","0.07078584283143372","0.1807967313585291","0.05120975804839033","-1.6660381031655902","4308","587"
"fig3b","0.20931575414832518","0.19952623149688797","5000","1897","318","0.3795240951809638","0.0637872425514897","0.1680716543730242","0.0448110377924415","-1.6145945723717432","4309","588"
"fig3b","0.20931575414832518","0.21544346900318834","5000","1939","302","0.3879224155168966","0.060587882423515295","0.15618556701030928","0.041191761647670466","-1.5583744369227759","4310","589"
"fig3b","0.20931575414832518","0.23263050671536262","5000","1886","297","0.3773245350929814","0.0595880823835233","0.1579226285108638","0.040721855628874225","-1.4968807545205323","4311","590"
"fig3b","0.20931575414832518","0.25118864315095796","5000","1861","257","0.3723255348930214","0.05158968206358728","0.13856068743286787","0.03297340531893621","-1.4295564081560315","4312","591"
"fig3b","0.20931575414832518","0.27122725793320285","5000","1806","302","0.3613277344531094","0.060587882423515295","0.16768123962368564","0.04252149570085982","-1.3557754694156472","4313","592"
"fig3b","0.20931575414832518","0.29286445646252357","5000","1791","269","0.3583283343331334","0.05398920215956809","0.15066964285714285","0.03607278544291142","-1.274833077857295","4314","593"
"fig3b","0.20931575414832518","0.31622776601683794","5000","1686","247","0.33733253349330133","0.049590081983603276","0.14700652045050386","0.03272345530893821","-1.1859335186795477","4315","594"
"fig3b","0.20931575414832518","0.34145488738336005","5000","1656","196","0.3313337332533493","0.03939212157568486","0.11888955944477973","0.022825434913017396","-1.0881760883322613","4316","595"
"fig3b","0.20931575414832518","0.3686945064519575","5000","1673","214","0.33473305338932213","0.04299140171965607","0.12843488649940263","0.02625474905018996","-0.9805382059214764","4317","596"
"fig3b","0.20931575414832518","0.3981071705534973","5000","1572","181","0.3145370925814837","0.036392721455708855","0.11570247933884296","0.02066586682663467","-0.8618550336972248","4318","597"
"fig3b","0.20931575414832518","0.42986623470822766","5000","1531","179","0.3063387322535493","0.035992801439712056","0.11749347258485639","0.02067586482703459","-0.7307945706127725","4319","598"
"fig3b","0.20931575414832518","0.464158883361278","5000","1399","143","0.27994401119776047","0.028794241151769647","0.10285714285714286","0.014797040591881623","-0.5858267005596645","4320","599"
"fig3b","0.20931575414832518","0.5011872336272722","5000","1376","125","0.27534493101379726","0.02519496100779844","0.0915032679738562","0.011427714457108577","-0.4251838571163944","4321","600"
"fig3b","0.20931575414832518","0.5411695265464638","5000","1280","101","0.2561487702459508","0.020395920815836834","0.07962529274004684","0.007588482303539293","-0.24680948767397126","4322","601"
"fig3b","0.20931575414832518","0.5843414133735175","5000","1151","101","0.23035392921415718","0.020395920815836834","0.08854166666666667","0.008878224355128974","-0.0482876417839293","4323","602"
"fig3b","0.20931575414832518","0.6309573444801932","5000","1103","68","0.22075584883023394","0.013797240551889621","0.0625","0.0027594481103779232","0.1732589768631101","4324","603"
"fig3b","0.20931575414832518","0.6812920690579611","5000","1012","65","0.20255948810237953","0.013197360527894421","0.06515301085883514","0.003069386122775443","0.421328971918399","4325","604"
"fig3b","0.20931575414832518","0.7356422544596414","5000","960","61","0.1921615676864627","0.012397520495900819","0.06451612903225806","0.002789442111577684","0.700322778666532","4326","605"
"fig3b","0.20931575414832518","0.7943282347242814","5000","816","42","0.16336732653469307","0.008598280343931213","0.05263157894736841","0.0004299140171965584","1.0161174323613409","4327","606"
"fig3b","0.20931575414832518","0.8576958985908941","5000","804","35","0.16096780643871225","0.007198560287942412","0.04472049689440994","-0.0008498300339932008","1.377546094784293","4328","607"
"fig3b","0.20931575414832518","0.9261187281287933","5000","755","24","0.15116976604679064","0.004999000199960008","0.03306878306878307","-0.0025594881023795245","1.8020185768881447","4329","608"
"fig3b","0.20931575414832518","1.0","5000","627","15","0.1255748850229954","0.003199360127974405","0.025477707006369425","-0.0030793841231753654","2.4325184225815804","4330","609"
"fig3b","0.22722000975758064","0.01","5000","2186","464","0.4373125374925015","0.09298140371925614","0.21262002743484223","0.07111577684463107","-2.17714219517822","4331","610"
"fig3b","0.22722000975758064","0.0107977516232771","5000","2145","439","0.42911417716456707","0.08798240351929613","0.20503261882572227","0.06652669466106778","-2.1743079326022325","4332","611"
"fig3b","0.22722000975758064","0.011659144011798317","5000","2152","471","0.4305138972205559","0.09438112377524495","0.2192289828146772","0.07285542891421715","-2.1712450737995255","4333","612"
"fig3b","0.22722000975758064","0.012589254117941675","5000","2210","451","0.44211157768446313","0.09038192361527694","0.20443238353686113","0.06827634473105379","-2.1679349682634097","4334","613"
"fig3b","0.22722000975758064","0.013593563908785255","5000","2179","434","0.4359128174365127","0.08698260347930414","0.19954128440366972","0.0651869626074785","-2.1643574087447632","4335","614"
"fig3b","0.22722000975758064","0.014677992676220698","5000","2198","441","0.4397120575884823","0.08838232353529295","0.20100045475216008","0.06639672065586882","-2.160490495584554","4336","615"
"fig3b","0.22722000975758064","0.015848931924611134","5000","2262","452","0.45250949810037994","0.09058188362327535","0.2001767565178966","0.06795640871825635","-2.156310488310197","4337","616"
"fig3b","0.22722000975758064","0.01711328304161781","5000","2174","459","0.4349130173965207","0.09198160367926415","0.21149425287356322","0.07023595280943812","-2.1517916431556046","4338","617"
"fig3b","0.22722000975758064","0.018478497974222907","5000","2199","444","0.4399120175964807","0.08898220355928814","0.20227272727272727","0.0669866026794641","-2.146906035005969","4339","618"
"fig3b","0.22722000975758064","0.0199526231496888","5000","2152","442","0.4305138972205559","0.08858228354329134","0.20575940548072458","0.06705658868226355","-2.1416233620905416","4340","619"
"fig3b","0.22722000975758064","0.021544346900318832","5000","2147","434","0.4295140971805639","0.08698260347930414","0.20251396648044695","0.06550689862027595","-2.1359107315301458","4341","620"
"fig3b","0.22722000975758064","0.02326305067153626","5000","2118","449","0.4237152569486103","0.08998200359928014","0.21236432279377065","0.06879624075184963","-2.129732423614854","4342","621"
"fig3b","0.22722000975758064","0.025118864315095794","5000","2121","452","0.4243151369726055","0.09058188362327535","0.21347785108388315","0.06936612677464507","-2.1230496324153023","4343","622"
"fig3b","0.22722000975758064","0.02712272579332028","5000","2139","459","0.4279144171165767","0.09198160367926415","0.2149532710280374","0.07058588282343532","-2.1158201800220127","4344","623"
"fig3b","0.22722000975758064","0.029286445646252372","5000","2205","403","0.4411117776444711","0.08078384323135374","0.1831368993653672","0.05872825434913018","-2.107998201341104","4345","624"
"fig3b","0.22722000975758064","0.03162277660168379","5000","2111","425","0.42231553689262147","0.08518296340731854","0.20170454545454547","0.06406718656268746","-2.099533795990908","4346","625"
"fig3b","0.22722000975758064","0.034145488738336005","5000","2124","432","0.42491501699660067","0.08658268346330734","0.20376470588235296","0.06533693261347731","-2.0903726433441534","4347","626"
"fig3b","0.22722000975758064","0.03686945064519575","5000","2128","431","0.4257148570285943","0.08638272345530894","0.20291216533583842","0.06509698060387922","-2.080455576249733","4348","627"
"fig3b","0.22722000975758064","0.039810717055349734","5000","2115","473","0.4231153769246151","0.09478104379124175","0.22400756143667294","0.07362527494501099","-2.069718108329454","4349","628"
"fig3b","0.22722000975758064","0.042986623470822764","5000","2104","430","0.42091581683663265","0.08618276344731053","0.20475059382422803","0.0651369726054789","-2.0580899090298885","4350","629"
"fig3b","0.22722000975758064","0.046415888336127774","5000","2107","410","0.4215156968606279","0.08218356328734253","0.1949715370018975","0.06110777844431113","-2.045494219792232","4351","630"
"fig3b","0.22722000975758064","0.05011872336272722","5000","2111","455","0.42231553689262147","0.09118176364727054","0.2159090909090909","0.07006598680263947","-2.031847203723089","4352","631"
"fig3b","0.22722000975758064","0.054116952654646375","5000","2071","419","0.4143171365726855","0.08398320335932813","0.2027027027027027","0.06326734653069385","-2.0170572200571257","4353","632"
"fig3b","0.22722000975758064","0.05843414133735175","5000","2101","410","0.42031593681263746","0.08218356328734253","0.19552806850618457","0.06116776644671065","-2.001024013392936","4354","633"
"fig3b","0.22722000975758064","0.06309573444801933","5000","2064","410","0.41291741651669667","0.08218356328734253","0.19903147699757867","0.06153769246150769","-1.983637806193002","4355","634"
"fig3b","0.22722000975758064","0.06812920690579614","5000","2116","401","0.4233153369326135","0.08038392321535692","0.18989135569201698","0.05921815636872625","-1.964778281280985","4356","635"
"fig3b","0.22722000975758064","0.07356422544596414","5000","2049","421","0.40991801639672065","0.08438312337532493","0.20585365853658535","0.0638872225554889","-1.9443134390240289","4357","636"
"fig3b","0.22722000975758064","0.07943282347242814","5000","2064","383","0.41291741651669667","0.07678464307138572","0.18595641646489103","0.05613877224555088","-1.9220983115099273","4358","637"
"fig3b","0.22722000975758064","0.08576958985908942","5000","2068","369","0.41371725654869024","0.07398520295940812","0.17883035282745288","0.05329934013197361","-1.8979735132156463","4359","638"
"fig3b","0.22722000975758064","0.09261187281287937","5000","2002","371","0.40051989602079585","0.07438512297540492","0.18572141787319021","0.054359128174365126","-1.8717636043958805","4360","639"
"fig3b","0.22722000975758064","0.1","5000","1986","375","0.39732053589282146","0.07518496300739852","0.18922999496728735","0.05531893621275745","-1.8432752395424927","4361","640"
"fig3b","0.22722000975758064","0.10797751623277094","5000","1985","364","0.397120575884823","0.07298540291941612","0.1837865055387714","0.05312937412517496","-1.8122950687271384","4362","641"
"fig3b","0.22722000975758064","0.11659144011798317","5000","2004","344","0.40091981603679266","0.06898620275944811","0.17206982543640897","0.048940211957608476","-1.778587354242461","4363","642"
"fig3b","0.22722000975758064","0.12589254117941676","5000","2021","335","0.40431913617276544","0.06718656268746251","0.16617210682492584","0.046970605878824234","-1.7418912585851558","4364","643"
"fig3b","0.22722000975758064","0.13593563908785256","5000","1979","355","0.39592081583683264","0.07118576284743051","0.1797979797979798","0.05138972205558888","-1.7019177522274163","4365","644"
"fig3b","0.22722000975758064","0.14677992676220697","5000","1958","312","0.39172165566886624","0.0625874825034993","0.1597753956100051","0.04300139972005598","-1.6583460805553045","4366","645"
"fig3b","0.22722000975758064","0.15848931924611134","5000","1907","321","0.3815236952609478","0.0643871225754849","0.16876310272536688","0.04531093781243751","-1.6108197184878463","4367","646"
"fig3b","0.22722000975758064","0.1711328304161781","5000","1895","334","0.379124175164967","0.0669866026794641","0.17668776371308018","0.04803039392121575","-1.5589417281780698","4368","647"
"fig3b","0.22722000975758064","0.18478497974222907","5000","1891","284","0.3783243351329734","0.05698860227954409","0.15063424947145876","0.038072385522895415","-1.5022694193142172","4369","648"
"fig3b","0.22722000975758064","0.19952623149688797","5000","1857","280","0.3715256948610278","0.05618876224755049","0.15123789020452097","0.0376124775044991","-1.440308192133699","4370","649"
"fig3b","0.22722000975758064","0.21544346900318834","5000","1791","262","0.3583283343331334","0.052589482103579284","0.14676339285714285","0.034673065386922615","-1.3725044193715235","4371","650"
"fig3b","0.22722000975758064","0.23263050671536262","5000","1758","259","0.35172965406918616","0.051989602079584085","0.14781125639567938","0.03440311937612478","-1.298237193660043","4372","651"
"fig3b","0.22722000975758064","0.25118864315095796","5000","1694","238","0.33893221355728853","0.04779044191161767","0.14100294985250736","0.030843831233753245","-1.21680872948329","4373","652"
"fig3b","0.22722000975758064","0.27122725793320285","5000","1733","224","0.34673065386922614","0.04499100179964007","0.12975778546712805","0.027654469106178765","-1.1274331610175068","4374","653"
"fig3b","0.22722000975758064","0.29286445646252357","5000","1633","227","0.32673465306938615","0.04559088182363527","0.1395348837209302","0.02925414917016596","-1.0292234150689694","4375","654"
"fig3b","0.22722000975758064","0.31622776601683794","5000","1575","207","0.3151369726054789","0.041591681663667265","0.1319796954314721","0.02583483303339332","-0.9211757558241231","4376","655"
"fig3b","0.22722000975758064","0.34145488738336005","5000","1496","166","0.29934013197360526","0.033393321335732855","0.11155644622578491","0.018426314737052592","-0.8021514857254601","4377","656"
"fig3b","0.22722000975758064","0.3686945064519575","5000","1446","181","0.28934213157368527","0.036392721455708855","0.12577747062888733","0.02192561487702459","-0.6708551289571574","4378","657"
"fig3b","0.22722000975758064","0.3981071705534973","5000","1388","149","0.277744451109778","0.029994001199760048","0.10799136069114472","0.016106778644271146","-0.5258081943044317","4379","658"
"fig3b","0.22722000975758064","0.42986623470822766","5000","1300","130","0.2601479704059188","0.026194761047790442","0.10069177555726365","0.0131873625274945","-0.3653172656792094","4380","659"
"fig3b","0.22722000975758064","0.464158883361278","5000","1200","105","0.2401519696060788","0.021195760847830435","0.08825978351373856","0.009188162367526495","-0.18743461418688412","4381","660"
"fig3b","0.22722000975758064","0.5011872336272722","5000","1156","86","0.23135372925414918","0.01739652069586083","0.07519446845289542","0.00582883423315337","0.010091405761897931","4382","661"
"fig3b","0.22722000975758064","0.5411695265464638","5000","1067","70","0.21355728854229153","0.014197160567886422","0.06647940074906367","0.0035192961407718455","0.22988057798721684","4383","662"
"fig3b","0.22722000975758064","0.5843414133735175","5000","995","55","0.19916016796640673","0.011197760447910418","0.05622489959839357","0.0012397520495900805","0.4750072569177348","4384","663"
"fig3b","0.22722000975758064","0.6309573444801932","5000","959","56","0.19196160767846432","0.011397720455908818","0.05937499999999999","0.0017996400719856014","0.7491232499732519","4385","664"
"fig3b","0.22722000975758064","0.6812920690579611","5000","841","47","0.16836632673465307","0.009598080383923215","0.05700712589073634","0.0011797640471905603","1.0566466691592211","4386","665"
"fig3b","0.22722000975758064","0.7356422544596414","5000","778","22","0.15576884623075385","0.004599080183963208","0.029525032092426188","-0.003189362127574485","1.4030860579119917","4387","666"
"fig3b","0.22722000975758064","0.7943282347242814","5000","699","15","0.13997200559888023","0.003199360127974405","0.022857142857142854","-0.003799240151969607","1.79569146159281","4388","667"
"fig3b","0.22722000975758064","0.8576958985908941","5000","685","16","0.13717256548690263","0.0033993201359728054","0.02478134110787172","-0.0034593081383723265","2.2451045232782008","4389","668"
"fig3b","0.22722000975758064","0.9261187281287933","5000","581","12","0.11637672465506899","0.002599480103979204","0.022336769759450172","-0.003219356128774245","2.7715647106924166","4390","669"
"fig3b","0.22722000975758064","1.0","5000","514","8","0.10297940411917617","0.001799640071985603","0.017475728155339806","-0.003349330133973205","3.5333274237407863","4391","670"
"fig3b","0.24665574287184225","0.01","5000","2077","441","0.41551689662067587","0.08838232353529295","0.21270452358036576","0.06760647870425915","-2.1046392795580573","4392","671"
"fig3b","0.24665574287184225","0.0107977516232771","5000","2107","438","0.4215156968606279","0.08778244351129774","0.20825426944971537","0.06670665866826635","-2.101288406437561","4393","672"
"fig3b","0.24665574287184225","0.011659144011798317","5000","2103","408","0.42071585682863427","0.08178364327134573","0.19439163498098858","0.06074785042991401","-2.0976668857359755","4394","673"
"fig3b","0.24665574287184225","0.012589254117941675","5000","2082","456","0.4165166966606679","0.09138172365526895","0.21939510321651465","0.07055588882223555","-2.093752572866748","4395","674"
"fig3b","0.24665574287184225","0.013593563908785255","5000","2179","472","0.4359128174365127","0.09458108378324336","0.21697247706422018","0.07278544291141772","-2.089521464553627","4396","675"
"fig3b","0.24665574287184225","0.014677992676220698","5000","2081","458","0.41631673665266944","0.09178164367126575","0.22046109510086456","0.07096580683863227","-2.0849475352075615","4397","676"
"fig3b","0.24665574287184225","0.015848931924611134","5000","2144","453","0.4289142171565687","0.09078184363127374","0.21165501165501166","0.0693361327734453","-2.0800025576887435","4398","677"
"fig3b","0.24665574287184225","0.01711328304161781","5000","2132","429","0.42651469706058787","0.08598280343931214","0.2015939990623535","0.06465706858628274","-2.0746559067772523","4399","678"
"fig3b","0.24665574287184225","0.018478497974222907","5000","2082","394","0.4165166966606679","0.07898420315936813","0.18963034085453673","0.05815836832633474","-2.0688743434712933","4400","679"
"fig3b","0.24665574287184225","0.0199526231496888","5000","2066","423","0.4133173365326935","0.08478304339132174","0.20512820512820512","0.06411717656468707","-2.0626217779963554","4401","680"
"fig3b","0.24665574287184225","0.021544346900318832","5000","2075","407","0.41511697660467906","0.08158368326334733","0.19653179190751446","0.060827834433113376","-2.0558590091426083","4402","681"
"fig3b","0.24665574287184225","0.02326305067153626","5000","2099","418","0.41991601679664065","0.08378324335132974","0.19952380952380955","0.0627874425114977","-2.048543437237015","4403","682"
"fig3b","0.24665574287184225","0.025118864315095794","5000","2086","424","0.41731653669266144","0.08498300339932013","0.20364159080019167","0.06411717656468706","-2.040628747712333","4404","683"
"fig3b","0.24665574287184225","0.02712272579332028","5000","2017","435","0.40351929614077187","0.08718256348730254","0.21605550049554012","0.06700659868026394","-2.032064561827042","4405","684"
"fig3b","0.24665574287184225","0.029286445646252372","5000","2101","402","0.42031593681263746","0.08058388322335533","0.1917221693625119","0.059568086382723456","-2.0227960506343834","4406","685"
"fig3b","0.24665574287184225","0.03162277660168379","5000","2057","414","0.41151769646070785","0.08298340331933614","0.20165208940719145","0.062407518496300746","-2.012763507759786","4407","686"
"fig3b","0.24665574287184225","0.034145488738336005","5000","2070","404","0.41411717656468705","0.08098380323935213","0.19555770159343314","0.06027794441111778","-2.001901875948647","4408","687"
"fig3b","0.24665574287184225","0.03686945064519575","5000","2060","414","0.41211757648470304","0.08298340331933614","0.20135856380397868","0.062377524495100985","-1.9901402216269162","4409","688"
"fig3b","0.24665574287184225","0.039810717055349734","5000","2077","416","0.41551689662067587","0.08338332333533294","0.20067372473532244","0.06260747850429914","-1.9774011509138631","4410","689"
"fig3b","0.24665574287184225","0.042986623470822764","5000","2096","425","0.41931613677264545","0.08518296340731854","0.20314735336194564","0.06421715656868626","-1.963600159582029","4411","690"
"fig3b","0.24665574287184225","0.046415888336127774","5000","2077","393","0.41551689662067587","0.07878424315136973","0.18960538979788258","0.05800839832033593","-1.948644908377048","4412","691"
"fig3b","0.24665574287184225","0.05011872336272722","5000","2058","395","0.4117176564687063","0.07918416316736653","0.19232637202525496","0.058598280343931206","-1.9324344138323113","4413","692"
"fig3b","0.24665574287184225","0.054116952654646375","5000","1999","424","0.39992001599680066","0.08498300339932013","0.2125","0.06498700259948009","-1.9148581432712888","4414","693"
"fig3b","0.24665574287184225","0.05843414133735175","5000","2034","391","0.40691861627674464","0.07838432313537293","0.19262899262899263","0.058038392321535695","-1.8957950009629485","4415","694"
"fig3b","0.24665574287184225","0.06309573444801933","5000","1997","388","0.39952009598080385","0.07778444311137772","0.1946946946946947","0.05780843831233753","-1.8751121904269894","4416","695"
"fig3b","0.24665574287184225","0.06812920690579614","5000","1960","361","0.39212157568486306","0.07238552289542091","0.18459969403365628","0.052779444111177756","-1.8526639355674206","4417","696"
"fig3b","0.24665574287184225","0.07356422544596414","5000","1996","357","0.3993201359728054","0.07158568286342731","0.17926890335503257","0.05161967606478704","-1.8282900405988016","4418","697"
"fig3b","0.24665574287184225","0.07943282347242814","5000","1973","358","0.39472105578884226","0.07178564287142572","0.1818642350557244","0.05204959008198361","-1.8018142655841984","4419","698"
"fig3b","0.24665574287184225","0.08576958985908942","5000","1952","389","0.3905218956208758","0.07798440311937613","0.19969278033794163","0.058458308338332335","-1.7730424906760334","4420","699"
"fig3b","0.24665574287184225","0.09261187281287937","5000","2012","368","0.40251949610077986","0.07378524295140972","0.1833084947839046","0.05365926814637072","-1.7417606378090795","4421","700"
"fig3b","0.24665574287184225","0.1","5000","1911","337","0.3823235352929414","0.06758648270345931","0.17677824267782427","0.04847030593881224","-1.7077323134577682","4422","701"
"fig3b","0.24665574287184225","0.10797751623277094","5000","1969","343","0.39392121575684863","0.0687862427514497","0.1746192893401015","0.049090181963607274","-1.670696130033292","4423","702"
"fig3b","0.24665574287184225","0.11659144011798317","5000","1878","314","0.3757248550289942","0.0629874025194961","0.16764236295902074","0.04420115976804638","-1.6303626563441185","4424","703"
"fig3b","0.24665574287184225","0.12589254117941676","5000","1863","337","0.3727254549090182","0.06758648270345931","0.1813304721030043","0.048950209958008396","-1.5864109390714702","4425","704"
"fig3b","0.24665574287184225","0.13593563908785256","5000","1894","301","0.3789242151569686","0.060387922415516895","0.15936675461741423","0.04144171165766847","-1.5384845271436802","4426","705"
"fig3b","0.24665574287184225","0.14677992676220697","5000","1824","289","0.3649270145970806","0.05798840231953609","0.15890410958904108","0.03974205158968207","-1.4861869188736136","4427","706"
"fig3b","0.24665574287184225","0.15848931924611134","5000","1832","278","0.3665266946610678","0.05578884223155369","0.15220949263502456","0.0374625074985003","-1.429076337337051","4428","707"
"fig3b","0.24665574287184225","0.1711328304161781","5000","1799","260","0.3599280143971206","0.052189562087582485","0.145","0.03419316136772646","-1.3666597221690608","4429","708"
"fig3b","0.24665574287184225","0.18478497974222907","5000","1760","266","0.352129574085183","0.05338932213557288","0.15161839863713797","0.03578284343131373","-1.2983858050154993","4430","709"
"fig3b","0.24665574287184225","0.19952623149688797","5000","1694","250","0.33893221355728853","0.05018996200759848","0.1480825958702065","0.03324335132973405","-1.2236371104270631","4431","710"
"fig3b","0.24665574287184225","0.21544346900318834","5000","1682","235","0.33653269346130776","0.047190561887622474","0.1402257872846108","0.030363927214557086","-1.1417206927656594","4432","711"
"fig3b","0.24665574287184225","0.23263050671536262","5000","1562","224","0.3125374925014997","0.04499100179964007","0.14395393474088292","0.029364127174565085","-1.0518573810969087","4433","712"
"fig3b","0.24665574287184225","0.25118864315095796","5000","1582","205","0.3165366926614677","0.041191761647670466","0.1301326595072647","0.02536492701459708","-0.9531692557932843","4434","713"
"fig3b","0.24665574287184225","0.27122725793320285","5000","1503","173","0.3007398520295941","0.03479304139172166","0.11569148936170214","0.019756048790241953","-0.844665019467385","4435","714"
"fig3b","0.24665574287184225","0.29286445646252357","5000","1427","215","0.2855428914217157","0.04319136172765447","0.15126050420168066","0.028914217156568684","-0.7252228461975392","4436","715"
"fig3b","0.24665574287184225","0.31622776601683794","5000","1395","133","0.27914417116576684","0.026794641071785644","0.09598853868194843","0.012837432513497301","-0.593570189779598","4437","716"
"fig3b","0.24665574287184225","0.34145488738336005","5000","1270","134","0.25414917016596683","0.026994601079784044","0.1062155782848151","0.014287142571485702","-0.4482598929725725","4438","717"
"fig3b","0.24665574287184225","0.3686945064519575","5000","1260","123","0.2521495700859828","0.024795040991801638","0.09833465503568595","0.012187562487502496","-0.28764174766888573","4439","718"
"fig3b","0.24665574287184225","0.3981071705534973","5000","1155","89","0.23115376924615078","0.017996400719856028","0.07785467128027682","0.006438712257548489","-0.1098283808212841","4440","719"
"fig3b","0.24665574287184225","0.42986623470822766","5000","1067","79","0.21355728854229153","0.015996800639872025","0.0749063670411985","0.005318936212757449","0.0873460698104509","4441","720"
"fig3b","0.24665574287184225","0.464158883361278","5000","1052","62","0.21055788842231554","0.01259748050389922","0.05982905982905983","0.0020695860827834433","0.30637666949760956","4442","721"
"fig3b","0.24665574287184225","0.5011872336272722","5000","968","49","0.19376124775044992","0.009998000399920015","0.05159958720330237","0.00030993801239751796","0.5501510351487013","4443","722"
"fig3b","0.24665574287184225","0.5411695265464638","5000","853","38","0.17076584683063387","0.007798440311937612","0.04566744730679157","-0.0007398520295940807","0.8220304451208449","4444","723"
"fig3b","0.24665574287184225","0.5843414133735175","5000","821","25","0.16436712657468505","0.005198960207958408","0.031630170316301706","-0.0030193961207758448","1.1259574089237958","4445","724"
"fig3b","0.24665574287184225","0.6309573444801932","5000","731","28","0.14637072585482905","0.0057988402319536095","0.03961748633879781","-0.0015196960607878436","1.4666057789128786","4446","725"
"fig3b","0.24665574287184225","0.6812920690579611","5000","737","18","0.14757048590281943","0.003799240151969606","0.025745257452574527","-0.0035792841431713657","1.8496063718569644","4447","726"
"fig3b","0.24665574287184225","0.7356422544596414","5000","623","16","0.1247750449910018","0.0033993201359728054","0.027243589743589744","-0.0028394321135772845","2.281924881516204","4448","727"
"fig3b","0.24665574287184225","0.7943282347242814","5000","589","7","0.11797640471905618","0.0015996800639872025","0.013559322033898305","-0.004299140171965607","2.7726033069506","4449","728"
"fig3b","0.24665574287184225","0.8576958985908941","5000","571","5","0.11437712457508498","0.0011997600479904018","0.01048951048951049","-0.004519096180763848","3.3346032108279076","4450","729"
"fig3b","0.24665574287184225","0.9261187281287933","5000","500","5","0.10017996400719856","0.0011997600479904018","0.011976047904191616","-0.0038092381523695262","3.991651154511743","4451","730"
"fig3b","0.24665574287184225","1.0","5000","451","2","0.09038192361527694","0.0005998800239952009","0.00663716814159292","-0.003919216156768646","4.918843492635517","4452","731"
"fig3b","0.26775395158449783","0.01","5000","2109","428","0.42191561687662466","0.08578284343131373","0.2033175355450237","0.0646870625874825","-2.0086930036458455","4453","732"
"fig3b","0.26775395158449783","0.0107977516232771","5000","2006","416","0.4013197360527894","0.08338332333533294","0.2077727952167414","0.06331733653269346","-2.004736675413426","4454","733"
"fig3b","0.26775395158449783","0.011659144011798317","5000","2051","437","0.41031793641271747","0.08758248350329934","0.2134502923976608","0.06706658668266346","-2.0004602838778283","4455","734"
"fig3b","0.26775395158449783","0.012589254117941675","5000","2001","408","0.4003199360127974","0.08178364327134573","0.2042957042957043","0.06176764647070586","-1.9958375567986195","4456","735"
"fig3b","0.26775395158449783","0.013593563908785255","5000","2011","435","0.4023195360927814","0.08718256348730254","0.21669980119284293","0.06706658668266346","-1.9908400030707014","4457","736"
"fig3b","0.26775395158449783","0.014677992676220698","5000","2045","379","0.4091181763647271","0.07598480303939212","0.18572825024437925","0.05552889422115576","-1.985436715211904","4458","737"
"fig3b","0.26775395158449783","0.015848931924611134","5000","1999","380","0.39992001599680066","0.07618476304739052","0.1905","0.05618876224755049","-1.9795941526718366","4459","738"
"fig3b","0.26775395158449783","0.01711328304161781","5000","1937","398","0.38752249550089984","0.07978404319136173","0.20588235294117646","0.060407918416316736","-1.973275903851146","4460","739"
"fig3b","0.26775395158449783","0.018478497974222907","5000","2048","442","0.4097180563887223","0.08858228354329134","0.2162030258662762","0.06809638072385522","-1.966442424466834","4461","740"
"fig3b","0.26775395158449783","0.0199526231496888","5000","1999","382","0.39992001599680066","0.07658468306338732","0.1915","0.05658868226354729","-1.9590507495836391","4462","741"
"fig3b","0.26775395158449783","0.021544346900318832","5000","2050","402","0.41011797640471903","0.08058388322335533","0.19648951730862996","0.06007798440311937","-1.9510541763028186","4463","742"
"fig3b","0.26775395158449783","0.02326305067153626","5000","1993","408","0.3987202559488102","0.08178364327134573","0.20511534603811435","0.061847630473905214","-1.9424019136818345","4464","743"
"fig3b","0.26775395158449783","0.025118864315095794","5000","1988","397","0.3977204559088182","0.07958408318336332","0.20010055304172952","0.059698060387922414","-1.9330386960251644","4465","744"
"fig3b","0.26775395158449783","0.02712272579332028","5000","1996","377","0.3993201359728054","0.07558488302339532","0.18928392588883325","0.055618876224755046","-1.9229043551461587","4466","745"
"fig3b","0.26775395158449783","0.029286445646252372","5000","1998","407","0.3997200559888022","0.08158368326334733","0.20410205102551277","0.06159768046390722","-1.9119333466088335","4467","746"
"fig3b","0.26775395158449783","0.03162277660168379","5000","1970","379","0.394121175764847","0.07598480303939212","0.19279553526128868","0.056278744251149766","-1.9000542242652045","4468","747"
"fig3b","0.26775395158449783","0.034145488738336005","5000","1975","375","0.395120975804839","0.07518496300739852","0.19028340080971662","0.055428914217156566","-1.8871890565976912","4469","748"
"fig3b","0.26775395158449783","0.03686945064519575","5000","1979","366","0.39592081583683264","0.07338532293541292","0.18535353535353535","0.05358928214357128","-1.8732527774647565","4470","749"
"fig3b","0.26775395158449783","0.039810717055349734","5000","2003","371","0.40071985602879423","0.07438512297540492","0.18562874251497008","0.05434913017396521","-1.8581524627692545","4471","750"
"fig3b","0.26775395158449783","0.042986623470822764","5000","1952","389","0.3905218956208758","0.07798440311937613","0.19969278033794163","0.058458308338332335","-1.8417865233387545","4472","751"
"fig3b","0.26775395158449783","0.046415888336127774","5000","1997","378","0.39952009598080385","0.07578484303139373","0.1896896896896897","0.05580883823235353","-1.8240438028745984","4473","752"
"fig3b","0.26775395158449783","0.05011872336272722","5000","1883","374","0.3767246550689862","0.07498500299940011","0.19904458598726113","0.0561487702459508","-1.8048025681560205","4474","753"
"fig3b","0.26775395158449783","0.054116952654646375","5000","1943","397","0.3887222555488902","0.07958408318336332","0.20473251028806583","0.06014797040591881","-1.7839293767492848","4475","754"
"fig3b","0.26775395158449783","0.05843414133735175","5000","1989","372","0.39792041591681665","0.07458508298340331","0.18743718592964823","0.054689062187562476","-1.7612778052237843","4476","755"
"fig3b","0.26775395158449783","0.06309573444801933","5000","1936","384","0.3873225354929014","0.07698460307938412","0.19876097057305112","0.057618476304739055","-1.7366870182348464","4477","756"
"fig3b","0.26775395158449783","0.06812920690579614","5000","1922","347","0.38452309538092383","0.06958608278344332","0.1809672386895476","0.05035992801439712","-1.7099801557699266","4478","757"
"fig3b","0.26775395158449783","0.07356422544596414","5000","1940","346","0.38812237552489504","0.06938612277544491","0.17877382792375063","0.04998000399920016","-1.6809625122520515","4479","758"
"fig3b","0.26775395158449783","0.07943282347242814","5000","1918","336","0.3837232553489302","0.0673865226954609","0.17561229807191245","0.048200359928014386","-1.649419476992506","4480","759"
"fig3b","0.26775395158449783","0.08576958985908942","5000","1825","331","0.365126974605079","0.06638672265546891","0.18181818181818182","0.048130373925214964","-1.6151142005333554","4481","760"
"fig3b","0.26775395158449783","0.09261187281287937","5000","1834","353","0.3669266146770646","0.07078584283143372","0.19291553133514985","0.05243951209758048","-1.5777849456164859","4482","761"
"fig3b","0.26775395158449783","0.1","5000","1831","274","0.36632673465306936","0.054989002199560086","0.15010917030567686","0.03667266546690662","-1.5371420746658089","4483","762"
"fig3b","0.26775395158449783","0.10797751623277094","5000","1784","271","0.35692861427714456","0.05438912217556489","0.1523809523809524","0.03654269146170766","-1.492864617602521","4484","763"
"fig3b","0.26775395158449783","0.11659144011798317","5000","1762","288","0.3525294941011798","0.057788442311537694","0.16392512762336925","0.04016196760647871","-1.4445963542422362","4485","764"
"fig3b","0.26775395158449783","0.12589254117941676","5000","1734","282","0.34693061387722457","0.05658868226354729","0.16311239193083574","0.039242151569686065","-1.391941334214664","4486","765"
"fig3b","0.26775395158449783","0.13593563908785256","5000","1738","257","0.34773045390921814","0.05158968206358728","0.14836112708453134","0.034203159368126373","-1.3344587438537303","4487","766"
"fig3b","0.26775395158449783","0.14677992676220697","5000","1726","254","0.3453309338132374","0.05098980203959208","0.1476548928778228","0.03372325534893021","-1.271657013460981","4488","767"
"fig3b","0.26775395158449783","0.15848931924611134","5000","1672","252","0.33453309338132375","0.05058988202359528","0.15122534369396293","0.033863227354529096","-1.202987039113026","4489","768"
"fig3b","0.26775395158449783","0.1711328304161781","5000","1612","223","0.3225354929014197","0.04479104179164167","0.13887166769993803","0.028664267146570686","-1.1278343700841447","4490","769"
"fig3b","0.26775395158449783","0.18478497974222907","5000","1555","207","0.3111377724455109","0.041591681663667265","0.13367609254498714","0.02603479304139172","-1.0455101850863002","4491","770"
"fig3b","0.26775395158449783","0.19952623149688797","5000","1495","222","0.2991401719656069","0.04459108178364327","0.14906417112299467","0.02963407318536293","-0.9552408466847453","4492","771"
"fig3b","0.26775395158449783","0.21544346900318834","5000","1509","190","0.30193961207758446","0.03819236152769446","0.12649006622516556","0.023095380923815235","-0.8561557819322729","4493","772"
"fig3b","0.26775395158449783","0.23263050671536262","5000","1403","164","0.28074385122975404","0.032993401319736056","0.11752136752136753","0.018956208758248355","-0.7472733863857002","4494","773"
"fig3b","0.26775395158449783","0.25118864315095796","5000","1412","150","0.28254349130173967","0.030193961207758448","0.10686482661004953","0.016066786642671464","-0.6274845854502473","4495","774"
"fig3b","0.26775395158449783","0.27122725793320285","5000","1294","142","0.2589482103579284","0.028594281143771244","0.11042471042471041","0.015646870625874824","-0.49553360752832987","4496","775"
"fig3b","0.26775395158449783","0.29286445646252357","5000","1262","124","0.2525494901019796","0.02499500099980004","0.09897070467141728","0.012367526494701062","-0.34999542210425716","4497","776"
"fig3b","0.26775395158449783","0.31622776601683794","5000","1190","90","0.23815236952609478","0.018196360727854428","0.0764063811922754","0.006288742251549687","-0.1892491643654921","4498","777"
"fig3b","0.26775395158449783","0.34145488738336005","5000","1119","81","0.22395520895820836","0.016396720655868825","0.0732142857142857","0.0051989602079584064","-0.011446693480024805","4499","778"
"fig3b","0.26775395158449783","0.3686945064519575","5000","1017","85","0.20355928814237154","0.017196560687862426","0.08447937131630648","0.0070185962807438485","0.18552480613590205","4500","779"
"fig3b","0.26775395158449783","0.3981071705534973","5000","956","70","0.1913617276544691","0.014197160567886422","0.0741901776384535","0.004629074185162967","0.4040876062042287","4501","780"
"fig3b","0.26775395158449783","0.42986623470822766","5000","887","55","0.1775644871025795","0.011197760447910418","0.06306306306306306","0.0023195360927814428","0.6470275154754006","4502","781"
"fig3b","0.26775395158449783","0.464158883361278","5000","846","46","0.16936612677464508","0.009398120375924815","0.05548996458087367","0.0009298140371925608","0.9175599326788415","4503","782"
"fig3b","0.26775395158449783","0.5011872336272722","5000","748","22","0.14977004599080185","0.004599080183963208","0.030707610146862484","-0.002889422115576885","1.2194117742338904","4504","783"
"fig3b","0.26775395158449783","0.5411695265464638","5000","726","24","0.14537092581483704","0.004999000199960008","0.0343878954607978","-0.0022695460907818446","1.5569253174619178","4505","784"
"fig3b","0.26775395158449783","0.5843414133735175","5000","654","22","0.13097380523895222","0.004599080183963208","0.035114503816793895","-0.0019496100779844037","1.935194007847798","4506","785"
"fig3b","0.26775395158449783","0.6309573444801932","5000","620","10","0.1241751649670066","0.0021995600879824036","0.017713365539452495","-0.0040091981603679275","2.3602484801204753","4507","786"
"fig3b","0.26775395158449783","0.6812920690579611","5000","610","13","0.1221755648870226","0.0027994401119776045","0.022913256955810146","-0.0033093381323735255","2.839329664943051","4508","787"
"fig3b","0.26775395158449783","0.7356422544596414","5000","576","6","0.11537692461507698","0.0013997200559888023","0.012131715771230503","-0.004369126174765047","3.3813339405417366","4509","788"
"fig3b","0.26775395158449783","0.7943282347242814","5000","511","3","0.10237952409518096","0.0007998400319936012","0.0078125","-0.004319136172765447","3.997662406273946","4510","789"
"fig3b","0.26775395158449783","0.8576958985908941","5000","513","3","0.10277944411117776","0.0007998400319936012","0.007782101167315175","-0.004339132173565287","4.704282072596072","4511","790"
"fig3b","0.26775395158449783","0.9261187281287933","5000","472","1","0.09458108378324336","0.0003999200159968006","0.004228329809725158","-0.004329134173165368","5.529256211048789","4512","791"
"fig3b","0.26775395158449783","1.0","5000","420","0","0.08418316336732654","0.0001999600079984003","0.002375296912114014","-0.004009198160367927","6.665970773972845","4513","792"
"fig3b","0.2906568391815775","0.01","5000","1953","392","0.39072185562887424","0.07858428314337132","0.20112589559877173","0.059048190361927606","-1.8840178232756557","4514","793"
"fig3b","0.2906568391815775","0.0107977516232771","5000","1942","413","0.38852229554089185","0.08278344331133773","0.21307256819351517","0.06335732853429314","-1.8793578851763755","4515","794"
"fig3b","0.2906568391815775","0.011659144011798317","5000","1947","421","0.3895220955808838","0.08438312337532493","0.2166324435318275","0.06490701859628073","-1.874320273882887","4516","795"
"fig3b","0.2906568391815775","0.012589254117941675","5000","1929","414","0.3859228154369126","0.08298340331933614","0.2150259067357513","0.0636872625474905","-1.868873875192321","4517","796"
"fig3b","0.2906568391815775","0.013593563908785255","5000","1980","415","0.396120775844831","0.08318336332733453","0.209994952044422","0.06337732453509298","-1.862984928751473","4518","797"
"fig3b","0.2906568391815775","0.014677992676220698","5000","2025","407","0.40511897620475906","0.08158368326334733","0.20138203356367226","0.06132773445310938","-1.8566167896116497","4519","798"
"fig3b","0.2906568391815775","0.015848931924611134","5000","1934","383","0.3869226154769046","0.07678464307138572","0.19844961240310077","0.05743851229754049","-1.8497296661828386","4520","799"
"fig3b","0.2906568391815775","0.01711328304161781","5000","1987","360","0.39752049590081984","0.07218556288742252","0.18158953722334004","0.05230953809238152","-1.8422803319405148","4521","800"
"fig3b","0.2906568391815775","0.018478497974222907","5000","1937","410","0.38752249550089984","0.08218356328734253","0.21207430340557273","0.06280743851229753","-1.8342218078956876","4522","801"
"fig3b","0.2906568391815775","0.0199526231496888","5000","1929","414","0.3859228154369126","0.08298340331933614","0.2150259067357513","0.0636872625474905","-1.825503012438901","4523","802"
"fig3b","0.2906568391815775","0.021544346900318832","5000","1917","393","0.3835232953409318","0.07878424315136973","0.205422314911366","0.05960807838432314","-1.816068374731941","4524","803"
"fig3b","0.2906568391815775","0.02326305067153626","5000","1849","375","0.36992601479704057","0.07518496300739852","0.20324324324324325","0.056688662267546486","-1.805857407297566","4525","804"
"fig3b","0.2906568391815775","0.025118864315095794","5000","1956","362","0.39132173565286943","0.07258548290341932","0.18548799182422074","0.053019396120775844","-1.7948042328747533","4526","805"
"fig3b","0.2906568391815775","0.02712272579332028","5000","1885","359","0.377124575084983","0.07198560287942411","0.19088016967126192","0.05312937412517496","-1.7828370599145273","4527","806"
"fig3b","0.2906568391815775","0.029286445646252372","5000","1900","347","0.380123975204959","0.06958608278344332","0.18306154655444504","0.05057988402319537","-1.7698776003190915","4528","807"
"fig3b","0.2906568391815775","0.03162277660168379","5000","1899","377","0.3799240151969606","0.07558488302339532","0.19894736842105262","0.05658868226354728","-1.7558404221114756","4529","808"
"fig3b","0.2906568391815775","0.034145488738336005","5000","1942","387","0.38852229554089185","0.07758448310337933","0.19969119917653114","0.05815836832633474","-1.7406322286779528","4530","809"
"fig3b","0.2906568391815775","0.03686945064519575","5000","1866","361","0.3733253349330134","0.07238552289542091","0.1938939475093733","0.05371925614877024","-1.724151055016165","4531","810"
"fig3b","0.2906568391815775","0.039810717055349734","5000","1881","347","0.3763247350529894","0.06958608278344332","0.18490967056323063","0.05076984603079385","-1.7062853700120968","4532","811"
"fig3b","0.2906568391815775","0.042986623470822764","5000","1893","353","0.3787242551489702","0.07078584283143372","0.1869060190073918","0.0518496300739852","-1.686913072141067","4533","812"
"fig3b","0.2906568391815775","0.046415888336127774","5000","1853","358","0.3707258548290342","0.07178564287142572","0.19363538295577132","0.053249350129974005","-1.6659003640957053","4534","813"
"fig3b","0.2906568391815775","0.05011872336272722","5000","1830","318","0.366126774645071","0.0637872425514897","0.1742217367558711","0.04548090381923614","-1.6431004896301715","4535","814"
"fig3b","0.2906568391815775","0.054116952654646375","5000","1872","352","0.3745250949810038","0.07058588282343531","0.18846769887880405","0.051859628074385114","-1.6183523133579456","4536","815"
"fig3b","0.2906568391815775","0.05843414133735175","5000","1809","324","0.3619276144771046","0.0649870025994801","0.17955801104972377","0.04689062187562487","-1.591478721222984","4537","816"
"fig3b","0.2906568391815775","0.06309573444801933","5000","1791","288","0.3583283343331334","0.057788442311537694","0.16127232142857142","0.039872025594881025","-1.5622848158857892","4538","817"
"fig3b","0.2906568391815775","0.06812920690579614","5000","1757","325","0.3515296940611878","0.0651869626074785","0.1854379977246871","0.04761047790441911","-1.5305558771526648","4539","818"
"fig3b","0.2906568391815775","0.07356422544596414","5000","1758","325","0.35172965406918616","0.0651869626074785","0.18533257532689026","0.047600479904019194","-1.4960550527877103","4540","819"
"fig3b","0.2906568391815775","0.07943282347242814","5000","1720","306","0.34413117376524693","0.0613877224555089","0.17838466008134807","0.044181163767246553","-1.4585207394156328","4541","820"
"fig3b","0.2906568391815775","0.08576958985908942","5000","1685","321","0.33713257348530296","0.0643871225754849","0.19098457888493475","0.04753049390121975","-1.41766360660327","4542","821"
"fig3b","0.2906568391815775","0.09261187281287937","5000","1713","292","0.34273145370925817","0.05858828234353129","0.17094515752625436","0.04145170965806838","-1.373163209417413","4543","822"
"fig3b","0.2906568391815775","0.1","5000","1652","263","0.33053389322135573","0.052789442111577684","0.15970961887477314","0.03626274745050989","-1.324664125569086","4544","823"
"fig3b","0.2906568391815775","0.10797751623277094","5000","1647","276","0.32953409318136373","0.05538892221555689","0.16808252427184467","0.0389122175564887","-1.2717715423942195","4545","824"
"fig3b","0.2906568391815775","0.11659144011798317","5000","1631","245","0.32633473305338934","0.04919016196760648","0.15073529411764705","0.032873425314937005","-1.2140462060642676","4546","825"
"fig3b","0.2906568391815775","0.12589254117941676","5000","1653","259","0.3307338532293541","0.051989602079584085","0.15719467956469166","0.03545290941811638","-1.1509986301561526","4547","826"
"fig3b","0.2906568391815775","0.13593563908785256","5000","1599","249","0.3199360127974405","0.04999000199960008","0.15625000000000003","0.033993201359728054","-1.0820824425603348","4548","827"
"fig3b","0.2906568391815775","0.14677992676220697","5000","1583","216","0.3167366526694661","0.04339132173565287","0.1369949494949495","0.02755448910217956","-1.0066867280357314","4549","828"
"fig3b","0.2906568391815775","0.15848931924611134","5000","1605","192","0.32113577284543093","0.038592281543691265","0.12017434620174347","0.022535492901419717","-0.9241271978011412","4550","829"
"fig3b","0.2906568391815775","0.1711328304161781","5000","1527","186","0.30553889222155567","0.03739252149570086","0.12238219895287959","0.022115576884623074","-0.8336359864083533","4551","830"
"fig3b","0.2906568391815775","0.18478497974222907","5000","1337","176","0.26754649070185965","0.03539292141571686","0.13228699551569506","0.022015596880623874","-0.7343498385913563","4552","831"
"fig3b","0.2906568391815775","0.19952623149688797","5000","1326","189","0.2653469306138772","0.03799240151969606","0.14318010550113036","0.024725054989002196","-0.625296403282448","4553","832"
"fig3b","0.2906568391815775","0.21544346900318834","5000","1257","144","0.25154969006198763","0.028994201159768047","0.11526232114467408","0.016416716656668665","-0.5053782965284483","4554","833"
"fig3b","0.2906568391815775","0.23263050671536262","5000","1181","124","0.23635272945410918","0.02499500099980004","0.10575296108291032","0.013177364527094582","-0.3733545270242189","4555","834"
"fig3b","0.2906568391815775","0.25118864315095796","5000","1153","117","0.23075384923015396","0.023595280943811237","0.1022530329289428","0.012057588482303538","-0.22781879381923886","4556","835"
"fig3b","0.2906568391815775","0.27122725793320285","5000","1122","98","0.22455508898220355","0.01979604079184163","0.0881567230632235","0.008568286342731452","-0.06717406065016007","4557","836"
"fig3b","0.2906568391815775","0.29286445646252357","5000","1049","83","0.20995800839832032","0.016796640671865627","0.08","0.006298740251949611","0.11039732162879545","4558","837"
"fig3b","0.2906568391815775","0.31622776601683794","5000","937","69","0.1875624875024995","0.013997200559888023","0.0746268656716418","0.004619076184763048","0.30696884385571366","4559","838"
"fig3b","0.2906568391815775","0.34145488738336005","5000","932","46","0.1865626874625075","0.009398120375924815","0.05037513397642015","6.998600279943881e-05","0.5249115416918357","4560","839"
"fig3b","0.2906568391815775","0.3686945064519575","5000","818","50","0.16376724655068986","0.010197960407918417","0.06227106227106227","0.002009598080383923","0.7669435964785976","4561","840"
"fig3b","0.2906568391815775","0.3981071705534973","5000","805","42","0.16116776644671066","0.008598280343931213","0.05334987593052109","0.0005398920215956803","1.0361896728785212","4562","841"
"fig3b","0.2906568391815775","0.42986623470822766","5000","718","26","0.14377124575084982","0.005398920215956809","0.037552155771905425","-0.0017896420715856828","1.3362524299990355","4563","842"
"fig3b","0.2906568391815775","0.464158883361278","5000","698","17","0.13977204559088183","0.003599280143971206","0.02575107296137339","-0.003389322135572886","1.6712995431554418","4564","843"
"fig3b","0.2906568391815775","0.5011872336272722","5000","624","17","0.1249750049990002","0.003599280143971206","0.0288","-0.0026494701059788044","2.0461710089164455","4565","844"
"fig3b","0.2906568391815775","0.5411695265464638","5000","609","13","0.1219756048790242","0.0027994401119776045","0.022950819672131147","-0.003299340131973606","2.4665139529254247","4566","845"
"fig3b","0.2906568391815775","0.5843414133735175","5000","582","8","0.11657668466306739","0.001799640071985603","0.015437392795883362","-0.0040291941611677665","2.938956669898971","4567","846"
"fig3b","0.2906568391815775","0.6309573444801932","5000","477","7","0.09558088382323535","0.0015996800639872025","0.01673640167364017","-0.0031793641271745648","3.471342730596973","4568","847"
"fig3b","0.2906568391815775","0.6812920690579611","5000","471","5","0.09438112377524495","0.0011997600479904018","0.01271186440677966","-0.0035192961407718463","4.07306646282521","4569","848"
"fig3b","0.2906568391815775","0.7356422544596414","5000","491","1","0.09838032393521295","0.0003999200159968006","0.004065040650406504","-0.004519096180763847","4.755603629478003","4570","849"
"fig3b","0.2906568391815775","0.7943282347242814","5000","470","0","0.09418116376724656","0.0001999600079984003","0.0021231422505307855","-0.004509098180363927","5.5334911302734895","4571","850"
"fig3b","0.2906568391815775","0.8576958985908941","5000","491","1","0.09838032393521295","0.0003999200159968006","0.004065040650406504","-0.004519096180763847","6.42663415659365","4572","851"
"fig3b","0.2906568391815775","0.9261187281287933","5000","416","0","0.08338332333533294","0.0001999600079984003","0.002398081534772182","-0.003969206158768246","7.468555688488692","4573","852"
"fig3b","0.2906568391815775","1.0","5000","373","0","0.07478504299140172","0.0001999600079984003","0.00267379679144385","-0.0035392921415716857","8.872189586985087","4574","853"
"fig3b","0.3155187726010638","0.01","5000","1797","361","0.35952809438112376","0.07238552289542091","0.20133481646273638","0.05440911817636472","-1.7262823744854643","4575","854"
"fig3b","0.3155187726010638","0.0107977516232771","5000","1749","388","0.3499300139972006","0.07778444311137772","0.22228571428571425","0.06028794241151769","-1.7208139423871103","4576","855"
"fig3b","0.3155187726010638","0.011659144011798317","5000","1831","376","0.36632673465306936","0.07538492301539693","0.20578602620087338","0.05706858628274346","-1.7149013823860173","4577","856"
"fig3b","0.3155187726010638","0.012589254117941675","5000","1826","360","0.36532693461307736","0.07218556288742252","0.19759168035030106","0.053919216156768646","-1.7085079530681924","4578","857"
"fig3b","0.3155187726010638","0.013593563908785255","5000","1830","388","0.366126774645071","0.07778444311137772","0.21245221190606225","0.059478104379124166","-1.7015937636276988","4579","858"
"fig3b","0.3155187726010638","0.014677992676220698","5000","1718","368","0.3437312537492502","0.07378524295140972","0.21465968586387432","0.05659868026394721","-1.6941154861833354","4580","859"
"fig3b","0.3155187726010638","0.015848931924611134","5000","1812","390","0.3625274945010998","0.07818436312737452","0.2156646442360728","0.06005798840231953","-1.6860260390482154","4581","860"
"fig3b","0.3155187726010638","0.01711328304161781","5000","1757","381","0.3515296940611878","0.07638472305538892","0.217292377701934","0.058808238352329525","-1.677274237599363","4582","861"
"fig3b","0.3155187726010638","0.018478497974222907","5000","1812","348","0.3625274945010998","0.06978604279144171","0.19249862107004964","0.05165966806638672","-1.6678044089713353","4583","862"
"fig3b","0.3155187726010638","0.0199526231496888","5000","1813","350","0.36272745450909816","0.07018596280743851","0.19349503858875414","0.0520495900819836","-1.6575559662775277","4584","863"
"fig3b","0.3155187726010638","0.021544346900318832","5000","1817","340","0.3635272945410918","0.06818636272745451","0.18756875687568758","0.05000999800039992","-1.6464629374867172","4585","864"
"fig3b","0.3155187726010638","0.02326305067153626","5000","1742","368","0.34853029394121177","0.07378524295140972","0.2117039586919105","0.05635872825434912","-1.6344534434164473","4586","865"
"fig3b","0.3155187726010638","0.025118864315095794","5000","1789","359","0.35792841431713657","0.07198560287942411","0.20111731843575417","0.054089182163567284","-1.6214491185307338","4587","866"
"fig3b","0.3155187726010638","0.02712272579332028","5000","1744","345","0.3489302139572086","0.0691861627674465","0.19828080229226358","0.05173965206958607","-1.6073644673365663","4588","867"
"fig3b","0.3155187726010638","0.029286445646252372","5000","1757","314","0.3515296940611878","0.0629874025194961","0.17918088737201363","0.045410917816436705","-1.5921061481578818","4589","868"
"fig3b","0.3155187726010638","0.03162277660168379","5000","1771","343","0.35432913417316536","0.0687862427514497","0.19413092550790068","0.051069786042791436","-1.5755721748614633","4590","869"
"fig3b","0.3155187726010638","0.034145488738336005","5000","1788","341","0.3577284543091382","0.0683863227354529","0.1911682504192286","0.05049990001999599","-1.5576510257482425","4591","870"
"fig3b","0.3155187726010638","0.03686945064519575","5000","1788","344","0.3577284543091382","0.06898620275944811","0.19284516489659026","0.0510997800439912","-1.5382206472135067","4592","871"
"fig3b","0.3155187726010638","0.039810717055349734","5000","1695","327","0.33913217356528697","0.0655868826234753","0.1933962264150943","0.04863027394521095","-1.51714733793429","4593","872"
"fig3b","0.3155187726010638","0.042986623470822764","5000","1664","340","0.33293341331733656","0.06818636272745451","0.2048048048048048","0.051539692061587684","-1.4942844971817237","4594","873"
"fig3b","0.3155187726010638","0.046415888336127774","5000","1688","322","0.33773245350929815","0.06458708258348331","0.1912374185908822","0.0477004599080184","-1.4694712183483034","4595","874"
"fig3b","0.3155187726010638","0.05011872336272722","5000","1695","305","0.33913217356528697","0.0611877624475105","0.1804245283018868","0.04423115376924615","-1.4425307058486965","4596","875"
"fig3b","0.3155187726010638","0.054116952654646375","5000","1663","320","0.3327334533093381","0.06418716256748651","0.19290865384615385","0.0475504899020196","-1.4132684901455264","4597","876"
"fig3b","0.3155187726010638","0.05843414133735175","5000","1700","305","0.34013197360527897","0.0611877624475105","0.17989417989417988","0.044181163767246553","-1.3814704116462053","4598","877"
"fig3b","0.3155187726010638","0.06309573444801933","5000","1613","243","0.32273545290941813","0.04879024195160968","0.15117719950433706","0.03265346930613877","-1.3469003395542245","4599","878"
"fig3b","0.3155187726010638","0.06812920690579614","5000","1683","269","0.33673265346930614","0.05398920215956809","0.16033254156769597","0.03715256948610278","-1.3092975862679737","4600","879"
"fig3b","0.3155187726010638","0.07356422544596414","5000","1680","314","0.33613277344531095","0.0629874025194961","0.18738845925044614","0.04618076384723055","-1.268373971502342","4601","880"
"fig3b","0.3155187726010638","0.07943282347242814","5000","1616","297","0.3233353329334133","0.0595880823835233","0.18429189857761286","0.04342131573685263","-1.2238104827265772","4602","881"
"fig3b","0.3155187726010638","0.08576958985908942","5000","1610","255","0.32213557288542294","0.05118976204759048","0.1589075108628181","0.035082983403319334","-1.175253469634356","4603","882"
"fig3b","0.3155187726010638","0.09261187281287937","5000","1526","214","0.3053389322135573","0.04299140171965607","0.14079895219384414","0.027724455108978203","-1.1223102998318382","4604","883"
"fig3b","0.3155187726010638","0.1","5000","1506","207","0.30133973205358927","0.041591681663667265","0.13802256138022562","0.0265246950609878","-1.06454439055085","4605","884"
"fig3b","0.3155187726010638","0.10797751623277094","5000","1437","228","0.28754249150169964","0.04579084183163367","0.1592489568845619","0.031413717256548686","-1.0014695164819045","4606","885"
"fig3b","0.3155187726010638","0.11659144011798317","5000","1425","229","0.28514297140571887","0.04599080183963208","0.16129032258064516","0.03173365326934613","-0.9325432764256902","4607","886"
"fig3b","0.3155187726010638","0.12589254117941676","5000","1417","194","0.2835432913417317","0.038992201559688064","0.1375176304654443","0.02481503699260148","-0.8571595807416656","4608","887"
"fig3b","0.3155187726010638","0.13593563908785256","5000","1378","203","0.275744851029794","0.04079184163167367","0.1479332849891226","0.027004599080183968","-0.7746399969207403","4609","888"
"fig3b","0.3155187726010638","0.14677992676220697","5000","1364","174","0.27294541091781643","0.03499300139972006","0.12820512820512822","0.021345730853829237","-0.6842237611410553","4610","889"
"fig3b","0.3155187726010638","0.15848931924611134","5000","1292","172","0.2585482903419316","0.03459308138372325","0.13379737045630316","0.021665666866626673","-0.5850562283803526","4611","890"
"fig3b","0.3155187726010638","0.1711328304161781","5000","1254","169","0.2509498100379924","0.033993201359728054","0.1354581673306773","0.021445710857828433","-0.4761754912637457","4612","891"
"fig3b","0.3155187726010638","0.18478497974222907","5000","1236","138","0.2473505298940212","0.027794441111777646","0.11236863379143089","0.015426914617076584","-0.35649684667055226","4613","892"
"fig3b","0.3155187726010638","0.19952623149688797","5000","1157","113","0.23155368926214756","0.022795440911817635","0.09844559585492228","0.011217756448710257","-0.2247947272059605","4614","893"
"fig3b","0.3155187726010638","0.21544346900318834","5000","1077","92","0.21555688862227554","0.01859628074385123","0.0862708719851577","0.007818436312737452","-0.07968163926091165","4615","894"
"fig3b","0.3155187726010638","0.23263050671536262","5000","989","99","0.19796040791841632","0.01999600079984003","0.10101010101010101","0.010097980403919214","0.08041644289977512","4616","895"
"fig3b","0.3155187726010638","0.25118864315095796","5000","971","79","0.1943611277744451","0.015996800639872025","0.0823045267489712","0.006278744251149769","0.25728889129248955","4617","896"
"fig3b","0.3155187726010638","0.27122725793320285","5000","871","67","0.17436512697460507","0.013597280543891222","0.0779816513761468","0.004879024195160968","0.4529742523266691","4618","897"
"fig3b","0.3155187726010638","0.29286445646252357","5000","839","53","0.16796640671865626","0.010797840431913617","0.0642857142857143","0.0023995200959808036","0.6698000722321353","4619","898"
"fig3b","0.3155187726010638","0.31622776601683794","5000","756","34","0.15136972605478904","0.006998600279944011","0.046235138705416116","-0.0005698860227954412","0.9104299293949225","4620","899"
"fig3b","0.3155187726010638","0.34145488738336005","5000","677","34","0.13557288542291543","0.006998600279944011","0.051622418879056046","0.00021995600879823936","1.1779191760745107","4621","900"
"fig3b","0.3155187726010638","0.3686945064519575","5000","676","32","0.13537292541491702","0.0065986802639472104","0.04874446085672082","-0.0001699660067986412","1.4757812794428844","4622","901"
"fig3b","0.3155187726010638","0.3981071705534973","5000","617","18","0.1235752849430114","0.003799240151969606","0.030744336569579287","-0.0023795240951809647","1.8080671786888445","4623","902"
"fig3b","0.3155187726010638","0.42986623470822766","5000","576","14","0.11537692461507698","0.002999400119976005","0.025996533795493937","-0.0027694461107778444","2.179460816799377","4624","903"
"fig3b","0.3155187726010638","0.464158883361278","5000","561","10","0.11237752449510098","0.0021995600879824036","0.019572953736654804","-0.003419316136772646","2.5953950976701208","4625","904"
"fig3b","0.3155187726010638","0.5011872336272722","5000","516","4","0.10337932413517296","0.0009998000399920016","0.009671179883945842","-0.0041691661667666476","3.0621942180518147","4626","905"
"fig3b","0.3155187726010638","0.5411695265464638","5000","515","6","0.10317936412717456","0.0013997200559888023","0.013565891472868219","-0.0037592481503699263","3.5872511506726426","4627","906"
"fig3b","0.3155187726010638","0.5843414133735175","5000","466","3","0.09338132373525294","0.0007998400319936012","0.008565310492505354","-0.003869226154769046","4.179254152995952","4628","907"
"fig3b","0.3155187726010638","0.6309573444801932","5000","456","2","0.09138172365526895","0.0005998800239952009","0.006564551422319474","-0.003969206158768246","4.848486285039087","4629","908"
"fig3b","0.3155187726010638","0.6812920690579611","5000","461","1","0.09238152369526095","0.0003999200159968006","0.004329004329004329","-0.004219156168766247","5.6072443420253535","4630","909"
"fig3b","0.3155187726010638","0.7356422544596414","5000","472","0","0.09458108378324336","0.0001999600079984003","0.002114164904862579","-0.004529094181163768","6.470480595887665","4631","910"
"fig3b","0.3155187726010638","0.7943282347242814","5000","431","0","0.08638272345530894","0.0001999600079984003","0.0023148148148148147","-0.004119176164767047","7.4569433703563845","4632","911"
"fig3b","0.3155187726010638","0.8576958985908941","5000","421","0","0.08438312337532493","0.0001999600079984003","0.002369668246445498","-0.004019196160767846","8.591764093838549","4633","912"
"fig3b","0.3155187726010638","0.9261187281287933","5000","421","0","0.08438312337532493","0.0001999600079984003","0.002369668246445498","-0.004019196160767846","9.915447868854528","4634","913"
"fig3b","0.3155187726010638","1.0","5000","382","1","0.07658468306338732","0.0003999200159968006","0.005221932114882507","-0.003429314137172566","11.661556948781083","4635","914"
"fig3b","0.3425073228759988","0.01","5000","1650","352","0.3301339732053589","0.07058588282343531","0.21380981223500908","0.05407918416316736","-1.5339589835865013","4636","915"
"fig3b","0.3425073228759988","0.0107977516232771","5000","1685","358","0.33713257348530296","0.07178564287142572","0.2129300118623962","0.05492901419716057","-1.5275742413864464","4637","916"
"fig3b","0.3425073228759988","0.011659144011798317","5000","1744","350","0.3489302139572086","0.07018596280743851","0.20114613180515759","0.052739452109578075","-1.5206696885095425","4638","917"
"fig3b","0.3425073228759988","0.012589254117941675","5000","1651","332","0.33033393321335736","0.0665866826634673","0.2015738498789346","0.05006998600279944","-1.5132021155046687","4639","918"
"fig3b","0.3425073228759988","0.013593563908785255","5000","1654","331","0.33093381323735255","0.06638672265546891","0.20060422960725074","0.04984003199360128","-1.5051245756820606","4640","919"
"fig3b","0.3425073228759988","0.014677992676220698","5000","1664","341","0.33293341331733656","0.0683863227354529","0.2054054054054054","0.05173965206958608","-1.4963860384977465","4641","920"
"fig3b","0.3425073228759988","0.015848931924611134","5000","1741","335","0.34833033393321333","0.06718656268746251","0.19288174512055112","0.04977004599080184","-1.486931007160024","4642","921"
"fig3b","0.3425073228759988","0.01711328304161781","5000","1715","329","0.34313137372525493","0.06598680263947211","0.19230769230769235","0.04883023395320936","-1.476699096231215","4643","922"
"fig3b","0.3425073228759988","0.018478497974222907","5000","1689","336","0.3379324135172965","0.0673865226954609","0.19940828402366864","0.05048990201959608","-1.4656245644305272","4644","923"
"fig3b","0.3425073228759988","0.0199526231496888","5000","1671","322","0.3343331333733253","0.06458708258348331","0.1931818181818182","0.047870425914817036","-1.4536357971852567","4645","924"
"fig3b","0.3425073228759988","0.021544346900318832","5000","1663","341","0.3327334533093381","0.0683863227354529","0.20552884615384615","0.051749650069986","-1.4406547327267845","4646","925"
"fig3b","0.3425073228759988","0.02326305067153626","5000","1652","325","0.33053389322135573","0.0651869626074785","0.19721718088324258","0.04866026794641071","-1.4265962246496713","4647","926"
"fig3b","0.3425073228759988","0.025118864315095794","5000","1650","339","0.3301339732053589","0.06798640271945611","0.2059357964869776","0.051479704059188156","-1.4113673328520235","4648","927"
"fig3b","0.3425073228759988","0.02712272579332028","5000","1653","316","0.3307338532293541","0.0633873225354929","0.19165659008464328","0.04685062987402519","-1.3948665336097577","4649","928"
"fig3b","0.3425073228759988","0.029286445646252372","5000","1663","309","0.3327334533093381","0.0619876024795041","0.18629807692307693","0.0453509298140372","-1.3769828381869047","4650","929"
"fig3b","0.3425073228759988","0.03162277660168379","5000","1643","322","0.3287342531493701","0.06458708258348331","0.19647201946472023","0.048150369926014805","-1.3575948078238866","4651","930"
"fig3b","0.3425073228759988","0.034145488738336005","5000","1601","327","0.3203359328134373","0.0655868826234753","0.2047440699126092","0.049570085982803436","-1.336569451139212","4652","931"
"fig3b","0.3425073228759988","0.03686945064519575","5000","1607","281","0.3215356928614277","0.05638872225554889","0.17537313432835822","0.040311937612477505","-1.3137609878568242","4653","932"
"fig3b","0.3425073228759988","0.039810717055349734","5000","1592","295","0.31853629274145173","0.0591881623675265","0.18581293157564344","0.04326134773045391","-1.2890094603313287","4654","933"
"fig3b","0.3425073228759988","0.042986623470822764","5000","1574","322","0.3149370125974805","0.06458708258348331","0.20507936507936508","0.04884023195360928","-1.2621391714840797","4655","934"
"fig3b","0.3425073228759988","0.046415888336127774","5000","1586","272","0.3173365326934613","0.05458908218356329","0.1720226843100189","0.03872225554889022","-1.232956924413429","4656","935"
"fig3b","0.3425073228759988","0.05011872336272722","5000","1525","275","0.3051389722055589","0.055188962207558485","0.18086500655307994","0.03993201359728054","-1.201250035067062","4657","936"
"fig3b","0.3425073228759988","0.054116952654646375","5000","1509","282","0.30193961207758446","0.05658868226354729","0.18741721854304635","0.04149170165966806","-1.1667840847879063","4658","937"
"fig3b","0.3425073228759988","0.05843414133735175","5000","1577","264","0.3155368926214757","0.05298940211957608","0.16793409378960708","0.0372125574885023","-1.1293003742098335","4659","938"
"fig3b","0.3425073228759988","0.06309573444801933","5000","1490","268","0.2981403719256149","0.05378924215156969","0.18041582830315225","0.03888222355528895","-1.0885130337183","4660","939"
"fig3b","0.3425073228759988","0.06812920690579614","5000","1548","243","0.3097380523895221","0.04879024195160968","0.15752098127824402","0.03330333933213357","-1.0441057383264365","4661","940"
"fig3b","0.3425073228759988","0.07356422544596414","5000","1467","248","0.29354129174165167","0.04979004199160168","0.16961852861035423","0.0351129774045191","-0.9957279661621783","4662","941"
"fig3b","0.3425073228759988","0.07943282347242814","5000","1483","218","0.29674065186962606","0.04379124175164967","0.14757412398921832","0.028954209158168362","-0.9429907295557314","4663","942"
"fig3b","0.3425073228759988","0.08576958985908942","5000","1455","255","0.29114177164567084","0.05118976204759048","0.17582417582417584","0.036632673465306936","-0.8854616956896564","4664","943"
"fig3b","0.3425073228759988","0.09261187281287937","5000","1395","206","0.27914417116576684","0.041391721655668866","0.14828080229226362","0.02743451309738052","-0.8226595995330115","4665","944"
"fig3b","0.3425073228759988","0.1","5000","1337","198","0.26754649070185965","0.03979204159168166","0.14872944693572496","0.02641471705658868","-0.7540478349434636","4666","945"
"fig3b","0.3425073228759988","0.10797751623277094","5000","1344","194","0.2689462107578484","0.038992201559688064","0.14498141263940523","0.025544891021795642","-0.6790270898341078","4667","946"
"fig3b","0.3425073228759988","0.11659144011798317","5000","1262","186","0.2525494901019796","0.03739252149570086","0.14806017418844022","0.02476504699060188","-0.5969268675519572","4668","947"
"fig3b","0.3425073228759988","0.12589254117941676","5000","1259","167","0.2519496100779844","0.033593281343731254","0.13333333333333333","0.020995800839832032","-0.5069957083343866","4669","948"
"fig3b","0.3425073228759988","0.13593563908785256","5000","1132","146","0.22655468906218756","0.029394121175764846","0.12974404236540157","0.018066386722655467","-0.4083898909516961","4670","949"
"fig3b","0.3425073228759988","0.14677992676220697","5000","1165","127","0.23315336932613479","0.02559488102379524","0.10977701543739278","0.0139372125574885","-0.3001603542472253","4671","950"
"fig3b","0.3425073228759988","0.15848931924611134","5000","1066","128","0.21335732853429315","0.02579484103179364","0.12089971883786316","0.015126974605078981","-0.18123752985027863","4672","951"
"fig3b","0.3425073228759988","0.1711328304161781","5000","944","103","0.1889622075584883","0.020795840831833633","0.11005291005291006","0.011347730453909216","-0.050413719027346815","4673","952"
"fig3b","0.3425073228759988","0.18478497974222907","5000","970","86","0.1941611677664467","0.01739652069586083","0.08959835221421217","0.007688462307538493","0.09367742370795895","4674","953"
"fig3b","0.3425073228759988","0.19952623149688797","5000","929","71","0.1859628074385123","0.014397120575884824","0.07741935483870968","0.005098980203959208","0.2525848228576706","4675","954"
"fig3b","0.3425073228759988","0.21544346900318834","5000","831","56","0.16636672665466906","0.011397720455908818","0.06850961538461538","0.003079384123175365","0.428067956418829","4676","955"
"fig3b","0.3425073228759988","0.23263050671536262","5000","799","66","0.15996800639872025","0.013397320535892822","0.08375","0.0053989202159568095","0.6221296257356812","4677","956"
"fig3b","0.3425073228759988","0.25118864315095796","5000","735","38","0.14717056588682265","0.007798440311937612","0.0529891304347826","0.0004399120175964796","0.8370544298860523","4678","957"
"fig3b","0.3425073228759988","0.27122725793320285","5000","663","42","0.13277344531093782","0.008598280343931213","0.0647590361445783","0.0019596080783843214","1.0754540469911262","4679","958"
"fig3b","0.3425073228759988","0.29286445646252357","5000","642","35","0.1285742851429714","0.007198560287942412","0.055987558320373255","0.0007698460307938417","1.3403206664025333","4680","959"
"fig3b","0.3425073228759988","0.31622776601683794","5000","585","18","0.11717656468706258","0.003799240151969606","0.032423208191126277","-0.002059588082383524","1.6350902209450737","4681","960"
"fig3b","0.3425073228759988","0.34145488738336005","5000","606","26","0.121375724855029","0.005398920215956809","0.04448105436573311","-0.0006698660267946419","1.9637174596437035","4682","961"
"fig3b","0.3425073228759988","0.3686945064519575","5000","513","26","0.10277944411117776","0.005398920215956809","0.05252918287937743","0.00025994801039792067","2.3307654120284838","4683","962"
"fig3b","0.3425073228759988","0.3981071705534973","5000","515","11","0.10317936412717456","0.0023995200959808036","0.023255813953488372","-0.002759448110377925","2.741512477692993","4684","963"
"fig3b","0.3425073228759988","0.42986623470822766","5000","490","13","0.09818036392721456","0.0027994401119776045","0.0285132382892057","-0.0021095780843831237","3.202081315951034","4685","964"
"fig3b","0.3425073228759988","0.464158883361278","5000","446","10","0.08938212357528494","0.0021995600879824036","0.024608501118568236","-0.0022695460907818433","3.7195950619491214","4686","965"
"fig3b","0.3425073228759988","0.5011872336272722","5000","444","3","0.08898220355928814","0.0007998400319936012","0.008988764044943821","-0.003649270145970806","4.302368440715043","4687","966"
"fig3b","0.3425073228759988","0.5411695265464638","5000","436","5","0.08738252349530094","0.0011997600479904018","0.013729977116704805","-0.0031693661267746453","4.96014465746282","4688","967"
"fig3b","0.3425073228759988","0.5843414133735175","5000","410","1","0.08218356328734253","0.0003999200159968006","0.004866180048661801","-0.003709258148370326","5.70439474527609","4689","968"
"fig3b","0.3425073228759988","0.6309573444801932","5000","433","0","0.08678264347130574","0.0001999600079984003","0.002304147465437788","-0.004139172165566887","6.5487072885012765","4690","969"
"fig3b","0.3425073228759988","0.6812920690579611","5000","426","0","0.08538292341531693","0.0001999600079984003","0.00234192037470726","-0.004069186162767446","7.5093209112404224","4691","970"
"fig3b","0.3425073228759988","0.7356422544596414","5000","410","1","0.08218356328734253","0.0003999200159968006","0.004866180048661801","-0.003709258148370326","8.605913326416044","4692","971"
"fig3b","0.3425073228759988","0.7943282347242814","5000","415","0","0.08318336332733453","0.0001999600079984003","0.002403846153846154","-0.003959208158368326","9.862945275825723","4693","972"
"fig3b","0.3425073228759988","0.8576958985908941","5000","417","0","0.08358328334333133","0.0001999600079984003","0.0023923444976076554","-0.003979204159168167","11.312572309367852","4694","973"
"fig3b","0.3425073228759988","0.9261187281287933","5000","377","0","0.07558488302339532","0.0001999600079984003","0.0026455026455026454","-0.0035792841431713657","13.004391597505645","4695","974"
"fig3b","0.3425073228759988","1.0","5000","370","0","0.07418516296740651","0.0001999600079984003","0.0026954177897574125","-0.0035092981403719256","15.193695965919687","4696","975"
"fig3b","0.37180439457404296","0.01","5000","1581","325","0.3163367326534693","0.0651869626074785","0.20606826801517067","0.04937012597480503","-1.3104609427335276","4697","976"
"fig3b","0.37180439457404296","0.0107977516232771","5000","1594","361","0.3189362127574485","0.07238552289542091","0.22695924764890282","0.056438712257548485","-1.3030526681904462","4698","977"
"fig3b","0.37180439457404296","0.011659144011798317","5000","1556","320","0.3113377324535093","0.06418716256748651","0.20616570327552988","0.04862027594481104","-1.295039523200245","4699","978"
"fig3b","0.37180439457404296","0.012589254117941675","5000","1495","355","0.2991401719656069","0.07118576284743051","0.23796791443850268","0.05622875424915017","-1.2863709446475866","4700","979"
"fig3b","0.37180439457404296","0.013593563908785255","5000","1537","347","0.3075384923015397","0.06958608278344332","0.22626788036410928","0.054209158168366335","-1.2769919506033034","4701","980"
"fig3b","0.37180439457404296","0.014677992676220698","5000","1530","323","0.3061387722455509","0.0647870425914817","0.21162638798171127","0.04948010397920415","-1.2668427234027604","4702","981"
"fig3b","0.37180439457404296","0.015848931924611134","5000","1538","310","0.3077384523095381","0.0621875624875025","0.20207927225471084","0.046800639872025596","-1.2558581486509865","4703","982"
"fig3b","0.37180439457404296","0.01711328304161781","5000","1582","329","0.3165366926614677","0.06598680263947211","0.20846493998736576","0.05015996800639873","-1.2439673048007194","4704","983"
"fig3b","0.37180439457404296","0.018478497974222907","5000","1571","314","0.3143371325734853","0.0629874025194961","0.20038167938931298","0.04727054589082183","-1.2310928972246984","4705","984"
"fig3b","0.37180439457404296","0.0199526231496888","5000","1592","358","0.31853629274145173","0.07178564287142572","0.2253609541745135","0.05585882823435313","-1.2171506298446388","4706","985"
"fig3b","0.37180439457404296","0.021544346900318832","5000","1534","296","0.3069386122775445","0.0593881223755249","0.19348534201954398","0.04404119176164767","-1.2020485063955846","4707","986"
"fig3b","0.37180439457404296","0.02326305067153626","5000","1543","297","0.3087382523495301","0.0595880823835233","0.19300518134715025","0.04415116976604679","-1.1856860522672719","4708","987"
"fig3b","0.37180439457404296","0.025118864315095794","5000","1496","325","0.29934013197360526","0.0651869626074785","0.2177688710754843","0.050219956008798236","-1.1679534465582435","4709","988"
"fig3b","0.37180439457404296","0.02712272579332028","5000","1536","306","0.3073385322935413","0.0613877224555089","0.19973975276512687","0.04602079584083184","-1.1487305524261728","4710","989"
"fig3b","0.37180439457404296","0.029286445646252372","5000","1515","328","0.3031393721255749","0.0657868426314737","0.21701846965699206","0.05062987402519496","-1.1278858320819154","4711","990"
"fig3b","0.37180439457404296","0.03162277660168379","5000","1437","274","0.28754249150169964","0.054989002199560086","0.19123783031988875","0.0406118776244751","-1.1052751306879145","4712","991"
"fig3b","0.37180439457404296","0.034145488738336005","5000","1438","318","0.28774245150969807","0.0637872425514897","0.22168172341904097","0.04940011997600479","-1.0807403110389657","4713","992"
"fig3b","0.37180439457404296","0.03686945064519575","5000","1418","273","0.28374325134973005","0.054789042191561686","0.1930937279774489","0.04060187962407518","-1.054107718118189","4714","993"
"fig3b","0.37180439457404296","0.039810717055349734","5000","1487","263","0.2975404919016197","0.052789442111577684","0.17741935483870966","0.037912417516496696","-1.025186449356255","4715","994"
"fig3b","0.37180439457404296","0.042986623470822764","5000","1427","287","0.2855428914217157","0.057588482303539294","0.20168067226890754","0.043311337732453506","-0.9937664026259938","4716","995"
"fig3b","0.37180439457404296","0.046415888336127774","5000","1418","281","0.28374325134973005","0.05638872225554889","0.19873150105708245","0.042201559688062384","-0.9596160695645608","4717","996"
"fig3b","0.37180439457404296","0.05011872336272722","5000","1423","232","0.28474305138972206","0.046590681863627276","0.16362359550561797","0.032353529294141176","-0.9224800365972783","4718","997"
"fig3b","0.37180439457404296","0.054116952654646375","5000","1328","246","0.265746850629874","0.04939012197560488","0.1858540255831452","0.03610277944411117","-0.8820761499475793","4719","998"
"fig3b","0.37180439457404296","0.05843414133735175","5000","1360","242","0.27214557088582286","0.04859028194361128","0.17854518736223363","0.03498300339932013","-0.8380922937355137","4720","999"
"fig3b","0.37180439457404296","0.06309573444801933","5000","1375","237","0.2751449710057988","0.047590481903619274","0.17296511627906977","0.03383323335332933","-0.7901827218526591","4721","1000"
"fig3b","0.37180439457404296","0.06812920690579614","5000","1288","228","0.25774845030993804","0.04579084183163367","0.1776570985259891","0.032903419316136766","-0.7379638743613555","4722","1001"
"fig3b","0.37180439457404296","0.07356422544596414","5000","1246","212","0.24935012997400519","0.04259148170365927","0.17080994386527668","0.030123975204959012","-0.6810095974795445","4723","1002"
"fig3b","0.37180439457404296","0.07943282347242814","5000","1229","204","0.24595080983803239","0.04099180163967207","0.16666666666666669","0.028694261147770447","-0.6188456723717763","4724","1003"
"fig3b","0.37180439457404296","0.08576958985908942","5000","1197","195","0.23955208958208357","0.039192161567686463","0.1636060100166945","0.027214557088582284","-0.550943541623127","4725","1004"
"fig3b","0.37180439457404296","0.09261187281287937","5000","1138","174","0.22775444911017798","0.03499300139972006","0.15364354697102722","0.02360527894421116","-0.47671310289769053","4726","1005"
"fig3b","0.37180439457404296","0.1","5000","1111","184","0.22235552889422117","0.03699260147970406","0.16636690647482014","0.025874825034993002","-0.395494416276847","4727","1006"
"fig3b","0.37180439457404296","0.10797751623277094","5000","1128","139","0.22575484903019397","0.027994401119776045","0.12400354295837024","0.016706658668266344","-0.30654814443303735","4728","1007"
"fig3b","0.37180439457404296","0.11659144011798317","5000","1013","146","0.20275944811037794","0.029394121175764846","0.14497041420118342","0.019256148770245948","-0.20904451220542342","4729","1008"
"fig3b","0.37180439457404296","0.12589254117941676","5000","1008","118","0.20175964807038593","0.023795240951809637","0.11793855302279484","0.01370725854829034","-0.10205053326484403","4730","1009"
"fig3b","0.37180439457404296","0.13593563908785256","5000","976","106","0.19536092781443712","0.021395720855828835","0.10951893551688843","0.011627674465106978","0.015484794979130356","4731","1010"
"fig3b","0.37180439457404296","0.14677992676220697","5000","842","102","0.16856628674265148","0.020595880823835233","0.1221826809015421","0.012167566486702659","0.14474768285705863","4732","1011"
"fig3b","0.37180439457404296","0.15848931924611134","5000","818","78","0.16376724655068986","0.015796840631873626","0.09645909645909646","0.007608478304339132","0.28707954796988133","4733","1012"
"fig3b","0.37180439457404296","0.1711328304161781","5000","766","82","0.15336932613477305","0.016596680663867228","0.10821382007822686","0.008928214357128574","0.4440003252603333","4734","1013"
"fig3b","0.37180439457404296","0.18478497974222907","5000","656","63","0.131373725254949","0.01279744051189762","0.0974124809741248","0.00622875424915017","0.6172356877592051","4735","1014"
"fig3b","0.37180439457404296","0.19952623149688797","5000","663","49","0.13277344531093782","0.009998000399920015","0.0753012048192771","0.0033593281343731237","0.808748896612002","4736","1015"
"fig3b","0.37180439457404296","0.21544346900318834","5000","634","31","0.1269746050789842","0.00639872025594881","0.050393700787401574","4.9990001999599895e-05","1.0207781431394096","4737","1016"
"fig3b","0.37180439457404296","0.23263050671536262","5000","612","37","0.1225754849030194","0.007598480303939212","0.06199021207177814","0.001469706058788242","1.2558804219428907","4738","1017"
"fig3b","0.37180439457404296","0.25118864315095796","5000","555","27","0.11117776444711058","0.005598880223955209","0.050359712230215826","3.999200159967957e-05","1.5169831905527928","4739","1018"
"fig3b","0.37180439457404296","0.27122725793320285","5000","572","14","0.11457708458308338","0.002999400119976005","0.026178010471204192","-0.002729454109178165","1.807445338697761","4740","1019"
"fig3b","0.37180439457404296","0.29286445646252357","5000","548","19","0.10977804439112178","0.003999200159968006","0.03642987249544626","-0.0014897020595880826","2.1311293233300717","4741","1020"
"fig3b","0.37180439457404296","0.31622776601683794","5000","478","10","0.09578084383123375","0.0021995600879824036","0.022964509394572025","-0.002589482103579284","2.4924867439114564","4742","1021"
"fig3b","0.37180439457404296","0.34145488738336005","5000","457","7","0.09158168366326734","0.0015996800639872025","0.017467248908296942","-0.0029794041191761643","2.8966601640587726","4743","1022"
"fig3b","0.37180439457404296","0.3686945064519575","5000","459","8","0.09198160367926415","0.001799640071985603","0.019565217391304346","-0.0027994401119776045","3.3496046712966745","4744","1023"
"fig3b","0.37180439457404296","0.3981071705534973","5000","446","8","0.08938212357528494","0.001799640071985603","0.020134228187919465","-0.0026694661067786438","3.858233568705998","4745","1024"
"fig3b","0.37180439457404296","0.42986623470822766","5000","376","5","0.07538492301539693","0.0011997600479904018","0.015915119363395222","-0.002569486102779445","4.430593810898301","4746","1025"
"fig3b","0.37180439457404296","0.464158883361278","5000","406","1","0.08138372325534893","0.0003999200159968006","0.004914004914004914","-0.0036692661467706464","5.076078503054077","4747","1026"
"fig3b","0.37180439457404296","0.5011872336272722","5000","412","2","0.08258348330333934","0.0005998800239952009","0.007263922518159805","-0.003529294141171766","5.805686288329468","4748","1027"
"fig3b","0.37180439457404296","0.5411695265464638","5000","376","1","0.07538492301539693","0.0003999200159968006","0.005305039787798408","-0.003369326134773046","6.632341372085023","4749","1028"
"fig3b","0.37180439457404296","0.5843414133735175","5000","390","2","0.07818436312737452","0.0005998800239952009","0.0076726342710997444","-0.003309338132373525","7.57129459364063","4750","1029"
"fig3b","0.37180439457404296","0.6309573444801932","5000","365","2","0.07318536292741452","0.0005998800239952009","0.008196721311475409","-0.0030593881223755256","8.64063848031438","4751","1030"
"fig3b","0.37180439457404296","0.6812920690579611","5000","378","1","0.07578484303139373","0.0003999200159968006","0.005277044854881266","-0.003389322135572886","9.861995848920117","4752","1031"
"fig3b","0.37180439457404296","0.7356422544596414","5000","375","1","0.07518496300739852","0.0003999200159968006","0.005319148936170213","-0.003359328134373126","11.261507228352173","4753","1032"
"fig3b","0.37180439457404296","0.7943282347242814","5000","372","0","0.07458508298340331","0.0001999600079984003","0.002680965147453083","-0.0035292941411717653","12.871437775148166","4754","1033"
"fig3b","0.37180439457404296","0.8576958985908941","5000","370","0","0.07418516296740651","0.0001999600079984003","0.0026954177897574125","-0.0035092981403719256","14.733476486474899","4755","1034"
"fig3b","0.37180439457404296","0.9261187281287933","5000","404","0","0.08098380323935213","0.0001999600079984003","0.0024691358024691358","-0.003849230153969206","16.909261878059112","4756","1035"
"fig3b","0.37180439457404296","1.0","5000","380","0","0.07618476304739052","0.0001999600079984003","0.0026246719160104987","-0.003609278144371126","19.677425296387185","4757","1036"
"fig3b","0.40360745184598124","0.01","5000","1423","312","0.28474305138972206","0.0625874825034993","0.21980337078651685","0.0483503299340132","-1.0653176519010117","4758","1037"
"fig3b","0.40360745184598124","0.0107977516232771","5000","1455","342","0.29114177164567084","0.06858628274345131","0.2355769230769231","0.05402919416116777","-1.0567794564420012","4759","1038"
"fig3b","0.40360745184598124","0.011659144011798317","5000","1382","336","0.27654469106178764","0.0673865226954609","0.24367317425885754","0.05355928814237152","-1.0475417645466791","4760","1039"
"fig3b","0.40360745184598124","0.012589254117941675","5000","1394","343","0.27894421115776846","0.0687862427514497","0.24659498207885303","0.05483903219356128","-1.0375457157599044","4761","1040"
"fig3b","0.40360745184598124","0.013593563908785255","5000","1386","327","0.27734453109378127","0.0655868826234753","0.23648161499639506","0.051719656068786236","-1.02672724361247","4762","1041"
"fig3b","0.40360745184598124","0.014677992676220698","5000","1400","293","0.28014397120575885","0.05878824235152969","0.20985010706638116","0.044781043791241745","-1.0150165748365225","4763","1042"
"fig3b","0.40360745184598124","0.015848931924611134","5000","1360","303","0.27214557088582286","0.060787842431513694","0.22336517266715647","0.047180563887222554","-1.0023376742442736","4764","1043"
"fig3b","0.40360745184598124","0.01711328304161781","5000","1313","313","0.262747450509898","0.0627874425114977","0.23896499238964994","0.049650069986002805","-0.9886076284961973","4765","1044"
"fig3b","0.40360745184598124","0.018478497974222907","5000","1410","291","0.28214357128574286","0.05838832233553289","0.2069454287739192","0.04428114377124575","-0.973735961023948","4766","1045"
"fig3b","0.40360745184598124","0.0199526231496888","5000","1409","315","0.2819436112777445","0.0631873625274945","0.22411347517730495","0.04909018196360728","-0.9576238692660581","4767","1046"
"fig3b","0.40360745184598124","0.021544346900318832","5000","1395","315","0.27914417116576684","0.0631873625274945","0.22636103151862466","0.04923015396920616","-0.9401633740901048","4768","1047"
"fig3b","0.40360745184598124","0.02326305067153626","5000","1393","313","0.27874425114977003","0.0627874425114977","0.2252510760401722","0.0488502299540092","-0.9212363697862429","4769","1048"
"fig3b","0.40360745184598124","0.025118864315095794","5000","1419","257","0.28394321135772843","0.05158968206358728","0.18169014084507043","0.03739252149570085","-0.9007135612994546","4770","1049"
"fig3b","0.40360745184598124","0.02712272579332028","5000","1271","269","0.2543491301739652","0.05398920215956809","0.21226415094339623","0.04127174565086983","-0.8784532733461674","4771","1050"
"fig3b","0.40360745184598124","0.029286445646252372","5000","1304","298","0.26094781043791243","0.0597880423915217","0.22911877394636015","0.046740651869626074","-0.8543001137492752","4772","1051"
"fig3b","0.40360745184598124","0.03162277660168379","5000","1309","284","0.26194761047790444","0.05698860227954409","0.21755725190839692","0.043891221755648864","-0.8280834705838345","4773","1052"
"fig3b","0.40360745184598124","0.034145488738336005","5000","1329","252","0.2659468106378724","0.05058988202359528","0.19022556390977446","0.037292541491701664","-0.7996158195819589","4774","1053"
"fig3b","0.40360745184598124","0.03686945064519575","5000","1299","251","0.2599480103979204","0.05038992201559688","0.19384615384615383","0.03739252149570086","-0.7686908145209372","4775","1054"
"fig3b","0.40360745184598124","0.039810717055349734","5000","1268","265","0.25374925014997","0.05318936212757448","0.20961386918833724","0.040501899620075985","-0.7350811290034187","4776","1055"
"fig3b","0.40360745184598124","0.042986623470822764","5000","1337","272","0.26754649070185965","0.05458908218356329","0.20403587443946186","0.04121175764847031","-0.6985360129671676","4777","1056"
"fig3b","0.40360745184598124","0.046415888336127774","5000","1220","257","0.24415116976604678","0.05158968206358728","0.2113022113022113","0.039382123575284936","-0.6587785213185668","4778","1057"
"fig3b","0.40360745184598124","0.05011872336272722","5000","1193","255","0.23875224955008997","0.05118976204759048","0.21440536013400335","0.03925214957008598","-0.6155023651125759","4779","1058"
"fig3b","0.40360745184598124","0.054116952654646375","5000","1191","211","0.2383523295340932","0.04239152169566087","0.17785234899328858","0.03047390521895621","-0.5683683274949658","4780","1059"
"fig3b","0.40360745184598124","0.05843414133735175","5000","1133","199","0.22675464907018597","0.03999200159968006","0.1763668430335097","0.028654269146170763","-0.5170001769783994","4781","1060"
"fig3b","0.40360745184598124","0.06309573444801933","5000","1140","187","0.22815436912617476","0.03759248150369926","0.16476774758983348","0.026184763047390522","-0.46097999923642874","4782","1061"
"fig3b","0.40360745184598124","0.06812920690579614","5000","1099","198","0.21995600879824034","0.03979204159168166","0.1809090909090909","0.028794241151769644","-0.39984285517058993","4783","1062"
"fig3b","0.40360745184598124","0.07356422544596414","5000","1104","193","0.22095580883823235","0.038792241551689664","0.17556561085972852","0.027744451109778044","-0.3330706571152291","4784","1063"
"fig3b","0.40360745184598124","0.07943282347242814","5000","1030","177","0.20615876824635074","0.03559288142371526","0.1726479146459748","0.02528494301139772","-0.2600851362385299","4785","1064"
"fig3b","0.40360745184598124","0.08576958985908942","5000","976","166","0.19536092781443712","0.033393321335732855","0.17093142272262027","0.023625274945010998","-0.18023975188424401","4786","1065"
"fig3b","0.40360745184598124","0.09261187281287937","5000","928","162","0.1857628474305139","0.03259348130373925","0.17545748116254034","0.02330533893221355","-0.0928103670885605","4787","1066"
"fig3b","0.40360745184598124","0.1","5000","869","129","0.1739652069586083","0.025994801039792043","0.14942528735632185","0.01729654069186163","0.003015517030291903","4788","1067"
"fig3b","0.40360745184598124","0.10797751623277094","5000","831","121","0.16636672665466906","0.02439512097580484","0.1466346153846154","0.016076784643071385","0.10815121293285301","4789","1068"
"fig3b","0.40360745184598124","0.11659144011798317","5000","783","118","0.15676864627074585","0.023795240951809637","0.15178571428571427","0.015956808638272344","0.223625274208473","4790","1069"
"fig3b","0.40360745184598124","0.12589254117941676","5000","750","96","0.15016996600679863","0.019396120775844832","0.12916111850865514","0.0118876224755049","0.3505982426097489","4791","1070"
"fig3b","0.40360745184598124","0.13593563908785256","5000","656","77","0.131373725254949","0.015596880623875225","0.11872146118721462","0.009028194361127773","0.4903821226399714","4792","1071"
"fig3b","0.40360745184598124","0.14677992676220697","5000","608","61","0.1217756448710258","0.012397520495900819","0.1018062397372742","0.006308738252349529","0.6444630692353428","4793","1072"
"fig3b","0.40360745184598124","0.15848931924611134","5000","590","64","0.11817636472705459","0.012997400519896021","0.10998307952622674","0.007088582283543292","0.8145278674002157","4794","1073"
"fig3b","0.40360745184598124","0.1711328304161781","5000","554","50","0.11097780443911218","0.010197960407918417","0.0918918918918919","0.004649070185962808","1.0024948953351611","4795","1074"
"fig3b","0.40360745184598124","0.18478497974222907","5000","518","32","0.10377924415116976","0.0065986802639472104","0.06358381502890173","0.0014097180563887217","1.210550399017535","4796","1075"
"fig3b","0.40360745184598124","0.19952623149688797","5000","514","45","0.10297940411917617","0.009198160367926415","0.08932038834951457","0.004049190161967607","1.4411910718120566","4797","1076"
"fig3b","0.40360745184598124","0.21544346900318834","5000","452","20","0.09058188362327535","0.004199160167966407","0.046357615894039736","-0.0003299340131973612","1.697274134434366","4798","1077"
"fig3b","0.40360745184598124","0.23263050671536262","5000","466","32","0.09338132373525294","0.0065986802639472104","0.07066381156316917","0.001929614077184563","1.9820763571789257","4799","1078"
"fig3b","0.40360745184598124","0.25118864315095796","5000","444","16","0.08898220355928814","0.0033993201359728054","0.038202247191011236","-0.0010497900419916017","2.299363769008778","4800","1079"
"fig3b","0.40360745184598124","0.27122725793320285","5000","446","17","0.08938212357528494","0.003599280143971206","0.04026845637583893","-0.000869826034793041","2.6534741714078223","4801","1080"
"fig3b","0.40360745184598124","0.29286445646252357","5000","404","12","0.08098380323935213","0.002599480103979204","0.03209876543209877","-0.0014497100579884022","3.049415037981305","4802","1081"
"fig3b","0.40360745184598124","0.31622776601683794","5000","366","11","0.07338532293541292","0.0023995200959808036","0.0326975476839237","-0.0012697460507898424","3.4929799594084727","4803","1082"
"fig3b","0.40360745184598124","0.34145488738336005","5000","393","8","0.07878424315136973","0.001799640071985603","0.022842639593908632","-0.002139572085582883","3.9908875228510396","4804","1083"
"fig3b","0.40360745184598124","0.3686945064519575","5000","379","1","0.07598480303939212","0.0003999200159968006","0.005263157894736842","-0.0033993201359728054","4.5509474457392685","4805","1084"
"fig3b","0.40360745184598124","0.3981071705534973","5000","394","1","0.07898420315936813","0.0003999200159968006","0.0050632911392405056","-0.003549290141971606","5.182259990515433","4806","1085"
"fig3b","0.40360745184598124","0.42986623470822766","5000","393","3","0.07878424315136973","0.0007998400319936012","0.01015228426395939","-0.0031393721255748848","5.895456285711276","4807","1086"
"fig3b","0.40360745184598124","0.464158883361278","5000","384","0","0.07698460307938412","0.0001999600079984003","0.0025974025974025974","-0.003649270145970806","6.702989362364718","4808","1087"
"fig3b","0.40360745184598124","0.5011872336272722","5000","397","0","0.07958408318336332","0.0001999600079984003","0.002512562814070352","-0.003779244151169766","7.6194888264316205","4809","1088"
"fig3b","0.40360745184598124","0.5411695265464638","5000","377","0","0.07558488302339532","0.0001999600079984003","0.0026455026455026454","-0.0035792841431713657","8.662196790742797","4810","1089"
"fig3b","0.40360745184598124","0.5843414133735175","5000","377","0","0.07558488302339532","0.0001999600079984003","0.0026455026455026454","-0.0035792841431713657","9.851510387161596","4811","1090"
"fig3b","0.40360745184598124","0.6309573444801932","5000","374","0","0.07498500299940011","0.0001999600079984003","0.002666666666666667","-0.0035492901419716056","11.21167015421966","4812","1091"
"fig3b","0.40360745184598124","0.6812920690579611","5000","396","1","0.07938412317536493","0.0003999200159968006","0.005037783375314861","-0.0035692861427714466","12.771662472093936","4813","1092"
"fig3b","0.40360745184598124","0.7356422544596414","5000","352","0","0.07058588282343531","0.0001999600079984003","0.0028328611898017","-0.0033293341331733653","14.566474042695518","4814","1093"
"fig3b","0.40360745184598124","0.7943282347242814","5000","394","0","0.07898420315936813","0.0001999600079984003","0.0025316455696202528","-0.003749250149970006","16.63904151540902","4815","1094"
"fig3b","0.40360745184598124","0.8576958985908941","5000","408","0","0.08178364327134573","0.0001999600079984003","0.0024449877750611247","-0.0038892221555688862","19.04402343795377","4816","1095"
"fig3b","0.40360745184598124","0.9261187281287933","5000","435","0","0.08718256348730254","0.0001999600079984003","0.0022935779816513763","-0.004159168166366726","21.859152677683312","4817","1096"
"fig3b","0.40360745184598124","1.0","5000","377","0","0.07558488302339532","0.0001999600079984003","0.0026455026455026454","-0.0035792841431713657","25.38924452140421","4818","1097"
"fig3b","0.4381308493468211","0.01","5000","1248","331","0.249750049990002","0.06638672265546891","0.2658126501200961","0.05389922015596881","-0.8127737187476214","4819","1098"
"fig3b","0.4381308493468211","0.0107977516232771","5000","1274","313","0.2549490101979604","0.0627874425114977","0.2462745098039216","0.050039992001599684","-0.8029942788849382","4820","1099"
"fig3b","0.4381308493468211","0.011659144011798317","5000","1284","311","0.2569486102779444","0.0623875224955009","0.24280155642023346","0.049540091981603675","-0.7924104335395157","4821","1100"
"fig3b","0.4381308493468211","0.012589254117941675","5000","1261","308","0.2523495300939812","0.0617876424715057","0.24484944532488115","0.04917016596680664","-0.7809539696523586","4822","1101"
"fig3b","0.4381308493468211","0.013593563908785255","5000","1242","317","0.2485502899420116","0.0635872825434913","0.25583266291230894","0.05115976804639072","-0.76855055719642","4823","1102"
"fig3b","0.4381308493468211","0.014677992676220698","5000","1241","315","0.2483503299340132","0.0631873625274945","0.25442834138486314","0.05076984603079384","-0.75511914793654","4824","1103"
"fig3b","0.4381308493468211","0.015848931924611134","5000","1273","340","0.254749050189962","0.06818636272745451","0.26766091051805335","0.055448910217956414","-0.7405713071146351","4825","1104"
"fig3b","0.4381308493468211","0.01711328304161781","5000","1242","287","0.2485502899420116","0.057588482303539294","0.23169750603378925","0.04516096780643872","-0.7248104694593849","4826","1105"
"fig3b","0.4381308493468211","0.018478497974222907","5000","1182","299","0.23655268946210758","0.059988002399520096","0.25359256128486896","0.04816036792641472","-0.7077311096691687","4827","1106"
"fig3b","0.4381308493468211","0.0199526231496888","5000","1205","273","0.2411517696460708","0.054789042191561686","0.22719734660033167","0.04273145370925815","-0.6892178160691742","4828","1107"
"fig3b","0.4381308493468211","0.021544346900318832","5000","1183","290","0.236752649470106","0.05818836232753449","0.245777027027027","0.046350729854029195","-0.6691442544709503","4829","1108"
"fig3b","0.4381308493468211","0.02326305067153626","5000","1216","289","0.24335132973405318","0.05798840231953609","0.23829087921117503","0.04582083583283343","-0.6473720073111338","4830","1109"
"fig3b","0.4381308493468211","0.025118864315095794","5000","1176","256","0.23535292941411717","0.05138972205558888","0.21835174171622768","0.039622075584883024","-0.6237492708771413","4831","1110"
"fig3b","0.4381308493468211","0.02712272579332028","5000","1126","295","0.22535492901419715","0.0591881623675265","0.26264418811002666","0.04792041591681664","-0.5981093907918194","4832","1111"
"fig3b","0.4381308493468211","0.029286445646252372","5000","1150","232","0.23015396920615877","0.046590681863627276","0.20243266724587317","0.035082983403319334","-0.5702692128425042","4833","1112"
"fig3b","0.4381308493468211","0.03162277660168379","5000","1202","243","0.24055188962207558","0.04879024195160968","0.20282626766417292","0.0367626474705059","-0.5400272226484333","4834","1113"
"fig3b","0.4381308493468211","0.034145488738336005","5000","1137","258","0.22755448910217957","0.051789642071585686","0.22759226713532513","0.04041191761647671","-0.5071614434570506","4835","1114"
"fig3b","0.4381308493468211","0.03686945064519575","5000","1111","254","0.22235552889422117","0.05098980203959208","0.22931654676258992","0.039872025594881025","-0.4714270564257106","4836","1115"
"fig3b","0.4381308493468211","0.039810717055349734","5000","1058","226","0.21175764847030593","0.04539092181563687","0.21435316336166196","0.03480303939212157","-0.43255370199119625","4837","1116"
"fig3b","0.4381308493468211","0.042986623470822764","5000","1095","222","0.21915616876624675","0.04459108178364327","0.20346715328467155","0.033633273345330936","-0.3902424141355709","4838","1117"
"fig3b","0.4381308493468211","0.046415888336127774","5000","1020","214","0.20415916816636673","0.04299140171965607","0.21057786483839375","0.03278344331133773","-0.3441621314121335","4839","1118"
"fig3b","0.4381308493468211","0.05011872336272722","5000","1011","215","0.20235952809438112","0.04319136172765447","0.2134387351778656","0.03307338532293541","-0.29394571921127977","4840","1119"
"fig3b","0.4381308493468211","0.054116952654646375","5000","974","199","0.1949610077984403","0.03999200159968006","0.20512820512820512","0.030243951209758046","-0.23918542670293164","4841","1120"
"fig3b","0.4381308493468211","0.05843414133735175","5000","938","159","0.1877624475104979","0.03199360127974405","0.1703940362087327","0.022605478904219156","-0.17942768886027238","4842","1121"
"fig3b","0.4381308493468211","0.06309573444801933","5000","894","158","0.17896420715856828","0.03179364127174565","0.1776536312849162","0.022845430913817237","-0.11416716854932929","4843","1122"
"fig3b","0.4381308493468211","0.06812920690579614","5000","856","148","0.17136572685462909","0.02979404119176165","0.17386231038506417","0.021225754849030193","-0.04283991543411503","4844","1123"
"fig3b","0.4381308493468211","0.07356422544596414","5000","803","151","0.16076784643071385","0.030393921215756847","0.1890547263681592","0.022355528894221155","0.035184503179380044","4845","1124"
"fig3b","0.4381308493468211","0.07943282347242814","5000","731","119","0.14637072585482905","0.02399520095980804","0.16393442622950818","0.016676664667066587","0.12061207012658315","4846","1125"
"fig3b","0.4381308493468211","0.08576958985908942","5000","692","113","0.13857228554289142","0.022795440911817635","0.1645021645021645","0.015866826634673065","0.21423478588883427","4847","1126"
"fig3b","0.4381308493468211","0.09261187281287937","5000","672","100","0.13457308538292342","0.020195960807838434","0.150074294205052","0.013467306538692263","0.3169427733066641","4848","1127"
"fig3b","0.4381308493468211","0.1","5000","666","95","0.133373325334933","0.01919616076784643","0.14392803598200898","0.012527494501099778","0.4297383003935238","4849","1128"
"fig3b","0.4381308493468211","0.10797751623277094","5000","628","103","0.12577484503099381","0.020795840831833633","0.16534181240063592","0.014507098580283942","0.5537520540414107","4850","1129"
"fig3b","0.4381308493468211","0.11659144011798317","5000","517","62","0.10357928414317137","0.01259748050389922","0.12162162162162161","0.007418516296740651","0.6902620595403732","4851","1130"
"fig3b","0.4381308493468211","0.12589254117941676","5000","580","65","0.11617676464707058","0.013197360527894421","0.11359724612736662","0.007388522295540892","0.8407157153889102","4852","1131"
"fig3b","0.4381308493468211","0.13593563908785256","5000","483","46","0.09678064387122576","0.009398120375924815","0.09710743801652892","0.004559088182363526","1.006755502465694","4853","1132"
"fig3b","0.4381308493468211","0.14677992676220697","5000","484","52","0.09698060387922415","0.010597880423915218","0.10927835051546393","0.00574885022995401","1.1902490345414947","4854","1133"
"fig3b","0.4381308493468211","0.15848931924611134","5000","449","43","0.08998200359928014","0.008798240351929614","0.09777777777777778","0.0042991401719656075","1.3933242473386827","4855","1134"
"fig3b","0.4381308493468211","0.1711328304161781","5000","439","34","0.08798240351929613","0.006998600279944011","0.07954545454545456","0.002599480103979204","1.6184106808267984","4856","1135"
"fig3b","0.4381308493468211","0.18478497974222907","5000","442","25","0.08858228354329134","0.005198960207958408","0.05869074492099323","0.0007698460307938408","1.8682880003511286","4857","1136"
"fig3b","0.4381308493468211","0.19952623149688797","5000","410","24","0.08218356328734253","0.004999000199960008","0.06082725060827251","0.0008898220355928813","2.146143134137901","4858","1137"
"fig3b","0.4381308493468211","0.21544346900318834","5000","399","15","0.07998400319936012","0.003199360127974405","0.04","-0.0007998400319936014","2.455637687309462","4859","1138"
"fig3b","0.4381308493468211","0.23263050671536262","5000","377","18","0.07558488302339532","0.003799240151969606","0.05026455026455026","1.9996000799839785e-05","2.8009876377563216","4860","1139"
"fig3b","0.4381308493468211","0.25118864315095796","5000","347","11","0.06958608278344332","0.0023995200959808036","0.03448275862068965","-0.0010797840431913622","3.187057742359201","4861","1140"
"fig3b","0.4381308493468211","0.27122725793320285","5000","364","11","0.07298540291941612","0.0023995200959808036","0.03287671232876712","-0.0012497500499900026","3.6194736025726115","4862","1141"
"fig3b","0.4381308493468211","0.29286445646252357","5000","340","6","0.06818636272745451","0.0013997200559888023","0.020527859237536656","-0.0020095980803839235","4.104754981505636","4863","1142"
"fig3b","0.4381308493468211","0.31622776601683794","5000","337","2","0.06758648270345931","0.0005998800239952009","0.008875739644970413","-0.0027794441111777647","4.650474763530951","4864","1143"
"fig3b","0.4381308493468211","0.34145488738336005","5000","340","3","0.06818636272745451","0.0007998400319936012","0.011730205278592374","-0.0026094781043791244","5.265448946520593","4865","1144"
"fig3b","0.4381308493468211","0.3686945064519575","5000","350","5","0.07018596280743851","0.0011997600479904018","0.017094017094017092","-0.0023095380923815237","5.959964317502909","4866","1145"
"fig3b","0.4381308493468211","0.3981071705534973","5000","346","2","0.06938612277544491","0.0005998800239952009","0.008645533141210374","-0.0028694261147770446","6.746052072776308","4867","1146"
"fig3b","0.4381308493468211","0.42986623470822766","5000","345","1","0.0691861627674465","0.0003999200159968006","0.005780346820809249","-0.0030593881223755248","7.637817735915974","4868","1147"
"fig3b","0.4381308493468211","0.464158883361278","5000","305","0","0.0611877624475105","0.0001999600079984003","0.00326797385620915","-0.0028594281143771248","8.651840514346873","4869","1148"
"fig3b","0.4381308493468211","0.5011872336272722","5000","342","0","0.06858628274345131","0.0001999600079984003","0.0029154518950437317","-0.0032293541291741655","9.807659085876196","4870","1149"
"fig3b","0.4381308493468211","0.5411695265464638","5000","344","0","0.06898620275944811","0.0001999600079984003","0.002898550724637681","-0.0032493501299740053","11.128366418891176","4871","1150"
"fig3b","0.4381308493468211","0.5843414133735175","5000","349","1","0.06998600279944012","0.0003999200159968006","0.005714285714285713","-0.0030993801239752056","12.641345063140704","4872","1151"
"fig3b","0.4381308493468211","0.6309573444801932","5000","368","0","0.07378524295140972","0.0001999600079984003","0.0027100271002710027","-0.0034893021395720853","14.379189799387603","4873","1152"
"fig3b","0.4381308493468211","0.6812920690579611","5000","354","0","0.07098580283943211","0.0001999600079984003","0.0028169014084507044","-0.003349330133973205","16.380895520535375","4874","1153"
"fig3b","0.4381308493468211","0.7356422544596414","5000","346","0","0.06938612277544491","0.0001999600079984003","0.002881844380403458","-0.003269346130773845","18.693461672623982","4875","1154"
"fig3b","0.4381308493468211","0.7943282347242814","5000","398","0","0.07978404319136173","0.0001999600079984003","0.002506265664160401","-0.0037892421515696864","21.374278076724494","4876","1155"
"fig3b","0.4381308493468211","0.8576958985908941","5000","394","0","0.07898420315936813","0.0001999600079984003","0.0025316455696202528","-0.003749250149970006","24.495468834978794","4877","1156"
"fig3b","0.4381308493468211","0.9261187281287933","5000","414","0","0.08298340331933614","0.0001999600079984003","0.0024096385542168672","-0.0039492101579684065","28.156147751304445","4878","1157"
"fig3b","0.4381308493468211","1.0","5000","408","0","0.08178364327134573","0.0001999600079984003","0.0024449877750611247","-0.0038892221555688862","32.6920778621768","4879","1158"
"fig3b","0.475607276999978","0.01","5000","1121","336","0.22435512897420515","0.0673865226954609","0.3003565062388592","0.05616876624675064","-0.5676096439406422","4880","1159"
"fig3b","0.475607276999978","0.0107977516232771","5000","1124","325","0.22495500899820037","0.0651869626074785","0.28977777777777775","0.05393921215756848","-0.5564630551288303","4881","1160"
"fig3b","0.475607276999978","0.011659144011798317","5000","1086","326","0.21735652869426114","0.0653869226154769","0.30082796688132474","0.05451909618076385","-0.5443953201157115","4882","1161"
"fig3b","0.475607276999978","0.012589254117941675","5000","1104","338","0.22095580883823235","0.06778644271145771","0.3067873303167421","0.056738652269546094","-0.5313276293042577","4883","1162"
"fig3b","0.475607276999978","0.013593563908785255","5000","1101","288","0.22035592881423716","0.057788442311537694","0.26225045372050815","0.046770645870825835","-0.5171739952595829","4884","1163"
"fig3b","0.475607276999978","0.014677992676220698","5000","1100","297","0.22015596880623875","0.0595880823835233","0.2706630336058129","0.04858028394321136","-0.5018405304081455","4885","1164"
"fig3b","0.475607276999978","0.015848931924611134","5000","1080","329","0.21615676864627076","0.06598680263947211","0.30527289546716","0.05517896420715857","-0.48522464179438884","4886","1165"
"fig3b","0.475607276999978","0.01711328304161781","5000","1077","277","0.21555688862227554","0.05558888222355529","0.25788497217068646","0.04481103779244151","-0.4672141319391301","4887","1166"
"fig3b","0.475607276999978","0.018478497974222907","5000","1070","302","0.21415716856628675","0.060587882423515295","0.28291316526610644","0.04988002399520096","-0.4476861932368479","4888","1167"
"fig3b","0.475607276999978","0.0199526231496888","5000","1047","261","0.20955808838232354","0.052389522095580884","0.25","0.04191161767646471","-0.42650628143269387","4889","1168"
"fig3b","0.475607276999978","0.021544346900318832","5000","1084","271","0.21695660867826436","0.05438912217556489","0.25069124423963135","0.043541291741651666","-0.4035268515185635","4890","1169"
"fig3b","0.475607276999978","0.02326305067153626","5000","1028","254","0.20575884823035392","0.05098980203959208","0.2478134110787172","0.040701859628074384","-0.3785859368464344","4891","1170"
"fig3b","0.475607276999978","0.025118864315095794","5000","1046","282","0.20935812837432513","0.05658868226354729","0.2702960840496657","0.046120775844831034","-0.35150554926190125","4892","1171"
"fig3b","0.475607276999978","0.02712272579332028","5000","979","280","0.1959608078384323","0.05618876224755049","0.286734693877551","0.046390721855628876","-0.32208987457954663","4893","1172"
"fig3b","0.475607276999978","0.029286445646252372","5000","1003","212","0.20075984803039393","0.04259148170365927","0.21215139442231076","0.032553489302139575","-0.29012323365668635","4894","1173"
"fig3b","0.475607276999978","0.03162277660168379","5000","917","258","0.1835632873425315","0.051789642071585686","0.2821350762527233","0.04261147770445911","-0.2553677745524112","4895","1174"
"fig3b","0.475607276999978","0.034145488738336005","5000","898","225","0.17976404719056188","0.04519096180763847","0.25139043381535037","0.036202759448110376","-0.21756085566443062","4896","1175"
"fig3b","0.475607276999978","0.03686945064519575","5000","884","227","0.17696460707858427","0.04559088182363527","0.2576271186440678","0.03674265146970605","-0.17641207319317687","4897","1176"
"fig3b","0.475607276999978","0.039810717055349734","5000","861","188","0.17236552689462106","0.03779244151169766","0.21925754060324826","0.029174165166966606","-0.13159987855942745","4898","1177"
"fig3b","0.475607276999978","0.042986623470822764","5000","854","218","0.17096580683863227","0.04379124175164967","0.25614035087719295","0.03524295140971805","-0.08276772233978136","4899","1178"
"fig3b","0.475607276999978","0.046415888336127774","5000","769","177","0.15396920615876825","0.03559288142371526","0.23116883116883116","0.027894421115776846","-0.029519650594778568","4900","1179"
"fig3b","0.475607276999978","0.05011872336272722","5000","754","184","0.15096980603879223","0.03699260147970406","0.2450331125827815","0.02944411117776445","0.028584733156492348","4901","1180"
"fig3b","0.475607276999978","0.054116952654646375","5000","687","135","0.1375724855028994","0.027194561087782444","0.19767441860465118","0.02031593681263747","0.09203604196207493","4902","1181"
"fig3b","0.475607276999978","0.05843414133735175","5000","679","125","0.13597280543891221","0.02519496100779844","0.18529411764705883","0.01839632073585283","0.16138173475701478","4903","1182"
"fig3b","0.475607276999978","0.06309573444801933","5000","617","115","0.1235752849430114","0.023195360927814438","0.1877022653721683","0.017016596680663867","0.23723374118236507","4904","1183"
"fig3b","0.475607276999978","0.06812920690579614","5000","540","124","0.10817836432713457","0.02499500099980004","0.23105360443622922","0.01958608278344331","0.32027724692082415","4905","1184"
"fig3b","0.475607276999978","0.07356422544596414","5000","546","98","0.10937812437512498","0.01979604079184163","0.1809872029250457","0.014327134573085383","0.4112808340777008","4906","1185"
"fig3b","0.475607276999978","0.07943282347242814","5000","498","92","0.09978004399120176","0.01859628074385123","0.18637274549098198","0.013607278544291142","0.5111082062578021","4907","1186"
"fig3b","0.475607276999978","0.08576958985908942","5000","499","76","0.09998000399920016","0.015396920615876825","0.154","0.010397920415916816","0.6207317698720942","4908","1187"
"fig3b","0.475607276999978","0.09261187281287937","5000","463","54","0.09278144371125775","0.010997800439912017","0.11853448275862068","0.006358728254349129","0.7412483932392888","4909","1188"
"fig3b","0.475607276999978","0.1","5000","425","53","0.08518296340731854","0.010797840431913617","0.1267605633802817","0.00653869226154769","0.8738977248775655","4910","1189"
"fig3b","0.475607276999978","0.10797751623277094","5000","413","63","0.08278344331133773","0.01279744051189762","0.15458937198067632","0.008658268346330733","1.0200835240941046","4911","1190"
"fig3b","0.475607276999978","0.11659144011798317","5000","411","53","0.08238352329534093","0.010797840431913617","0.13106796116504854","0.0066786642671465704","1.1813985430246134","4912","1191"
"fig3b","0.475607276999978","0.12589254117941676","5000","374","38","0.07498500299940011","0.007798440311937612","0.10400000000000001","0.004049190161967606","1.3596536027171169","4913","1192"
"fig3b","0.475607276999978","0.13593563908785256","5000","373","31","0.07478504299140172","0.00639872025594881","0.0855614973262032","0.002659468106378724","1.5569116304213821","4914","1193"
"fig3b","0.475607276999978","0.14677992676220697","5000","387","36","0.07758448310337933","0.007398520295940812","0.09536082474226804","0.0035192961407718455","1.77552757549185","4915","1194"
"fig3b","0.475607276999978","0.15848931924611134","5000","331","28","0.06638672265546891","0.0057988402319536095","0.08734939759036145","0.0024795040991801636","2.018195302821283","4916","1195"
"fig3b","0.475607276999978","0.1711328304161781","5000","347","25","0.06958608278344332","0.005198960207958408","0.07471264367816091","0.0017196560687862423","2.2880027824256217","4917","1196"
"fig3b","0.475607276999978","0.18478497974222907","5000","341","20","0.0683863227354529","0.004199160167966407","0.06140350877192983","0.0007798440311937611","2.5884971601343523","4918","1197"
"fig3b","0.475607276999978","0.19952623149688797","5000","325","30","0.0651869626074785","0.0061987602479504095","0.0950920245398773","0.0029394121175764843","2.923761617814023","4919","1198"
"fig3b","0.475607276999978","0.21544346900318834","5000","350","12","0.07018596280743851","0.002599480103979204","0.037037037037037035","-0.0009098180363927215","3.2985063251171027","4920","1199"
"fig3b","0.475607276999978","0.23263050671536262","5000","312","15","0.0625874825034993","0.003199360127974405","0.051118210862619806","6.998600279944011e-05","3.718176264505928","4921","1200"
"fig3b","0.475607276999978","0.25118864315095796","5000","345","11","0.0691861627674465","0.0023995200959808036","0.034682080924855495","-0.0010597880423915216","4.189079297359342","4922","1201"
"fig3b","0.475607276999978","0.27122725793320285","5000","308","4","0.0617876424715057","0.0009998000399920016","0.016181229773462782","-0.002089582083583284","4.718538556477284","4923","1202"
"fig3b","0.475607276999978","0.29286445646252357","5000","317","2","0.0635872825434913","0.0005998800239952009","0.009433962264150943","-0.0025794841031793643","5.31507413115861","4924","1203"
"fig3b","0.475607276999978","0.31622776601683794","5000","335","5","0.06718656268746251","0.0011997600479904018","0.017857142857142856","-0.0021595680863827236","5.988620095898341","4925","1204"
"fig3b","0.475607276999978","0.34145488738336005","5000","302","2","0.060587882423515295","0.0005998800239952009","0.009900990099009901","-0.002429514097180564","6.750784275637898","4926","1205"
"fig3b","0.475607276999978","0.3686945064519575","5000","342","3","0.06858628274345131","0.0007998400319936012","0.011661807580174927","-0.0026294741051789646","7.615159809852543","4927","1206"
"fig3b","0.475607276999978","0.3981071705534973","5000","335","0","0.06718656268746251","0.0001999600079984003","0.002976190476190476","-0.003159368126374725","8.597699671858265","4928","1207"
"fig3b","0.475607276999978","0.42986623470822766","5000","333","1","0.06678664267146571","0.0003999200159968006","0.005988023952095808","-0.002939412117576485","9.717167959512125","4929","1208"
"fig3b","0.475607276999978","0.464158883361278","5000","344","1","0.06898620275944811","0.0003999200159968006","0.005797101449275362","-0.0030493901219756053","10.995685217733183","4930","1209"
"fig3b","0.475607276999978","0.5011872336272722","5000","313","0","0.0627874425114977","0.0001999600079984003","0.003184713375796178","-0.0029394121175764848","12.459389652007928","4931","1210"
"fig3b","0.475607276999978","0.5411695265464638","5000","368","0","0.07378524295140972","0.0001999600079984003","0.0027100271002710027","-0.0034893021395720853","14.139242538470853","4932","1211"
"fig3b","0.475607276999978","0.5843414133735175","5000","359","0","0.07198560287942411","0.0001999600079984003","0.002777777777777778","-0.0033993201359728054","16.072015881304253","4933","1212"
"fig3b","0.475607276999978","0.6309573444801932","5000","378","0","0.07578484303139373","0.0001999600079984003","0.002638522427440633","-0.003589282143571286","18.30151682314252","4934","1213"
"fig3b","0.475607276999978","0.6812920690579611","5000","367","0","0.07358528294341132","0.0001999600079984003","0.0027173913043478256","-0.003479304139172166","20.88013554174873","4935","1214"
"fig3b","0.475607276999978","0.7356422544596414","5000","352","0","0.07058588282343531","0.0001999600079984003","0.0028328611898017","-0.0033293341331733653","23.870879039575698","4936","1215"
"fig3b","0.475607276999978","0.7943282347242814","5000","349","0","0.06998600279944012","0.0001999600079984003","0.0028571428571428567","-0.0032993401319736057","27.350273172315042","4937","1216"
"fig3b","0.475607276999978","0.8576958985908941","5000","400","0","0.08018396320735853","0.0001999600079984003","0.0024937655860349127","-0.0038092381523695262","31.41335355232809","4938","1217"
"fig3b","0.475607276999978","0.9261187281287933","5000","394","0","0.07898420315936813","0.0001999600079984003","0.0025316455696202528","-0.003749250149970006","36.18689362324392","4939","1218"
"fig3b","0.475607276999978","1.0","5000","402","0","0.08058388322335533","0.0001999600079984003","0.0024813895781637717","-0.003829234153169366","42.04447562763835","4940","1219"
"fig3b","0.5162893283423504","0.01","5000","963","322","0.19276144771045792","0.06458708258348331","0.33506224066390045","0.05494901019796041","-0.3408077108259704","4941","1220"
"fig3b","0.5162893283423504","0.0107977516232771","5000","957","338","0.1915616876624675","0.06778644271145771","0.3538622129436326","0.05820835832833434","-0.32815032124065624","4942","1221"
"fig3b","0.5162893283423504","0.011659144011798317","5000","938","313","0.1877624475104979","0.0627874425114977","0.33439829605963795","0.05339932013597281","-0.3144413748357806","4943","1222"
"fig3b","0.5162893283423504","0.012589254117941675","5000","943","332","0.1887622475504899","0.0665866826634673","0.3527542372881356","0.05714857028594281","-0.29959000298524074","4944","1223"
"fig3b","0.5162893283423504","0.013593563908785255","5000","905","272","0.1811637672465507","0.05458908218356329","0.30132450331125826","0.04553089382123575","-0.28349691859568793","4945","1224"
"fig3b","0.5162893283423504","0.014677992676220698","5000","883","328","0.1767646470705859","0.0657868426314737","0.3721719457013574","0.05694861027794441","-0.2660535475858694","4946","1225"
"fig3b","0.5162893283423504","0.015848931924611134","5000","911","281","0.18236352729454108","0.05638872225554889","0.3092105263157895","0.04727054589082184","-0.24714105765110617","4947","1226"
"fig3b","0.5162893283423504","0.01711328304161781","5000","913","306","0.1827634473105379","0.0613877224555089","0.3358862144420131","0.05224955008998201","-0.2266292703731665","4948","1227"
"fig3b","0.5162893283423504","0.018478497974222907","5000","896","303","0.1793641271745651","0.060787842431513694","0.3389074693422519","0.05181963607278544","-0.20437544062662027","4949","1228"
"fig3b","0.5162893283423504","0.0199526231496888","5000","808","269","0.16176764647070585","0.05398920215956809","0.33374536464771326","0.045900819836032794","-0.18022288476100812","4950","1229"
"fig3b","0.5162893283423504","0.021544346900318832","5000","851","259","0.17036592681463708","0.051989602079584085","0.3051643192488263","0.04347130573885223","-0.1539994361761785","4951","1230"
"fig3b","0.5162893283423504","0.02326305067153626","5000","827","285","0.16556688662267546","0.05718856228754249","0.34541062801932365","0.048910217956408715","-0.12551570353718944","4952","1231"
"fig3b","0.5162893283423504","0.025118864315095794","5000","759","223","0.15196960607878424","0.04479104179164167","0.2947368421052632","0.03719256148770246","-0.09456310296809534","4953","1232"
"fig3b","0.5162893283423504","0.02712272579332028","5000","723","228","0.14477104579084182","0.04579084183163367","0.31629834254143646","0.038552289542091576","-0.06091163095953789","4954","1233"
"fig3b","0.5162893283423504","0.029286445646252372","5000","702","208","0.14057188562287543","0.041791641671665665","0.29729729729729726","0.03476304739052189","-0.02430733934812679","4955","1234"
"fig3b","0.5162893283423504","0.03162277660168379","5000","680","207","0.13617276544691062","0.041591681663667265","0.3054331864904552","0.03478304339132173","0.015530532599143498","4956","1235"
"fig3b","0.5162893283423504","0.034145488738336005","5000","621","191","0.124375124975005","0.03839232153569286","0.30868167202572344","0.03217356528694261","0.05891282138148313","4957","1236"
"fig3b","0.5162893283423504","0.03686945064519575","5000","610","143","0.1221755648870226","0.028794241151769647","0.23567921440261866","0.02268546290741852","0.10618415887068977","4958","1237"
"fig3b","0.5162893283423504","0.039810717055349734","5000","583","161","0.11677664467106579","0.03239352129574085","0.2773972602739726","0.02655468906218756","0.15772721976313164","4959","1238"
"fig3b","0.5162893283423504","0.042986623470822764","5000","539","141","0.10797840431913618","0.028394321135772844","0.26296296296296295","0.022995400919816035","0.2139675804509693","4960","1239"
"fig3b","0.5162893283423504","0.046415888336127774","5000","482","137","0.09658068386322735","0.027594481103779243","0.2857142857142857","0.022765446910617874","0.2753792872635472","4961","1240"
"fig3b","0.5162893283423504","0.05011872336272722","5000","512","109","0.10257948410317937","0.021995600879824034","0.21442495126705652","0.016866626674665066","0.34249124901333516","4962","1241"
"fig3b","0.5162893283423504","0.054116952654646375","5000","455","114","0.09118176364727054","0.02299540091981604","0.25219298245614036","0.018436312737452512","0.41589458892900666","4963","1242"
"fig3b","0.5162893283423504","0.05843414133735175","5000","461","98","0.09238152369526095","0.01979604079184163","0.21428571428571427","0.015176964607078583","0.49625111495078045","4964","1243"
"fig3b","0.5162893283423504","0.06309573444801933","5000","417","93","0.08358328334333133","0.01879624075184963","0.22488038277511962","0.014617076584683062","0.5843030957732651","4965","1244"
"fig3b","0.5162893283423504","0.06812920690579614","5000","395","80","0.07918416316736653","0.016196760647870425","0.20454545454545453","0.012237552489502097","0.6808845638256287","4966","1245"
"fig3b","0.5162893283423504","0.07356422544596414","5000","370","66","0.07418516296740651","0.013397320535892822","0.18059299191374664","0.009688062387522496","0.7869344066752149","4967","1246"
"fig3b","0.5162893283423504","0.07943282347242814","5000","384","56","0.07698460307938412","0.011397720455908818","0.14805194805194805","0.007548490301939612","0.9035115564420266","4968","1247"
"fig3b","0.5162893283423504","0.08576958985908942","5000","375","76","0.07518496300739852","0.015396920615876825","0.2047872340425532","0.011637672465506899","1.0318126443258109","4969","1248"
"fig3b","0.5162893283423504","0.09261187281287937","5000","333","57","0.06678664267146571","0.011597680463907219","0.17365269461077845","0.008258348330333933","1.1731925561801688","4970","1249"
"fig3b","0.5162893283423504","0.1","5000","355","47","0.07118576284743051","0.009598080383923215","0.1348314606741573","0.006038792241551689","1.3291884076282656","4971","1250"
"fig3b","0.5162893283423504","0.10797751623277094","5000","366","37","0.07338532293541292","0.007598480303939212","0.10354223433242507","0.003929214157168566","1.501547556315188","4972","1251"
"fig3b","0.5162893283423504","0.11659144011798317","5000","318","48","0.0637872425514897","0.009798040391921616","0.15360501567398122","0.006608678264347131","1.6922603880482825","4973","1252"
"fig3b","0.5162893283423504","0.12589254117941676","5000","328","32","0.0657868426314737","0.0065986802639472104","0.10030395136778116","0.003309338132373525","1.9035987570403279","4974","1253"
"fig3b","0.5162893283423504","0.13593563908785256","5000","317","35","0.0635872825434913","0.007198560287942412","0.11320754716981132","0.004019196160767846","2.1381611333745525","4975","1254"
"fig3b","0.5162893283423504","0.14677992676220697","5000","297","23","0.0595880823835233","0.004799040191961607","0.08053691275167785","0.001819636072785442","2.398925719508952","4976","1255"
"fig3b","0.5162893283423504","0.15848931924611134","5000","316","21","0.0633873225354929","0.004399120175964807","0.06940063091482651","0.0012297540491901624","2.689313049729151","4977","1256"
"fig3b","0.5162893283423504","0.1711328304161781","5000","297","13","0.0595880823835233","0.0027994401119776045","0.04697986577181208","-0.00017996400719856066","3.013259891346763","4978","1257"
"fig3b","0.5162893283423504","0.18478497974222907","5000","284","16","0.05698860227954409","0.0033993201359728054","0.05964912280701755","0.000549890021995601","3.3753066353964982","4979","1258"
"fig3b","0.5162893283423504","0.19952623149688797","5000","306","9","0.0613877224555089","0.001999600079984003","0.03257328990228013","-0.001069786042791442","3.780700811469501","4980","1259"
"fig3b","0.5162893283423504","0.21544346900318834","5000","290","9","0.05818836232753449","0.001999600079984003","0.03436426116838488","-0.0009098180363927215","4.235519902801997","4981","1260"
"fig3b","0.5162893283423504","0.23263050671536262","5000","333","7","0.06678664267146571","0.0015996800639872025","0.02395209580838323","-0.0017396520695860832","4.746817294157182","4982","1261"
"fig3b","0.5162893283423504","0.25118864315095796","5000","342","2","0.06858628274345131","0.0005998800239952009","0.008746355685131194","-0.002829434113177365","5.322795980942573","4983","1262"
"fig3b","0.5162893283423504","0.27122725793320285","5000","319","1","0.0639872025594881","0.0003999200159968006","0.0062499999999999995","-0.002799440111977605","5.973015633187799","4984","1263"
"fig3b","0.5162893283423504","0.29286445646252357","5000","279","5","0.05598880223955209","0.0011997600479904018","0.021428571428571425","-0.0015996800639872027","6.708639778628367","4985","1264"
"fig3b","0.5162893283423504","0.31622776601683794","5000","319","3","0.0639872025594881","0.0007998400319936012","0.012499999999999999","-0.002399520095980804","7.542731289215567","4986","1265"
"fig3b","0.5162893283423504","0.34145488738336005","5000","297","0","0.0595880823835233","0.0001999600079984003","0.003355704697986577","-0.0027794441111777647","8.490606079202053","4987","1266"
"fig3b","0.5162893283423504","0.3686945064519575","5000","326","1","0.0653869226154769","0.0003999200159968006","0.0061162079510703364","-0.002869426114777045","9.570257018619259","4988","1267"
"fig3b","0.5162893283423504","0.3981071705534973","5000","329","0","0.06598680263947211","0.0001999600079984003","0.00303030303030303","-0.003099380123975205","10.802862622077441","4989","1268"
"fig3b","0.5162893283423504","0.42986623470822766","5000","339","0","0.06798640271945611","0.0001999600079984003","0.0029411764705882353","-0.003199360127974405","12.213398211458355","4990","1269"
"fig3b","0.5162893283423504","0.464158883361278","5000","326","0","0.0653869226154769","0.0001999600079984003","0.0030581039755351682","-0.003069386122775445","13.831371156109753","4991","1270"
"fig3b","0.5162893283423504","0.5011872336272722","5000","350","0","0.07018596280743851","0.0001999600079984003","0.002849002849002849","-0.003309338132373525","15.691706776527667","4992","1271"
"fig3b","0.5162893283423504","0.5411695265464638","5000","337","0","0.06758648270345931","0.0001999600079984003","0.0029585798816568047","-0.003179364127174565","17.835818157473568","4993","1272"
"fig3b","0.5162893283423504","0.5843414133735175","5000","369","0","0.07398520295940812","0.0001999600079984003","0.0027027027027027024","-0.0034993001399720057","20.31290277277691","4994","1273"
"fig3b","0.5162893283423504","0.6309573444801932","5000","382","0","0.07658468306338732","0.0001999600079984003","0.0026109660574412533","-0.003629274145170966","23.18152474008056","4995","1274"
"fig3b","0.5162893283423504","0.6812920690579611","5000","406","0","0.08138372325534893","0.0001999600079984003","0.002457002457002457","-0.0038692261547690465","26.511572748517693","4996","1275"
"fig3b","0.5162893283423504","0.7356422544596414","5000","403","0","0.08078384323135374","0.0001999600079984003","0.002475247524752475","-0.0038392321535692863","30.38675868204882","4997","1276"
"fig3b","0.5162893283423504","0.7943282347242814","5000","373","0","0.07478504299140172","0.0001999600079984003","0.00267379679144385","-0.0035392921415716857","34.908045916848465","4998","1277"
"fig3b","0.5162893283423504","0.8576958985908941","5000","458","0","0.09178164367126575","0.0001999600079984003","0.0021786492374727667","-0.004389122175564887","40.199265831583176","4999","1278"
"fig3b","0.5162893283423504","0.9261187281287933","5000","475","0","0.09518096380723855","0.0001999600079984003","0.0021008403361344537","-0.004559088182363527","46.42131730160207","5000","1279"
"fig3b","0.5162893283423504","1.0","5000","474","0","0.09498100379924015","0.0001999600079984003","0.002105263157894737","-0.004549090181963608","53.99417962304935","5001","1280"
"fig3b","0.5604512030210331","0.01","5000","793","311","0.15876824635072986","0.0623875224955009","0.3929471032745592","0.0544491101779644","-0.1387763701946767","5002","1281"
"fig3b","0.5604512030210331","0.0107977516232771","5000","745","303","0.14917016596680663","0.060787842431513694","0.4075067024128686","0.05332933413317336","-0.12446553278374495","5003","1282"
"fig3b","0.5604512030210331","0.011659144011798317","5000","761","330","0.15236952609478105","0.0661867626474705","0.4343832020997375","0.05856828634273145","-0.10895873252300703","5004","1283"
"fig3b","0.5604512030210331","0.012589254117941675","5000","709","300","0.14197160567886422","0.060187962407518496","0.42394366197183103","0.053089382123575286","-0.09215148317522903","5005","1284"
"fig3b","0.5604512030210331","0.013593563908785255","5000","669","297","0.1339732053589282","0.0595880823835233","0.4447761194029851","0.05288942211557689","-0.07392943961426113","5006","1285"
"fig3b","0.5604512030210331","0.014677992676220698","5000","673","262","0.1347730453909218","0.052589482103579284","0.3902077151335312","0.04585082983403319","-0.054167354079055485","5007","1286"
"fig3b","0.5604512030210331","0.015848931924611134","5000","681","260","0.13637272545490903","0.052189562087582485","0.38269794721407624","0.04537092581483703","-0.03272790531994474","5008","1287"
"fig3b","0.5604512030210331","0.01711328304161781","5000","632","268","0.1265746850629874","0.05378924215156969","0.4249605055292259","0.047460507898420316","-0.009460382913630383","5009","1288"
"fig3b","0.5604512030210331","0.018478497974222907","5000","586","232","0.11737652469506099","0.046590681863627276","0.3969335604770017","0.040721855628874225","0.01580079370700105","5010","1289"
"fig3b","0.5604512030210331","0.0199526231496888","5000","555","210","0.11117776444711058","0.042191561687662464","0.3794964028776978","0.036632673465306936","0.043237745195852995","5011","1290"
"fig3b","0.5604512030210331","0.021544346900318832","5000","547","193","0.10957808438312337","0.038792241551689664","0.354014598540146","0.0333133373325335","0.0730510186272113","5012","1291"
"fig3b","0.5604512030210331","0.02326305067153626","5000","493","198","0.09878024395120975","0.03979204159168166","0.402834008097166","0.034853029394121174","0.10546172205053495","5013","1292"
"fig3b","0.5604512030210331","0.025118864315095794","5000","490","161","0.09818036392721456","0.03239352129574085","0.32993890020366595","0.027484503099380123","0.14071394423669403","5014","1293"
"fig3b","0.5604512030210331","0.02712272579332028","5000","440","159","0.08818236352729454","0.03199360127974405","0.36281179138321995","0.027584483103379322","0.17907750264049582","5015","1294"
"fig3b","0.5604512030210331","0.029286445646252372","5000","417","156","0.08358328334333133","0.03139372125574885","0.37559808612440193","0.027214557088582284","0.2208510697105055","5016","1295"
"fig3b","0.5604512030210331","0.03162277660168379","5000","409","135","0.08198360327934413","0.027194561087782444","0.33170731707317075","0.02309538092381524","0.2663657360415641","5017","1296"
"fig3b","0.5604512030210331","0.034145488738336005","5000","401","148","0.08038392321535692","0.02979404119176165","0.37064676616915426","0.025774845030993802","0.3159890787343329","5018","1297"
"fig3b","0.5604512030210331","0.03686945064519575","5000","377","130","0.07558488302339532","0.026194761047790442","0.34656084656084657","0.022415516896620677","0.3701298149562433","5019","1298"
"fig3b","0.5604512030210331","0.039810717055349734","5000","366","126","0.07338532293541292","0.02539492101579684","0.3460490463215259","0.021725654869026195","0.42924313446081896","5020","1299"
"fig3b","0.5604512030210331","0.042986623470822764","5000","336","114","0.0673865226954609","0.02299540091981604","0.341246290801187","0.019626074785042993","0.4938368211030024","5021","1300"
"fig3b","0.5604512030210331","0.046415888336127774","5000","299","87","0.059988002399520096","0.01759648070385923","0.29333333333333333","0.014597080583883225","0.5644782926802634","5022","1301"
"fig3b","0.5604512030210331","0.05011872336272722","5000","312","91","0.0625874825034993","0.01839632073585283","0.29392971246006394","0.015266946610677866","0.6418027113365383","5023","1302"
"fig3b","0.5604512030210331","0.054116952654646375","5000","304","76","0.0609878024395121","0.015396920615876825","0.2524590163934426","0.01234753049390122","0.7265223439935085","5024","1303"
"fig3b","0.5604512030210331","0.05843414133735175","5000","296","78","0.0593881223755249","0.015796840631873626","0.265993265993266","0.012827434513097381","0.8194373846747283","5025","1304"
"fig3b","0.5604512030210331","0.06309573444801933","5000","311","75","0.0623875224955009","0.015196960607878424","0.24358974358974358","0.012077584483103379","0.9214484892216035","5026","1305"
"fig3b","0.5604512030210331","0.06812920690579614","5000","296","66","0.0593881223755249","0.013397320535892822","0.2255892255892256","0.010427914417116577","1.0335713190160902","5027","1306"
"fig3b","0.5604512030210331","0.07356422544596414","5000","308","67","0.0617876424715057","0.013597280543891222","0.22006472491909385","0.010507898420315936","1.1569534454577024","5028","1307"
"fig3b","0.5604512030210331","0.07943282347242814","5000","280","52","0.05618876224755049","0.010597880423915218","0.18861209964412812","0.007788442311537693","1.2928940329303487","5029","1308"
"fig3b","0.5604512030210331","0.08576958985908942","5000","302","49","0.060587882423515295","0.009998000399920015","0.16501650165016502","0.00696860627874425","1.4428667971039317","5030","1309"
"fig3b","0.5604512030210331","0.09261187281287937","5000","312","58","0.0625874825034993","0.011797640471905619","0.18849840255591055","0.008668266346730654","1.6085468303654977","5031","1310"
"fig3b","0.5604512030210331","0.1","5000","292","28","0.05858828234353129","0.0057988402319536095","0.09897610921501707","0.0028694261147770446","1.7918420002422124","5032","1311"
"fig3b","0.5604512030210331","0.10797751623277094","5000","274","37","0.054989002199560086","0.007598480303939212","0.13818181818181818","0.004849030193961207","1.9949297639288943","5033","1312"
"fig3b","0.5604512030210331","0.11659144011798317","5000","263","33","0.052789442111577684","0.006798640271945611","0.12878787878787878","0.004159168166366726","2.220300407245304","5034","1313"
"fig3b","0.5604512030210331","0.12589254117941676","5000","302","34","0.060587882423515295","0.006998600279944011","0.11551155115511552","0.003969206158768246","2.4708079154613074","5035","1314"
"fig3b","0.5604512030210331","0.13593563908785256","5000","273","16","0.054789042191561686","0.0033993201359728054","0.06204379562043796","0.0006598680263947211","2.7497299234539696","5036","1315"
"fig3b","0.5604512030210331","0.14677992676220697","5000","262","20","0.052589482103579284","0.004199160167966407","0.07984790874524715","0.0015696860627874426","3.0608384821657637","5037","1316"
"fig3b","0.5604512030210331","0.15848931924611134","5000","271","12","0.05438912217556489","0.002599480103979204","0.04779411764705882","-0.00011997600479904044","3.4084837274778295","5038","1317"
"fig3b","0.5604512030210331","0.1711328304161781","5000","292","14","0.05858828234353129","0.002999400119976005","0.05119453924914676","6.998600279944011e-05","3.797692958586225","5039","1318"
"fig3b","0.5604512030210331","0.18478497974222907","5000","306","11","0.0613877224555089","0.0023995200959808036","0.03908794788273615","-0.0006698660267946415","4.234288140119304","5040","1319"
"fig3b","0.5604512030210331","0.19952623149688797","5000","288","10","0.057788442311537694","0.0021995600879824036","0.03806228373702422","-0.0006898620275944812","4.725025452508078","5041","1320"
"fig3b","0.5604512030210331","0.21544346900318834","5000","297","8","0.0595880823835233","0.001799640071985603","0.030201342281879196","-0.0011797640471905623","5.277761248102962","5042","1321"
"fig3b","0.5604512030210331","0.23263050671536262","5000","311","3","0.0623875224955009","0.0007998400319936012","0.01282051282051282","-0.0023195360927814436","5.901649648736509","5043","1322"
"fig3b","0.5604512030210331","0.25118864315095796","5000","289","3","0.05798840231953609","0.0007998400319936012","0.013793103448275862","-0.0020995800839832034","6.607378069237626","5044","1323"
"fig3b","0.5604512030210331","0.27122725793320285","5000","316","0","0.0633873225354929","0.0001999600079984003","0.003154574132492114","-0.0029694061187762444","7.4074481988292575","5045","1324"
"fig3b","0.5604512030210331","0.29286445646252357","5000","294","2","0.05898820235952809","0.0005998800239952009","0.010169491525423728","-0.0023495300939812037","8.316511448574715","5046","1325"
"fig3b","0.5604512030210331","0.31622776601683794","5000","324","0","0.0649870025994801","0.0001999600079984003","0.0030769230769230765","-0.003049390121975605","9.351769609675955","5047","1326"
"fig3b","0.5604512030210331","0.34145488738336005","5000","309","0","0.0619876024795041","0.0001999600079984003","0.0032258064516129032","-0.0028994201159768048","10.533453496448288","5048","1327"
"fig3b","0.5604512030210331","0.3686945064519575","5000","330","0","0.0661867626474705","0.0001999600079984003","0.0030211480362537764","-0.003109378124375125","11.885394701004941","5049","1328"
"fig3b","0.5604512030210331","0.3981071705534973","5000","321","0","0.0643871225754849","0.0001999600079984003","0.003105590062111801","-0.0030193961207758448","13.435708296660891","5050","1329"
"fig3b","0.5604512030210331","0.42986623470822766","5000","318","1","0.0637872425514897","0.0003999200159968006","0.006269592476489029","-0.0027894421115776846","15.217607433274196","5051","1330"
"fig3b","0.5604512030210331","0.464158883361278","5000","358","0","0.07178564287142572","0.0001999600079984003","0.0027855153203342614","-0.0033893221355728856","17.270374336585547","5052","1331"
"fig3b","0.5604512030210331","0.5011872336272722","5000","351","0","0.07038592281543692","0.0001999600079984003","0.0028409090909090906","-0.0033193361327734454","19.640516405201765","5053","1332"
"fig3b","0.5604512030210331","0.5411695265464638","5000","382","0","0.07658468306338732","0.0001999600079984003","0.0026109660574412533","-0.003629274145170966","22.3831412837375","5054","1333"
"fig3b","0.5604512030210331","0.5843414133735175","5000","389","0","0.07798440311937613","0.0001999600079984003","0.002564102564102564","-0.003699260147970406","25.563592049931287","5055","1334"
"fig3b","0.5604512030210331","0.6309573444801932","5000","377","0","0.07558488302339532","0.0001999600079984003","0.0026455026455026454","-0.0035792841431713657","29.25939603917226","5056","1335"
"fig3b","0.5604512030210331","0.6812920690579611","5000","410","0","0.08218356328734253","0.0001999600079984003","0.0024330900243309003","-0.003909218156368726","33.56260752392464","5057","1336"
"fig3b","0.5604512030210331","0.7356422544596414","5000","440","0","0.08818236352729454","0.0001999600079984003","0.0022675736961451248","-0.004209158168366327","38.58269559472296","5058","1337"
"fig3b","0.5604512030210331","0.7943282347242814","5000","421","0","0.08438312337532493","0.0001999600079984003","0.002369668246445498","-0.004019196160767846","44.45035761647682","5059","1338"
"fig3b","0.5604512030210331","0.8576958985908941","5000","468","0","0.09378124375124974","0.0001999600079984003","0.0021321961620469083","-0.004489102179564087","51.32356230285791","5060","1339"
"fig3b","0.5604512030210331","0.9261187281287933","5000","486","0","0.09738052389522095","0.0001999600079984003","0.002053388090349076","-0.004669066186762647","59.40262981288208","5061","1340"
"fig3b","0.5604512030210331","1.0","5000","510","0","0.10217956408718257","0.0001999600079984003","0.0019569471624266144","-0.004909018196360728","69.16391090333431","5062","1341"
"fig3b","0.6083905549166038","0.01","5000","495","257","0.09918016396720655","0.05158968206358728","0.5201612903225806","0.04663067386522695","0.03267040124762843","5063","1342"
"fig3b","0.6083905549166038","0.0107977516232771","5000","474","256","0.09498100379924015","0.05138972205558888","0.5410526315789473","0.04664067186562687","0.048721983622328935","5064","1343"
"fig3b","0.6083905549166038","0.011659144011798317","5000","475","212","0.09518096380723855","0.04259148170365927","0.4474789915966387","0.03783243351329734","0.06612378643453098","5065","1344"
"fig3b","0.6083905549166038","0.012589254117941675","5000","412","226","0.08258348330333934","0.04539092181563687","0.549636803874092","0.0412617476504699","0.08499519070375072","5066","1345"
"fig3b","0.6083905549166038","0.013593563908785255","5000","379","199","0.07598480303939212","0.03999200159968006","0.5263157894736842","0.036192761447710456","0.10546706333235534","5067","1346"
"fig3b","0.6083905549166038","0.014677992676220698","5000","385","176","0.07718456308738253","0.03539292141571686","0.4585492227979274","0.03153369326134773","0.12768300583940118","5068","1347"
"fig3b","0.6083905549166038","0.015848931924611134","5000","345","164","0.0691861627674465","0.032993401319736056","0.4768786127167631","0.02953409318136373","0.15180075966281947","5069","1348"
"fig3b","0.6083905549166038","0.01711328304161781","5000","334","152","0.0669866026794641","0.03059388122375525","0.4567164179104478","0.027244551089782045","0.17799379042617147","5070","1349"
"fig3b","0.6083905549166038","0.018478497974222907","5000","299","158","0.059988002399520096","0.03179364127174565","0.53","0.028794241151769647","0.2064530771279749","5071","1350"
"fig3b","0.6083905549166038","0.0199526231496888","5000","305","156","0.0611877624475105","0.03139372125574885","0.5130718954248366","0.028334333133373326","0.23738913637055248","5072","1351"
"fig3b","0.6083905549166038","0.021544346900318832","5000","294","122","0.05898820235952809","0.02459508098380324","0.4169491525423729","0.021645670865826833","0.27103431662538924","5073","1352"
"fig3b","0.6083905549166038","0.02326305067153626","5000","286","131","0.057388522295540895","0.026394721055788842","0.45993031358885017","0.0235252949410118","0.30764540325367307","5074","1353"
"fig3b","0.6083905549166038","0.025118864315095794","5000","276","111","0.05538892221555689","0.022395520895820836","0.4043321299638989","0.019626074785042993","0.3475065817540326","5075","1354"
"fig3b","0.6083905549166038","0.02712272579332028","5000","268","104","0.05378924215156969","0.020995800839832032","0.3903345724907063","0.018306338732253548","0.39093281462430696","5076","1355"
"fig3b","0.6083905549166038","0.029286445646252372","5000","223","113","0.04479104179164167","0.022795440911817635","0.5089285714285714","0.020555888822235552","0.4382736965866343","5077","1356"
"fig3b","0.6083905549166038","0.03162277660168379","5000","226","97","0.04539092181563687","0.019596080783843232","0.43171806167400884","0.017326534693061387","0.4899178639743411","5078","1357"
"fig3b","0.6083905549166038","0.034145488738336005","5000","241","106","0.04839032193561288","0.021395720855828835","0.44214876033057854","0.01897620475904819","0.5462980471285164","5079","1358"
"fig3b","0.6083905549166038","0.03686945064519575","5000","240","105","0.04819036192761448","0.021195760847830435","0.43983402489626555","0.01878624275144971","0.6078968701273482","5080","1359"
"fig3b","0.6083905549166038","0.039810717055349734","5000","240","76","0.04819036192761448","0.015396920615876825","0.31950207468879666","0.012987402519496101","0.6752535205158949","5081","1360"
"fig3b","0.6083905549166038","0.042986623470822764","5000","261","81","0.052389522095580884","0.016396720655868825","0.3129770992366412","0.01377724455108978","0.7489714334791131","5082","1361"
"fig3b","0.6083905549166038","0.046415888336127774","5000","216","79","0.04339132173565287","0.015996800639872025","0.3686635944700461","0.013827234553089382","0.8297271608316521","5083","1362"
"fig3b","0.6083905549166038","0.05011872336272722","5000","227","75","0.04559088182363527","0.015196960607878424","0.3333333333333333","0.01291741651669666","0.9182806260514269","5084","1363"
"fig3b","0.6083905549166038","0.054116952654646375","5000","251","70","0.05038992201559688","0.014197160567886422","0.28174603174603174","0.011677664467106578","1.0154870034337193","5085","1364"
"fig3b","0.6083905549166038","0.05843414133735175","5000","231","61","0.046390721855628876","0.012397520495900819","0.2672413793103448","0.010077984403119375","1.1223105034225114","5086","1365"
"fig3b","0.6083905549166038","0.06309573444801933","5000","268","78","0.05378924215156969","0.015796840631873626","0.2936802973977695","0.013107378524295141","1.2398403988538576","5087","1366"
"fig3b","0.6083905549166038","0.06812920690579614","5000","243","61","0.04879024195160968","0.012397520495900819","0.2540983606557377","0.009958008398320336","1.3693096899048953","5088","1367"
"fig3b","0.6083905549166038","0.07356422544596414","5000","233","48","0.046790641871625675","0.009798040391921616","0.2094017094017094","0.0074585082983403325","1.5121168812580663","5089","1368"
"fig3b","0.6083905549166038","0.07943282347242814","5000","227","59","0.04559088182363527","0.01199760047990402","0.26315789473684215","0.009718056388722257","1.66985143589676","5090","1369"
"fig3b","0.6083905549166038","0.08576958985908942","5000","265","50","0.05318936212757448","0.010197960407918417","0.1917293233082707","0.0075384923015396925","1.8443235793273232","5091","1370"
"fig3b","0.6083905549166038","0.09261187281287937","5000","261","50","0.052389522095580884","0.010197960407918417","0.19465648854961834","0.007578484303139373","2.037599259682736","5092","1371"
"fig3b","0.6083905549166038","0.1","5000","280","48","0.05618876224755049","0.009798040391921616","0.17437722419928825","0.006988602279544091","2.25204122781102","5093","1372"
"fig3b","0.6083905549166038","0.10797751623277094","5000","272","35","0.05458908218356329","0.007198560287942412","0.13186813186813187","0.004469106178764247","2.4903573927572324","5094","1373"
"fig3b","0.6083905549166038","0.11659144011798317","5000","268","36","0.05378924215156969","0.007398520295940812","0.137546468401487","0.004709058188362328","2.7556578387556385","5095","1374"
"fig3b","0.6083905549166038","0.12589254117941676","5000","247","22","0.049590081983603276","0.004599080183963208","0.09274193548387098","0.0021195760847830436","3.0515221681375237","5096","1375"
"fig3b","0.6083905549166038","0.13593563908785256","5000","276","18","0.05538892221555689","0.003799240151969606","0.06859205776173284","0.001029794041191761","3.3820791700607913","5097","1376"
"fig3b","0.6083905549166038","0.14677992676220697","5000","257","24","0.05158968206358728","0.004999000199960008","0.09689922480620156","0.0024195160967806434","3.7521012190246097","5098","1377"
"fig3b","0.6083905549166038","0.15848931924611134","5000","282","16","0.05658868226354729","0.0033993201359728054","0.060070671378091876","0.0005698860227954408","4.167116293026567","5099","1378"
"fig3b","0.6083905549166038","0.1711328304161781","5000","292","9","0.05858828234353129","0.001999600079984003","0.034129692832764506","-0.0009298140371925617","4.6335410839953965","5100","1379"
"fig3b","0.6083905549166038","0.18478497974222907","5000","279","9","0.05598880223955209","0.001999600079984003","0.03571428571428571","-0.0007998400319936014","5.158839369726991","5101","1380"
"fig3b","0.6083905549166038","0.19952623149688797","5000","281","5","0.05638872225554889","0.0011997600479904018","0.02127659574468085","-0.001619676064787043","5.751710645155072","5102","1381"
"fig3b","0.6083905549166038","0.21544346900318834","5000","287","5","0.057588482303539294","0.0011997600479904018","0.020833333333333332","-0.0016796640671865632","6.422314990148266","5103","1382"
"fig3b","0.6083905549166038","0.23263050671536262","5000","294","4","0.05898820235952809","0.0009998000399920016","0.01694915254237288","-0.001949610077984403","7.182541298692229","5104","1383"
"fig3b","0.6083905549166038","0.25118864315095796","5000","272","0","0.05458908218356329","0.0001999600079984003","0.003663003663003663","-0.002529494101179764","8.046327324318298","5105","1384"
"fig3b","0.6083905549166038","0.27122725793320285","5000","294","0","0.05898820235952809","0.0001999600079984003","0.003389830508474576","-0.002749450109978004","9.030041515430725","5106","1385"
"fig3b","0.6083905549166038","0.29286445646252357","5000","278","0","0.05578884223155369","0.0001999600079984003","0.003584229390681003","-0.002589482103579284","10.152938315209525","5107","1386"
"fig3b","0.6083905549166038","0.31622776601683794","5000","337","0","0.06758648270345931","0.0001999600079984003","0.0029585798816568047","-0.003179364127174565","11.437700457310598","5108","1387"
"fig3b","0.6083905549166038","0.34145488738336005","5000","334","0","0.0669866026794641","0.0001999600079984003","0.0029850746268656717","-0.0031493701259748047","12.911083744668957","5109","1388"
"fig3b","0.6083905549166038","0.3686945064519575","5000","374","1","0.07498500299940011","0.0003999200159968006","0.005333333333333334","-0.0033493301339732055","14.604681760542832","5110","1389"
"fig3b","0.6083905549166038","0.3981071705534973","5000","351","0","0.07038592281543692","0.0001999600079984003","0.0028409090909090906","-0.0033193361327734454","16.55582979072352","5111","1390"
"fig3b","0.6083905549166038","0.42986623470822766","5000","350","0","0.07018596280743851","0.0001999600079984003","0.002849002849002849","-0.003309338132373525","18.808668756675047","5112","1391"
"fig3b","0.6083905549166038","0.464158883361278","5000","341","0","0.0683863227354529","0.0001999600079984003","0.0029239766081871343","-0.003219356128774245","21.41539098471665","5113","1392"
"fig3b","0.6083905549166038","0.5011872336272722","5000","389","0","0.07798440311937613","0.0001999600079984003","0.002564102564102564","-0.003699260147970406","24.437690056747613","5114","1393"
"fig3b","0.6083905549166038","0.5411695265464638","5000","379","0","0.07598480303939212","0.0001999600079984003","0.002631578947368421","-0.0035992801439712055","27.948436989750235","5115","1394"
"fig3b","0.6083905549166038","0.5843414133735175","5000","401","0","0.08038392321535692","0.0001999600079984003","0.0024875621890547263","-0.0038192361527694457","32.033605613771726","5116","1395"
"fig3b","0.6083905549166038","0.6309573444801932","5000","432","0","0.08658268346330734","0.0001999600079984003","0.0023094688221709007","-0.004129174165166967","36.79447469475437","5117","1396"
"fig3b","0.6083905549166038","0.6812920690579611","5000","405","0","0.08118376324735053","0.0001999600079984003","0.002463054187192118","-0.003859228154369126","42.350153691086064","5118","1397"
"fig3b","0.6083905549166038","0.7356422544596414","5000","462","0","0.09258148370325935","0.0001999600079984003","0.0021598272138228943","-0.004429114177164567","48.84054782417917","5119","1398"
"fig3b","0.6083905549166038","0.7943282347242814","5000","466","0","0.09338132373525294","0.0001999600079984003","0.0021413276231263384","-0.004469106178764247","56.43012683712226","5120","1399"
"fig3b","0.6083905549166038","0.8576958985908941","5000","496","0","0.09938012397520496","0.0001999600079984003","0.0020120724346076456","-0.004769046190761848","65.31390387963418","5121","1400"
"fig3b","0.6083905549166038","0.9261187281287933","5000","512","0","0.10257948410317937","0.0001999600079984003","0.001949317738791423","-0.004929014197160568","75.7332589509335","5122","1401"
"fig3b","0.6083905549166038","1.0","5000","540","0","0.10817836432713457","0.0001999600079984003","0.0018484288354898336","-0.0052089582083583285","88.23252741471151","5123","1402"
"fig3b","0.660430498349456","0.01","5000","215","142","0.04319136172765447","0.028594281143771244","0.662037037037037","0.02643471305738852","0.16207486238889146","5124","1403"
"fig3b","0.660430498349456","0.0107977516232771","5000","188","130","0.03779244151169766","0.026194761047790442","0.6931216931216931","0.02430513897220556","0.17980234749893498","5125","1404"
"fig3b","0.660430498349456","0.011659144011798317","5000","202","129","0.04059188162367527","0.025994801039792043","0.6403940886699507","0.02396520695860828","0.19903191126905995","5126","1405"
"fig3b","0.660430498349456","0.012589254117941675","5000","185","128","0.03719256148770246","0.02579484103179364","0.6935483870967741","0.023935212957408518","0.21989811537713422","5127","1406"
"fig3b","0.660430498349456","0.013593563908785255","5000","212","114","0.04259148170365927","0.02299540091981604","0.539906103286385","0.020865826834633075","0.24254874086358313","5128","1407"
"fig3b","0.660430498349456","0.014677992676220698","5000","194","113","0.038992201559688064","0.022795440911817635","0.5846153846153845","0.02084583083383323","0.2671462654194272","5129","1408"
"fig3b","0.660430498349456","0.015848931924611134","5000","158","108","0.03179364127174565","0.021795640871825634","0.6855345911949685","0.02020595880823835","0.29386953138421745","5130","1409"
"fig3b","0.660430498349456","0.01711328304161781","5000","161","112","0.03239352129574085","0.022595480903819236","0.6975308641975309","0.02097580483903219","0.32291563247440536","5131","1410"
"fig3b","0.660430498349456","0.018478497974222907","5000","187","95","0.03759248150369926","0.01919616076784643","0.5106382978723404","0.017316536692661467","0.35450205178977967","5132","1411"
"fig3b","0.660430498349456","0.0199526231496888","5000","185","121","0.03719256148770246","0.02439512097580484","0.6559139784946236","0.022535492901419717","0.38886908900556705","5133","1412"
"fig3b","0.660430498349456","0.021544346900318832","5000","187","87","0.03759248150369926","0.01759648070385923","0.46808510638297873","0.015716856628674267","0.42628262092640057","5134","1413"
"fig3b","0.660430498349456","0.02326305067153626","5000","173","122","0.03479304139172166","0.02459508098380324","0.7068965517241379","0.022855428914217157","0.46703724698176075","5135","1414"
"fig3b","0.660430498349456","0.025118864315095794","5000","189","102","0.03799240151969606","0.020595880823835233","0.5421052631578948","0.01869626074785043","0.5114598799802934","5136","1415"
"fig3b","0.660430498349456","0.02712272579332028","5000","180","73","0.036192761447710456","0.014797040591881624","0.40883977900552493","0.012987402519496101","0.5599138527568925","5137","1416"
"fig3b","0.660430498349456","0.029286445646252372","5000","169","114","0.033993201359728054","0.02299540091981604","0.6764705882352942","0.021295740851829635","0.6128036235642753","5138","1417"
"fig3b","0.660430498349456","0.03162277660168379","5000","198","106","0.03979204159168166","0.021395720855828835","0.5376884422110553","0.019406118776244752","0.6705801775365785","5139","1418"
"fig3b","0.660430498349456","0.034145488738336005","5000","186","92","0.03739252149570086","0.01859628074385123","0.49732620320855614","0.01672665466906619","0.7337472387500839","5140","1419"
"fig3b","0.660430498349456","0.03686945064519575","5000","184","98","0.03699260147970406","0.01979604079184163","0.5351351351351351","0.01794641071785643","0.8028684278398259","5141","1420"
"fig3b","0.660430498349456","0.039810717055349734","5000","208","76","0.041791641671665665","0.015396920615876825","0.368421052631579","0.013307338532293541","0.8785755244871325","5142","1421"
"fig3b","0.660430498349456","0.042986623470822764","5000","215","84","0.04319136172765447","0.016996600679864027","0.3935185185185185","0.014837032593481302","0.961578023135246","5143","1422"
"fig3b","0.660430498349456","0.046415888336127774","5000","224","87","0.04499100179964007","0.01759648070385923","0.39111111111111113","0.015346930613877225","1.0526742050025177","5144","1423"
"fig3b","0.660430498349456","0.05011872336272722","5000","185","77","0.03719256148770246","0.015596880623875225","0.4193548387096774","0.013737252549490101","1.1527639910068785","5145","1424"
"fig3b","0.660430498349456","0.054116952654646375","5000","226","72","0.04539092181563687","0.014597080583883223","0.32158590308370044","0.01232753449310138","1.2628638900222597","5146","1425"
"fig3b","0.660430498349456","0.05843414133735175","5000","213","78","0.04279144171165767","0.015796840631873626","0.3691588785046729","0.013657268546290742","1.384124416689417","5147","1426"
"fig3b","0.660430498349456","0.06309573444801933","5000","210","81","0.042191561687662464","0.016396720655868825","0.3886255924170616","0.014287142571485702","1.517850424927957","5148","1427"
"fig3b","0.660430498349456","0.06812920690579614","5000","239","66","0.04799040191961608","0.013397320535892822","0.2791666666666667","0.010997800439912019","1.6655248899192543","5149","1428"
"fig3b","0.660430498349456","0.07356422544596414","5000","217","60","0.04359128174365127","0.01219756048790242","0.2798165137614679","0.010017996400719856","1.828836775804291","5150","1429"
"fig3b","0.660430498349456","0.07943282347242814","5000","230","60","0.04619076184763048","0.01219756048790242","0.26406926406926406","0.009888022395520895","2.0097137525085316","5151","1430"
"fig3b","0.660430498349456","0.08576958985908942","5000","265","52","0.05318936212757448","0.010597880423915218","0.1992481203007519","0.007938412317536492","2.2103606776359186","5152","1431"
"fig3b","0.660430498349456","0.09261187281287937","5000","278","43","0.05578884223155369","0.008798240351929614","0.15770609318996415","0.00600879824035193","2.4333049439360366","5153","1432"
"fig3b","0.660430498349456","0.1","5000","265","61","0.05318936212757448","0.012397520495900819","0.23308270676691728","0.009738052389522096","2.6814500163200137","5154","1433"
"fig3b","0.660430498349456","0.10797751623277094","5000","250","49","0.05018996200759848","0.009998000399920015","0.199203187250996","0.007488502299540092","2.958138753022979","5155","1434"
"fig3b","0.660430498349456","0.11659144011798317","5000","257","24","0.05158968206358728","0.004999000199960008","0.09689922480620156","0.0024195160967806434","3.267228433188393","5156","1435"
"fig3b","0.660430498349456","0.12589254117941676","5000","257","28","0.05158968206358728","0.0057988402319536095","0.1124031007751938","0.003219356128774245","3.6131798095838974","5157","1436"
"fig3b","0.660430498349456","0.13593563908785256","5000","268","24","0.05378924215156969","0.004999000199960008","0.09293680297397769","0.0023095380923815233","4.001162983999706","5158","1437"
"fig3b","0.660430498349456","0.14677992676220697","5000","273","18","0.054789042191561686","0.003799240151969606","0.06934306569343066","0.0010597880423915216","4.437183479830168","5159","1438"
"fig3b","0.660430498349456","0.15848931924611134","5000","306","21","0.0613877224555089","0.004399120175964807","0.07166123778501629","0.0013297340531893622","4.928232578788453","5160","1439"
"fig3b","0.660430498349456","0.1711328304161781","5000","321","17","0.0643871225754849","0.003599280143971206","0.055900621118012424","0.0003799240151969607","5.482466815276325","5161","1440"
"fig3b","0.660430498349456","0.18478497974222907","5000","297","8","0.0595880823835233","0.001799640071985603","0.030201342281879196","-0.0011797640471905623","6.109422500894368","5162","1441"
"fig3b","0.660430498349456","0.19952623149688797","5000","297","7","0.0595880823835233","0.0015996800639872025","0.026845637583892617","-0.0013797240551889627","6.820272298686973","5163","1442"
"fig3b","0.660430498349456","0.21544346900318834","5000","302","2","0.060587882423515295","0.0005998800239952009","0.009900990099009901","-0.002429514097180564","7.6281321905718755","5164","1443"
"fig3b","0.660430498349456","0.23263050671536262","5000","316","1","0.0633873225354929","0.0003999200159968006","0.006309148264984228","-0.0027694461107778444","8.548428677027346","5165","1444"
"fig3b","0.660430498349456","0.25118864315095796","5000","330","1","0.0661867626474705","0.0003999200159968006","0.006042296072507553","-0.002909418116376725","9.599337686043441","5166","1445"
"fig3b","0.660430498349456","0.27122725793320285","5000","340","2","0.06818636272745451","0.0005998800239952009","0.00879765395894428","-0.002809438112377525","10.802308379402518","5167","1446"
"fig3b","0.660430498349456","0.29286445646252357","5000","321","1","0.0643871225754849","0.0003999200159968006","0.006211180124223602","-0.0028194361127774448","12.182686697826682","5168","1447"
"fig3b","0.660430498349456","0.31622776601683794","5000","376","0","0.07538492301539693","0.0001999600079984003","0.002652519893899204","-0.003569286142771446","13.770454862481415","5169","1448"
"fig3b","0.660430498349456","0.34145488738336005","5000","354","0","0.07098580283943211","0.0001999600079984003","0.0028169014084507044","-0.003349330133973205","15.601103807453512","5170","1449"
"fig3b","0.660430498349456","0.3686945064519575","5000","372","0","0.07458508298340331","0.0001999600079984003","0.002680965147453083","-0.0035292941411717653","17.716655165014515","5171","1450"
"fig3b","0.660430498349456","0.3981071705534973","5000","343","0","0.0687862427514497","0.0001999600079984003","0.0029069767441860465","-0.003239352129574085","20.166847313535953","5172","1451"
"fig3b","0.660430498349456","0.42986623470822766","5000","338","0","0.06778644271145771","0.0001999600079984003","0.002949852507374631","-0.0031893621275744855","23.010495364447536","5173","1452"
"fig3b","0.660430498349456","0.464158883361278","5000","384","0","0.07698460307938412","0.0001999600079984003","0.0025974025974025974","-0.003649270145970806","26.317027085999825","5174","1453"
"fig3b","0.660430498349456","0.5011872336272722","5000","374","0","0.07498500299940011","0.0001999600079984003","0.002666666666666667","-0.0035492901419716056","30.16818529165195","5175","1454"
"fig3b","0.660430498349456","0.5411695265464638","5000","440","0","0.08818236352729454","0.0001999600079984003","0.0022675736961451248","-0.004209158168366327","34.65987282631997","5176","1455"
"fig3b","0.660430498349456","0.5843414133735175","5000","417","0","0.08358328334333133","0.0001999600079984003","0.0023923444976076554","-0.003979204159168167","39.90410176625551","5177","1456"
"fig3b","0.660430498349456","0.6309573444801932","5000","444","0","0.08898220355928814","0.0001999600079984003","0.0022471910112359553","-0.004249150169966007","46.03100092998801","5178","1457"
"fig3b","0.660430498349456","0.6812920690579611","5000","458","0","0.09178164367126575","0.0001999600079984003","0.0021786492374727667","-0.004389122175564887","53.190852389154","5179","1458"
"fig3b","0.660430498349456","0.7356422544596414","5000","495","0","0.09918016396720655","0.0001999600079984003","0.0020161290322580645","-0.004759048190361928","61.55621549649658","5180","1459"
"fig3b","0.660430498349456","0.7943282347242814","5000","514","0","0.10297940411917617","0.0001999600079984003","0.001941747572815534","-0.004949010197960408","71.3245207711708","5181","1460"
"fig3b","0.660430498349456","0.8576958985908941","5000","531","0","0.10637872425514897","0.0001999600079984003","0.0018796992481203009","-0.005118976204759048","82.72283959335246","5182","1461"
"fig3b","0.660430498349456","0.9261187281287933","5000","527","0","0.10557888422315537","0.0001999600079984003","0.001893939393939394","-0.005078984203159369","96.02427933555276","5183","1462"
"fig3b","0.660430498349456","1.0","5000","604","0","0.1209758048390322","0.0001999600079984003","0.001652892561983471","-0.005848830233953209","111.85281830085597","5184","1463"
"fig3b","0.7169217858911359","0.01","5000","133","128","0.026794641071785644","0.02579484103179364","0.962686567164179","0.024455108978204358","0.22914645611857054","5185","1464"
"fig3b","0.7169217858911359","0.0107977516232771","5000","137","128","0.027594481103779243","0.02579484103179364","0.9347826086956521","0.024415116976604676","0.24821022702354867","5186","1465"
"fig3b","0.7169217858911359","0.011659144011798317","5000","141","115","0.028394321135772844","0.023195360927814438","0.8169014084507042","0.021775644871025797","0.2689027359205056","5187","1466"
"fig3b","0.7169217858911359","0.012589254117941675","5000","159","137","0.03199360127974405","0.027594481103779243","0.8624999999999999","0.02599480103979204","0.2913720495977543","5188","1467"
"fig3b","0.7169217858911359","0.013593563908785255","5000","153","110","0.03079384123175365","0.022195560887822437","0.7207792207792209","0.020655868826234755","0.3157811149563656","5189","1468"
"fig3b","0.7169217858911359","0.014677992676220698","5000","158","134","0.03179364127174565","0.026994601079784044","0.8490566037735849","0.02540491901619676","0.34230947060066796","5190","1469"
"fig3b","0.7169217858911359","0.015848931924611134","5000","162","153","0.03259348130373925","0.03079384123175365","0.9447852760736197","0.02916416716656669","0.37115518605355646","5191","1470"
"fig3b","0.7169217858911359","0.01711328304161781","5000","163","118","0.03279344131173765","0.023795240951809637","0.7256097560975611","0.022155568886222755","0.4025370629262568","5192","1471"
"fig3b","0.7169217858911359","0.018478497974222907","5000","183","115","0.03679264147170566","0.023195360927814438","0.6304347826086957","0.021355728854229154","0.4366971380838436","5193","1472"
"fig3b","0.7169217858911359","0.0199526231496888","5000","165","124","0.033193361327734455","0.02499500099980004","0.7530120481927711","0.02333533293341332","0.47390353556832565","5194","1473"
"fig3b","0.7169217858911359","0.021544346900318832","5000","181","147","0.036392721455708855","0.02959408118376325","0.8131868131868133","0.027774445110977805","0.5144537219860013","5195","1474"
"fig3b","0.7169217858911359","0.02326305067153626","5000","193","100","0.038792241551689664","0.020195960807838434","0.520618556701031","0.01825634873025395","0.5586782294514592","5196","1475"
"fig3b","0.7169217858911359","0.025118864315095794","5000","211","123","0.04239152169566087","0.024795040991801638","0.5849056603773585","0.022675464907018595","0.6069449213238727","5197","1476"
"fig3b","0.7169217858911359","0.02712272579332028","5000","190","123","0.03819236152769446","0.024795040991801638","0.6492146596858639","0.022885422915416915","0.6596638891646478","5198","1477"
"fig3b","0.7169217858911359","0.029286445646252372","5000","196","140","0.03939212157568486","0.028194361127774445","0.7157360406091371","0.026224755048990203","0.7172930850532566","5199","1478"
"fig3b","0.7169217858911359","0.03162277660168379","5000","193","143","0.038792241551689664","0.028794241151769647","0.7422680412371134","0.026854629074185163","0.7803448120982068","5200","1479"
"fig3b","0.7169217858911359","0.034145488738336005","5000","214","110","0.04299140171965607","0.022195560887822437","0.5162790697674419","0.020045990801839633","0.8493932182797437","5201","1480"
"fig3b","0.7169217858911359","0.03686945064519575","5000","205","136","0.041191761647670466","0.027394521095780843","0.6650485436893203","0.02533493301339732","0.9250829654318977","5202","1481"
"fig3b","0.7169217858911359","0.039810717055349734","5000","221","139","0.04439112177564487","0.027994401119776045","0.6306306306306306","0.025774845030993802","1.0081392770848652","5203","1482"
"fig3b","0.7169217858911359","0.042986623470822764","5000","225","117","0.04519096180763847","0.023595280943811237","0.5221238938053098","0.021335732853429313","1.0993796072041278","5204","1483"
"fig3b","0.7169217858911359","0.046415888336127774","5000","267","121","0.05358928214357129","0.02439512097580484","0.4552238805970149","0.021715656868626275","1.1997272178753065","5205","1484"
"fig3b","0.7169217858911359","0.05011872336272722","5000","234","99","0.046990601879624075","0.01999600079984003","0.425531914893617","0.017646470705858827","1.3102270094525466","5206","1485"
"fig3b","0.7169217858911359","0.054116952654646375","5000","244","107","0.04899020195960808","0.021595680863827234","0.44081632653061226","0.01914617076584683","1.4320640135522638","5207","1486"
"fig3b","0.7169217858911359","0.05843414133735175","5000","240","91","0.04819036192761448","0.01839632073585283","0.38174273858921165","0.01598680263947211","1.5665850401601347","5208","1487"
"fig3b","0.7169217858911359","0.06309573444801933","5000","253","98","0.05078984203159368","0.01979604079184163","0.38976377952755903","0.01725654869026195","1.7153240680497674","5209","1488"
"fig3b","0.7169217858911359","0.06812920690579614","5000","266","96","0.05338932213557288","0.019396120775844832","0.3632958801498128","0.01672665466906619","1.8800320865436788","5210","1489"
"fig3b","0.7169217858911359","0.07356422544596414","5000","254","79","0.05098980203959208","0.015996800639872025","0.3137254901960784","0.013447310537892422","2.0627122410796233","5211","1490"
"fig3b","0.7169217858911359","0.07943282347242814","5000","278","89","0.05578884223155369","0.017996400719856028","0.3225806451612903","0.015206958608278344","2.265661310853517","5212","1491"
"fig3b","0.7169217858911359","0.08576958985908942","5000","281","76","0.05638872225554889","0.015396920615876825","0.2730496453900709","0.01257748450309938","2.4915187611283045","5213","1492"
"fig3b","0.7169217858911359","0.09261187281287937","5000","311","63","0.0623875224955009","0.01279744051189762","0.20512820512820512","0.009678064387122575","2.743324874349952","5214","1493"
"fig3b","0.7169217858911359","0.1","5000","290","61","0.05818836232753449","0.012397520495900819","0.21305841924398625","0.009488102379524094","3.0245897836597635","5215","1494"
"fig3b","0.7169217858911359","0.10797751623277094","5000","292","55","0.05858828234353129","0.011197760447910418","0.19112627986348124","0.008268346330733853","3.3393756227105484","5216","1495"
"fig3b","0.7169217858911359","0.11659144011798317","5000","332","46","0.0665866826634673","0.009398120375924815","0.14114114114114115","0.00606878624275145","3.692394482485696","5217","1496"
"fig3b","0.7169217858911359","0.12589254117941676","5000","323","34","0.0647870425914817","0.006998600279944011","0.1080246913580247","0.0037592481503699263","4.08912544768566","5218","1497"
"fig3b","0.7169217858911359","0.13593563908785256","5000","302","23","0.060587882423515295","0.004799040191961607","0.07920792079207921","0.0017696460707858422","4.535954693902511","5219","1498"
"fig3b","0.7169217858911359","0.14677992676220697","5000","334","23","0.0669866026794641","0.004799040191961607","0.07164179104477612","0.0014497100579884022","5.040343486960921","5220","1499"
"fig3b","0.7169217858911359","0.15848931924611134","5000","350","18","0.07018596280743851","0.003799240151969606","0.05413105413105413","0.00028994201159768035","5.61102996438288","5221","1500"
"fig3b","0.7169217858911359","0.1711328304161781","5000","305","18","0.0611877624475105","0.003799240151969606","0.06209150326797385","0.0007398520295940807","6.258271823046016","5222","1501"
"fig3b","0.7169217858911359","0.18478497974222907","5000","331","11","0.06638672265546891","0.0023995200959808036","0.036144578313253004","-0.0009198160367926422","6.99413851030323","5223","1502"
"fig3b","0.7169217858911359","0.19952623149688797","5000","320","10","0.06418716256748651","0.0021995600879824036","0.03426791277258567","-0.0010097980403919221","7.832863230511691","5224","1503"
"fig3b","0.7169217858911359","0.21544346900318834","5000","362","2","0.07258548290341932","0.0005998800239952009","0.008264462809917354","-0.003029394121175765","8.791267023911928","5225","1504"
"fig3b","0.7169217858911359","0.23263050671536262","5000","362","1","0.07258548290341932","0.0003999200159968006","0.005509641873278236","-0.0032293541291741655","9.889269293588086","5226","1505"
"fig3b","0.7169217858911359","0.25118864315095796","5000","382","1","0.07658468306338732","0.0003999200159968006","0.005221932114882507","-0.003429314137172566","11.150501312490803","5227","1506"
"fig3b","0.7169217858911359","0.27122725793320285","5000","371","0","0.07438512297540492","0.0001999600079984003","0.0026881720430107525","-0.003519296140771846","12.60304116605272","5228","1507"
"fig3b","0.7169217858911359","0.29286445646252357","5000","370","0","0.07418516296740651","0.0001999600079984003","0.0026954177897574125","-0.0035092981403719256","14.280289792471478","5229","1508"
"fig3b","0.7169217858911359","0.31622776601683794","5000","340","0","0.06818636272745451","0.0001999600079984003","0.0029325513196480934","-0.0032093581283743253","16.222007462653607","5230","1509"
"fig3b","0.7169217858911359","0.34145488738336005","5000","397","0","0.07958408318336332","0.0001999600079984003","0.002512562814070352","-0.003779244151169766","18.47552692056294","5231","1510"
"fig3b","0.7169217858911359","0.3686945064519575","5000","388","0","0.07778444311137772","0.0001999600079984003","0.002570694087403599","-0.003689262147570486","21.09715160331183","5232","1511"
"fig3b","0.7169217858911359","0.3981071705534973","5000","421","0","0.08438312337532493","0.0001999600079984003","0.002369668246445498","-0.004019196160767846","24.153732334815828","5233","1512"
"fig3b","0.7169217858911359","0.42986623470822766","5000","384","0","0.07698460307938412","0.0001999600079984003","0.0025974025974025974","-0.003649270145970806","27.724390626567526","5234","1513"
"fig3b","0.7169217858911359","0.464158883361278","5000","391","0","0.07838432313537293","0.0001999600079984003","0.002551020408163265","-0.003719256148770246","31.902318534027756","5235","1514"
"fig3b","0.7169217858911359","0.5011872336272722","5000","423","0","0.08478304339132174","0.0001999600079984003","0.0023584905660377358","-0.004039192161567687","36.79653340400412","5236","1515"
"fig3b","0.7169217858911359","0.5411695265464638","5000","422","0","0.08458308338332333","0.0001999600079984003","0.002364066193853428","-0.0040291941611677665","42.53340592143178","5237","1516"
"fig3b","0.7169217858911359","0.5843414133735175","5000","410","0","0.08218356328734253","0.0001999600079984003","0.0024330900243309003","-0.003909218156368726","49.25772733829717","5238","1517"
"fig3b","0.7169217858911359","0.6309573444801932","5000","474","0","0.09498100379924015","0.0001999600079984003","0.002105263157894737","-0.004549090181963608","57.133068385856234","5239","1518"
"fig3b","0.7169217858911359","0.6812920690579611","5000","463","0","0.09278144371125775","0.0001999600079984003","0.0021551724137931034","-0.004439112177564488","66.34126088642276","5240","1519"
"fig3b","0.7169217858911359","0.7356422544596414","5000","497","0","0.09958008398320337","0.0001999600079984003","0.002008032128514056","-0.004779044191161768","77.08109249766039","5241","1520"
"fig3b","0.7169217858911359","0.7943282347242814","5000","528","0","0.10577884423115377","0.0001999600079984003","0.0018903591682419658","-0.005088982203559289","89.56697357264471","5242","1521"
"fig3b","0.7169217858911359","0.8576958985908941","5000","562","0","0.11257748450309939","0.0001999600079984003","0.0017761989342806393","-0.00542891421715657","104.0304450721182","5243","1522"
"fig3b","0.7169217858911359","0.9261187281287933","5000","606","0","0.121375724855029","0.0001999600079984003","0.0016474464579901151","-0.00586882623475305","120.73842768097154","5244","1523"
"fig3b","0.7169217858911359","1.0","5000","629","0","0.1259748050389922","0.0001999600079984003","0.0015873015873015873","-0.00609878024395121","140.40282464506407","5245","1524"
"fig3b","0.7782451724592726","0.01","5000","236","214","0.047390521895620874","0.04299140171965607","0.9071729957805907","0.04062187562487503","0.22159886579248678","5246","1525"
"fig3b","0.7782451724592726","0.0107977516232771","5000","249","219","0.04999000199960008","0.04399120175964807","0.8799999999999999","0.04149170165966806","0.24040689845466545","5247","1526"
"fig3b","0.7782451724592726","0.011659144011798317","5000","226","279","0.04539092181563687","0.05598880223955209","1.0","0.053719256148770246","0.2609051487490319","5248","1527"
"fig3b","0.7782451724592726","0.012589254117941675","5000","230","234","0.04619076184763048","0.046990601879624075","1.0","0.04468106378724255","0.2832605549355094","5249","1528"
"fig3b","0.7782451724592726","0.013593563908785255","5000","242","241","0.04859028194361128","0.04839032193561288","0.9958847736625515","0.045960807838432316","0.3076588590557776","5250","1529"
"fig3b","0.7782451724592726","0.014677992676220698","5000","269","238","0.05398920215956809","0.04779044191161767","0.8851851851851851","0.04509098180363927","0.33430705962666707","5251","1530"
"fig3b","0.7782451724592726","0.015848931924611134","5000","258","247","0.051789642071585686","0.049590081983603276","0.9575289575289574","0.04700059988002399","0.3634362293338427","5252","1531"
"fig3b","0.7782451724592726","0.01711328304161781","5000","252","244","0.05058988202359528","0.04899020195960808","0.9683794466403162","0.04646070785842831","0.39530475799148235","5253","1532"
"fig3b","0.7782451724592726","0.018478497974222907","5000","272","220","0.05458908218356329","0.044191161767646474","0.8095238095238096","0.04146170765846831","0.43020209181861446","5254","1533"
"fig3b","0.7782451724592726","0.0199526231496888","5000","277","244","0.05558888222355529","0.04899020195960808","0.8812949640287769","0.04621075784843031","0.46845305298722906","5255","1534"
"fig3b","0.7782451724592726","0.021544346900318832","5000","260","249","0.052189562087582485","0.04999000199960008","0.9578544061302682","0.04738052389522096","0.5104228388072158","5256","1535"
"fig3b","0.7782451724592726","0.02326305067153626","5000","303","264","0.060787842431513694","0.05298940211957608","0.8717105263157895","0.0499500099980004","0.5565228183918975","5257","1536"
"fig3b","0.7782451724592726","0.025118864315095794","5000","309","231","0.0619876024795041","0.046390721855628876","0.7483870967741936","0.04329134173165367","0.6070919922211147","5258","1537"
"fig3b","0.7782451724592726","0.02712272579332028","5000","292","219","0.05858828234353129","0.04399120175964807","0.7508532423208191","0.0410617876424715","0.6624159459454972","5259","1538"
"fig3b","0.7782451724592726","0.029286445646252372","5000","278","218","0.05578884223155369","0.04379124175164967","0.7849462365591398","0.04100179964007198","0.7229952977216954","5260","1539"
"fig3b","0.7782451724592726","0.03162277660168379","5000","302","232","0.060587882423515295","0.046590681863627276","0.7689768976897691","0.04356128774245151","0.7893941982821957","5261","1540"
"fig3b","0.7782451724592726","0.034145488738336005","5000","270","205","0.05418916216756649","0.041191761647670466","0.7601476014760148","0.03848230353929214","0.8622472220342843","5262","1541"
"fig3b","0.7782451724592726","0.03686945064519575","5000","296","220","0.0593881223755249","0.044191161767646474","0.7441077441077442","0.04122175564887023","0.9422695688514295","5263","1542"
"fig3b","0.7782451724592726","0.039810717055349734","5000","292","235","0.05858828234353129","0.047190561887622474","0.8054607508532423","0.04426114777044591","1.030268938606298","5264","1543"
"fig3b","0.7782451724592726","0.042986623470822764","5000","308","204","0.0617876424715057","0.04099180163967207","0.6634304207119741","0.03790241951609678","1.1271593810952254","5265","1544"
"fig3b","0.7782451724592726","0.046415888336127774","5000","316","211","0.0633873225354929","0.04239152169566087","0.6687697160883281","0.039222155568886224","1.2339774835835442","5266","1545"
"fig3b","0.7782451724592726","0.05011872336272722","5000","364","205","0.07298540291941612","0.041191761647670466","0.5643835616438356","0.03754249150169966","1.351901330455945","5267","1546"
"fig3b","0.7782451724592726","0.054116952654646375","5000","349","181","0.06998600279944012","0.036392721455708855","0.5199999999999999","0.03289342131573685","1.482272757288115","5268","1547"
"fig3b","0.7782451724592726","0.05843414133735175","5000","348","185","0.06978604279144171","0.03719256148770246","0.5329512893982808","0.03370325934813038","1.6266235287203585","5269","1548"
"fig3b","0.7782451724592726","0.06309573444801933","5000","382","166","0.07658468306338732","0.033393321335732855","0.4360313315926893","0.029564087182563488","1.786706200281202","5270","1549"
"fig3b","0.7782451724592726","0.06812920690579614","5000","323","162","0.0647870425914817","0.03259348130373925","0.5030864197530864","0.029354129174165165","1.9645305844458392","5271","1550"
"fig3b","0.7782451724592726","0.07356422544596414","5000","343","158","0.0687862427514497","0.03179364127174565","0.46220930232558144","0.028354329134173167","2.1624069377594424","5272","1551"
"fig3b","0.7782451724592726","0.07943282347242814","5000","381","138","0.07638472305538892","0.027794441111777646","0.36387434554973824","0.0239752049590082","2.382997227626845","5273","1552"
"fig3b","0.7782451724592726","0.08576958985908942","5000","352","112","0.07058588282343531","0.022595480903819236","0.32011331444759206","0.019066186762647472","2.6293761354247636","5274","1553"
"fig3b","0.7782451724592726","0.09261187281287937","5000","410","81","0.08218356328734253","0.016396720655868825","0.19951338199513383","0.012287542491501699","2.9051038207146576","5275","1554"
"fig3b","0.7782451724592726","0.1","5000","430","96","0.08618276344731053","0.019396120775844832","0.22505800464037126","0.015086982603479305","3.214312926806116","5276","1555"
"fig3b","0.7782451724592726","0.10797751623277094","5000","377","79","0.07558488302339532","0.015996800639872025","0.21164021164021166","0.01221755648870226","3.561812872154121","5277","1556"
"fig3b","0.7782451724592726","0.11659144011798317","5000","434","86","0.08698260347930414","0.01739652069586083","0.2","0.013047390521895623","3.9532151716466046","5278","1557"
"fig3b","0.7782451724592726","0.12589254117941676","5000","392","43","0.07858428314337132","0.008798240351929614","0.11195928753180663","0.004869026194761049","4.395084399283007","5279","1558"
"fig3b","0.7782451724592726","0.13593563908785256","5000","448","29","0.08978204359128174","0.00599880023995201","0.066815144766147","0.0015096980603879233","4.895120478459518","5280","1559"
"fig3b","0.7782451724592726","0.14677992676220697","5000","447","38","0.08958208358328335","0.007798440311937612","0.08705357142857142","0.003319336132773445","5.4623793146673165","5281","1560"
"fig3b","0.7782451724592726","0.15848931924611134","5000","458","27","0.09178164367126575","0.005598880223955209","0.06100217864923747","0.0010097980403919217","6.107540421302616","5282","1561"
"fig3b","0.7782451724592726","0.1711328304161781","5000","466","16","0.09338132373525294","0.0033993201359728054","0.036402569593147756","-0.001269746050789842","6.843232190057108","5283","1562"
"fig3b","0.7782451724592726","0.18478497974222907","5000","466","10","0.09338132373525294","0.0021995600879824036","0.023554603854389723","-0.0024695060987802438","7.684427878551048","5284","1563"
"fig3b","0.7782451724592726","0.19952623149688797","5000","440","6","0.08818236352729454","0.0013997200559888023","0.015873015873015872","-0.0030093981203759253","8.648928269302132","5285","1564"
"fig3b","0.7782451724592726","0.21544346900318834","5000","411","1","0.08238352329534093","0.0003999200159968006","0.0048543689320388345","-0.0037192561487702463","9.757950293456702","5286","1565"
"fig3b","0.7782451724592726","0.23263050671536262","5000","463","3","0.09278144371125775","0.0007998400319936012","0.008620689655172414","-0.0038392321535692868","11.036844616028674","5287","1566"
"fig3b","0.7782451724592726","0.25118864315095796","5000","447","2","0.08958208358328335","0.0005998800239952009","0.006696428571428571","-0.0038792241551689663","12.51596897246074","5288","1567"
"fig3b","0.7782451724592726","0.27122725793320285","5000","439","1","0.08798240351929613","0.0003999200159968006","0.004545454545454545","-0.003999200159968006","14.231747320246086","5289","1568"
"fig3b","0.7782451724592726","0.29286445646252357","5000","394","0","0.07898420315936813","0.0001999600079984003","0.0025316455696202528","-0.003749250149970006","16.22794641990754","5290","1569"
"fig3b","0.7782451724592726","0.31622776601683794","5000","460","0","0.09218156368726255","0.0001999600079984003","0.0021691973969631237","-0.004409118176364727","18.557199065794606","5291","1570"
"fig3b","0.7782451724592726","0.34145488738336005","5000","429","0","0.08598280343931214","0.0001999600079984003","0.002325581395348837","-0.004099180163967207","21.282792968216853","5292","1571"
"fig3b","0.7782451724592726","0.3686945064519575","5000","445","0","0.08918216356728655","0.0001999600079984003","0.002242152466367713","-0.004259148170365927","24.480719822085092","5293","1572"
"fig3b","0.7782451724592726","0.3981071705534973","5000","425","0","0.08518296340731854","0.0001999600079984003","0.0023474178403755865","-0.004059188162367527","28.24193045766259","5294","1573"
"fig3b","0.7782451724592726","0.42986623470822766","5000","455","0","0.09118176364727054","0.0001999600079984003","0.0021929824561403508","-0.004359128174365127","32.674655356231455","5295","1574"
"fig3b","0.7782451724592726","0.464158883361278","5000","452","0","0.09058188362327535","0.0001999600079984003","0.002207505518763797","-0.004329134173165368","37.90650963167451","5296","1575"
"fig3b","0.7782451724592726","0.5011872336272722","5000","414","0","0.08298340331933614","0.0001999600079984003","0.0024096385542168672","-0.0039492101579684065","44.085899011789365","5297","1576"
"fig3b","0.7782451724592726","0.5411695265464638","5000","495","0","0.09918016396720655","0.0001999600079984003","0.0020161290322580645","-0.004759048190361928","51.38199806030809","5298","1577"
"fig3b","0.7782451724592726","0.5843414133735175","5000","471","0","0.09438112377524495","0.0001999600079984003","0.00211864406779661","-0.004519096180763848","59.98237216204805","5299","1578"
"fig3b","0.7782451724592726","0.6309573444801932","5000","484","0","0.09698060387922415","0.0001999600079984003","0.002061855670103093","-0.004649070185962808","70.08736494075299","5300","1579"
"fig3b","0.7782451724592726","0.6812920690579611","5000","489","0","0.09798040391921616","0.0001999600079984003","0.002040816326530612","-0.0046990601879624075","81.9009926896315","5301","1580"
"fig3b","0.7782451724592726","0.7356422544596414","5000","489","0","0.09798040391921616","0.0001999600079984003","0.002040816326530612","-0.0046990601879624075","95.6195777151583","5302","1581"
"fig3b","0.7782451724592726","0.7943282347242814","5000","534","0","0.10697860427914417","0.0001999600079984003","0.0018691588785046728","-0.005148970205958808","111.4218203665344","5303","1582"
"fig3b","0.7782451724592726","0.8576958985908941","5000","564","0","0.11297740451909619","0.0001999600079984003","0.0017699115044247785","-0.005448910217956409","129.46820843694792","5304","1583"
"fig3b","0.7782451724592726","0.9261187281287933","5000","624","0","0.1249750049990002","0.0001999600079984003","0.0015999999999999999","-0.00604879024195161","149.9341802533013","5305","1584"
"fig3b","0.7782451724592726","1.0","5000","661","0","0.132373525294941","0.0001999600079984003","0.0015105740181268882","-0.006418716256748651","173.64421676028172","5306","1585"
"fig3b","0.844813981630254","0.01","5000","351","356","0.07038592281543692","0.07138572285542892","1.0","0.06786642671465708","0.19528193334664934","5307","1586"
"fig3b","0.844813981630254","0.0107977516232771","5000","386","364","0.07738452309538092","0.07298540291941612","0.9431524547803618","0.06911617676464707","0.21207625915229755","5308","1587"
"fig3b","0.844813981630254","0.011659144011798317","5000","389","325","0.07798440311937613","0.0651869626074785","0.8358974358974358","0.06128774245150969","0.23041465635134273","5309","1588"
"fig3b","0.844813981630254","0.012589254117941675","5000","387","386","0.07758448310337933","0.07738452309538092","0.997422680412371","0.07350529894021196","0.2504548815698797","5310","1589"
"fig3b","0.844813981630254","0.013593563908785255","5000","362","365","0.07258548290341932","0.07318536292741452","1.0","0.06955608878224356","0.2723731927285087","5311","1590"
"fig3b","0.844813981630254","0.014677992676220698","5000","407","376","0.08158368326334733","0.07538492301539693","0.9240196078431373","0.07130573885222956","0.29636685398941154","5312","1591"
"fig3b","0.844813981630254","0.015848931924611134","5000","426","391","0.08538292341531693","0.07838432313537293","0.9180327868852459","0.07411517696460708","0.3226570239066575","5313","1592"
"fig3b","0.844813981630254","0.01711328304161781","5000","383","408","0.07678464307138572","0.08178364327134573","1.0","0.07794441111777645","0.3514920911886463","5314","1593"
"fig3b","0.844813981630254","0.018478497974222907","5000","411","412","0.08238352329534093","0.08258348330333934","1.0","0.07846430713857229","0.38315153415538816","5315","1594"
"fig3b","0.844813981630254","0.0199526231496888","5000","449","401","0.08998200359928014","0.08038392321535692","0.8933333333333333","0.07588482303539291","0.4179503939509175","5316","1595"
"fig3b","0.844813981630254","0.021544346900318832","5000","484","429","0.09698060387922415","0.08598280343931214","0.88659793814433","0.08113377324535093","0.4562444682758553","5317","1596"
"fig3b","0.844813981630254","0.02326305067153626","5000","432","434","0.08658268346330734","0.08698260347930414","1.0","0.08265346930613877","0.4984363524969524","5318","1597"
"fig3b","0.844813981630254","0.025118864315095794","5000","477","421","0.09558088382323535","0.08438312337532493","0.8828451882845189","0.07960407918416317","0.5449824791168965","5319","1598"
"fig3b","0.844813981630254","0.02712272579332028","5000","458","408","0.09178164367126575","0.08178364327134573","0.8910675381263616","0.07719456108778244","0.5964013357219073","5320","1599"
"fig3b","0.844813981630254","0.029286445646252372","5000","501","432","0.10037992401519696","0.08658268346330734","0.8625498007968128","0.0815636872625475","0.6532830767196742","5321","1600"
"fig3b","0.844813981630254","0.03162277660168379","5000","481","399","0.09638072385522896","0.07998400319936012","0.8298755186721991","0.07516496700659868","0.7163007868877003","5322","1601"
"fig3b","0.844813981630254","0.034145488738336005","5000","477","420","0.09558088382323535","0.08418316336732654","0.8807531380753139","0.07940411917616477","0.7862237066286752","5323","1602"
"fig3b","0.844813981630254","0.03686945064519575","5000","512","392","0.10257948410317937","0.07858428314337132","0.7660818713450291","0.07345530893821235","0.8639327921617905","5324","1603"
"fig3b","0.844813981630254","0.039810717055349734","5000","482","397","0.09658068386322735","0.07958408318336332","0.8240165631469979","0.07475504899020195","0.9504390612792122","5325","1604"
"fig3b","0.844813981630254","0.042986623470822764","5000","485","403","0.09718056388722256","0.08078384323135374","0.8312757201646092","0.07592481503699261","1.0469052703879242","5326","1605"
"fig3b","0.844813981630254","0.046415888336127774","5000","528","417","0.10577884423115377","0.08358328334333133","0.7901701323251417","0.07829434113177364","1.1546715856227365","5327","1606"
"fig3b","0.844813981630254","0.05011872336272722","5000","566","370","0.11337732453509299","0.07418516296740651","0.6543209876543209","0.06851629674065186","1.275286055578647","5328","1607"
"fig3b","0.844813981630254","0.054116952654646375","5000","523","379","0.10477904419116177","0.07598480303939212","0.7251908396946565","0.07074585082983403","1.4099652226530566","5329","1608"
"fig3b","0.844813981630254","0.05843414133735175","5000","477","319","0.09558088382323535","0.0639872025594881","0.6694560669456068","0.05920815836832633","1.5595801489821497","5330","1609"
"fig3b","0.844813981630254","0.06309573444801933","5000","549","333","0.10997800439912017","0.06678664267146571","0.6072727272727273","0.0612877424515097","1.7260584858925654","5331","1610"
"fig3b","0.844813981630254","0.06812920690579614","5000","576","293","0.11537692461507698","0.05878824235152969","0.5095320623916811","0.053019396120775844","1.9116377855128235","5332","1611"
"fig3b","0.844813981630254","0.07356422544596414","5000","552","266","0.11057788442311538","0.05338932213557288","0.48282097649186256","0.047860427914417115","2.1189025532453343","5333","1612"
"fig3b","0.844813981630254","0.07943282347242814","5000","605","248","0.12117576484703059","0.04979004199160168","0.4108910891089109","0.04373125374925015","2.3508455533291794","5334","1613"
"fig3b","0.844813981630254","0.08576958985908942","5000","606","203","0.121375724855029","0.04079184163167367","0.33607907742998355","0.03472305538892222","2.610941197984772","5335","1614"
"fig3b","0.844813981630254","0.09261187281287937","5000","575","168","0.11517696460707859","0.033793241351729654","0.2934027777777778","0.028034393121375723","2.9032336470219207","5336","1615"
"fig3b","0.844813981630254","0.1","5000","585","186","0.11717656468706258","0.03739252149570086","0.31911262798634815","0.03153369326134773","3.232442869959499","5337","1616"
"fig3b","0.844813981630254","0.10797751623277094","5000","566","140","0.11337732453509299","0.028194361127774445","0.24867724867724866","0.022525494901019794","3.6040927088123738","5338","1617"
"fig3b","0.844813981630254","0.11659144011798317","5000","593","109","0.1187762447510498","0.021995600879824034","0.18518518518518517","0.016056788642271544","4.024665970533249","5339","1618"
"fig3b","0.844813981630254","0.12589254117941676","5000","587","69","0.11757648470305938","0.013997200559888023","0.11904761904761905","0.008118376324735053","4.5017928293080445","5340","1619"
"fig3b","0.844813981630254","0.13593563908785256","5000","595","83","0.1191761647670466","0.016796640671865627","0.14093959731543623","0.010837832433513297","5.044480401007377","5341","1620"
"fig3b","0.844813981630254","0.14677992676220697","5000","621","50","0.124375124975005","0.010197960407918417","0.0819935691318328","0.003979204159168167","5.663393353375426","5342","1621"
"fig3b","0.844813981630254","0.15848931924611134","5000","607","36","0.12157568486302739","0.007398520295940812","0.060855263157894746","0.0013197360527894423","6.371197944822882","5343","1622"
"fig3b","0.844813981630254","0.1711328304161781","5000","622","23","0.1245750849830034","0.004799040191961607","0.038523274478330656","-0.0014297140571885632","7.182985072463623","5344","1623"
"fig3b","0.844813981630254","0.18478497974222907","5000","602","20","0.1205758848230354","0.004199160167966407","0.03482587064676617","-0.0018296340731853633","8.116791905581493","5345","1624"
"fig3b","0.844813981630254","0.19952623149688797","5000","617","6","0.1235752849430114","0.0013997200559888023","0.011326860841423949","-0.004779044191161768","9.19424663986561","5346","1625"
"fig3b","0.844813981630254","0.21544346900318834","5000","593","7","0.1187762447510498","0.0015996800639872025","0.013468013468013467","-0.004339132173565287","10.441366961681183","5347","1626"
"fig3b","0.844813981630254","0.23263050671536262","5000","581","1","0.11637672465506899","0.0003999200159968006","0.003436426116838488","-0.005418916216756648","11.889549996659326","5348","1627"
"fig3b","0.844813981630254","0.25118864315095796","5000","585","0","0.11717656468706258","0.0001999600079984003","0.0017064846416382253","-0.005658868226354729","13.576799629173308","5349","1628"
"fig3b","0.844813981630254","0.27122725793320285","5000","565","0","0.11317736452709458","0.0001999600079984003","0.0017667844522968198","-0.005458908218356329","15.549245384551341","5350","1629"
"fig3b","0.844813981630254","0.29286445646252357","5000","547","0","0.10957808438312337","0.0001999600079984003","0.0018248175182481751","-0.005278944211157768","17.863013737324735","5351","1630"
"fig3b","0.844813981630254","0.31622776601683794","5000","538","0","0.10777844431113777","0.0001999600079984003","0.0018552875695732839","-0.005188962207558489","20.586513764658378","5352","1631"
"fig3b","0.844813981630254","0.34145488738336005","5000","552","0","0.11057788442311538","0.0001999600079984003","0.0018083182640144665","-0.005328934213157369","23.803186417406835","5353","1632"
"fig3b","0.844813981630254","0.3686945064519575","5000","543","0","0.10877824435112977","0.0001999600079984003","0.001838235294117647","-0.005238952209558089","27.614724710018322","5354","1633"
"fig3b","0.844813981630254","0.3981071705534973","5000","518","0","0.10377924415116976","0.0001999600079984003","0.0019267822736030828","-0.004989002199560088","32.14467208380671","5355","1634"
"fig3b","0.844813981630254","0.42986623470822766","5000","518","0","0.10377924415116976","0.0001999600079984003","0.0019267822736030828","-0.004989002199560088","37.540935438077014","5356","1635"
"fig3b","0.844813981630254","0.464158883361278","5000","523","0","0.10477904419116177","0.0001999600079984003","0.0019083969465648854","-0.005038992201559688","43.981201766281146","5357","1636"
"fig3b","0.844813981630254","0.5011872336272722","5000","512","0","0.10257948410317937","0.0001999600079984003","0.001949317738791423","-0.004929014197160568","51.67968646269517","5358","1637"
"fig3b","0.844813981630254","0.5411695265464638","5000","532","0","0.10657868426314737","0.0001999600079984003","0.001876172607879925","-0.0051289742051589685","60.8609286675663","5359","1638"
"fig3b","0.844813981630254","0.5843414133735175","5000","486","0","0.09738052389522095","0.0001999600079984003","0.002053388090349076","-0.004669066186762647","71.77761542023558","5360","1639"
"fig3b","0.844813981630254","0.6309573444801932","5000","518","0","0.10377924415116976","0.0001999600079984003","0.0019267822736030828","-0.004989002199560088","84.67235347577684","5361","1640"
"fig3b","0.844813981630254","0.6812920690579611","5000","553","0","0.11077784443111378","0.0001999600079984003","0.0018050541516245486","-0.005338932213557289","99.74762209343433","5362","1641"
"fig3b","0.844813981630254","0.7356422544596414","5000","573","0","0.11477704459108179","0.0001999600079984003","0.0017421602787456444","-0.00553889222155569","117.12910210556362","5363","1642"
"fig3b","0.844813981630254","0.7943282347242814","5000","567","0","0.11357728454309138","0.0001999600079984003","0.0017605633802816902","-0.005478904219156169","136.84544872644796","5364","1643"
"fig3b","0.844813981630254","0.8576958985908941","5000","600","0","0.1201759648070386","0.0001999600079984003","0.0016638935108153076","-0.00580883823235353","158.84975737554623","5365","1644"
"fig3b","0.844813981630254","0.9261187281287933","5000","649","0","0.1299740051989602","0.0001999600079984003","0.0015384615384615382","-0.00629874025194961","183.11887303053373","5366","1645"
"fig3b","0.844813981630254","1.0","5000","698","0","0.13977204559088183","0.0001999600079984003","0.001430615164520744","-0.006788642271545691","210.71351772901966","5367","1646"
"fig3b","0.9170768914667612","0.01","5000","521","504","0.10437912417516497","0.10097980403919216","0.9674329501915708","0.09576084783043391","0.16789551634144573","5368","1647"
"fig3b","0.9170768914667612","0.0107977516232771","5000","555","542","0.11117776444711058","0.10857828434313137","0.9766187050359711","0.10301939612077583","0.18260433378407015","5369","1648"
"fig3b","0.9170768914667612","0.011659144011798317","5000","550","571","0.11017796440711858","0.11437712457508498","1.0","0.10886822635472905","0.1987076575496758","5370","1649"
"fig3b","0.9170768914667612","0.012589254117941675","5000","606","614","0.121375724855029","0.12297540491901619","1.0","0.11690661867626474","0.21635419056329397","5371","1650"
"fig3b","0.9170768914667612","0.013593563908785255","5000","625","603","0.1251749650069986","0.12077584483103379","0.9648562300319489","0.11451709658068386","0.23571091590164883","5372","1651"
"fig3b","0.9170768914667612","0.014677992676220698","5000","582","537","0.11657668466306739","0.10757848430313938","0.9228130360205832","0.10174965006998601","0.256965673540833","5373","1652"
"fig3b","0.9170768914667612","0.015848931924611134","5000","609","568","0.1219756048790242","0.11377724455108978","0.9327868852459016","0.10767846430713858","0.2803301425719269","5374","1653"
"fig3b","0.9170768914667612","0.01711328304161781","5000","629","600","0.1259748050389922","0.1201759648070386","0.9539682539682541","0.11387722455508899","0.306043298272499","5375","1654"
"fig3b","0.9170768914667612","0.018478497974222907","5000","597","639","0.1195760847830434","0.1279744051189762","1.0","0.12199560087982403","0.3343754261714196","5376","1655"
"fig3b","0.9170768914667612","0.0199526231496888","5000","637","584","0.1275744851029794","0.11697660467906419","0.9169278996865206","0.11059788042391522","0.36563279047754804","5377","1656"
"fig3b","0.9170768914667612","0.021544346900318832","5000","665","614","0.1331733653269346","0.12297540491901619","0.9234234234234234","0.11631673665266946","0.400163072572127","5378","1657"
"fig3b","0.9170768914667612","0.02326305067153626","5000","623","653","0.1247750449910018","0.1307738452309538","1.0","0.12453509298140372","0.4383617172300376","5379","1658"
"fig3b","0.9170768914667612","0.025118864315095794","5000","691","620","0.138372325534893","0.1241751649670066","0.897398843930636","0.11725654869026195","0.48067935076568347","5380","1659"
"fig3b","0.9170768914667612","0.02712272579332028","5000","700","655","0.1401719656068786","0.1311737652469506","0.9358059914407988","0.12416516696660666","0.5276304673063237","5381","1660"
"fig3b","0.9170768914667612","0.029286445646252372","5000","741","595","0.14837032593481303","0.1191761647670466","0.8032345013477089","0.11175764847030595","0.5798036182030728","5382","1661"
"fig3b","0.9170768914667612","0.03162277660168379","5000","706","641","0.14137172565486902","0.12837432513497302","0.9080622347949081","0.12130573885222956","0.6378733866894493","5383","1662"
"fig3b","0.9170768914667612","0.034145488738336005","5000","737","664","0.14757048590281943","0.1329734053189362","0.9010840108401084","0.12559488102379524","0.7026144872897362","5384","1663"
"fig3b","0.9170768914667612","0.03686945064519575","5000","788","634","0.15776844631073786","0.1269746050789842","0.8048162230671736","0.1190861827634473","0.7749183996307067","5385","1664"
"fig3b","0.9170768914667612","0.039810717055349734","5000","781","644","0.15636872625474904","0.1289742051589682","0.8248081841432225","0.12115576884623075","0.8558130322326747","5386","1665"
"fig3b","0.9170768914667612","0.042986623470822764","5000","741","594","0.14837032593481303","0.11897620475904819","0.8018867924528302","0.11155768846230754","0.9464860176445313","5387","1666"
"fig3b","0.9170768914667612","0.046415888336127774","5000","779","615","0.15596880623875226","0.1231753649270146","0.7897435897435897","0.11537692461507698","1.0483123707758466","5388","1667"
"fig3b","0.9170768914667612","0.05011872336272722","5000","795","609","0.15916816636672665","0.1219756048790242","0.7663316582914573","0.11401719656068787","1.1628874040267192","5389","1668"
"fig3b","0.9170768914667612","0.054116952654646375","5000","814","622","0.16296740651869626","0.1245750849830034","0.7644171779141105","0.1164267146570686","1.2920659940083397","5390","1669"
"fig3b","0.9170768914667612","0.05843414133735175","5000","772","535","0.15456908618276344","0.10717856428714258","0.6934023285899096","0.09945010997800441","1.4380095459632116","5391","1670"
"fig3b","0.9170768914667612","0.06309573444801933","5000","837","558","0.16756648670265947","0.11177764447110577","0.6670644391408114","0.1033993201359728","1.6032423173326151","5392","1671"
"fig3b","0.9170768914667612","0.06812920690579614","5000","862","497","0.17256548690261947","0.09958008398320337","0.5770567786790267","0.0909518096380724","1.790719159371804","5393","1672"
"fig3b","0.9170768914667612","0.07356422544596414","5000","836","468","0.16736652669466107","0.09378124375124974","0.5603345280764636","0.08541291741651669","2.0032607334170507","5394","1673"
"fig3b","0.9170768914667612","0.07943282347242814","5000","827","373","0.16556688662267546","0.07478504299140172","0.45169082125603865","0.06650669866026795","2.2422836158585255","5395","1674"
"fig3b","0.9170768914667612","0.08576958985908942","5000","796","341","0.15936812637472506","0.0683863227354529","0.4291091593475533","0.06041791641671665","2.511450000781821","5396","1675"
"fig3b","0.9170768914667612","0.09261187281287937","5000","793","318","0.15876824635072986","0.0637872425514897","0.4017632241813601","0.0558488302339532","2.8152564734873238","5397","1676"
"fig3b","0.9170768914667612","0.1","5000","837","287","0.16756648670265947","0.057588482303539294","0.3436754176610979","0.04921015796840632","3.15897724082231","5398","1677"
"fig3b","0.9170768914667612","0.10797751623277094","5000","883","239","0.1767646470705859","0.04799040191961608","0.27149321266968324","0.03915216956608678","3.5488165236012605","5399","1678"
"fig3b","0.9170768914667612","0.11659144011798317","5000","822","204","0.16456708658268346","0.04099180163967207","0.24908869987849333","0.032763447310537895","3.992094351838631","5400","1679"
"fig3b","0.9170768914667612","0.12589254117941676","5000","874","169","0.1749650069986003","0.033993201359728054","0.19428571428571426","0.02524495100979804","4.497473894277334","5401","1680"
"fig3b","0.9170768914667612","0.13593563908785256","5000","810","115","0.16216756648670266","0.023195360927814438","0.14303329223181258","0.015086982603479305","5.075240631166025","5402","1681"
"fig3b","0.9170768914667612","0.14677992676220697","5000","800","87","0.16016796640671865","0.01759648070385923","0.10986267166042447","0.009588082383523296","5.737646485677772","5403","1682"
"fig3b","0.9170768914667612","0.15848931924611134","5000","829","59","0.16596680663867228","0.01199760047990402","0.07228915662650602","0.003699260147970406","6.499335652979539","5404","1683"
"fig3b","0.9170768914667612","0.1711328304161781","5000","807","37","0.16156768646270747","0.007598480303939212","0.04702970297029702","-0.00047990401919616177","7.377873547960235","5405","1684"
"fig3b","0.9170768914667612","0.18478497974222907","5000","827","24","0.16556688662267546","0.004999000199960008","0.030193236714975844","-0.0032793441311737654","8.394406335820179","5406","1685"
"fig3b","0.9170768914667612","0.19952623149688797","5000","774","15","0.15496900619876025","0.003199360127974405","0.02064516129032258","-0.004549090181963608","9.574486281406763","5407","1686"
"fig3b","0.9170768914667612","0.21544346900318834","5000","755","10","0.15116976604679064","0.0021995600879824036","0.014550264550264551","-0.005358928214357128","10.949108070226572","5408","1687"
"fig3b","0.9170768914667612","0.23263050671536262","5000","789","2","0.15796840631873627","0.0005998800239952009","0.003797468354430379","-0.0072985402919416124","12.55601372592497","5409","1688"
"fig3b","0.9170768914667612","0.25118864315095796","5000","724","3","0.14497100579884023","0.0007998400319936012","0.005517241379310344","-0.006448710257948411","14.441339025958257","5410","1689"
"fig3b","0.9170768914667612","0.27122725793320285","5000","733","1","0.14677064587082583","0.0003999200159968006","0.0027247956403269754","-0.006938612277544491","16.661692133304598","5411","1690"
"fig3b","0.9170768914667612","0.29286445646252357","5000","745","0","0.14917016596680663","0.0001999600079984003","0.0013404825737265416","-0.007258548290341931","19.286773944440114","5412","1691"
"fig3b","0.9170768914667612","0.31622776601683794","5000","720","0","0.14417116576684663","0.0001999600079984003","0.0013869625520110957","-0.007008598280343932","22.39008776933099","5413","1692"
"fig3b","0.9170768914667612","0.34145488738336005","5000","666","0","0.133373325334933","0.0001999600079984003","0.0014992503748125937","-0.0064687062587482505","26.052516773736414","5414","1693"
"fig3b","0.9170768914667612","0.3686945064519575","5000","649","0","0.1299740051989602","0.0001999600079984003","0.0015384615384615382","-0.00629874025194961","30.44234599428904","5415","1694"
"fig3b","0.9170768914667612","0.3981071705534973","5000","671","0","0.13437312537492502","0.0001999600079984003","0.001488095238095238","-0.00651869626074785","35.72617279021773","5416","1695"
"fig3b","0.9170768914667612","0.42986623470822766","5000","606","0","0.121375724855029","0.0001999600079984003","0.0016474464579901151","-0.00586882623475305","42.11028480052363","5417","1696"
"fig3b","0.9170768914667612","0.464158883361278","5000","664","0","0.1329734053189362","0.0001999600079984003","0.0015037593984962407","-0.00644871025794841","49.847741800914434","5418","1697"
"fig3b","0.9170768914667612","0.5011872336272722","5000","597","0","0.1195760847830434","0.0001999600079984003","0.0016722408026755853","-0.00577884423115377","59.24316690542264","5419","1698"
"fig3b","0.9170768914667612","0.5411695265464638","5000","594","0","0.11897620475904819","0.0001999600079984003","0.001680672268907563","-0.00574885022995401","70.65034154051466","5420","1699"
"fig3b","0.9170768914667612","0.5843414133735175","5000","575","0","0.11517696460707859","0.0001999600079984003","0.001736111111111111","-0.0055588882223555295","84.45328775927408","5421","1700"
"fig3b","0.9170768914667612","0.6309573444801932","5000","545","0","0.10917816436712657","0.0001999600079984003","0.0018315018315018315","-0.005258948210357928","100.6844456284681","5422","1701"
"fig3b","0.9170768914667612","0.6812920690579611","5000","557","0","0.11157768446310738","0.0001999600079984003","0.0017921146953405016","-0.005378924215156969","119.67587690634087","5423","1702"
"fig3b","0.9170768914667612","0.7356422544596414","5000","576","0","0.11537692461507698","0.0001999600079984003","0.0017331022530329288","-0.005568886222755449","141.37525553188578","5424","1703"
"fig3b","0.9170768914667612","0.7943282347242814","5000","625","0","0.1251749650069986","0.0001999600079984003","0.001597444089456869","-0.006058788242351529","165.4899928467176","5425","1704"
"fig3b","0.9170768914667612","0.8576958985908941","5000","651","0","0.130373925214957","0.0001999600079984003","0.0015337423312883436","-0.00631873625274945","191.61501293080283","5426","1705"
"fig3b","0.9170768914667612","0.9261187281287933","5000","733","0","0.14677064587082583","0.0001999600079984003","0.0013623978201634877","-0.0071385722855428916","219.4969143110431","5427","1706"
"fig3b","0.9170768914667612","1.0","5000","767","0","0.15356928614277143","0.0001999600079984003","0.0013020833333333335","-0.007478504299140171","250.72954491915385","5428","1707"
"fig3b","0.9955209586368182","0.01","5000","706","722","0.14137172565486902","0.14457108578284344","1.0","0.1375024995001","0.1460677584301493","5429","1708"
"fig3b","0.9955209586368182","0.0107977516232771","5000","741","734","0.14837032593481303","0.14697060587882424","0.9905660377358492","0.1395520895820836","0.15915199883647801","5430","1709"
"fig3b","0.9955209586368182","0.011659144011798317","5000","753","722","0.15076984603079385","0.14457108578284344","0.9588859416445623","0.13703259348130375","0.17352091993672047","5431","1710"
"fig3b","0.9955209586368182","0.012589254117941675","5000","734","756","0.14697060587882424","0.15136972605478904","1.0","0.14402119576084782","0.18931785136086887","5432","1711"
"fig3b","0.9955209586368182","0.013593563908785255","5000","731","753","0.14637072585482905","0.15076984603079385","1.0","0.1434513097380524","0.20670456468798193","5433","1712"
"fig3b","0.9955209586368182","0.014677992676220698","5000","822","796","0.16456708658268346","0.15936812637472506","0.968408262454435","0.15113977204559087","0.2258639686187962","5434","1713"
"fig3b","0.9955209586368182","0.015848931924611134","5000","809","790","0.16196760647870426","0.15816836632673464","0.9765432098765432","0.15006998600279944","0.24700323860992057","5435","1714"
"fig3b","0.9955209586368182","0.01711328304161781","5000","835","795","0.16716656668666266","0.15916816636672665","0.9521531100478469","0.1508098380323935","0.27035745646682585","5436","1715"
"fig3b","0.9955209586368182","0.018478497974222907","5000","854","786","0.17096580683863227","0.15736852629474105","0.9204678362573099","0.14882023595280944","0.29619384942120064","5437","1716"
"fig3b","0.9955209586368182","0.0199526231496888","5000","821","828","0.16436712657468505","0.16576684663067387","1.0","0.15754849030193963","0.3248167350076585","5438","1717"
"fig3b","0.9955209586368182","0.021544346900318832","5000","842","820","0.16856628674265148","0.16416716656668667","0.9739027283511269","0.1557388522295541","0.35657329825130546","5439","1718"
"fig3b","0.9955209586368182","0.02326305067153626","5000","882","826","0.1765646870625875","0.16536692661467706","0.9365798414496036","0.15653869226154768","0.3918603519914541","5440","1719"
"fig3b","0.9955209586368182","0.025118864315095794","5000","891","866","0.1783643271345731","0.17336532693461307","0.9719730941704035","0.16444711057788441","0.4311322605001351","5441","1720"
"fig3b","0.9955209586368182","0.02712272579332028","5000","906","862","0.18136372725454908","0.17256548690261947","0.9514884233737597","0.163497300539892","0.4749102420685176","5442","1721"
"fig3b","0.9955209586368182","0.029286445646252372","5000","975","924","0.1951609678064387","0.18496300739852028","0.9477459016393442","0.17520495900819835","0.5237933093179663","5443","1722"
"fig3b","0.9955209586368182","0.03162277660168379","5000","928","879","0.1857628474305139","0.17596480703859227","0.9472551130247576","0.16667666466706657","0.5784711584264528","5444","1723"
"fig3b","0.9955209586368182","0.034145488738336005","5000","977","914","0.19556088782243553","0.1829634073185363","0.9355828220858896","0.17318536292741452","0.6397393824271376","5445","1724"
"fig3b","0.9955209586368182","0.03686945064519575","5000","991","922","0.1983603279344131","0.1845630873825235","0.9304435483870969","0.17464507098580284","0.7085174620799535","5446","1725"
"fig3b","0.9955209586368182","0.039810717055349734","5000","1010","881","0.20215956808638272","0.17636472705458908","0.8724035608308606","0.16625674865026996","0.7858700840208712","5447","1726"
"fig3b","0.9955209586368182","0.042986623470822764","5000","1049","879","0.20995800839832032","0.17596480703859227","0.8380952380952381","0.16546690661867625","0.8730324544853261","5448","1727"
"fig3b","0.9955209586368182","0.046415888336127774","5000","1012","857","0.20255948810237953","0.17156568686262746","0.8469891411648568","0.1614377124575085","0.9714404235900247","5449","1728"
"fig3b","0.9955209586368182","0.05011872336272722","5000","1075","867","0.21515696860627875","0.17356528694261147","0.8066914498141263","0.16280743851229754","1.0827664173354776","5450","1729"
"fig3b","0.9955209586368182","0.054116952654646375","5000","1053","824","0.21075784843031395","0.16496700659868027","0.7827324478178368","0.15442911417716457","1.2089624016481935","5451","1730"
"fig3b","0.9955209586368182","0.05843414133735175","5000","1107","788","0.22155568886222757","0.15776844631073786","0.7120938628158845","0.14669066186762647","1.352311387194959","5452","1731"
"fig3b","0.9955209586368182","0.06309573444801933","5000","1120","810","0.22415516896620677","0.16216756648670266","0.7234611953612845","0.15095980803839232","1.515489341472943","5453","1732"
"fig3b","0.9955209586368182","0.06812920690579614","5000","1080","754","0.21615676864627076","0.15096980603879223","0.698427382053654","0.1401619676064787","1.701639826819303","5454","1733"
"fig3b","0.9955209586368182","0.07356422544596414","5000","1066","638","0.21335732853429315","0.1277744451109778","0.598875351452671","0.11710657868426314","1.914464257202809","5455","1734"
"fig3b","0.9955209586368182","0.07943282347242814","5000","1131","605","0.22635472905418916","0.12117576484703059","0.5353356890459364","0.10985802839432113","2.1583180006185216","5456","1735"
"fig3b","0.9955209586368182","0.08576958985908942","5000","1086","524","0.21735652869426114","0.10497900419916016","0.48298068077276907","0.09411117776444711","2.4358163186363697","5457","1736"
"fig3b","0.9955209586368182","0.09261187281287937","5000","1137","479","0.22755448910217957","0.09598080383923216","0.421792618629174","0.08460307938412318","2.750326180413424","5458","1737"
"fig3b","0.9955209586368182","0.1","5000","1106","396","0.22135572885422916","0.07938412317536493","0.35862691960252935","0.06831633673265347","3.1076708817618623","5459","1738"
"fig3b","0.9955209586368182","0.10797751623277094","5000","1106","341","0.22135572885422916","0.0683863227354529","0.30894308943089427","0.057318536292741445","3.5147305620198495","5460","1739"
"fig3b","0.9955209586368182","0.11659144011798317","5000","1122","269","0.22455508898220355","0.05398920215956809","0.24042742653606414","0.04276144771045791","3.979659337608325","5461","1740"
"fig3b","0.9955209586368182","0.12589254117941676","5000","1118","204","0.22375524895020996","0.04099180163967207","0.18319928507596067","0.02980403919216157","4.512152513186265","5462","1741"
"fig3b","0.9955209586368182","0.13593563908785256","5000","1096","159","0.21935612877424515","0.03199360127974405","0.14585232452142205","0.021025794841031793","5.123776776811155","5463","1742"
"fig3b","0.9955209586368182","0.14677992676220697","5000","1103","106","0.22075584883023394","0.021395720855828835","0.09692028985507248","0.010357928414317137","5.828379971565312","5464","1743"
"fig3b","0.9955209586368182","0.15848931924611134","5000","1042","89","0.20855828834233153","0.017996400719856028","0.0862895493767977","0.007568486302739451","6.642601868395786","5465","1744"
"fig3b","0.9955209586368182","0.1711328304161781","5000","1046","56","0.20935812837432513","0.011397720455908818","0.05444126074498567","0.0009298140371925608","7.586513718555011","5466","1745"
"fig3b","0.9955209586368182","0.18478497974222907","5000","1026","36","0.20535892821435714","0.007398520295940812","0.03602726387536514","-0.002869426114777045","8.68442273382638","5467","1746"
"fig3b","0.9955209586368182","0.19952623149688797","5000","990","16","0.19816036792641473","0.0033993201359728054","0.017154389505549948","-0.006508698260347933","9.965888671034918","5468","1747"
"fig3b","0.9955209586368182","0.21544346900318834","5000","952","12","0.1905618876224755","0.002599480103979204","0.013641133263378803","-0.006928614277144572","11.46701419442337","5469","1748"
"fig3b","0.9955209586368182","0.23263050671536262","5000","988","10","0.1977604479104179","0.0021995600879824036","0.011122345803842266","-0.007688462307538493","13.232089621279897","5470","1749"
"fig3b","0.9955209586368182","0.25118864315095796","5000","974","0","0.1949610077984403","0.0001999600079984003","0.0010256410256410256","-0.009548090381923616","15.315697043680302","5471","1750"
"fig3b","0.9955209586368182","0.27122725793320285","5000","900","1","0.1801639672065587","0.0003999200159968006","0.0022197558268590455","-0.008608278344331134","17.785409414089997","5472","1751"
"fig3b","0.9955209586368182","0.29286445646252357","5000","866","0","0.17336532693461307","0.0001999600079984003","0.0011534025374855825","-0.008468306338732254","20.725256619541767","5473","1752"
"fig3b","0.9955209586368182","0.31622776601683794","5000","878","0","0.1757648470305939","0.0001999600079984003","0.0011376564277588168","-0.008588282343531295","24.240169310865753","5474","1753"
"fig3b","0.9955209586368182","0.34145488738336005","5000","801","0","0.16036792641471706","0.0001999600079984003","0.0012468827930174563","-0.007818436312737454","28.414632529581297","5475","1754"
"fig3b","0.9955209586368182","0.3686945064519575","5000","780","0","0.15616876624675066","0.0001999600079984003","0.0012804097311139564","-0.007608478304339133","33.44386165708602","5476","1755"
"fig3b","0.9955209586368182","0.3981071705534973","5000","784","0","0.15696860627874426","0.0001999600079984003","0.0012738853503184713","-0.007648470305938813","39.550972532817894","5477","1756"
"fig3b","0.9955209586368182","0.42986623470822766","5000","730","0","0.14617076584683064","0.0001999600079984003","0.0013679890560875513","-0.007108578284343132","47.001336987104736","5478","1757"
"fig3b","0.9955209586368182","0.464158883361278","5000","663","0","0.13277344531093782","0.0001999600079984003","0.001506024096385542","-0.006438712257548491","56.12676658389978","5479","1758"
"fig3b","0.9955209586368182","0.5011872336272722","5000","671","0","0.13437312537492502","0.0001999600079984003","0.001488095238095238","-0.00651869626074785","67.33495124936053","5480","1759"
"fig3b","0.9955209586368182","0.5411695265464638","5000","648","0","0.1297740451909618","0.0001999600079984003","0.0015408320493066256","-0.00628874225154969","81.1086501253939","5481","1760"
"fig3b","0.9955209586368182","0.5843414133735175","5000","603","0","0.12077584483103379","0.0001999600079984003","0.0016556291390728477","-0.005838832233553289","97.97714933714917","5482","1761"
"fig3b","0.9955209586368182","0.6309573444801932","5000","608","0","0.1217756448710258","0.0001999600079984003","0.0016420361247947454","-0.00588882223555289","118.08497095891767","5483","1762"
"fig3b","0.9955209586368182","0.6812920690579611","5000","628","0","0.12577484503099381","0.0001999600079984003","0.0015898251192368836","-0.00608878224355129","141.57677624836185","5484","1763"
"fig3b","0.9955209586368182","0.7356422544596414","5000","625","0","0.1251749650069986","0.0001999600079984003","0.001597444089456869","-0.006058788242351529","168.15064924737806","5485","1764"
"fig3b","0.9955209586368182","0.7943282347242814","5000","622","0","0.1245750849830034","0.0001999600079984003","0.0016051364365971107","-0.00602879424115177","196.99656509405497","5486","1765"
"fig3b","0.9955209586368182","0.8576958985908941","5000","685","0","0.13717256548690263","0.0001999600079984003","0.0014577259475218659","-0.0066586682663467315","227.25890659547122","5487","1766"
"fig3b","0.9955209586368182","0.9261187281287933","5000","738","0","0.14777044591081784","0.0001999600079984003","0.0013531799729364004","-0.0071885622875424915","258.55697319060715","5488","1767"
"fig3b","0.9955209586368182","1.0","5000","794","0","0.15896820635872824","0.0001999600079984003","0.001257861635220126","-0.007748450309938012","293.4206611681686","5489","1768"
"fig3b","1.0806749012071137","0.01","5000","793","792","0.15876824635072986","0.15856828634273146","0.9987405541561712","0.15062987402519495","0.13167441696697324","5490","1769"
"fig3b","1.0806749012071137","0.0107977516232771","5000","817","820","0.16356728654269145","0.16416716656668667","1.0","0.1559888022395521","0.1437343358875296","5491","1770"
"fig3b","1.0806749012071137","0.011659144011798317","5000","885","877","0.17716456708658268","0.17556488702259548","0.9909706546275395","0.16670665866826634","0.15701820820731882","5492","1771"
"fig3b","1.0806749012071137","0.012589254117941675","5000","864","905","0.17296540691861628","0.1811637672465507","1.0","0.17251549690061987","0.17166811430021767","5493","1772"
"fig3b","1.0806749012071137","0.013593563908785255","5000","871","943","0.17436512697460507","0.1887622475504899","1.0","0.18004399120175965","0.18784510325292558","5494","1773"
"fig3b","1.0806749012071137","0.014677992676220698","5000","897","948","0.17956408718256348","0.1897620475904819","1.0","0.18078384323135374","0.20573204197972927","5495","1774"
"fig3b","1.0806749012071137","0.015848931924611134","5000","963","915","0.19276144771045792","0.18316336732653468","0.9502074688796679","0.1735252949410118","0.22553693179537504","5496","1775"
"fig3b","1.0806749012071137","0.01711328304161781","5000","942","933","0.1885622875424915","0.1867626474705059","0.9904559915164369","0.17733453309338132","0.24749677462108366","5497","1776"
"fig3b","1.0806749012071137","0.018478497974222907","5000","964","978","0.1929614077184563","0.1957608478304339","1.0","0.1861127774445111","0.27188208635593014","5498","1777"
"fig3b","1.0806749012071137","0.0199526231496888","5000","948","978","0.1897620475904819","0.1957608478304339","1.0","0.1862727454509098","0.299002173430722","5499","1778"
"fig3b","1.0806749012071137","0.021544346900318832","5000","989","1016","0.19796040791841632","0.20335932813437313","1.0","0.19346130773845233","0.32921131075644894","5500","1779"
"fig3b","1.0806749012071137","0.02326305067153626","5000","1061","1021","0.21235752849430115","0.20435912817436513","0.9623352165725048","0.19374125174965007","0.3629159860661275","5501","1780"
"fig3b","1.0806749012071137","0.025118864315095794","5000","1044","1023","0.20895820835832835","0.20475904819036192","0.9799043062200956","0.1943111377724455","0.40058340801903114","5502","1781"
"fig3b","1.0806749012071137","0.02712272579332028","5000","1087","1061","0.21755648870225955","0.21235752849430115","0.9761029411764706","0.20147970405918816","0.4427515146603582","5503","1782"
"fig3b","1.0806749012071137","0.029286445646252372","5000","1160","1121","0.23215356928614278","0.22435512897420515","0.96640826873385","0.21274745050989802","0.49004076648861883","5504","1783"
"fig3b","1.0806749012071137","0.03162277660168379","5000","1157","1128","0.23155368926214756","0.22575484903019397","0.9749568221070812","0.21417716456708658","0.5431680664842702","5505","1784"
"fig3b","1.0806749012071137","0.034145488738336005","5000","1213","1104","0.242751449710058","0.22095580883823235","0.9102141680395387","0.20881823635272945","0.6029632204395341","5506","1785"
"fig3b","1.0806749012071137","0.03686945064519575","5000","1216","1112","0.24335132973405318","0.22255548890221954","0.914543960558751","0.21038792241551688","0.6703884380032719","5507","1786"
"fig3b","1.0806749012071137","0.039810717055349734","5000","1242","1025","0.2485502899420116","0.20515896820635873","0.8254223652453742","0.19273145370925815","0.746561481971014","5508","1787"
"fig3b","1.0806749012071137","0.042986623470822764","5000","1214","1115","0.2429514097180564","0.22315536892621476","0.9185185185185185","0.21100779844031195","0.8327832056214106","5509","1788"
"fig3b","1.0806749012071137","0.046415888336127774","5000","1288","1061","0.25774845030993804","0.21235752849430115","0.8238944918541504","0.19947010597880424","0.9305703818170059","5510","1789"
"fig3b","1.0806749012071137","0.05011872336272722","5000","1337","1066","0.26754649070185965","0.21335732853429315","0.7974588938714499","0.19998000399920016","1.0416949315358295","5511","1790"
"fig3b","1.0806749012071137","0.054116952654646375","5000","1281","1046","0.2563487302539492","0.20935812837432513","0.8166926677067082","0.19654069186162768","1.1682309143132557","5512","1791"
"fig3b","1.0806749012071137","0.05843414133735175","5000","1368","993","0.27374525094981006","0.19876024795040992","0.7260774287801314","0.18507298540291942","1.3126109627926894","5513","1792"
"fig3b","1.0806749012071137","0.06309573444801933","5000","1355","967","0.27114577084583086","0.19356128774245152","0.7138643067846607","0.18000399920015997","1.477694246602539","5514","1793"
"fig3b","1.0806749012071137","0.06812920690579614","5000","1344","888","0.2689462107578484","0.17776444711057787","0.6609665427509294","0.16431713657268546","1.6668485612700579","5515","1794"
"fig3b","1.0806749012071137","0.07356422544596414","5000","1323","831","0.264747050589882","0.16636672665466906","0.6283987915407855","0.15312937412517497","1.8840497877367","5516","1795"
"fig3b","1.0806749012071137","0.07943282347242814","5000","1378","753","0.275744851029794","0.15076984603079385","0.5467730239303844","0.13698260347930416","2.1340027998019195","5517","1796"
"fig3b","1.0806749012071137","0.08576958985908942","5000","1273","719","0.254749050189962","0.14397120575884823","0.5651491365777079","0.13123375324935013","2.420293579297663","5518","1797"
"fig3b","1.0806749012071137","0.09261187281287937","5000","1392","592","0.27854429114177165","0.11857628474305139","0.42569992821249103","0.10464907018596281","2.745954554482239","5519","1798"
"fig3b","1.0806749012071137","0.1","5000","1322","487","0.26454709058188364","0.09758048390321936","0.36885865457294026","0.08435312937412517","3.1173270191179085","5520","1799"
"fig3b","1.0806749012071137","0.10797751623277094","5000","1362","439","0.2725454909018196","0.08798240351929613","0.32281731474688186","0.07435512897420515","3.541950528999706","5521","1800"
"fig3b","1.0806749012071137","0.11659144011798317","5000","1347","330","0.2695460907818436","0.0661867626474705","0.24554896142433236","0.05270945810837832","4.028793641931657","5522","1801"
"fig3b","1.0806749012071137","0.12589254117941676","5000","1311","268","0.2623475304939012","0.05378924215156969","0.2050304878048781","0.04067186562687463","4.5885606813072854","5523","1802"
"fig3b","1.0806749012071137","0.13593563908785256","5000","1336","188","0.2673465306938612","0.03779244151169766","0.14136125654450263","0.0244251149770046","5.23407271751563","5524","1803"
"fig3b","1.0806749012071137","0.14677992676220697","5000","1288","134","0.25774845030993804","0.026994601079784044","0.1047323506594259","0.014107178564287141","5.980742940504882","5525","1804"
"fig3b","1.0806749012071137","0.15848931924611134","5000","1272","97","0.2545490901819636","0.019596080783843232","0.0769835035349568","0.006868626274745052","6.847172707711792","5526","1805"
"fig3b","1.0806749012071137","0.1711328304161781","5000","1206","70","0.24135172965406917","0.014197160567886422","0.058823529411764705","0.0021295740851829635","7.85590269152101","5527","1806"
"fig3b","1.0806749012071137","0.18478497974222907","5000","1266","40","0.2533493301339732","0.008198360327934412","0.03235990528808208","-0.004469106178764249","9.034364435746284","5528","1807"
"fig3b","1.0806749012071137","0.19952623149688797","5000","1240","17","0.2481503699260148","0.003599280143971206","0.014504431909750202","-0.008808238352329535","10.416092229739235","5529","1808"
"fig3b","1.0806749012071137","0.21544346900318834","5000","1183","8","0.236752649470106","0.001799640071985603","0.007601351351351351","-0.010037992401519697","12.0422748132126","5530","1809"
"fig3b","1.0806749012071137","0.23263050671536262","5000","1148","7","0.22975404919016196","0.0015996800639872025","0.006962576153176675","-0.009888022395520897","13.963752713009796","5531","1810"
"fig3b","1.0806749012071137","0.25118864315095796","5000","1123","2","0.22475504899020196","0.0005998800239952009","0.002669039145907473","-0.010637872425514899","16.243602054967823","5532","1811"
"fig3b","1.0806749012071137","0.27122725793320285","5000","1074","0","0.21495700859828035","0.0001999600079984003","0.0009302325581395348","-0.010547890421915618","18.960491766498308","5533","1812"
"fig3b","1.0806749012071137","0.29286445646252357","5000","1058","0","0.21175764847030593","0.0001999600079984003","0.0009442870632672333","-0.010387922415516898","22.213059966705885","5534","1813"
"fig3b","1.0806749012071137","0.31622776601683794","5000","960","0","0.1921615676864627","0.0001999600079984003","0.001040582726326743","-0.009408118376324735","26.125626278111184","5535","1814"
"fig3b","1.0806749012071137","0.34145488738336005","5000","934","0","0.1869626074785043","0.0001999600079984003","0.0010695187165775401","-0.009148170365926815","30.855631182491663","5536","1815"
"fig3b","1.0806749012071137","0.3686945064519575","5000","884","0","0.17696460707858427","0.0001999600079984003","0.0011299435028248588","-0.008648270345930815","36.60324153324538","5537","1816"
"fig3b","1.0806749012071137","0.3981071705534973","5000","870","0","0.17416516696660667","0.0001999600079984003","0.001148105625717566","-0.008508298340331934","43.5890723915887","5538","1817"
"fig3b","1.0806749012071137","0.42986623470822766","5000","883","0","0.1767646470705859","0.0001999600079984003","0.0011312217194570135","-0.008638272345530896","52.137754193098885","5539","1818"
"fig3b","1.0806749012071137","0.464158883361278","5000","767","0","0.15356928614277143","0.0001999600079984003","0.0013020833333333335","-0.007478504299140171","62.70582839665394","5540","1819"
"fig3b","1.0806749012071137","0.5011872336272722","5000","709","0","0.14197160567886422","0.0001999600079984003","0.0014084507042253522","-0.006898620275944811","75.82071853000917","5541","1820"
"fig3b","1.0806749012071137","0.5411695265464638","5000","746","0","0.14937012597480503","0.0001999600079984003","0.0013386880856760374","-0.0072685462907418515","92.12192370511514","5542","1821"
"fig3b","1.0806749012071137","0.5843414133735175","5000","661","0","0.132373525294941","0.0001999600079984003","0.0015105740181268882","-0.006418716256748651","112.27210417162411","5543","1822"
"fig3b","1.0806749012071137","0.6309573444801932","5000","672","0","0.13457308538292342","0.0001999600079984003","0.0014858841010401188","-0.006528694261147771","136.54259445024098","5544","1823"
"fig3b","1.0806749012071137","0.6812920690579611","5000","621","0","0.124375124975005","0.0001999600079984003","0.001607717041800643","-0.00601879624075185","165.0875978398002","5545","1824"
"fig3b","1.0806749012071137","0.7356422544596414","5000","646","0","0.129374125174965","0.0001999600079984003","0.001545595054095827","-0.006268746250749849","197.03438395852567","5546","1825"
"fig3b","1.0806749012071137","0.7943282347242814","5000","646","0","0.129374125174965","0.0001999600079984003","0.001545595054095827","-0.006268746250749849","230.79379931555707","5547","1826"
"fig3b","1.0806749012071137","0.8576958985908941","5000","669","0","0.1339732053589282","0.0001999600079984003","0.0014925373134328358","-0.00649870025994801","265.0120639807092","5548","1827"
"fig3b","1.0806749012071137","0.9261187281287933","5000","727","0","0.14557088582283542","0.0001999600079984003","0.0013736263736263737","-0.007078584283143371","299.38518694624776","5549","1828"
"fig3b","1.0806749012071137","1.0","5000","841","0","0.16836632673465307","0.0001999600079984003","0.001187648456057007","-0.008218356328734255","337.83270252538824","5550","1829"
"fig3b","1.1731126622368366","0.01","5000","933","916","0.1867626474705059","0.1833633273345331","0.9817987152034261","0.1740251949610078","0.12066096690386985","5551","1830"
"fig3b","1.1731126622368366","0.0107977516232771","5000","913","984","0.1827634473105379","0.19696060787842432","1.0","0.18782243551289743","0.1319561058369061","5552","1831"
"fig3b","1.1731126622368366","0.011659144011798317","5000","977","971","0.19556088782243553","0.1943611277744451","0.9938650306748466","0.18458308338332333","0.14443347486152902","5553","1832"
"fig3b","1.1731126622368366","0.012589254117941675","5000","957","989","0.1915616876624675","0.19796040791841632","1.0","0.18838232353529294","0.15823513189928917","5554","1833"
"fig3b","1.1731126622368366","0.013593563908785255","5000","994","1063","0.19896020795840832","0.21275744851029793","1.0","0.2028094381123775","0.1735226783891335","5555","1834"
"fig3b","1.1731126622368366","0.014677992676220698","5000","1072","1049","0.21455708858228353","0.20995800839832032","0.97856477166822","0.19923015396920615","0.19048025742296204","5556","1835"
"fig3b","1.1731126622368366","0.015848931924611134","5000","1034","1064","0.20695860827834434","0.21295740851829634","1.0","0.20260947810437913","0.20931805037346862","5557","1836"
"fig3b","1.1731126622368366","0.01711328304161781","5000","1111","1140","0.22235552889422117","0.22815436912617476","1.0","0.2170365926814637","0.23027636039091703","5558","1837"
"fig3b","1.1731126622368366","0.018478497974222907","5000","1165","1088","0.23315336932613479","0.21775644871025795","0.9339622641509434","0.20609878024395123","0.25363038778601776","5559","1838"
"fig3b","1.1731126622368366","0.0199526231496888","5000","1180","1134","0.23615276944611077","0.22695460907818435","0.9610499576629974","0.2151469706058788","0.27969582233629353","5560","1839"
"fig3b","1.1731126622368366","0.021544346900318832","5000","1183","1179","0.236752649470106","0.23595280943811237","0.9966216216216215","0.22411517696460706","0.3088354016354913","5561","1840"
"fig3b","1.1731126622368366","0.02326305067153626","5000","1173","1202","0.23475304939012198","0.24055188962207558","1.0","0.2288142371525695","0.34146661369791786","5562","1841"
"fig3b","1.1731126622368366","0.025118864315095794","5000","1236","1219","0.2473505298940212","0.2439512097580484","0.9862570735650769","0.23158368326334733","0.3780707572182678","5563","1842"
"fig3b","1.1731126622368366","0.02712272579332028","5000","1231","1223","0.2463507298540292","0.244751049790042","0.9935064935064936","0.23243351329734055","0.41920361558081254","5564","1843"
"fig3b","1.1731126622368366","0.029286445646252372","5000","1264","1249","0.2529494101179764","0.2499500099980004","0.9881422924901186","0.2373025394921016","0.4655080526653137","5565","1844"
"fig3b","1.1731126622368366","0.03162277660168379","5000","1300","1273","0.2601479704059188","0.254749050189962","0.9792467332820908","0.24174165166966607","0.5177289018671445","5566","1845"
"fig3b","1.1731126622368366","0.034145488738336005","5000","1340","1329","0.26814637072585484","0.2659468106378724","0.9917971662938104","0.25253949210157967","0.5767305973340626","5567","1846"
"fig3b","1.1731126622368366","0.03686945064519575","5000","1355","1301","0.27114577084583086","0.26034793041391724","0.9601769911504425","0.2467906418716257","0.6435180916691934","5568","1847"
"fig3b","1.1731126622368366","0.039810717055349734","5000","1409","1296","0.2819436112777445","0.25934813037392523","0.9198581560283687","0.245250949810038","0.7192617217090458","5569","1848"
"fig3b","1.1731126622368366","0.042986623470822764","5000","1452","1281","0.29054189162167565","0.2563487302539492","0.8823124569855472","0.24182163567286544","0.8053268291197355","5570","1849"
"fig3b","1.1731126622368366","0.046415888336127774","5000","1444","1249","0.28894221155768846","0.2499500099980004","0.8650519031141869","0.23550289942011599","0.9033091226696683","5571","1850"
"fig3b","1.1731126622368366","0.05011872336272722","5000","1450","1254","0.29014197160567884","0.2509498100379924","0.864920744314266","0.23644271145770845","1.0150769935258381","5572","1851"
"fig3b","1.1731126622368366","0.054116952654646375","5000","1535","1209","0.30713857228554287","0.2419516096780644","0.7877604166666667","0.22659468106378725","1.142822275835897","5573","1852"
"fig3b","1.1731126622368366","0.05843414133735175","5000","1503","1181","0.3007398520295941","0.23635272945410918","0.785904255319149","0.22131573685262948","1.2891212979567115","5574","1853"
"fig3b","1.1731126622368366","0.06309573444801933","5000","1505","1175","0.3011397720455909","0.23515296940611877","0.7808764940239044","0.22009598080383921","1.457008515617673","5575","1854"
"fig3b","1.1731126622368366","0.06812920690579614","5000","1570","1097","0.3141371725654869","0.21955608878224356","0.6989178866963718","0.20384923015396922","1.6500655841629737","5576","1855"
"fig3b","1.1731126622368366","0.07356422544596414","5000","1529","1027","0.3059388122375525","0.20555888822235552","0.6718954248366013","0.1902619476104779","1.8725294488626787","5577","1856"
"fig3b","1.1731126622368366","0.07943282347242814","5000","1582","907","0.3165366926614677","0.18156368726254749","0.5735944409349336","0.1657368526294741","2.1292452983228713","5578","1857"
"fig3b","1.1731126622368366","0.08576958985908942","5000","1602","839","0.3205358928214357","0.16796640671865626","0.5240174672489083","0.15193961207758447","2.4226577757689256","5579","1858"
"fig3b","1.1731126622368366","0.09261187281287937","5000","1559","748","0.3119376124775045","0.14977004599080185","0.48012820512820514","0.1341731653669266","2.757453316918088","5580","1859"
"fig3b","1.1731126622368366","0.1","5000","1583","594","0.3167366526694661","0.11897620475904819","0.37563131313131315","0.10313937212557488","3.1404686377542816","5581","1860"
"fig3b","1.1731126622368366","0.10797751623277094","5000","1573","514","0.3147370525894821","0.10297940411917617","0.32719186785260485","0.08724255148970206","3.579834594726435","5582","1861"
"fig3b","1.1731126622368366","0.11659144011798317","5000","1601","421","0.3203359328134373","0.08438312337532493","0.2634207240948814","0.06836632673465307","4.085253204919098","5583","1862"
"fig3b","1.1731126622368366","0.12589254117941676","5000","1584","336","0.3169366126774645","0.0673865226954609","0.21261829652996844","0.05153969206158768","4.668341512482016","5584","1863"
"fig3b","1.1731126622368366","0.13593563908785256","5000","1563","248","0.3127374525094981","0.04979004199160168","0.1592071611253197","0.03415316936612678","5.343060471319745","5585","1864"
"fig3b","1.1731126622368366","0.14677992676220697","5000","1459","181","0.29194161167766447","0.036392721455708855","0.12465753424657533","0.02179564087182563","6.126252552204306","5586","1865"
"fig3b","1.1731126622368366","0.15848931924611134","5000","1499","123","0.29994001199760045","0.024795040991801638","0.08266666666666667","0.009798040391921614","7.038319193659788","5587","1866"
"fig3b","1.1731126622368366","0.1711328304161781","5000","1500","67","0.3001399720055989","0.013597280543891222","0.045303131245836105","-0.0014097180563887226","8.104079190911307","5588","1867"
"fig3b","1.1731126622368366","0.18478497974222907","5000","1399","47","0.27994401119776047","0.009598080383923215","0.03428571428571428","-0.00439912017596481","9.353862616108643","5589","1868"
"fig3b","1.1731126622368366","0.19952623149688797","5000","1379","32","0.27594481103779245","0.0065986802639472104","0.02391304347826087","-0.007198560287942413","10.824913220208941","5590","1869"
"fig3b","1.1731126622368366","0.21544346900318834","5000","1360","16","0.27214557088582286","0.0033993201359728054","0.012490815576781777","-0.010207958408318339","12.563197327664994","5591","1870"
"fig3b","1.1731126622368366","0.23263050671536262","5000","1381","3","0.27634473105378926","0.0007998400319936012","0.002894356005788712","-0.013017396520695862","14.625751521846922","5592","1871"
"fig3b","1.1731126622368366","0.25118864315095796","5000","1293","0","0.25874825034993","0.0001999600079984003","0.0007727975270479135","-0.0127374525094981","17.083748295602163","5593","1872"
"fig3b","1.1731126622368366","0.27122725793320285","5000","1201","0","0.2403519296140772","0.0001999600079984003","0.0008319467554076538","-0.011817636472705461","20.026522568523973","5594","1873"
"fig3b","1.1731126622368366","0.29286445646252357","5000","1196","0","0.2393521295740852","0.0001999600079984003","0.000835421888053467","-0.011767646470705861","23.56688734996854","5595","1874"
"fig3b","1.1731126622368366","0.31622776601683794","5000","1116","0","0.22335532893421317","0.0001999600079984003","0.0008952551477170993","-0.01096780643871226","27.848177593494256","5596","1875"
"fig3b","1.1731126622368366","0.34145488738336005","5000","1010","0","0.20215956808638272","0.0001999600079984003","0.0009891196834817012","-0.009908018396320738","33.05359510657513","5597","1876"
"fig3b","1.1731126622368366","0.3686945064519575","5000","1018","0","0.20375924815036991","0.0001999600079984003","0.0009813542688910696","-0.009988002399520097","39.41856168904911","5598","1877"
"fig3b","1.1731126622368366","0.3981071705534973","5000","937","0","0.1875624875024995","0.0001999600079984003","0.0010660980810234541","-0.009178164367126575","47.24684127300594","5599","1878"
"fig3b","1.1731126622368366","0.42986623470822766","5000","921","0","0.1843631273745251","0.0001999600079984003","0.0010845986984815619","-0.009018196360727855","56.930921519432786","5600","1879"
"fig3b","1.1731126622368366","0.464158883361278","5000","852","0","0.17056588682263546","0.0001999600079984003","0.001172332942555686","-0.008328334333133373","68.97586737265777","5601","1880"
"fig3b","1.1731126622368366","0.5011872336272722","5000","799","0","0.15996800639872025","0.0001999600079984003","0.00125","-0.007798440311937612","84.02170155620013","5602","1881"
"fig3b","1.1731126622368366","0.5411695265464638","5000","716","0","0.14337132573485303","0.0001999600079984003","0.001394700139470014","-0.006968606278744251","102.84734537746104","5603","1882"
"fig3b","1.1731126622368366","0.5843414133735175","5000","711","0","0.14237152569486103","0.0001999600079984003","0.0014044943820224719","-0.006918616276744651","126.30713200412657","5604","1883"
"fig3b","1.1731126622368366","0.6309573444801932","5000","741","0","0.14837032593481303","0.0001999600079984003","0.0013477088948787063","-0.007218556288742252","155.07935873152434","5605","1884"
"fig3b","1.1731126622368366","0.6812920690579611","5000","658","0","0.13177364527094582","0.0001999600079984003","0.0015174506828528071","-0.0063887222555488905","189.0392560093889","5606","1885"
"fig3b","1.1731126622368366","0.7356422544596414","5000","655","0","0.1311737652469506","0.0001999600079984003","0.001524390243902439","-0.0063587282543491296","226.46836173488094","5607","1886"
"fig3b","1.1731126622368366","0.7943282347242814","5000","711","0","0.14237152569486103","0.0001999600079984003","0.0014044943820224719","-0.006918616276744651","264.591135885378","5608","1887"
"fig3b","1.1731126622368366","0.8576958985908941","5000","755","0","0.15116976604679064","0.0001999600079984003","0.0013227513227513227","-0.007358528294341132","301.679704998448","5609","1888"
"fig3b","1.1731126622368366","0.9261187281287933","5000","837","0","0.16756648670265947","0.0001999600079984003","0.0011933174224343674","-0.008178364327134575","337.94313731340077","5610","1889"
"fig3b","1.1731126622368366","1.0","5000","868","0","0.17376524695060988","0.0001999600079984003","0.0011507479861910242","-0.008488302339532095","379.23571421596847","5611","1890"
"fig3b","1.2734572781908693","0.01","5000","1018","1052","0.20375924815036991","0.21055788842231554","1.0","0.20036992601479706","0.11294851291353325","5612","1891"
"fig3b","1.2734572781908693","0.0107977516232771","5000","1025","1047","0.20515896820635873","0.20955808838232354","1.0","0.1993001399720056","0.12372882333019675","5613","1892"
"fig3b","1.2734572781908693","0.011659144011798317","5000","1097","1106","0.21955608878224356","0.22135572885422916","1.0","0.210377924415117","0.13566731922625763","5614","1893"
"fig3b","1.2734572781908693","0.012589254117941675","5000","1054","1114","0.21095780843831233","0.22295540891821636","1.0","0.21240751849630074","0.14890706066850612","5615","1894"
"fig3b","1.2734572781908693","0.013593563908785255","5000","1083","1137","0.21675664867026595","0.22755448910217957","1.0","0.21671665666866627","0.16361124100987468","5616","1895"
"fig3b","1.2734572781908693","0.014677992676220698","5000","1109","1200","0.22195560887822435","0.2401519696060788","1.0","0.22905418916216758","0.17996632342649832","5617","1896"
"fig3b","1.2734572781908693","0.015848931924611134","5000","1162","1166","0.23255348930213957","0.23335332933413316","1.0","0.22172565486902618","0.19818570397455915","5618","1897"
"fig3b","1.2734572781908693","0.01711328304161781","5000","1155","1204","0.23115376924615078","0.2409518096380724","1.0","0.22939412117576485","0.21851399510319425","5619","1898"
"fig3b","1.2734572781908693","0.018478497974222907","5000","1192","1236","0.2385522895420916","0.2473505298940212","1.0","0.23542291541691662","0.24123204133337595","5620","1899"
"fig3b","1.2734572781908693","0.0199526231496888","5000","1251","1230","0.2503499300139972","0.2461507698460308","0.9832268370607029","0.23363327334533093","0.26666280021390776","5621","1900"
"fig3b","1.2734572781908693","0.021544346900318832","5000","1293","1302","0.25874825034993","0.2605478904219156","1.0","0.24761047790441912","0.295178247439992","5622","1901"
"fig3b","1.2734572781908693","0.02326305067153626","5000","1365","1355","0.2731453709258148","0.27114577084583086","0.9926793557833091","0.2574885022995401","0.3272074961683984","5623","1902"
"fig3b","1.2734572781908693","0.025118864315095794","5000","1365","1356","0.2731453709258148","0.27134573085382924","0.9934114202049782","0.2576884623075385","0.36324635828344753","5624","1903"
"fig3b","1.2734572781908693","0.02712272579332028","5000","1375","1361","0.2751449710057988","0.27234553089382124","0.9898255813953489","0.2585882823435313","0.40386862117736655","5625","1904"
"fig3b","1.2734572781908693","0.029286445646252372","5000","1433","1383","0.28674265146970607","0.276744651069786","0.9651324965132495","0.26240751849630073","0.4497393693967524","5626","1905"
"fig3b","1.2734572781908693","0.03162277660168379","5000","1451","1349","0.2903419316136773","0.2699460107978404","0.9297520661157024","0.2554289142171566","0.5016307486412757","5627","1906"
"fig3b","1.2734572781908693","0.034145488738336005","5000","1459","1414","0.29194161167766447","0.2829434113177364","0.9691780821917807","0.2683463307338532","0.5604406530962933","5628","1907"
"fig3b","1.2734572781908693","0.03686945064519575","5000","1553","1367","0.31073785242951407","0.2735452909418116","0.8803088803088803","0.2580083983203359","0.6272149196902888","5629","1908"
"fig3b","1.2734572781908693","0.039810717055349734","5000","1579","1493","0.31593681263747253","0.29874025194961007","0.9455696202531645","0.2829434113177364","0.7031737394841286","5630","1909"
"fig3b","1.2734572781908693","0.042986623470822764","5000","1585","1451","0.3171365726854629","0.2903419316136773","0.9155107187894074","0.27448510297940415","0.7897431531066559","5631","1910"
"fig3b","1.2734572781908693","0.046415888336127774","5000","1649","1479","0.32993401319736054","0.2959408118376325","0.896969696969697","0.27944411117776446","0.8885926919478209","5632","1911"
"fig3b","1.2734572781908693","0.05011872336272722","5000","1615","1387","0.32313537292541494","0.27754449110177964","0.8589108910891089","0.2613877224555089","1.0016804698856276","5633","1912"
"fig3b","1.2734572781908693","0.054116952654646375","5000","1653","1442","0.3307338532293541","0.28854229154169164","0.8724304715840386","0.2720055988802239","1.1313073349118667","5634","1913"
"fig3b","1.2734572781908693","0.05843414133735175","5000","1703","1376","0.34073185362927416","0.27534493101379726","0.8080985915492958","0.2583083383323336","1.2801820734611056","5635","1914"
"fig3b","1.2734572781908693","0.06309573444801933","5000","1724","1245","0.34493101379724056","0.2491501699660068","0.7223188405797102","0.23190361927614478","1.4515001451974001","5636","1915"
"fig3b","1.2734572781908693","0.06812920690579614","5000","1706","1259","0.34133173365326935","0.2519496100779844","0.7381370826010544","0.2348830233953209","1.6490390424182237","5637","1916"
"fig3b","1.2734572781908693","0.07356422544596414","5000","1728","1078","0.34573085382923413","0.21575684863027395","0.6240601503759399","0.19847030593881224","1.8772345866292426","5638","1917"
"fig3b","1.2734572781908693","0.07943282347242814","5000","1723","1055","0.3447310537892421","0.21115776844631073","0.6125290023201857","0.19392121575684862","2.138599766828463","5639","1918"
"fig3b","1.2734572781908693","0.08576958985908942","5000","1731","903","0.3463307338532294","0.1807638472305539","0.5219399538106235","0.1634473105378924","2.436856480426684","5640","1919"
"fig3b","1.2734572781908693","0.09261187281287937","5000","1711","838","0.34233153369326136","0.16776644671065788","0.49007009345794394","0.1506498700259948","2.778087189865232","5641","1920"
"fig3b","1.2734572781908693","0.1","5000","1789","745","0.35792841431713657","0.14917016596680663","0.41675977653631285","0.1312737452509498","3.1695203056320906","5642","1921"
"fig3b","1.2734572781908693","0.10797751623277094","5000","1731","587","0.3463307338532294","0.11757648470305938","0.3394919168591224","0.10025994801039792","3.6197738400221624","5643","1922"
"fig3b","1.2734572781908693","0.11659144011798317","5000","1721","478","0.34433113377324537","0.09578084383123375","0.2781649245063879","0.07856428714257148","4.139157409601808","5644","1923"
"fig3b","1.2734572781908693","0.12589254117941676","5000","1710","398","0.3421315736852629","0.07978404319136173","0.23319696084161312","0.06267746450709859","4.7400483373023405","5645","1924"
"fig3b","1.2734572781908693","0.13593563908785256","5000","1766","283","0.35332933413317336","0.05678864227154569","0.16072439162422184","0.03912217556488702","5.437362386578343","5646","1925"
"fig3b","1.2734572781908693","0.14677992676220697","5000","1756","215","0.35132973405318935","0.04319136172765447","0.12293682413204327","0.025624875024995","6.249146062042826","5647","1926"
"fig3b","1.2734572781908693","0.15848931924611134","5000","1636","142","0.32733453309338134","0.028594281143771244","0.08735491753207085","0.012227554489102177","7.19732603942532","5648","1927"
"fig3b","1.2734572781908693","0.1711328304161781","5000","1637","72","0.3275344931013797","0.014597080583883223","0.04456654456654457","-0.0017796440711857642","8.308662994253325","5649","1928"
"fig3b","1.2734572781908693","0.18478497974222907","5000","1617","37","0.3235352929414117","0.007598480303939212","0.023485784919653894","-0.008578284343131373","9.615973085679627","5650","1929"
"fig3b","1.2734572781908693","0.19952623149688797","5000","1551","20","0.3103379324135173","0.004199160167966407","0.013530927835051545","-0.01131773645270946","11.15970232171378","5651","1930"
"fig3b","1.2734572781908693","0.21544346900318834","5000","1527","10","0.30553889222155567","0.0021995600879824036","0.0071989528795811525","-0.01307738452309538","12.989969395805247","5652","1931"
"fig3b","1.2734572781908693","0.23263050671536262","5000","1426","7","0.28534293141371725","0.0015996800639872025","0.005606166783461808","-0.012667466506698661","15.169234743573497","5653","1932"
"fig3b","1.2734572781908693","0.25118864315095796","5000","1390","0","0.27814437112577484","0.0001999600079984003","0.0007189072609633358","-0.013707258548290344","17.77581226488283","5654","1933"
"fig3b","1.2734572781908693","0.27122725793320285","5000","1420","0","0.28414317136572687","0.0001999600079984003","0.0007037297677691766","-0.014007198560287945","20.908521831712733","5655","1934"
"fig3b","1.2734572781908693","0.29286445646252357","5000","1342","0","0.26854629074185166","0.0001999600079984003","0.0007446016381236038","-0.013227354529094184","24.69289361824599","5656","1935"
"fig3b","1.2734572781908693","0.31622776601683794","5000","1245","0","0.2491501699660068","0.0001999600079984003","0.0008025682182985554","-0.012257548490301941","29.289488662301835","5657","1936"
"fig3b","1.2734572781908693","0.34145488738336005","5000","1226","0","0.2453509298140372","0.0001999600079984003","0.0008149959250203749","-0.01206758648270346","34.90510004566849","5658","1937"
"fig3b","1.2734572781908693","0.3686945064519575","5000","1123","0","0.22475504899020196","0.0001999600079984003","0.0008896797153024911","-0.0110377924415117","41.807835457950034","5659","1938"
"fig3b","1.2734572781908693","0.3981071705534973","5000","1078","0","0.21575684863027395","0.0001999600079984003","0.0009267840593141798","-0.010587882423515299","50.34728824679928","5660","1939"
"fig3b","1.2734572781908693","0.42986623470822766","5000","1018","0","0.20375924815036991","0.0001999600079984003","0.0009813542688910696","-0.009988002399520097","60.98094122452042","5661","1940"
"fig3b","1.2734572781908693","0.464158883361278","5000","972","0","0.19456108778244352","0.0001999600079984003","0.001027749229188078","-0.009528094381123777","74.30686230548764","5662","1941"
"fig3b","1.2734572781908693","0.5011872336272722","5000","875","0","0.17516496700659867","0.0001999600079984003","0.001141552511415525","-0.008558288342331534","91.09835905368189","5663","1942"
"fig3b","1.2734572781908693","0.5411695265464638","5000","861","0","0.17236552689462106","0.0001999600079984003","0.001160092807424594","-0.008418316336732654","112.32168332870015","5664","1943"
"fig3b","1.2734572781908693","0.5843414133735175","5000","767","0","0.15356928614277143","0.0001999600079984003","0.0013020833333333335","-0.007478504299140171","139.07288040457155","5665","1944"
"fig3b","1.2734572781908693","0.6309573444801932","5000","715","0","0.14317136572685463","0.0001999600079984003","0.0013966480446927375","-0.006958608278344331","172.24407184696446","5666","1945"
"fig3b","1.2734572781908693","0.6812920690579611","5000","713","0","0.14277144571085784","0.0001999600079984003","0.0014005602240896356","-0.006938612277544492","211.51239608182067","5667","1946"
"fig3b","1.2734572781908693","0.7356422544596414","5000","704","0","0.14097180563887224","0.0001999600079984003","0.0014184397163120566","-0.006848630273945212","253.85401799637503","5668","1947"
"fig3b","1.2734572781908693","0.7943282347242814","5000","711","0","0.14237152569486103","0.0001999600079984003","0.0014044943820224719","-0.006918616276744651","294.94844912975367","5669","1948"
"fig3b","1.2734572781908693","0.8576958985908941","5000","811","0","0.16236752649470107","0.0001999600079984003","0.001231527093596059","-0.007918416316736654","333.2361423993877","5670","1949"
"fig3b","1.2734572781908693","0.9261187281287933","5000","934","0","0.1869626074785043","0.0001999600079984003","0.0010695187165775401","-0.009148170365926815","369.96161730714556","5671","1950"
"fig3b","1.2734572781908693","1.0","5000","975","0","0.1951609678064387","0.0001999600079984003","0.0010245901639344263","-0.009558088382323537","413.14361180424413","5672","1951"
"fig3b","1.3823850782457061","0.01","5000","1055","1074","0.21115776844631073","0.21495700859828035","1.0","0.20439912017596482","0.12218852518267909","5673","1952"
"fig3b","1.3823850782457061","0.0107977516232771","5000","1032","1118","0.20655868826234752","0.22375524895020996","1.0","0.21342731453709257","0.13380180189625435","5674","1953"
"fig3b","1.3823850782457061","0.011659144011798317","5000","1145","1121","0.22915416916616677","0.22435512897420515","0.9790575916230366","0.2128974205158968","0.14665592322899101","5675","1954"
"fig3b","1.3823850782457061","0.012589254117941675","5000","1095","1134","0.21915616876624675","0.22695460907818435","1.0","0.215996800639872","0.16090331365279553","5676","1955"
"fig3b","1.3823850782457061","0.013593563908785255","5000","1141","1151","0.22835432913417317","0.23035392921415718","1.0","0.2189362127574485","0.1767177590428446","5677","1956"
"fig3b","1.3823850782457061","0.014677992676220698","5000","1142","1202","0.22855428914217157","0.24055188962207558","1.0","0.229124175164967","0.19429772673430534","5678","1957"
"fig3b","1.3823850782457061","0.015848931924611134","5000","1201","1183","0.2403519296140772","0.236752649470106","0.9850249584026622","0.22473505298940213","0.2138702424854273","5679","1958"
"fig3b","1.3823850782457061","0.01711328304161781","5000","1226","1296","0.2453509298140372","0.25934813037392523","1.0","0.24708058388322338","0.23569542373979857","5680","1959"
"fig3b","1.3823850782457061","0.018478497974222907","5000","1314","1318","0.26294741051789644","0.26374725054989","1.0","0.2505998800239952","0.26007178742347037","5681","1960"
"fig3b","1.3823850782457061","0.0199526231496888","5000","1296","1317","0.25934813037392523","0.26354729054189163","1.0","0.25057988402319537","0.28734247318885764","5682","1961"
"fig3b","1.3823850782457061","0.021544346900318832","5000","1319","1355","0.26394721055788845","0.27114577084583086","1.0","0.2579484103179364","0.3179025503510786","5683","1962"
"fig3b","1.3823850782457061","0.02326305067153626","5000","1368","1416","0.27374525094981006","0.28334333133373324","1.0","0.2696560687862427","0.35220760979456145","5684","1963"
"fig3b","1.3823850782457061","0.025118864315095794","5000","1404","1417","0.28094381123775247","0.2835432913417317","1.0","0.26949610077984404","0.3907838821733094","5685","1964"
"fig3b","1.3823850782457061","0.02712272579332028","5000","1472","1392","0.29454109178164367","0.27854429114177165","0.9456890699253225","0.26381723655268946","0.434240172343209","5686","1965"
"fig3b","1.3823850782457061","0.029286445646252372","5000","1453","1454","0.2907418516296741","0.29094181163767247","1.0","0.27640471905618874","0.48328195924523243","5687","1966"
"fig3b","1.3823850782457061","0.03162277660168379","5000","1504","1481","0.30093981203759246","0.29634073185362925","0.9847176079734219","0.2812937412517496","0.5387280828606436","5688","1967"
"fig3b","1.3823850782457061","0.034145488738336005","5000","1546","1508","0.3093381323735253","0.3017396520695861","0.9754363283775048","0.2862727454509098","0.6015305286457533","5689","1968"
"fig3b","1.3823850782457061","0.03686945064519575","5000","1546","1580","0.3093381323735253","0.3161367726454709","1.0","0.30066986602679463","0.6727979290531607","5690","1969"
"fig3b","1.3823850782457061","0.039810717055349734","5000","1568","1551","0.3137372525494901","0.3103379324135173","0.9891650732950925","0.29465106978604283","0.7538235365426544","5691","1970"
"fig3b","1.3823850782457061","0.042986623470822764","5000","1625","1527","0.3251349730053989","0.30553889222155567","0.939729397293973","0.28928214357128573","0.8461185894691994","5692","1971"
"fig3b","1.3823850782457061","0.046415888336127774","5000","1682","1488","0.33653269346130776","0.29774045190961806","0.8847296494355317","0.2809138172365527","0.9514521999377621","5693","1972"
"fig3b","1.3823850782457061","0.05011872336272722","5000","1726","1441","0.3453309338132374","0.28834233153369326","0.8349739432541979","0.2710757848430314","1.071899152096364","5694","1973"
"fig3b","1.3823850782457061","0.054116952654646375","5000","1685","1480","0.33713257348530296","0.29614077184563087","0.8784104389086594","0.27928414317136574","1.2098973246431513","5695","1974"
"fig3b","1.3823850782457061","0.05843414133735175","5000","1802","1435","0.36052789442111577","0.2871425714857029","0.7964503605102607","0.2691161767646471","1.3683168612118095","5696","1975"
"fig3b","1.3823850782457061","0.06309573444801933","5000","1761","1401","0.35232953409318135","0.2803439312137572","0.7956867196367764","0.2627274545090982","1.5502992310379398","5697","1976"
"fig3b","1.3823850782457061","0.06812920690579614","5000","1861","1271","0.3723255348930214","0.2543491301739652","0.6831364124597208","0.23573285342931413","1.757247585484322","5698","1977"
"fig3b","1.3823850782457061","0.07356422544596414","5000","1816","1157","0.3633273345330934","0.23155368926214756","0.6373142542652723","0.2133873225354929","1.99245563799019","5699","1978"
"fig3b","1.3823850782457061","0.07943282347242814","5000","1804","1127","0.3609278144371126","0.22555488902219556","0.6249307479224376","0.20750849830033993","2.260436306272311","5700","1979"
"fig3b","1.3823850782457061","0.08576958985908942","5000","1865","964","0.373125374925015","0.1929614077184563","0.5171489817792068","0.17430513897220554","2.5665264645940624","5701","1980"
"fig3b","1.3823850782457061","0.09261187281287937","5000","1922","846","0.38452309538092383","0.16936612677464508","0.4404576183047322","0.1501399720055989","2.9170563931061224","5702","1981"
"fig3b","1.3823850782457061","0.1","5000","1890","762","0.378124375124975","0.15256948610277946","0.40349021681649927","0.1336632673465307","3.319558352564684","5703","1982"
"fig3b","1.3823850782457061","0.10797751623277094","5000","1891","642","0.3783243351329734","0.1285742851429714","0.3398520084566596","0.10965806838632272","3.7830244442611445","5704","1983"
"fig3b","1.3823850782457061","0.11659144011798317","5000","1908","491","0.3817236552689462","0.09838032393521295","0.2577265584075432","0.07929414117176564","4.318226881515159","5705","1984"
"fig3b","1.3823850782457061","0.12589254117941676","5000","1913","375","0.3827234553089382","0.07518496300739852","0.19644723092998956","0.05604879024195161","4.938117735334629","5706","1985"
"fig3b","1.3823850782457061","0.13593563908785256","5000","1844","293","0.36892621475704857","0.05878824235152969","0.15934959349593497","0.04034193161367726","5.658330474921343","5707","1986"
"fig3b","1.3823850782457061","0.14677992676220697","5000","1852","200","0.3705258948210358","0.04019196160767846","0.10847274689692389","0.02166566686662667","6.4978126962762985","5708","1987"
"fig3b","1.3823850782457061","0.15848931924611134","5000","1814","142","0.3629274145170966","0.028594281143771244","0.07878787878787878","0.010447910417916415","7.479629013288019","5709","1988"
"fig3b","1.3823850782457061","0.1711328304161781","5000","1764","75","0.35292941411717654","0.015196960607878424","0.04305949008498584","-0.0024495100979804035","8.631986159506198","5710","1989"
"fig3b","1.3823850782457061","0.18478497974222907","5000","1742","39","0.34853029394121177","0.007998400319936013","0.022948938611589212","-0.009428114377124578","9.989550319264083","5711","1990"
"fig3b","1.3823850782457061","0.19952623149688797","5000","1712","20","0.34253149370125974","0.004199160167966407","0.012259194395796848","-0.01292741451709658","11.595151586732584","5712","1991"
"fig3b","1.3823850782457061","0.21544346900318834","5000","1681","9","0.33633273345330933","0.001999600079984003","0.005945303210463734","-0.014817036592681465","13.502005136326915","5713","1992"
"fig3b","1.3823850782457061","0.23263050671536262","5000","1685","8","0.33713257348530296","0.001799640071985603","0.005338078291814947","-0.015056988602279546","15.77662734437206","5714","1993"
"fig3b","1.3823850782457061","0.25118864315095796","5000","1615","2","0.32313537292541494","0.0005998800239952009","0.0018564356435643561","-0.015556888622275547","18.50269369824659","5715","1994"
"fig3b","1.3823850782457061","0.27122725793320285","5000","1495","0","0.2991401719656069","0.0001999600079984003","0.0006684491978609625","-0.014757048590281945","21.786182294609347","5716","1995"
"fig3b","1.3823850782457061","0.29286445646252357","5000","1450","0","0.29014197160567884","0.0001999600079984003","0.0006891798759476223","-0.014307138572285542","25.762283586069657","5717","1996"
"fig3b","1.3823850782457061","0.31622776601683794","5000","1358","0","0.27174565086982605","0.0001999600079984003","0.0007358351729212655","-0.013387322535492904","30.604748398351603","5718","1997"
"fig3b","1.3823850782457061","0.34145488738336005","5000","1243","0","0.24875024995001","0.0001999600079984003","0.0008038585209003215","-0.0122375524895021","36.5386072010794","5719","1998"
"fig3b","1.3823850782457061","0.3686945064519575","5000","1252","0","0.2505498900219956","0.0001999600079984003","0.0007980845969672785","-0.012327534493101382","43.85752859123872","5720","1999"
"fig3b","1.3823850782457061","0.3981071705534973","5000","1158","0","0.23175364927014597","0.0001999600079984003","0.0008628127696289904","-0.011387722455508899","52.94745017631229","5721","2000"
"fig3b","1.3823850782457061","0.42986623470822766","5000","1139","0","0.22795440911817635","0.0001999600079984003","0.0008771929824561404","-0.011197760447910418","64.31830066704936","5722","2001"
"fig3b","1.3823850782457061","0.464158883361278","5000","1009","0","0.2019596080783843","0.0001999600079984003","0.0009900990099009901","-0.009898020395920817","78.64489411989288","5723","2002"
"fig3b","1.3823850782457061","0.5011872336272722","5000","947","0","0.1895620875824835","0.0001999600079984003","0.0010548523206751054","-0.009278144371125776","96.81396546992812","5724","2003"
"fig3b","1.3823850782457061","0.5411695265464638","5000","866","0","0.17336532693461307","0.0001999600079984003","0.0011534025374855825","-0.008468306338732254","119.95881247985665","5725","2004"
"fig3b","1.3823850782457061","0.5843414133735175","5000","830","0","0.16616676664667065","0.0001999600079984003","0.0012033694344163659","-0.008108378324335133","149.40962586459182","5726","2005"
"fig3b","1.3823850782457061","0.6309573444801932","5000","725","0","0.14517096580683864","0.0001999600079984003","0.001377410468319559","-0.0070585882823435316","186.31372443203662","5727","2006"
"fig3b","1.3823850782457061","0.6812920690579611","5000","685","0","0.13717256548690263","0.0001999600079984003","0.0014577259475218659","-0.0066586682663467315","230.257913283324","5728","2007"
"fig3b","1.3823850782457061","0.7356422544596414","5000","771","0","0.15436912617476506","0.0001999600079984003","0.0012953367875647667","-0.007518496300739853","276.84334834767316","5729","2008"
"fig3b","1.3823850782457061","0.7943282347242814","5000","805","0","0.16116776644671066","0.0001999600079984003","0.0012406947890818859","-0.007858428314337133","320.1729748319738","5730","2009"
"fig3b","1.3823850782457061","0.8576958985908941","5000","898","0","0.17976404719056188","0.0001999600079984003","0.0011123470522803114","-0.008788242351529694","359.2412780285292","5731","2010"
"fig3b","1.3823850782457061","0.9261187281287933","5000","907","0","0.18156368726254749","0.0001999600079984003","0.0011013215859030836","-0.008878224355128975","396.33466693161876","5732","2011"
"fig3b","1.3823850782457061","1.0","5000","999","0","0.19996000799840033","0.0001999600079984003","0.0009999999999999998","-0.009798040391921618","441.2541788641701","5733","2012"
"fig3b","1.5006302427916727","0.01","5000","972","1052","0.19456108778244352","0.21055788842231554","1.0","0.20082983403319338","0.15762208470241035","5734","2013"
"fig3b","1.5006302427916727","0.0107977516232771","5000","1004","1062","0.20095980803839233","0.21255748850229955","1.0","0.20250949810037994","0.17213610370686183","5735","2014"
"fig3b","1.5006302427916727","0.011659144011798317","5000","1066","1099","0.21335732853429315","0.21995600879824034","1.0","0.20928814237152568","0.1881348309501334","5736","2015"
"fig3b","1.5006302427916727","0.012589254117941675","5000","1062","1072","0.21255748850229955","0.21455708858228353","1.0","0.20392921415716855","0.20579225786082134","5737","2016"
"fig3b","1.5006302427916727","0.013593563908785255","5000","1054","1143","0.21095780843831233","0.22875424915016995","1.0","0.21820635872825433","0.22530582049080294","5738","2017"
"fig3b","1.5006302427916727","0.014677992676220698","5000","1120","1126","0.22415516896620677","0.22535492901419715","1.0","0.2141471705658868","0.24689994919501146","5739","2018"
"fig3b","1.5006302427916727","0.015848931924611134","5000","1176","1153","0.23535292941411717","0.23075384923015396","0.9804587935429057","0.2189862027594481","0.27083020494552557","5740","2019"
"fig3b","1.5006302427916727","0.01711328304161781","5000","1170","1201","0.23415316936612676","0.2403519296140772","1.0","0.22864427114577085","0.2973881061685404","5741","2020"
"fig3b","1.5006302427916727","0.018478497974222907","5000","1194","1210","0.23895220955808838","0.2421515696860628","1.0","0.2302039592081584","0.32690676963832743","5742","2021"
"fig3b","1.5006302427916727","0.0199526231496888","5000","1279","1259","0.2559488102379524","0.2519496100779844","0.984375","0.23915216956608676","0.35976751255100226","5743","2022"
"fig3b","1.5006302427916727","0.021544346900318832","5000","1244","1363","0.2489502099580084","0.27274545090981805","1.0","0.2602979404119176","0.39640759136909764","5744","2023"
"fig3b","1.5006302427916727","0.02326305067153626","5000","1308","1270","0.261747650469906","0.25414917016596683","0.9709702062643241","0.24106178764247152","0.4373292873928847","5745","2024"
"fig3b","1.5006302427916727","0.025118864315095794","5000","1333","1356","0.266746650669866","0.27134573085382924","1.0","0.25800839832033595","0.48311059068925033","5746","2025"
"fig3b","1.5006302427916727","0.02712272579332028","5000","1362","1359","0.2725454909018196","0.27194561087782443","0.9977989728539985","0.25831833633273343","0.5344177845772151","5747","2026"
"fig3b","1.5006302427916727","0.029286445646252372","5000","1394","1438","0.27894421115776846","0.28774245150969807","1.0","0.2737952409518096","0.5920202945318351","5748","2027"
"fig3b","1.5006302427916727","0.03162277660168379","5000","1401","1390","0.2803439312137572","0.27814437112577484","0.9921540656205421","0.264127174565087","0.6568082406712108","5749","2028"
"fig3b","1.5006302427916727","0.034145488738336005","5000","1486","1434","0.29734053189362125","0.28694261147770445","0.965030262273033","0.27207558488302336","0.7298132253259837","5750","2029"
"fig3b","1.5006302427916727","0.03686945064519575","5000","1570","1474","0.3141371725654869","0.2949410117976405","0.9388924252068747","0.2792341531693661","0.8122330007523431","5751","2030"
"fig3b","1.5006302427916727","0.039810717055349734","5000","1485","1448","0.2971405718856229","0.2897420515896821","0.9751009421265142","0.27488502299540096","0.9054608022112802","5752","2031"
"fig3b","1.5006302427916727","0.042986623470822764","5000","1510","1460","0.3021395720855829","0.29214157168566285","0.9669093315684976","0.27703459308138373","1.0111203053174336","5753","2032"
"fig3b","1.5006302427916727","0.046415888336127774","5000","1612","1459","0.3225354929014197","0.29194161167766447","0.9051456912585245","0.27581483703259346","1.1306039991845864","5754","2033"
"fig3b","1.5006302427916727","0.05011872336272722","5000","1621","1333","0.3243351329734053","0.266746650669866","0.8224414303329223","0.25052989402119574","1.264704168994001","5755","2034"
"fig3b","1.5006302427916727","0.054116952654646375","5000","1694","1317","0.33893221355728853","0.26354729054189163","0.7775811209439528","0.2466006798640272","1.4154627563511895","5756","2035"
"fig3b","1.5006302427916727","0.05843414133735175","5000","1685","1261","0.33713257348530296","0.2523495300939812","0.7485172004744958","0.23549290141971604","1.5853141791472751","5757","2036"
"fig3b","1.5006302427916727","0.06309573444801933","5000","1752","1168","0.3505298940211958","0.23375324935012998","0.6668568168853394","0.21622675464907018","1.7771032662459731","5758","2037"
"fig3b","1.5006302427916727","0.06812920690579614","5000","1802","1110","0.36052789442111577","0.22215556888622276","0.6161952301719357","0.20412917416516696","1.994163367975716","5759","2038"
"fig3b","1.5006302427916727","0.07356422544596414","5000","1803","1069","0.3607278544291142","0.21395720855828834","0.5931263858093127","0.19592081583683263","2.240411082425851","5760","2039"
"fig3b","1.5006302427916727","0.07943282347242814","5000","1806","918","0.3613277344531094","0.1837632473505299","0.5085777531820698","0.16569686062787442","2.520461546475019","5761","2040"
"fig3b","1.5006302427916727","0.08576958985908942","5000","1855","869","0.371125774845031","0.1739652069586083","0.46875","0.15540891821635675","2.839769290837012","5762","2041"
"fig3b","1.5006302427916727","0.09261187281287937","5000","1864","779","0.3729254149170166","0.15596880623875226","0.418230563002681","0.13732253549290144","3.2048010211514395","5763","2042"
"fig3b","1.5006302427916727","0.1","5000","1872","671","0.3745250949810038","0.13437312537492502","0.3587827015483182","0.11564687062587482","3.623248465654058","5764","2043"
"fig3b","1.5006302427916727","0.10797751623277094","5000","1835","579","0.367126574685063","0.11597680463907219","0.3159041394335512","0.09762047590481904","4.104291765538193","5765","2044"
"fig3b","1.5006302427916727","0.11659144011798317","5000","1866","470","0.3733253349330134","0.09418116376724656","0.2522763792179968","0.07551489702059588","4.658926971094388","5766","2045"
"fig3b","1.5006302427916727","0.12589254117941676","5000","1968","343","0.39372125574885025","0.0687862427514497","0.17470797359065512","0.04910017996400719","5.300375314476696","5767","2046"
"fig3b","1.5006302427916727","0.13593563908785256","5000","1919","272","0.38392321535692864","0.05458908218356329","0.1421875","0.03539292141571686","6.044597434426208","5768","2047"
"fig3b","1.5006302427916727","0.14677992676220697","5000","1858","212","0.3717256548690262","0.04259148170365927","0.11457772996234535","0.02400519896020796","6.9109431584320475","5769","2048"
"fig3b","1.5006302427916727","0.15848931924611134","5000","1930","125","0.386122775444911","0.02519496100779844","0.06525116519937856","0.005888822235552888","7.9229775530897655","5770","2049"
"fig3b","1.5006302427916727","0.1711328304161781","5000","1905","94","0.381123775244951","0.01899620075984803","0.049842602308499476","-5.9988002399521956e-05","9.109537804162926","5771","2050"
"fig3b","1.5006302427916727","0.18478497974222907","5000","1773","54","0.3547290541891622","0.010997800439912017","0.031003382187147686","-0.006738652269546093","10.506094623261276","5772","2051"
"fig3b","1.5006302427916727","0.19952623149688797","5000","1825","24","0.365126974605079","0.004999000199960008","0.013691128148959474","-0.013257348530293943","12.15651852674182","5773","2052"
"fig3b","1.5006302427916727","0.21544346900318834","5000","1774","14","0.35492901419716055","0.002999400119976005","0.008450704225352114","-0.014747050589882023","14.115388738709555","5774","2053"
"fig3b","1.5006302427916727","0.23263050671536262","5000","1677","6","0.33553289342131576","0.0013997200559888023","0.004171632896305125","-0.015376924615076988","16.45103537396551","5775","2054"
"fig3b","1.5006302427916727","0.25118864315095796","5000","1693","1","0.33873225354929015","0.0003999200159968006","0.0011806375442739079","-0.01653669266146771","19.249580884725958","5776","2055"
"fig3b","1.5006302427916727","0.27122725793320285","5000","1586","1","0.3173365326934613","0.0003999200159968006","0.001260239445494644","-0.015466906618676264","22.620354566610672","5777","2056"
"fig3b","1.5006302427916727","0.29286445646252357","5000","1563","0","0.3127374525094981","0.0001999600079984003","0.0006393861892583121","-0.015436912617476505","26.70320856589322","5778","2057"
"fig3b","1.5006302427916727","0.31622776601683794","5000","1480","0","0.29614077184563087","0.0001999600079984003","0.000675219446320054","-0.014607078584283145","31.678484927981856","5779","2058"
"fig3b","1.5006302427916727","0.34145488738336005","5000","1392","0","0.27854429114177165","0.0001999600079984003","0.0007178750897343861","-0.013727254549090184","37.780694908412556","5780","2059"
"fig3b","1.5006302427916727","0.3686945064519575","5000","1354","0","0.2709458108378324","0.0001999600079984003","0.0007380073800738007","-0.013347330533893222","45.317395098675945","5781","2060"
"fig3b","1.5006302427916727","0.3981071705534973","5000","1196","0","0.2393521295740852","0.0001999600079984003","0.000835421888053467","-0.011767646470705861","54.69526729945571","5782","2061"
"fig3b","1.5006302427916727","0.42986623470822766","5000","1230","0","0.2461507698460308","0.0001999600079984003","0.0008123476848090983","-0.01210757848430314","66.45587921347877","5783","2062"
"fig3b","1.5006302427916727","0.464158883361278","5000","1127","0","0.22555488902219556","0.0001999600079984003","0.0008865248226950354","-0.01107778444311138","81.32338371026623","5784","2063"
"fig3b","1.5006302427916727","0.5011872336272722","5000","1051","0","0.21035792841431714","0.0001999600079984003","0.0009505703422053232","-0.010317936412717457","100.26321970444403","5785","2064"
"fig3b","1.5006302427916727","0.5411695265464638","5000","997","0","0.19956008798240352","0.0001999600079984003","0.001002004008016032","-0.009778044391121777","124.53672440930433","5786","2065"
"fig3b","1.5006302427916727","0.5843414133735175","5000","935","0","0.1871625674865027","0.0001999600079984003","0.0010683760683760683","-0.009158168366326736","155.6830452259906","5787","2066"
"fig3b","1.5006302427916727","0.6309573444801932","5000","840","0","0.16816636672665466","0.0001999600079984003","0.0011890606420927466","-0.008208358328334334","195.16570500910058","5788","2067"
"fig3b","1.5006302427916727","0.6812920690579611","5000","751","0","0.15036992601479704","0.0001999600079984003","0.0013297872340425532","-0.007318536292741452","242.82667934507157","5789","2068"
"fig3b","1.5006302427916727","0.7356422544596414","5000","815","0","0.16316736652669467","0.0001999600079984003","0.0012254901960784314","-0.007958408318336335","293.4509097063159","5790","2069"
"fig3b","1.5006302427916727","0.7943282347242814","5000","863","0","0.17276544691061788","0.0001999600079984003","0.0011574074074074073","-0.008438312337532495","339.4831349660135","5791","2070"
"fig3b","1.5006302427916727","0.8576958985908941","5000","942","0","0.1885622875424915","0.0001999600079984003","0.0010604453870625664","-0.009228154369126176","380.14852919854076","5792","2071"
"fig3b","1.5006302427916727","0.9261187281287933","5000","1005","0","0.2011597680463907","0.0001999600079984003","0.0009940357852882703","-0.009858028394321136","418.5046162563586","5793","2072"
"fig3b","1.5006302427916727","1.0","5000","1073","0","0.21475704859028194","0.0001999600079984003","0.000931098696461825","-0.010537892421515697","465.5487243822037","5794","2073"
"fig3b","1.6289897518560605","0.01","5000","1015","1005","0.20315936812637472","0.2011597680463907","0.9901574803149606","0.19100179964007197","0.1921304275159912","5795","2074"
"fig3b","1.6289897518560605","0.0107977516232771","5000","927","1022","0.1855628874225155","0.20455908818236354","1.0","0.19528094381123776","0.2094453369449809","5796","2075"
"fig3b","1.6289897518560605","0.011659144011798317","5000","1037","1048","0.20755848830233953","0.20975804839032194","1.0","0.19938012397520496","0.22847641982397704","5797","2076"
"fig3b","1.6289897518560605","0.012589254117941675","5000","982","1039","0.1965606878624275","0.20795840831833634","1.0","0.19813037392521496","0.24941748050585488","5798","2077"
"fig3b","1.6289897518560605","0.013593563908785255","5000","1073","1085","0.21475704859028194","0.21715656868626274","1.0","0.20641871625674862","0.2724875765126171","5799","2078"
"fig3b","1.6289897518560605","0.014677992676220698","5000","1113","1131","0.22275544891021795","0.22635472905418916","1.0","0.21521695660867826","0.2979347514725532","5800","2079"
"fig3b","1.6289897518560605","0.015848931924611134","5000","1177","1171","0.23555288942211558","0.23435312937412517","0.9949066213921901","0.2225754849030194","0.32604037608675185","5801","2080"
"fig3b","1.6289897518560605","0.01711328304161781","5000","1181","1149","0.23635272945410918","0.22995400919816036","0.9729272419627749","0.2181363727254549","0.3571242039398612","5802","2081"
"fig3b","1.6289897518560605","0.018478497974222907","5000","1164","1288","0.23295340931813638","0.25774845030993804","1.0","0.24610077984403123","0.3915502690499011","5803","2082"
"fig3b","1.6289897518560605","0.0199526231496888","5000","1265","1267","0.2531493701259748","0.2535492901419716","1.0","0.24089182163567285","0.42973377620080555","5804","2083"
"fig3b","1.6289897518560605","0.021544346900318832","5000","1253","1230","0.250749850029994","0.2461507698460308","0.981658692185008","0.23361327734453108","0.47214916418195685","5805","2084"
"fig3b","1.6289897518560605","0.02326305067153626","5000","1266","1319","0.2533493301339732","0.26394721055788845","1.0","0.2512797440511898","0.5193395571993165","5806","2085"
"fig3b","1.6289897518560605","0.025118864315095794","5000","1274","1357","0.2549490101979604","0.2715456908618276","1.0","0.2587982403519296","0.5719278622514139","5807","2086"
"fig3b","1.6289897518560605","0.02712272579332028","5000","1292","1339","0.2585482903419316","0.2679464107178564","1.0","0.25501899620075985","0.6306298219157043","5808","2087"
"fig3b","1.6289897518560605","0.029286445646252372","5000","1325","1363","0.26514697060587883","0.27274545090981805","1.0","0.25948810237952413","0.696269394892596","5809","2088"
"fig3b","1.6289897518560605","0.03162277660168379","5000","1420","1366","0.28414317136572687","0.27334533093381325","0.9619985925404645","0.2591381723655269","0.7695538009974143","5810","2089"
"fig3b","1.6289897518560605","0.034145488738336005","5000","1456","1366","0.2913417316536693","0.27334533093381325","0.938229238160604","0.2587782443511298","0.8508721831762784","5811","2090"
"fig3b","1.6289897518560605","0.03686945064519575","5000","1502","1355","0.3005398920215957","0.27114577084583086","0.9021956087824351","0.2561187762447511","0.9412231217004319","5812","2091"
"fig3b","1.6289897518560605","0.039810717055349734","5000","1485","1297","0.2971405718856229","0.2595480903819236","0.873485868102288","0.24469106178764247","1.04178332167956","5813","2092"
"fig3b","1.6289897518560605","0.042986623470822764","5000","1628","1328","0.32573485302939414","0.265746850629874","0.8158379373848986","0.24946010797840432","1.1539083152452463","5814","2093"
"fig3b","1.6289897518560605","0.046415888336127774","5000","1564","1286","0.3129374125174965","0.2573485302939412","0.8223642172523962","0.2417016596680664","1.2791634213074587","5815","2094"
"fig3b","1.6289897518560605","0.05011872336272722","5000","1643","1230","0.3287342531493701","0.2461507698460308","0.7487834549878346","0.22971405718856228","1.4193606931183353","5816","2095"
"fig3b","1.6289897518560605","0.054116952654646375","5000","1668","1215","0.33373325334933013","0.24315136972605478","0.7285799880167765","0.22646470705858826","1.576603138218161","5817","2096"
"fig3b","1.6289897518560605","0.05843414133735175","5000","1696","1139","0.33933213357328534","0.22795440911817635","0.6717737183264584","0.2109878024395121","1.753337801261381","5818","2097"
"fig3b","1.6289897518560605","0.06309573444801933","5000","1672","1076","0.33453309338132375","0.21535692861427713","0.6437537358039449","0.19863027394521093","1.9524196871511776","5819","2098"
"fig3b","1.6289897518560605","0.06812920690579614","5000","1734","1052","0.34693061387722457","0.21055788842231554","0.6069164265129683","0.19321135772845432","2.1771889936910043","5820","2099"
"fig3b","1.6289897518560605","0.07356422544596414","5000","1840","1015","0.368126374725055","0.20315936812637472","0.5518739815317762","0.18475304939012197","2.4315647511389784","5821","2100"
"fig3b","1.6289897518560605","0.07943282347242814","5000","1841","867","0.3683263347330534","0.17356528694261147","0.47122692725298587","0.1551489702059588","2.720158772753848","5822","2101"
"fig3b","1.6289897518560605","0.08576958985908942","5000","1854","788","0.3709258148370326","0.15776844631073786","0.42533692722371974","0.13922215556888623","3.0484148621053464","5823","2102"
"fig3b","1.6289897518560605","0.09261187281287937","5000","1851","691","0.3703259348130374","0.138372325534893","0.37365010799136067","0.11985602879424113","3.422779575905224","5824","2103"
"fig3b","1.6289897518560605","0.1","5000","1888","609","0.37772445510897823","0.1219756048790242","0.3229221810481736","0.1030893821235753","3.8509126090516475","5825","2104"
"fig3b","1.6289897518560605","0.10797751623277094","5000","1999","569","0.39992001599680066","0.11397720455908818","0.285","0.09398120375924815","4.341947193558298","5826","2105"
"fig3b","1.6289897518560605","0.11659144011798317","5000","1969","425","0.39392121575684863","0.08518296340731854","0.21624365482233504","0.06548690261947611","4.906813980797352","5827","2106"
"fig3b","1.6289897518560605","0.12589254117941676","5000","1962","360","0.3925214957008598","0.07218556288742252","0.1839021905247071","0.05255948810237952","5.558645979289395","5828","2107"
"fig3b","1.6289897518560605","0.13593563908785256","5000","1999","250","0.39992001599680066","0.05018996200759848","0.1255","0.030193961207758448","6.313287629169622","5829","2108"
"fig3b","1.6289897518560605","0.14677992676220697","5000","1932","206","0.38652269546090784","0.041391721655668866","0.10708742886704603","0.022065586882623472","7.189938547496695","5830","2109"
"fig3b","1.6289897518560605","0.15848931924611134","5000","1952","135","0.3905218956208758","0.027194561087782444","0.06963645673323093","0.007668466306738651","8.211972641383511","5831","2110"
"fig3b","1.6289897518560605","0.1711328304161781","5000","1937","92","0.38752249550089984","0.01859628074385123","0.047987616099071206","-0.0007798440311937646","9.40798725697968","5832","2111"
"fig3b","1.6289897518560605","0.18478497974222907","5000","1860","53","0.372125574885023","0.010797840431913617","0.02901665771090811","-0.0078084383123375335","10.813156400401027","5833","2112"
"fig3b","1.6289897518560605","0.19952623149688797","5000","1919","31","0.38392321535692864","0.00639872025594881","0.016666666666666666","-0.012797440511897622","12.47098914751507","5834","2113"
"fig3b","1.6289897518560605","0.21544346900318834","5000","1848","11","0.3697260547890422","0.0023995200959808036","0.006489994591671173","-0.016086782643471305","14.435632552116374","5835","2114"
"fig3b","1.6289897518560605","0.23263050671536262","5000","1829","5","0.3659268146370726","0.0011997600479904018","0.0032786885245901635","-0.01709658068386323","16.774912684198398","5836","2115"
"fig3b","1.6289897518560605","0.25118864315095796","5000","1729","1","0.34593081383723256","0.0003999200159968006","0.0011560693641618496","-0.01689662067586483","19.574385313003575","5837","2116"
"fig3b","1.6289897518560605","0.27122725793320285","5000","1660","1","0.33213357328534293","0.0003999200159968006","0.0012040939193257074","-0.01620675864827035","22.942780186688594","5838","2117"
"fig3b","1.6289897518560605","0.29286445646252357","5000","1683","0","0.33673265346930614","0.0001999600079984003","0.0005938242280285035","-0.01663667266546691","27.019385963903517","5839","2118"
"fig3b","1.6289897518560605","0.31622776601683794","5000","1549","0","0.3099380123975205","0.0001999600079984003","0.0006451612903225806","-0.015296940611877627","31.984159637400353","5840","2119"
"fig3b","1.6289897518560605","0.34145488738336005","5000","1579","0","0.31593681263747253","0.0001999600079984003","0.0006329113924050632","-0.015596880623875226","38.071685624694794","5841","2120"
"fig3b","1.6289897518560605","0.3686945064519575","5000","1472","0","0.29454109178164367","0.0001999600079984003","0.0006788866259334691","-0.014527094581083784","45.59059042763624","5842","2121"
"fig3b","1.6289897518560605","0.3981071705534973","5000","1363","0","0.27274545090981805","0.0001999600079984003","0.0007331378299120234","-0.013437312537492503","54.95065547337785","5843","2122"
"fig3b","1.6289897518560605","0.42986623470822766","5000","1296","0","0.25934813037392523","0.0001999600079984003","0.0007710100231303007","-0.012767446510697862","66.70057658247163","5844","2123"
"fig3b","1.6289897518560605","0.464158883361278","5000","1247","0","0.2495500899820036","0.0001999600079984003","0.0008012820512820513","-0.01227754449110178","81.5796049269484","5845","2124"
"fig3b","1.6289897518560605","0.5011872336272722","5000","1172","0","0.23455308938212358","0.0001999600079984003","0.0008525149190110827","-0.01152769446110778","100.58424376750816","5846","2125"
"fig3b","1.6289897518560605","0.5411695265464638","5000","1143","0","0.22875424915016995","0.0001999600079984003","0.0008741258741258741","-0.0112377524495101","125.0396669082267","5847","2126"
"fig3b","1.6289897518560605","0.5843414133735175","5000","1056","0","0.21135772845430914","0.0001999600079984003","0.000946073793755913","-0.010367926414717059","156.61811244727215","5848","2127"
"fig3b","1.6289897518560605","0.6309573444801932","5000","1062","0","0.21255748850229955","0.0001999600079984003","0.000940733772342427","-0.010427914417116579","197.06208136332458","5849","2128"
"fig3b","1.6289897518560605","0.6812920690579611","5000","884","0","0.17696460707858427","0.0001999600079984003","0.0011299435028248588","-0.008648270345930815","246.7175492232373","5850","2129"
"fig3b","1.6289897518560605","0.7356422544596414","5000","899","0","0.1799640071985603","0.0001999600079984003","0.0011111111111111111","-0.008798240351929614","300.4368918787724","5851","2130"
"fig3b","1.6289897518560605","0.7943282347242814","5000","891","0","0.1783643271345731","0.0001999600079984003","0.0011210762331838565","-0.008718256348730255","349.09077519985345","5852","2131"
"fig3b","1.6289897518560605","0.8576958985908941","5000","972","0","0.19456108778244352","0.0001999600079984003","0.001027749229188078","-0.009528094381123777","391.42647457615743","5853","2132"
"fig3b","1.6289897518560605","0.9261187281287933","5000","1133","0","0.22675464907018597","0.0001999600079984003","0.0008818342151675485","-0.0111377724455109","430.9928456621198","5854","2133"
"fig3b","1.6289897518560605","1.0","5000","1156","0","0.23135372925414918","0.0001999600079984003","0.0008643042350907519","-0.01136772645470906","479.32164420963517","5855","2134"
"fig3b","1.76832875679986","0.01","5000","1071","1036","0.21435712857428516","0.20735852829434112","0.9673507462686566","0.19664067186562686","0.1921863819450209","5856","2135"
"fig3b","1.76832875679986","0.0107977516232771","5000","1088","1123","0.21775644871025795","0.22475504899020196","1.0","0.21386722655468907","0.2095038462234129","5857","2136"
"fig3b","1.76832875679986","0.011659144011798317","5000","1087","1104","0.21755648870225955","0.22095580883823235","1.0","0.21007798440311937","0.2285373198054117","5858","2137"
"fig3b","1.76832875679986","0.012589254117941675","5000","1130","1189","0.22615476904619075","0.23795240951809637","1.0","0.22664467106578684","0.24948051938883964","5859","2138"
"fig3b","1.76832875679986","0.013593563908785255","5000","1198","1188","0.23975204959008198","0.23775244951009797","0.9916597164303586","0.22576484703059388","0.2725523918926456","5860","2139"
"fig3b","1.76832875679986","0.014677992676220698","5000","1210","1213","0.2421515696860628","0.242751449710058","1.0","0.23064387122575486","0.2980008419504543","5861","2140"
"fig3b","1.76832875679986","0.015848931924611134","5000","1192","1260","0.2385522895420916","0.2521495700859828","1.0","0.24022195560887824","0.3261070661518488","5862","2141"
"fig3b","1.76832875679986","0.01711328304161781","5000","1254","1276","0.2509498100379924","0.2553489302139572","1.0","0.2428014397120576","0.3571906005037704","5863","2142"
"fig3b","1.76832875679986","0.018478497974222907","5000","1310","1298","0.2621475704859028","0.259748050389922","0.9908466819221967","0.24664067186562685","0.3916152076320145","5864","2143"
"fig3b","1.76832875679986","0.0199526231496888","5000","1317","1355","0.26354729054189163","0.27114577084583086","1.0","0.2579684063187363","0.42979575424783434","5865","2144"
"fig3b","1.76832875679986","0.021544346900318832","5000","1399","1371","0.27994401119776047","0.27434513097380525","0.98","0.26034793041391724","0.47220625838440355","5866","2145"
"fig3b","1.76832875679986","0.02326305067153626","5000","1342","1441","0.26854629074185166","0.28834233153369326","1.0","0.2749150169966007","0.5193893208613929","5867","2146"
"fig3b","1.76832875679986","0.025118864315095794","5000","1425","1430","0.28514297140571887","0.2861427714457109","1.0","0.27188562287542495","0.5719503903001169","5868","2147"
"fig3b","1.76832875679986","0.02712272579332028","5000","1470","1470","0.29414117176564686","0.29414117176564686","1.0","0.2794341131773645","0.6301527576312651","5869","2148"
"fig3b","1.76832875679986","0.029286445646252372","5000","1436","1402","0.28734253149370126","0.28054389122175566","0.97633959638135","0.2661767646470706","0.694492329394734","5870","2149"
"fig3b","1.76832875679986","0.03162277660168379","5000","1559","1475","0.3119376124775045","0.29514097180563886","0.9461538461538461","0.27954409118176365","0.7657223084268026","5871","2150"
"fig3b","1.76832875679986","0.034145488738336005","5000","1613","1390","0.32273545290941813","0.27814437112577484","0.8618339529120198","0.2620075984803039","0.844703981984054","5872","2151"
"fig3b","1.76832875679986","0.03686945064519575","5000","1648","1456","0.3297340531893621","0.2913417316536693","0.8835657974530019","0.27485502899420117","0.932424483270438","5873","2152"
"fig3b","1.76832875679986","0.039810717055349734","5000","1661","1426","0.3323335332933413","0.28534293141371725","0.8586040914560771","0.2687262547490502","1.0300178179409727","5874","2153"
"fig3b","1.76832875679986","0.042986623470822764","5000","1665","1393","0.33313337332533494","0.27874425114977003","0.836734693877551","0.2620875824835033","1.1387898190812678","5875","2154"
"fig3b","1.76832875679986","0.046415888336127774","5000","1737","1367","0.34753049390121976","0.2735452909418116","0.7871116225546605","0.2561687662467506","1.2602478430409008","5876","2155"
"fig3b","1.76832875679986","0.05011872336272722","5000","1810","1332","0.36212757448510297","0.26654669066186765","0.7360574268360023","0.2484403119376125","1.3961362043848453","5877","2156"
"fig3b","1.76832875679986","0.054116952654646375","5000","1830","1305","0.366126774645071","0.2611477704459108","0.7132714363735664","0.24284143171365727","1.5484785812411417","5878","2157"
"fig3b","1.76832875679986","0.05843414133735175","5000","1887","1302","0.3775244951009798","0.2605478904219156","0.6901483050847458","0.24167166566686663","1.7196289157917022","5879","2158"
"fig3b","1.76832875679986","0.06309573444801933","5000","1927","1301","0.38552289542091583","0.26034793041391724","0.6753112033195021","0.24107178564287146","1.912332705934972","5880","2159"
"fig3b","1.76832875679986","0.06812920690579614","5000","1974","1157","0.39492101579684064","0.23155368926214756","0.5863291139240506","0.21180763847230552","2.1298010562112495","5881","2160"
"fig3b","1.76832875679986","0.07356422544596414","5000","1997","1127","0.39952009598080385","0.22555488902219556","0.5645645645645645","0.20557888422315537","2.375800459334158","5882","2161"
"fig3b","1.76832875679986","0.07943282347242814","5000","2014","1091","0.4029194161167766","0.21835632873425315","0.5419354838709678","0.19821035792841432","2.654762054734306","5883","2162"
"fig3b","1.76832875679986","0.08576958985908942","5000","2081","995","0.41631673665266944","0.19916016796640673","0.47838616714697413","0.17834433113377327","2.97191511191636","5884","2163"
"fig3b","1.76832875679986","0.09261187281287937","5000","2135","834","0.42711457708458306","0.16696660667866425","0.39091760299625467","0.1456108778244351","3.33345078790083","5885","2164"
"fig3b","1.76832875679986","0.1","5000","2142","793","0.4285142971405719","0.15876824635072986","0.3705086327578162","0.13734253149370126","3.7467239098930065","5886","2165"
"fig3b","1.76832875679986","0.10797751623277094","5000","2151","706","0.4303139372125575","0.14137172565486902","0.3285315985130111","0.11985602879424115","4.220502774252992","5887","2166"
"fig3b","1.76832875679986","0.11659144011798317","5000","2229","536","0.4459108178364327","0.10737852429514097","0.24080717488789238","0.08508298340331934","4.765279920830835","5888","2167"
"fig3b","1.76832875679986","0.12589254117941676","5000","2181","488","0.4363127374525095","0.09778044391121776","0.2241063244729606","0.07596480703859229","5.3936608024671955","5889","2168"
"fig3b","1.76832875679986","0.13593563908785256","5000","2208","396","0.4417116576684663","0.07938412317536493","0.1797193300135808","0.05729854029194162","6.120852594161704","5890","2169"
"fig3b","1.76832875679986","0.14677992676220697","5000","2228","270","0.44571085782843434","0.05418916216756649","0.12157918349035442","0.03190361927614477","6.965282600485239","5891","2170"
"fig3b","1.76832875679986","0.15848931924611134","5000","2248","216","0.4497100579884023","0.04339132173565287","0.09648732770120054","0.020905818836232753","7.949385572866191","5892","2171"
"fig3b","1.76832875679986","0.1711328304161781","5000","2289","129","0.4579084183163367","0.025994801039792043","0.056768558951965066","0.003099380123975204","9.100612819389568","5893","2172"
"fig3b","1.76832875679986","0.18478497974222907","5000","2175","71","0.4351129774045191","0.014397120575884824","0.03308823529411765","-0.007358528294341133","10.452734845111479","5894","2173"
"fig3b","1.76832875679986","0.19952623149688797","5000","2167","54","0.4335132973405319","0.010997800439912017","0.025369003690036897","-0.01067786442711458","12.047535694276462","5895","2174"
"fig3b","1.76832875679986","0.21544346900318834","5000","2147","22","0.4295140971805639","0.004599080183963208","0.010707635009310988","-0.016876624675064986","13.937034562957649","5896","2175"
"fig3b","1.76832875679986","0.23263050671536262","5000","2069","9","0.41391721655668867","0.001999600079984003","0.004830917874396135","-0.018696260747850434","16.18642364551752","5897","2176"
"fig3b","1.76832875679986","0.25118864315095796","5000","2122","1","0.42451509698060386","0.0003999200159968006","0.0009420631182289214","-0.020825834833033394","18.877988096645424","5898","2177"
"fig3b","1.76832875679986","0.27122725793320285","5000","1962","1","0.3925214957008598","0.0003999200159968006","0.0010188487009679063","-0.019226154769046194","22.116385709580896","5899","2178"
"fig3b","1.76832875679986","0.29286445646252357","5000","1926","1","0.3853229354129174","0.0003999200159968006","0.0010378827192527244","-0.018866226754649072","26.03582726890042","5900","2179"
"fig3b","1.76832875679986","0.31622776601683794","5000","1940","0","0.38812237552489504","0.0001999600079984003","0.0005151983513652755","-0.019206158768246353","30.809938302534306","5901","2180"
"fig3b","1.76832875679986","0.34145488738336005","5000","1812","0","0.3625274945010998","0.0001999600079984003","0.0005515719801434087","-0.01792641471705659","36.665434165867964","5902","2181"
"fig3b","1.76832875679986","0.3686945064519575","5000","1742","0","0.34853029394121177","0.0001999600079984003","0.0005737234652897303","-0.01722655468906219","43.90124781623635","5903","2182"
"fig3b","1.76832875679986","0.3981071705534973","5000","1701","0","0.34033193361327735","0.0001999600079984003","0.0005875440658049354","-0.016816636672665468","52.91545405175518","5904","2183"
"fig3b","1.76832875679986","0.42986623470822766","5000","1505","0","0.3011397720455909","0.0001999600079984003","0.0006640106241699867","-0.014857028594281146","64.24320936395327","5905","2184"
"fig3b","1.76832875679986","0.464158883361278","5000","1521","0","0.3043391321735653","0.0001999600079984003","0.000657030223390276","-0.015016996600679865","78.60964426058027","5906","2185"
"fig3b","1.76832875679986","0.5011872336272722","5000","1407","0","0.28154369126174766","0.0001999600079984003","0.0007102272727272726","-0.013877224555088984","97.00072074197405","5907","2186"
"fig3b","1.76832875679986","0.5411695265464638","5000","1330","0","0.26614677064587083","0.0001999600079984003","0.0007513148009015777","-0.013107378524295143","120.74670112547187","5908","2187"
"fig3b","1.76832875679986","0.5843414133735175","5000","1264","0","0.2529494101179764","0.0001999600079984003","0.0007905138339920949","-0.01244751049790042","151.57454418037162","5909","2188"
"fig3b","1.76832875679986","0.6309573444801932","5000","1169","0","0.23395320935812838","0.0001999600079984003","0.0008547008547008546","-0.011497700459908021","191.42626153923032","5910","2189"
"fig3b","1.76832875679986","0.6812920690579611","5000","1038","0","0.20775844831033793","0.0001999600079984003","0.0009624639076034648","-0.010187962407518498","241.2058970870429","5911","2190"
"fig3b","1.76832875679986","0.7356422544596414","5000","979","0","0.1959608078384323","0.0001999600079984003","0.001020408163265306","-0.009598080383923216","296.35645234204344","5912","2191"
"fig3b","1.76832875679986","0.7943282347242814","5000","1089","0","0.21795640871825636","0.0001999600079984003","0.0009174311926605504","-0.01069786042791442","346.25649675411705","5913","2192"
"fig3b","1.76832875679986","0.8576958985908941","5000","1113","0","0.22275544891021795","0.0001999600079984003","0.0008976660682226212","-0.010937812437512498","388.87036014568815","5914","2193"
"fig3b","1.76832875679986","0.9261187281287933","5000","1230","0","0.2461507698460308","0.0001999600079984003","0.0008123476848090983","-0.01210757848430314","428.24084492424976","5915","2194"
"fig3b","1.76832875679986","1.0","5000","1238","0","0.247750449910018","0.0001999600079984003","0.0008071025020177562","-0.012187562487502501","475.76908269804716","5916","2195"
"fig3b","1.9195864114936687","0.01","5000","1123","1219","0.22475504899020196","0.2439512097580484","1.0","0.23271345730853832","0.1850754331364044","5917","2196"
"fig3b","1.9195864114936687","0.0107977516232771","5000","1187","1177","0.2375524895020996","0.23555288942211558","0.9915824915824916","0.2236752649470106","0.20180251755476775","5918","2197"
"fig3b","1.9195864114936687","0.011659144011798317","5000","1160","1217","0.23215356928614278","0.2435512897420516","1.0","0.23194361127774446","0.2201945527797875","5919","2198"
"fig3b","1.9195864114936687","0.012589254117941675","5000","1187","1259","0.2375524895020996","0.2519496100779844","1.0","0.2400719856028794","0.24044049143105894","5920","2199"
"fig3b","1.9195864114936687","0.013593563908785255","5000","1196","1330","0.2393521295740852","0.26614677064587083","1.0","0.25417916416716657","0.2627540127026009","5921","2200"
"fig3b","1.9195864114936687","0.014677992676220698","5000","1255","1286","0.2511497700459908","0.2573485302939412","1.0","0.24479104179164168","0.2873771867708683","5922","2201"
"fig3b","1.9195864114936687","0.015848931924611134","5000","1310","1360","0.2621475704859028","0.27214557088582286","1.0","0.2590381923615277","0.3145847364542078","5923","2202"
"fig3b","1.9195864114936687","0.01711328304161781","5000","1346","1419","0.2693461307738452","0.28394321135772843","1.0","0.27047590481903616","0.3446767999768383","5924","2203"
"fig3b","1.9195864114936687","0.018478497974222907","5000","1380","1422","0.2761447710457908","0.2845430913817237","1.0","0.27073585282943413","0.3777784917761551","5925","2204"
"fig3b","1.9195864114936687","0.0199526231496888","5000","1387","1418","0.27754449110177964","0.28374325134973005","1.0","0.26986602679464106","0.4141457538313773","5926","2205"
"fig3b","1.9195864114936687","0.021544346900318832","5000","1437","1452","0.28754249150169964","0.29054189162167565","1.0","0.27616476704659065","0.45414719430485206","5927","2206"
"fig3b","1.9195864114936687","0.02326305067153626","5000","1483","1447","0.29674065186962606","0.28954209158168365","0.9757412398921833","0.27470505898820236","0.49819994327418726","5928","2207"
"fig3b","1.9195864114936687","0.025118864315095794","5000","1499","1490","0.29994001199760045","0.2981403719256149","0.9940000000000001","0.28314337132573486","0.5467770146664748","5929","2208"
"fig3b","1.9195864114936687","0.02712272579332028","5000","1579","1530","0.31593681263747253","0.3061387722455509","0.968987341772152","0.2903419316136773","0.6004159224848991","5930","2209"
"fig3b","1.9195864114936687","0.029286445646252372","5000","1599","1532","0.3199360127974405","0.3065386922615477","0.958125","0.29054189162167565","0.6597287866799775","5931","2210"
"fig3b","1.9195864114936687","0.03162277660168379","5000","1670","1481","0.33413317336532694","0.29634073185362925","0.8868940754039496","0.2796340731853629","0.7254142123543943","5932","2211"
"fig3b","1.9195864114936687","0.034145488738336005","5000","1703","1530","0.34073185362927416","0.3061387722455509","0.8984741784037559","0.28910217956408724","0.7982712851815279","5933","2212"
"fig3b","1.9195864114936687","0.03686945064519575","5000","1738","1540","0.34773045390921814","0.30813837232553487","0.8861414606095457","0.29075184963007394","0.8792160987131865","5934","2213"
"fig3b","1.9195864114936687","0.039810717055349734","5000","1789","1485","0.35792841431713657","0.2971405718856229","0.8301675977653631","0.27924415116976603","0.9693013190261013","5935","2214"
"fig3b","1.9195864114936687","0.042986623470822764","5000","1895","1549","0.379124175164967","0.3099380123975205","0.8175105485232068","0.2909818036392722","1.0697394033296064","5936","2215"
"fig3b","1.9195864114936687","0.046415888336127774","5000","1875","1542","0.375124975004999","0.3085382923415317","0.8224946695095949","0.28978204359128173","1.181930227346669","5937","2216"
"fig3b","1.9195864114936687","0.05011872336272722","5000","1890","1455","0.378124375124975","0.29114177164567084","0.7699629825489159","0.2722355528894221","1.30749404873211","5938","2217"
"fig3b","1.9195864114936687","0.054116952654646375","5000","2034","1476","0.40691861627674464","0.2953409318136373","0.7257985257985259","0.27499500099980007","1.4483109499848865","5939","2218"
"fig3b","1.9195864114936687","0.05843414133735175","5000","2098","1429","0.41971605678864227","0.28594281143771244","0.6812767984754645","0.2649570085982803","1.6065681764444832","5940","2219"
"fig3b","1.9195864114936687","0.06309573444801933","5000","2121","1445","0.4243151369726055","0.2891421715656869","0.6814326107445806","0.26792641471705664","1.784817129242981","5941","2220"
"fig3b","1.9195864114936687","0.06812920690579614","5000","2250","1364","0.4501099780043991","0.27294541091781643","0.6063971568191915","0.25043991201759647","1.9860422106632996","5942","2221"
"fig3b","1.9195864114936687","0.07356422544596414","5000","2241","1306","0.44831033793241354","0.26134773045390924","0.5829616413916147","0.23893221355728855","2.213744278459558","5943","2222"
"fig3b","1.9195864114936687","0.07943282347242814","5000","2295","1238","0.45910817836432716","0.247750449910018","0.5396341463414633","0.22479504099180164","2.4720421838819107","5944","2223"
"fig3b","1.9195864114936687","0.08576958985908942","5000","2331","1146","0.46630673865226957","0.22935412917416517","0.491852487135506","0.2060387922415517","2.7657967959069083","5945","2224"
"fig3b","1.9195864114936687","0.09261187281287937","5000","2495","1051","0.4991001799640072","0.21035792841431714","0.421474358974359","0.18540291941611678","3.1007631197826697","5946","2225"
"fig3b","1.9195864114936687","0.1","5000","2472","952","0.494501099780044","0.1905618876224755","0.3853619086130206","0.1658368326334733","3.483777694340347","5947","2226"
"fig3b","1.9195864114936687","0.10797751623277094","5000","2467","862","0.49350129974005197","0.17256548690261947","0.34967585089141007","0.14789042191561685","3.9229905270920256","5948","2227"
"fig3b","1.9195864114936687","0.11659144011798317","5000","2514","772","0.5028994201159768","0.15456908618276344","0.3073558648111332","0.1294241151769646","4.428153575020644","5949","2228"
"fig3b","1.9195864114936687","0.12589254117941676","5000","2497","645","0.499500099980004","0.12917416516696661","0.25860688550840677","0.10419916016796642","5.010981447392538","5950","2229"
"fig3b","1.9195864114936687","0.13593563908785256","5000","2560","522","0.5120975804839032","0.10457908418316336","0.20421710269426005","0.0789742051589682","5.685604939309144","5951","2230"
"fig3b","1.9195864114936687","0.14677992676220697","5000","2523","420","0.5046990601879624","0.08418316336732654","0.1667987321711569","0.05894821035792841","6.46914468857517","5952","2231"
"fig3b","1.9195864114936687","0.15848931924611134","5000","2576","312","0.5152969406118776","0.0625874825034993","0.12145906092355453","0.036822635472905416","7.382441380311889","5953","2232"
"fig3b","1.9195864114936687","0.1711328304161781","5000","2624","201","0.5248950209958009","0.04039192161567687","0.07695238095238095","0.014147170565886824","8.450991507158847","5954","2233"
"fig3b","1.9195864114936687","0.18478497974222907","5000","2592","143","0.518496300739852","0.028794241151769647","0.05553413035094486","0.002869426114777047","9.70615518745089","5955","2234"
"fig3b","1.9195864114936687","0.19952623149688797","5000","2551","72","0.5102979404119176","0.014597080583883223","0.028605015673981195","-0.010917816436712658","11.18672709112414","5956","2235"
"fig3b","1.9195864114936687","0.21544346900318834","5000","2496","48","0.4993001399720056","0.009798040391921616","0.01962354825790949","-0.015166966606678668","12.940996294042776","5957","2236"
"fig3b","1.9195864114936687","0.23263050671536262","5000","2548","17","0.5096980603879224","0.003599280143971206","0.007061592781482935","-0.021885622875424917","15.029470609034092","5958","2237"
"fig3b","1.9195864114936687","0.25118864315095796","5000","2454","4","0.49090181963607277","0.0009998000399920016","0.0020366598778004076","-0.02354529094181164","17.528512741454477","5959","2238"
"fig3b","1.9195864114936687","0.27122725793320285","5000","2443","3","0.4887022595480904","0.0007998400319936012","0.001636661211129296","-0.02363527294541092","20.535240236623878","5960","2239"
"fig3b","1.9195864114936687","0.29286445646252357","5000","2358","0","0.47170565886822635","0.0001999600079984003","0.000423908435777872","-0.02338532293541292","24.174194871138866","5961","2240"
"fig3b","1.9195864114936687","0.31622776601683794","5000","2334","0","0.46690661867626476","0.0001999600079984003","0.00042826552462526765","-0.02314537092581484","28.60651426167459","5962","2241"
"fig3b","1.9195864114936687","0.34145488738336005","5000","2228","0","0.44571085782843434","0.0001999600079984003","0.00044863167339614175","-0.02208558288342332","34.04267472837023","5963","2242"
"fig3b","1.9195864114936687","0.3686945064519575","5000","2097","0","0.4195160967806439","0.0001999600079984003","0.00047664442326024784","-0.020775844831033796","40.76036904073186","5964","2243"
"fig3b","1.9195864114936687","0.3981071705534973","5000","2047","0","0.40951809638072384","0.0001999600079984003","0.00048828125","-0.020275944811037793","49.12979249456487","5965","2244"
"fig3b","1.9195864114936687","0.42986623470822766","5000","1982","0","0.39652069586082783","0.0001999600079984003","0.0005042864346949066","-0.019626074785042993","59.6495618442689","5966","2245"
"fig3b","1.9195864114936687","0.464158883361278","5000","1859","0","0.3719256148770246","0.0001999600079984003","0.0005376344086021505","-0.01839632073585283","72.99751962105807","5967","2246"
"fig3b","1.9195864114936687","0.5011872336272722","5000","1794","0","0.35892821435712857","0.0001999600079984003","0.0005571030640668524","-0.01774645070985803","90.07834085998991","5968","2247"
"fig3b","1.9195864114936687","0.5411695265464638","5000","1688","0","0.33773245350929815","0.0001999600079984003","0.0005920663114268798","-0.016686662667466507","112.1928680229799","5969","2248"
"fig3b","1.9195864114936687","0.5843414133735175","5000","1561","0","0.3123375324935013","0.0001999600079984003","0.0006402048655569782","-0.015416916616676667","141.05660487112317","5970","2249"
"fig3b","1.9195864114936687","0.6309573444801932","5000","1437","0","0.28754249150169964","0.0001999600079984003","0.0006954102920723227","-0.014177164567086583","178.64244068905174","5971","2250"
"fig3b","1.9195864114936687","0.6812920690579611","5000","1387","0","0.27754449110177964","0.0001999600079984003","0.0007204610951008645","-0.013677264547090583","226.59064845404396","5972","2251"
"fig3b","1.9195864114936687","0.7356422544596414","5000","1206","0","0.24135172965406917","0.0001999600079984003","0.0008285004142502071","-0.01186762647470506","282.5242005771193","5973","2252"
"fig3b","1.9195864114936687","0.7943282347242814","5000","1177","0","0.23555288942211558","0.0001999600079984003","0.0008488964346349745","-0.01157768446310738","335.93705403724306","5974","2253"
"fig3b","1.9195864114936687","0.8576958985908941","5000","1177","0","0.23555288942211558","0.0001999600079984003","0.0008488964346349745","-0.01157768446310738","381.3634803671651","5975","2254"
"fig3b","1.9195864114936687","0.9261187281287933","5000","1258","0","0.251749650069986","0.0001999600079984003","0.0007942811755361397","-0.012387522495500902","422.40305280019953","5976","2255"
"fig3b","1.9195864114936687","1.0","5000","1338","0","0.26774645070985803","0.0001999600079984003","0.0007468259895444361","-0.013187362527494502","469.86776474542575","5977","2256"
"fig3b","2.0837822022752928","0.01","5000","1119","1085","0.22395520895820836","0.21715656868626274","0.969642857142857","0.20595880823835233","0.18934073625663927","5978","2257"
"fig3b","2.0837822022752928","0.0107977516232771","5000","1099","1105","0.21995600879824034","0.22115576884623075","1.0","0.21015796840631873","0.20560500948596427","5979","2258"
"fig3b","2.0837822022752928","0.011659144011798317","5000","1140","1131","0.22815436912617476","0.22635472905418916","0.9921121822962313","0.2149470105978804","0.2233581066410295","5980","2259"
"fig3b","2.0837822022752928","0.012589254117941675","5000","1222","1164","0.2445510897820436","0.23295340931813638","0.9525756336876533","0.2207258548290342","0.24275131585574172","5981","2260"
"fig3b","2.0837822022752928","0.013593563908785255","5000","1191","1106","0.2383523295340932","0.22135572885422916","0.9286912751677853","0.2094381123775245","0.26395359265762863","5982","2261"
"fig3b","2.0837822022752928","0.014677992676220698","5000","1289","1171","0.2579484103179364","0.23435312937412517","0.9085271317829458","0.22145570885822835","0.28715395222232587","5983","2262"
"fig3b","2.0837822022752928","0.015848931924611134","5000","1317","1177","0.26354729054189163","0.23555288942211558","0.8937784522003035","0.222375524895021","0.31256423000866107","5984","2263"
"fig3b","2.0837822022752928","0.01711328304161781","5000","1340","1286","0.26814637072585484","0.2573485302939412","0.959731543624161","0.2439412117576485","0.3404222735443341","5985","2264"
"fig3b","2.0837822022752928","0.018478497974222907","5000","1433","1272","0.28674265146970607","0.2545490901819636","0.8877266387726638","0.2402119576084783","0.3709956397693759","5986","2265"
"fig3b","2.0837822022752928","0.0199526231496888","5000","1464","1307","0.2929414117176565","0.2615476904619076","0.8928327645051195","0.2469006198760248","0.40458588630070835","5987","2266"
"fig3b","2.0837822022752928","0.021544346900318832","5000","1450","1320","0.29014197160567884","0.2641471705658868","0.9104066161268092","0.2496400719856029","0.44153356179754155","5988","2267"
"fig3b","2.0837822022752928","0.02326305067153626","5000","1484","1436","0.2969406118776245","0.28734253149370126","0.9676767676767676","0.27249550089982005","0.48222402087543514","5989","2268"
"fig3b","2.0837822022752928","0.025118864315095794","5000","1567","1396","0.3135372925414917","0.2793441311737652","0.8909438775510203","0.26366726654669065","0.5270942135488781","5990","2269"
"fig3b","2.0837822022752928","0.02712272579332028","5000","1589","1392","0.3179364127174565","0.27854429114177165","0.8761006289308176","0.2626474705058988","0.5766406289397992","5991","2270"
"fig3b","2.0837822022752928","0.029286445646252372","5000","1687","1397","0.3375324935012997","0.27954409118176365","0.8281990521327015","0.26266746650669864","0.6314286091777035","5992","2271"
"fig3b","2.0837822022752928","0.03162277660168379","5000","1696","1422","0.33933213357328534","0.2845430913817237","0.8385385975250442","0.2675764847030594","0.6921032935974267","5993","2272"
"fig3b","2.0837822022752928","0.034145488738336005","5000","1819","1439","0.3639272145570886","0.28794241151769645","0.7912087912087912","0.26974605078984204","0.7594025074028252","5994","2273"
"fig3b","2.0837822022752928","0.03686945064519575","5000","1853","1526","0.3707258548290342","0.3053389322135573","0.8236245954692557","0.2868026394721056","0.8341719753807979","5995","2274"
"fig3b","2.0837822022752928","0.039810717055349734","5000","1836","1550","0.36732653469306137","0.3101379724055189","0.844311377245509","0.29177164567086583","0.9173833231031949","5996","2275"
"fig3b","2.0837822022752928","0.042986623470822764","5000","1991","1523","0.39832033593281346","0.3047390521895621","0.7650602409638554","0.2848230353929214","1.0101554293175354","5997","2276"
"fig3b","2.0837822022752928","0.046415888336127774","5000","2055","1563","0.41111777644471104","0.3127374525094981","0.7607003891050583","0.29218156368726256","1.1137798189760133","5998","2277"
"fig3b","2.0837822022752928","0.05011872336272722","5000","2186","1415","0.4373125374925015","0.28314337132573486","0.6474622770919067","0.2612777444511098","1.2297509431485594","5999","2278"
"fig3b","2.0837822022752928","0.054116952654646375","5000","2147","1536","0.4295140971805639","0.3073385322935413","0.7155493482309125","0.2858628274345131","1.359802388398208","6000","2279"
"fig3b","2.0837822022752928","0.05843414133735175","5000","2296","1503","0.45930813837232554","0.3007398520295941","0.6547670875054419","0.2777744451109778","1.5059503051140553","6001","2280"
"fig3b","2.0837822022752928","0.06309573444801933","5000","2292","1481","0.4585082983403319","0.29634073185362925","0.6463148713475796","0.27341531693661264","1.6705456562989696","6002","2281"
"fig3b","2.0837822022752928","0.06812920690579614","5000","2401","1438","0.4803039392121576","0.28774245150969807","0.5990840965861782","0.2637272545490902","1.8563372844546393","6003","2282"
"fig3b","2.0837822022752928","0.07356422544596414","5000","2479","1403","0.4959008198360328","0.28074385122975404","0.5661290322580645","0.2559488102379524","2.0665482997592903","6004","2283"
"fig3b","2.0837822022752928","0.07943282347242814","5000","2523","1354","0.5046990601879624","0.2709458108378324","0.5368462757527733","0.2457108578284343","2.304968941364251","6005","2284"
"fig3b","2.0837822022752928","0.08576958985908942","5000","2546","1256","0.5092981403719257","0.2513497300539892","0.4935217903415783","0.22588482303539292","2.576069900503171","6006","2285"
"fig3b","2.0837822022752928","0.09261187281287937","5000","2628","1208","0.5256948610277944","0.241751649670066","0.45987067325979464","0.21546690661867626","2.8851411802080236","6007","2286"
"fig3b","2.0837822022752928","0.1","5000","2704","1118","0.5408918216356728","0.22375524895020996","0.4136783733826248","0.19671065786842631","3.2384629846114876","6008","2287"
"fig3b","2.0837822022752928","0.10797751623277094","5000","2776","1063","0.5552889422115577","0.21275744851029793","0.38314728123874686","0.18499300139972005","3.6435169946920496","6009","2288"
"fig3b","2.0837822022752928","0.11659144011798317","5000","2790","936","0.5580883823235353","0.1873625274945011","0.33572196345395916","0.15945810837832433","4.109248853445706","6010","2289"
"fig3b","2.0837822022752928","0.12589254117941676","5000","2781","820","0.5562887422515497","0.16416716656668667","0.29511143062544937","0.1363527294541092","4.646395969687887","6011","2290"
"fig3b","2.0837822022752928","0.13593563908785256","5000","2908","636","0.5816836632673466","0.127374525094981","0.21897559298728086","0.09829034193161368","5.267899161302012","6012","2291"
"fig3b","2.0837822022752928","0.14677992676220697","5000","2891","551","0.5782843431313738","0.11037792441511697","0.19087136929460577","0.08146370725854828","5.989422627256147","6013","2292"
"fig3b","2.0837822022752928","0.15848931924611134","5000","2973","454","0.5946810637872425","0.09098180363927215","0.15299260255548086","0.06124775044991002","6.830014878456666","6014","2293"
"fig3b","2.0837822022752928","0.1711328304161781","5000","2962","327","0.5924815036992601","0.0655868826234753","0.11069861626729666","0.035962807438512295","7.812954455490171","6015","2294"
"fig3b","2.0837822022752928","0.18478497974222907","5000","2943","229","0.5886822635472906","0.04599080183963208","0.078125","0.016556688662267546","8.966839801120727","6016","2295"
"fig3b","2.0837822022752928","0.19952623149688797","5000","2979","145","0.595880823835233","0.029194161167766446","0.04899328859060402","-0.0005998800239952057","10.327004418368261","6017","2296"
"fig3b","2.0837822022752928","0.21544346900318834","5000","2969","85","0.593881223755249","0.017196560687862426","0.02895622895622895","-0.012497500499900026","11.937369210845532","6018","2297"
"fig3b","2.0837822022752928","0.23263050671536262","5000","2984","43","0.596880623875225","0.008798240351929614","0.01474036850921273","-0.021045790841831634","13.852887812137567","6019","2298"
"fig3b","2.0837822022752928","0.25118864315095796","5000","2845","21","0.5690861827634474","0.004399120175964807","0.007730147575544624","-0.024055188962207562","16.142803980314795","6020","2299"
"fig3b","2.0837822022752928","0.27122725793320285","5000","2855","2","0.5710857828434314","0.0005998800239952009","0.0010504201680672266","-0.027954409118176368","18.895032137230857","6021","2300"
"fig3b","2.0837822022752928","0.29286445646252357","5000","2840","1","0.5680863827234554","0.0003999200159968006","0.0007039774727208728","-0.02800439912017597","22.22210703217206","6022","2301"
"fig3b","2.0837822022752928","0.31622776601683794","5000","2708","0","0.5416916616676665","0.0001999600079984003","0.00036913990402362494","-0.026884623075384924","26.269347577299953","6023","2302"
"fig3b","2.0837822022752928","0.34145488738336005","5000","2701","0","0.5402919416116777","0.0001999600079984003","0.0003700962250185048","-0.02681463707258549","31.226174458184943","6024","2303"
"fig3b","2.0837822022752928","0.3686945064519575","5000","2572","0","0.5144971005798841","0.0001999600079984003","0.0003886513797123979","-0.025524895020995805","37.34195496124096","6025","2304"
"fig3b","2.0837822022752928","0.3981071705534973","5000","2497","0","0.499500099980004","0.0001999600079984003","0.00040032025620496394","-0.0247750449910018","44.94837481964683","6026","2305"
"fig3b","2.0837822022752928","0.42986623470822766","5000","2424","0","0.4849030193961208","0.0001999600079984003","0.0004123711340206185","-0.02404519096180764","54.42661334786976","6027","2306"
"fig3b","2.0837822022752928","0.464158883361278","5000","2266","0","0.4533093381323735","0.0001999600079984003","0.0004411116012351125","-0.02246550689862028","66.44198515070144","6028","2307"
"fig3b","2.0837822022752928","0.5011872336272722","5000","2166","0","0.43331333733253347","0.0001999600079984003","0.00046146746654360867","-0.021465706858628274","81.8392105170472","6029","2308"
"fig3b","2.0837822022752928","0.5411695265464638","5000","2049","0","0.40991801639672065","0.0001999600079984003","0.0004878048780487805","-0.020295940811837634","101.76577922967562","6030","2309"
"fig3b","2.0837822022752928","0.5843414133735175","5000","1967","0","0.3935212957408518","0.0001999600079984003","0.000508130081300813","-0.01947610477904419","127.77937764502514","6031","2310"
"fig3b","2.0837822022752928","0.6309573444801932","5000","1853","0","0.3707258548290342","0.0001999600079984003","0.0005393743257820927","-0.018336332733453312","161.82884605622104","6032","2311"
"fig3b","2.0837822022752928","0.6812920690579611","5000","1625","0","0.3251349730053989","0.0001999600079984003","0.0006150061500615006","-0.016056788642271547","205.48506466042375","6033","2312"
"fig3b","2.0837822022752928","0.7356422544596414","5000","1503","0","0.3007398520295941","0.0001999600079984003","0.0006648936170212766","-0.014837032593481306","258.46796697827216","6034","2313"
"fig3b","2.0837822022752928","0.7943282347242814","5000","1445","0","0.2891421715656869","0.0001999600079984003","0.0006915629322268326","-0.014257148570285946","313.6294805120472","6035","2314"
"fig3b","2.0837822022752928","0.8576958985908941","5000","1401","0","0.2803439312137572","0.0001999600079984003","0.0007132667617689016","-0.013817236552689462","362.98601504817844","6036","2315"
"fig3b","2.0837822022752928","0.9261187281287933","5000","1389","0","0.27794441111777646","0.0001999600079984003","0.0007194244604316546","-0.013697260547890423","407.34157208484834","6037","2316"
"fig3b","2.0837822022752928","1.0","5000","1412","0","0.28254349130173967","0.0001999600079984003","0.0007077140835102618","-0.013927214557088584","455.82241764452846","6038","2317"
"fig3b","2.262022819353338","0.01","5000","1166","929","0.23335332933413316","0.1859628074385123","0.7969151670951157","0.17429514097180562","0.14985925663688704","6039","2318"
"fig3b","2.262022819353338","0.0107977516232771","5000","1230","995","0.2461507698460308","0.19916016796640673","0.809098294069862","0.1868526294741052","0.16396686661894933","6040","2319"
"fig3b","2.262022819353338","0.011659144011798317","5000","1262","1082","0.2525494901019796","0.21655668866226754","0.8574821852731592","0.20392921415716855","0.17937712751023582","6041","2320"
"fig3b","2.262022819353338","0.012589254117941675","5000","1332","1021","0.26654669066186765","0.20435912817436513","0.7666916729182295","0.19103179364127176","0.19622405878556037","6042","2321"
"fig3b","2.262022819353338","0.013593563908785255","5000","1348","1130","0.26974605078984204","0.22615476904619075","0.838398813936249","0.21266746650669865","0.21465754938654413","6043","2322"
"fig3b","2.262022819353338","0.014677992676220698","5000","1372","1104","0.27454509098180363","0.22095580883823235","0.8048069919883467","0.20722855428914216","0.23484553164374233","6044","2323"
"fig3b","2.262022819353338","0.015848931924611134","5000","1435","1149","0.2871425714857029","0.22995400919816036","0.8008356545961002","0.21559688062387522","0.2569764923457001","6045","2324"
"fig3b","2.262022819353338","0.01711328304161781","5000","1417","1135","0.2835432913417317","0.22715456908618276","0.8011283497884343","0.21297740451909616","0.28126237855218506","6046","2325"
"fig3b","2.262022819353338","0.018478497974222907","5000","1515","1204","0.3031393721255749","0.2409518096380724","0.7948548812664907","0.22579484103179365","0.3079419664352656","6047","2326"
"fig3b","2.262022819353338","0.0199526231496888","5000","1531","1300","0.3063387322535493","0.2601479704059188","0.8492167101827676","0.24483103379324134","0.3372847742201657","6048","2327"
"fig3b","2.262022819353338","0.021544346900318832","5000","1566","1254","0.31333733253349333","0.2509498100379924","0.8008934269304402","0.23528294341131772","0.3695956157078797","6049","2328"
"fig3b","2.262022819353338","0.02326305067153626","5000","1691","1302","0.33833233353329334","0.2605478904219156","0.7700945626477541","0.24363127374525095","0.4052199094385287","6050","2329"
"fig3b","2.262022819353338","0.025118864315095794","5000","1739","1297","0.3479304139172166","0.2595480903819236","0.7459770114942529","0.24215156968606277","0.4445498809891433","6051","2330"
"fig3b","2.262022819353338","0.02712272579332028","5000","1739","1385","0.3479304139172166","0.27714457108578283","0.796551724137931","0.259748050389922","0.4880318231448939","6052","2331"
"fig3b","2.262022819353338","0.029286445646252372","5000","1823","1408","0.36472705458908217","0.28174365126974604","0.7724780701754386","0.2635072985402919","0.5361746117507096","6053","2332"
"fig3b","2.262022819353338","0.03162277660168379","5000","1878","1387","0.3757248550289942","0.27754449110177964","0.7386907929749866","0.25875824835032996","0.5895597154167547","6054","2333"
"fig3b","2.262022819353338","0.034145488738336005","5000","1936","1492","0.3873225354929014","0.2985402919416117","0.7707795560144554","0.27917416516696664","0.6488529865906401","6055","2334"
"fig3b","2.262022819353338","0.03686945064519575","5000","2008","1414","0.40171965606878624","0.2829434113177364","0.7043305126928819","0.2628574285142971","0.714818582091084","6056","2335"
"fig3b","2.262022819353338","0.039810717055349734","5000","2075","1463","0.41511697660467906","0.2927414517096581","0.7052023121387284","0.27198560287942414","0.788335435774087","6057","2336"
"fig3b","2.262022819353338","0.042986623470822764","5000","2154","1576","0.4309138172365527","0.3153369326134773","0.7317865429234338","0.29379124175164967","0.8704167981757678","6058","2337"
"fig3b","2.262022819353338","0.046415888336127774","5000","2224","1577","0.4449110177964407","0.3155368926214757","0.7092134831460675","0.29329134173165367","0.9622334723396193","6059","2338"
"fig3b","2.262022819353338","0.05011872336272722","5000","2325","1615","0.46510697860427913","0.32313537292541494","0.6947549441100602","0.299880023995201","1.0651415174543786","6060","2339"
"fig3b","2.262022819353338","0.054116952654646375","5000","2353","1554","0.47070585882823435","0.3109378124375125","0.6605777400169924","0.2874025194961008","1.180715370063126","6061","2340"
"fig3b","2.262022819353338","0.05843414133735175","5000","2514","1602","0.5028994201159768","0.3205358928214357","0.637375745526839","0.29539092181563686","1.310787556372361","6062","2341"
"fig3b","2.262022819353338","0.06309573444801933","5000","2549","1647","0.5098980203959208","0.32953409318136373","0.6462745098039215","0.3040391921615677","1.4574964515578017","6063","2342"
"fig3b","2.262022819353338","0.06812920690579614","5000","2550","1550","0.5100979804039192","0.3101379724055189","0.6079968639749118","0.2846330733853229","1.6233439000082797","6064","2343"
"fig3b","2.262022819353338","0.07356422544596414","5000","2610","1583","0.5220955808838232","0.3167366526694661","0.6066641133665263","0.29063187362527493","1.811264966711633","6065","2344"
"fig3b","2.262022819353338","0.07943282347242814","5000","2817","1606","0.5634873025394921","0.3213357328534293","0.5702625975869411","0.29316136772645474","2.0247126745019273","6066","2345"
"fig3b","2.262022819353338","0.08576958985908942","5000","2820","1537","0.5640871825634873","0.3075384923015397","0.5451967387451258","0.2793341331733653","2.2677613347975694","6067","2346"
"fig3b","2.262022819353338","0.09261187281287937","5000","3028","1426","0.6056788642271546","0.28534293141371725","0.47111257840871573","0.2550589882023595","2.54523305493899","6068","2347"
"fig3b","2.262022819353338","0.1","5000","3060","1321","0.6120775844831033","0.2643471305738852","0.43188500490035936","0.23374325134973004","2.8628532766867636","6069","2348"
"fig3b","2.262022819353338","0.10797751623277094","5000","3067","1265","0.6134773045390922","0.2531493701259748","0.41264667535853977","0.2224755048990202","3.2274428682007965","6070","2349"
"fig3b","2.262022819353338","0.11659144011798317","5000","3163","1199","0.6326734653069386","0.23995200959808038","0.3792667509481669","0.20831833633273344","3.6471564939906216","6071","2350"
"fig3b","2.262022819353338","0.12589254117941676","5000","3208","1067","0.6416716656668666","0.21355728854229153","0.33281396073543157","0.18147370525894818","4.131779915313274","6072","2351"
"fig3b","2.262022819353338","0.13593563908785256","5000","3313","956","0.6626674665066986","0.1913617276544691","0.2887748943874472","0.15822835432913418","4.6931027949515","6073","2352"
"fig3b","2.262022819353338","0.14677992676220697","5000","3284","783","0.6568686262747451","0.15676864627074585","0.2386605783866058","0.12392521495700859","5.345388872235986","6074","2353"
"fig3b","2.262022819353338","0.15848931924611134","5000","3350","661","0.6700659868026395","0.132373525294941","0.19755296926290658","0.09887022595480903","6.105972572278745","6075","2354"
"fig3b","2.262022819353338","0.1711328304161781","5000","3332","550","0.6664667066586683","0.11017796440711858","0.16531653165316532","0.07685462907418517","6.99602098528203","6076","2355"
"fig3b","2.262022819353338","0.18478497974222907","5000","3425","425","0.6850629874025195","0.08518296340731854","0.12434325744308232","0.050929814037192565","8.041513806769416","6077","2356"
"fig3b","2.262022819353338","0.19952623149688797","5000","3417","280","0.6834633073385323","0.05618876224755049","0.08221181977764774","0.02201559688062387","9.274512884647635","6078","2357"
"fig3b","2.262022819353338","0.21544346900318834","5000","3458","179","0.6916616676664668","0.035992801439712056","0.05203816131830008","0.0014097180563887174","10.734819850276494","6079","2358"
"fig3b","2.262022819353338","0.23263050671536262","5000","3375","90","0.6750649870025994","0.018196360727854428","0.026954976303317536","-0.015556888622275545","12.472158436527224","6080","2359"
"fig3b","2.262022819353338","0.25118864315095796","5000","3339","52","0.667866426714657","0.010597880423915218","0.015868263473053895","-0.022795440911817635","14.549072747911964","6081","2360"
"fig3b","2.262022819353338","0.27122725793320285","5000","3319","27","0.6638672265546891","0.005598880223955209","0.008433734939759036","-0.027594481103779246","17.0448117856194","6082","2361"
"fig3b","2.262022819353338","0.29286445646252357","5000","3303","3","0.6606678664267147","0.0007998400319936012","0.0012106537530266342","-0.03223355328934214","20.06058566129815","6083","2362"
"fig3b","2.262022819353338","0.31622776601683794","5000","3260","0","0.6520695860827834","0.0001999600079984003","0.00030665440049064706","-0.03240351929614077","23.7267475198351","6084","2363"
"fig3b","2.262022819353338","0.34145488738336005","5000","3195","1","0.6390721855628875","0.0003999200159968006","0.0006257822277847308","-0.03155368926214758","28.212702320748804","6085","2364"
"fig3b","2.262022819353338","0.3686945064519575","5000","3091","0","0.6182763447310538","0.0001999600079984003","0.0003234152652005175","-0.03071385722855429","33.74070335604904","6086","2365"
"fig3b","2.262022819353338","0.3981071705534973","5000","2960","0","0.5920815836832634","0.0001999600079984003","0.0003377237419790611","-0.02940411917616477","40.53537823838363","6087","2366"
"fig3b","2.262022819353338","0.42986623470822766","5000","2888","0","0.5776844631073785","0.0001999600079984003","0.0003461405330564209","-0.028684263147370527","49.061318306587395","6088","2367"
"fig3b","2.262022819353338","0.464158883361278","5000","2782","0","0.556488702259548","0.0001999600079984003","0.00035932446999640676","-0.027624475104979004","59.85564266235528","6089","2368"
"fig3b","2.262022819353338","0.5011872336272722","5000","2596","0","0.5192961407718456","0.0001999600079984003","0.0003850596842510589","-0.025764847030593882","73.64881454848634","6090","2369"
"fig3b","2.262022819353338","0.5411695265464638","5000","2495","0","0.4991001799640072","0.0001999600079984003","0.00040064102564102563","-0.02475504899020196","91.4374638530027","6091","2370"
"fig3b","2.262022819353338","0.5843414133735175","5000","2364","0","0.47290541891621674","0.0001999600079984003","0.0004228329809725159","-0.02344531093781244","114.56495750378082","6092","2371"
"fig3b","2.262022819353338","0.6309573444801932","5000","2239","0","0.4479104179164167","0.0001999600079984003","0.0004464285714285714","-0.022195560887822437","144.75518016790477","6093","2372"
"fig3b","2.262022819353338","0.6812920690579611","5000","2071","0","0.4143171365726855","0.0001999600079984003","0.0004826254826254826","-0.020515896820635877","183.34632042161428","6094","2373"
"fig3b","2.262022819353338","0.7356422544596414","5000","1808","0","0.36172765446910615","0.0001999600079984003","0.000552791597567717","-0.017886422715456908","230.58452489754882","6095","2374"
"fig3b","2.262022819353338","0.7943282347242814","5000","1749","0","0.3499300139972006","0.0001999600079984003","0.0005714285714285714","-0.01729654069186163","281.7466951123433","6096","2375"
"fig3b","2.262022819353338","0.8576958985908941","5000","1597","0","0.31953609278144374","0.0001999600079984003","0.0006257822277847308","-0.01577684463107379","329.7098608159742","6097","2376"
"fig3b","2.262022819353338","0.9261187281287933","5000","1588","0","0.3177364527094581","0.0001999600079984003","0.0006293266205160478","-0.015686862627474506","373.5008416582504","6098","2377"
"fig3b","2.262022819353338","1.0","5000","1617","0","0.3235352929414117","0.0001999600079984003","0.0006180469715698394","-0.015976804639072185","420.0719844880885","6099","2378"
"fig3b","2.4555096159705294","0.01","5000","1355","958","0.27114577084583086","0.1917616476704659","0.7072271386430679","0.17820435912817437","0.07440085987553857","6100","2379"
"fig3b","2.4555096159705294","0.0107977516232771","5000","1393","964","0.27874425114977003","0.1929614077184563","0.6922525107604017","0.1790241951609678","0.08726564433396788","6101","2380"
"fig3b","2.4555096159705294","0.011659144011798317","5000","1423","968","0.28474305138972206","0.19376124775044992","0.6804775280898877","0.17952409518096382","0.10132503006187221","6102","2381"
"fig3b","2.4555096159705294","0.012589254117941675","5000","1472","1009","0.29454109178164367","0.2019596080783843","0.6856754921928038","0.18723255348930212","0.11670288231672998","6103","2382"
"fig3b","2.4555096159705294","0.013593563908785255","5000","1401","1062","0.2803439312137572","0.21255748850229955","0.7582025677603424","0.19854029194161169","0.13353785593812972","6104","2383"
"fig3b","2.4555096159705294","0.014677992676220698","5000","1577","1074","0.3155368926214757","0.21495700859828035","0.6812420785804816","0.19918016396720656","0.15198543427885625","6105","2384"
"fig3b","2.4555096159705294","0.015848931924611134","5000","1597","1123","0.31953609278144374","0.22475504899020196","0.7033792240300375","0.20877824435112977","0.17222028530233047","6106","2385"
"fig3b","2.4555096159705294","0.01711328304161781","5000","1617","1100","0.3235352929414117","0.22015596880623875","0.6804697156983931","0.20397920415916818","0.19443898902400747","6107","2386"
"fig3b","2.4555096159705294","0.018478497974222907","5000","1633","1191","0.32673465306938615","0.2383523295340932","0.7294981640146878","0.2220155968806239","0.21886320048201924","6108","2387"
"fig3b","2.4555096159705294","0.0199526231496888","5000","1640","1139","0.3281343731253749","0.22795440911817635","0.6946983546617916","0.2115476904619076","0.2457433244242111","6109","2388"
"fig3b","2.4555096159705294","0.021544346900318832","5000","1733","1233","0.34673065386922614","0.24675064987002598","0.7116493656286044","0.22941411717656468","0.27536279231753724","6110","2389"
"fig3b","2.4555096159705294","0.02326305067153626","5000","1805","1198","0.36112777444511096","0.23975204959008198","0.6638981173864895","0.22169566086782644","0.3080430496488873","6111","2390"
"fig3b","2.4555096159705294","0.025118864315095794","5000","1852","1252","0.3705258948210358","0.2505498900219956","0.6762007555315704","0.23202359528094382","0.3441493824892632","6112","2391"
"fig3b","2.4555096159705294","0.02712272579332028","5000","1938","1263","0.3877224555088982","0.252749450109978","0.6518824136152657","0.2333633273345331","0.3840977376767398","6113","2392"
"fig3b","2.4555096159705294","0.029286445646252372","5000","1978","1324","0.3957208558288342","0.26494701059788045","0.6695300656897424","0.24516096780643873","0.42836272184882773","6114","2393"
"fig3b","2.4555096159705294","0.03162277660168379","5000","2099","1328","0.41991601679664065","0.265746850629874","0.6328571428571429","0.24475104979004197","0.47748700211514006","6115","2394"
"fig3b","2.4555096159705294","0.034145488738336005","5000","2120","1402","0.4241151769646071","0.28054389122175566","0.6614804337576615","0.2593381323735253","0.5320923770751449","6116","2395"
"fig3b","2.4555096159705294","0.03686945064519575","5000","2130","1420","0.4261147770445911","0.28414317136572687","0.666823087752229","0.26283743251349734","0.5928928431261227","6117","2396"
"fig3b","2.4555096159705294","0.039810717055349734","5000","2256","1464","0.4513097380523895","0.2929414117176565","0.6490917146654852","0.270375924815037","0.6607100501907439","6118","2397"
"fig3b","2.4555096159705294","0.042986623470822764","5000","2408","1484","0.48170365926814634","0.2969406118776245","0.6164383561643836","0.27285542891421716","0.7364916263336454","6119","2398"
"fig3b","2.4555096159705294","0.046415888336127774","5000","2398","1529","0.4797040591881624","0.3059388122375525","0.6377657357232179","0.2819536092781444","0.8213329564666196","6120","2399"
"fig3b","2.4555096159705294","0.05011872336272722","5000","2489","1527","0.4979004199160168","0.30553889222155567","0.6136546184738956","0.28064387122575485","0.9165031317692751","6121","2400"
"fig3b","2.4555096159705294","0.054116952654646375","5000","2596","1598","0.5192961407718456","0.3197360527894421","0.6157104351174433","0.29377124575084984","1.0234759505616182","6122","2401"
"fig3b","2.4555096159705294","0.05843414133735175","5000","2599","1515","0.5198960207958409","0.3031393721255749","0.583076923076923","0.27714457108578283","1.1439670570877354","6123","2402"
"fig3b","2.4555096159705294","0.06309573444801933","5000","2735","1540","0.5470905818836233","0.30813837232553487","0.5632309941520468","0.2807838432313537","1.2799785637701007","6124","2403"
"fig3b","2.4555096159705294","0.06812920690579614","5000","2859","1561","0.5718856228754249","0.3123375324935013","0.5461538461538462","0.2837432513497301","1.433852830298889","6125","2404"
"fig3b","2.4555096159705294","0.07356422544596414","5000","2883","1566","0.5766846630673865","0.31333733253349333","0.5433425797503468","0.284503099380124","1.608337489737096","6126","2405"
"fig3b","2.4555096159705294","0.07943282347242814","5000","2942","1526","0.5884823035392921","0.3053389322135573","0.5188583078491336","0.2759148170365927","1.8066643444659576","6127","2406"
"fig3b","2.4555096159705294","0.08576958985908942","5000","3067","1533","0.6134773045390922","0.3067386522695461","0.5","0.2760647870425915","2.032645439206476","6128","2407"
"fig3b","2.4555096159705294","0.09261187281287937","5000","3161","1470","0.6322735452909418","0.29414117176564686","0.46521189120809614","0.26252749450109975","2.290790502618677","6129","2408"
"fig3b","2.4555096159705294","0.1","5000","3221","1397","0.6442711457708459","0.27954409118176365","0.4338919925512104","0.24733053389322135","2.586451098285522","6130","2409"
"fig3b","2.4555096159705294","0.10797751623277094","5000","3313","1321","0.6626674665066986","0.2643471305738852","0.39891369945684974","0.23121375724855026","2.925998328761011","6131","2410"
"fig3b","2.4555096159705294","0.11659144011798317","5000","3332","1242","0.6664667066586683","0.2485502899420116","0.37293729372937295","0.21522695460907817","3.3170429143285105","6132","2411"
"fig3b","2.4555096159705294","0.12589254117941676","5000","3397","1151","0.6794641071785643","0.23035392921415718","0.33902295467922305","0.19638072385522895","3.7687090887351076","6133","2412"
"fig3b","2.4555096159705294","0.13593563908785256","5000","3534","1000","0.7068586282743451","0.2001599680063987","0.28316831683168314","0.16481703659268146","4.291977250696135","6134","2413"
"fig3b","2.4555096159705294","0.14677992676220697","5000","3589","884","0.7178564287142571","0.17696460707858427","0.24651810584958217","0.14107178564287143","4.900115009098158","6135","2414"
"fig3b","2.4555096159705294","0.15848931924611134","5000","3579","797","0.7158568286342731","0.15956808638272346","0.2229050279329609","0.1237752449510098","5.609222623185758","6136","2415"
"fig3b","2.4555096159705294","0.1711328304161781","5000","3611","609","0.7222555488902219","0.1219756048790242","0.16888150609080843","0.0858628274345131","6.4389275235193395","6137","2416"
"fig3b","2.4555096159705294","0.18478497974222907","5000","3642","493","0.7284543091381723","0.09878024395120975","0.13560252539116113","0.06235752849430114","7.413274547612161","6138","2417"
"fig3b","2.4555096159705294","0.19952623149688797","5000","3708","373","0.7416516696660668","0.07478504299140172","0.10083580479913724","0.037702459508098383","8.561875097867187","6139","2418"
"fig3b","2.4555096159705294","0.21544346900318834","5000","3766","239","0.753249350129974","0.04799040191961608","0.06371117600212371","0.010327934413117378","9.921401610596376","6140","2419"
"fig3b","2.4555096159705294","0.23263050671536262","5000","3701","133","0.740251949610078","0.026794641071785644","0.036196650459211235","-0.010217956408718257","11.53754641378066","6141","2420"
"fig3b","2.4555096159705294","0.25118864315095796","5000","3698","77","0.7396520695860828","0.015596880623875225","0.021086780210867802","-0.021385722855428918","13.467610507940208","6142","2421"
"fig3b","2.4555096159705294","0.27122725793320285","5000","3651","29","0.730253949210158","0.00599880023995201","0.008214676889375685","-0.03051389722055589","15.783954287902247","6143","2422"
"fig3b","2.4555096159705294","0.29286445646252357","5000","3591","8","0.7182563487302539","0.001799640071985603","0.0025055679287305124","-0.03411317736452709","18.5786378729548","6144","2423"
"fig3b","2.4555096159705294","0.31622776601683794","5000","3555","1","0.7110577884423115","0.0003999200159968006","0.0005624296962879641","-0.03515296940611878","21.96971663647321","6145","2424"
"fig3b","2.4555096159705294","0.34145488738336005","5000","3452","0","0.6904619076184763","0.0001999600079984003","0.0002896032435563278","-0.03432313537292542","26.109855730056495","6146","2425"
"fig3b","2.4555096159705294","0.3686945064519575","5000","3326","0","0.6652669466106779","0.0001999600079984003","0.00030057108506161706","-0.0330633873225355","31.19820813514525","6147","2426"
"fig3b","2.4555096159705294","0.3981071705534973","5000","3248","0","0.6496700659868027","0.0001999600079984003","0.0003077870113881194","-0.03228354329134173","37.49688357711187","6148","2427"
"fig3b","2.4555096159705294","0.42986623470822766","5000","3156","0","0.6312737452509498","0.0001999600079984003","0.0003167564143173899","-0.03136372725454909","45.33098236431465","6149","2428"
"fig3b","2.4555096159705294","0.464158883361278","5000","3096","0","0.6192761447710458","0.0001999600079984003","0.00032289312237649337","-0.03076384723055389","55.15722228816185","6150","2429"
"fig3b","2.4555096159705294","0.5011872336272722","5000","2957","0","0.5914817036592681","0.0001999600079984003","0.0003380662609871535","-0.02937412517496501","67.64870571839305","6151","2430"
"fig3b","2.4555096159705294","0.5411695265464638","5000","2853","0","0.5706858628274345","0.0001999600079984003","0.000350385423966363","-0.028334333133373326","83.65769561949116","6152","2431"
"fig3b","2.4555096159705294","0.5843414133735175","5000","2665","0","0.5330933813237353","0.0001999600079984003","0.0003750937734433608","-0.026454709058188367","104.31274458218223","6153","2432"
"fig3b","2.4555096159705294","0.6309573444801932","5000","2502","0","0.500499900019996","0.0001999600079984003","0.00039952057530962844","-0.024825034993001403","130.8836401695562","6154","2433"
"fig3b","2.4555096159705294","0.6812920690579611","5000","2346","0","0.46930613877224553","0.0001999600079984003","0.00042607584149978694","-0.023265346930613877","164.6396113986812","6155","2434"
"fig3b","2.4555096159705294","0.7356422544596414","5000","2101","0","0.42031593681263746","0.0001999600079984003","0.0004757373929590866","-0.020815836832633473","205.85329757819238","6156","2435"
"fig3b","2.4555096159705294","0.7943282347242814","5000","2021","0","0.40431913617276544","0.0001999600079984003","0.0004945598417408506","-0.020015996800639875","251.5667923952505","6157","2436"
"fig3b","2.4555096159705294","0.8576958985908941","5000","1910","0","0.382123575284943","0.0001999600079984003","0.0005232862375719519","-0.018906218756248754","296.62274144910367","6158","2437"
"fig3b","2.4555096159705294","0.9261187281287933","5000","1889","0","0.3779244151169766","0.0001999600079984003","0.000529100529100529","-0.018696260747850434","339.10942951509986","6159","2438"
"fig3b","2.4555096159705294","1.0","5000","1800","0","0.36012797440511896","0.0001999600079984003","0.000555247084952804","-0.01780643871225755","383.6534195103134","6160","2439"
"fig3b","2.6655467056019537","0.01","5000","1470","865","0.29414117176564686","0.1731653669266147","0.5887151597552686","0.15845830833833235","-0.021579750695934763","6161","2440"
"fig3b","2.6655467056019537","0.0107977516232771","5000","1547","876","0.3095380923815237","0.17536492701459708","0.5665374677002584","0.15988802239552088","-0.007964173226923776","6162","2441"
"fig3b","2.6655467056019537","0.011659144011798317","5000","1597","962","0.31953609278144374","0.1925614877024595","0.6026282853566959","0.17658468306338732","0.00690385338432975","6163","2442"
"fig3b","2.6655467056019537","0.012589254117941675","5000","1605","898","0.32113577284543093","0.17976404719056188","0.5597758405977583","0.16370725854829032","0.02315243202983197","6164","2443"
"fig3b","2.6655467056019537","0.013593563908785255","5000","1661","954","0.3323335332933413","0.19096180763847231","0.5746089049338148","0.17434513097380525","0.040924720623650046","6165","2444"
"fig3b","2.6655467056019537","0.014677992676220698","5000","1685","957","0.33713257348530296","0.1915616876624675","0.5682087781731909","0.17470505898820235","0.06038097745141613","6166","2445"
"fig3b","2.6655467056019537","0.015848931924611134","5000","1708","1018","0.34173165366926617","0.20375924815036991","0.5962551199531889","0.1866726654669066","0.08170092100334614","6167","2446"
"fig3b","2.6655467056019537","0.01711328304161781","5000","1788","1018","0.3577284543091382","0.20375924815036991","0.5695919508105086","0.185872825434913","0.10508645752594248","6168","2447"
"fig3b","2.6655467056019537","0.018478497974222907","5000","1802","996","0.36052789442111577","0.1993601279744051","0.5529672767609539","0.1813337332533493","0.13076483926320748","6169","2448"
"fig3b","2.6655467056019537","0.0199526231496888","5000","1916","1031","0.3833233353329334","0.20635872825434912","0.5383411580594679","0.18719256148770244","0.15899232803971586","6170","2449"
"fig3b","2.6655467056019537","0.021544346900318832","5000","1873","1046","0.3747250549890022","0.20935812837432513","0.5586979722518677","0.190621875624875","0.19005845284704037","6171","2450"
"fig3b","2.6655467056019537","0.02326305067153626","5000","1936","1101","0.3873225354929014","0.22035592881423716","0.568921011874032","0.20098980203959207","0.22429096693230122","6172","2451"
"fig3b","2.6655467056019537","0.025118864315095794","5000","1939","1107","0.3879224155168966","0.22155568886222757","0.5711340206185568","0.20215956808638275","0.26206163021302586","6173","2452"
"fig3b","2.6655467056019537","0.02712272579332028","5000","2019","1163","0.4039192161567686","0.23275344931013797","0.5762376237623763","0.21255748850229955","0.3037929673968165","6174","2453"
"fig3b","2.6655467056019537","0.029286445646252372","5000","2081","1186","0.41631673665266944","0.23735252949410118","0.5701248799231509","0.21653669266146772","0.3499661819465416","6175","2454"
"fig3b","2.6655467056019537","0.03162277660168379","5000","2192","1202","0.4385122975404919","0.24055188962207558","0.548563611491108","0.21862627474505097","0.40113044222104577","6176","2455"
"fig3b","2.6655467056019537","0.034145488738336005","5000","2187","1290","0.4375124975004999","0.2581483703259348","0.5900365630712979","0.2362727454509098","0.4579138002275158","6177","2456"
"fig3b","2.6655467056019537","0.03686945064519575","5000","2255","1295","0.4511097780443911","0.2591481703659268","0.5744680851063829","0.23659268146370724","0.5210360573665298","6178","2457"
"fig3b","2.6655467056019537","0.039810717055349734","5000","2348","1302","0.46970605878824234","0.2605478904219156","0.5547041294167732","0.2370625874825035","0.5913239577417357","6179","2458"
"fig3b","2.6655467056019537","0.042986623470822764","5000","2446","1266","0.48930213957208557","0.2533493301339732","0.5177768696362893","0.22888422315536894","0.6697291710824516","6180","2459"
"fig3b","2.6655467056019537","0.046415888336127774","5000","2478","1315","0.4957008598280344","0.2631473705258948","0.5308592174263815","0.2383623275344931","0.7573496280056133","6181","2460"
"fig3b","2.6655467056019537","0.05011872336272722","5000","2545","1363","0.5090981803639272","0.27274545090981805","0.5357423409269443","0.2472905418916217","0.8554548951991308","6182","2461"
"fig3b","2.6655467056019537","0.054116952654646375","5000","2663","1365","0.5326934613077384","0.2731453709258148","0.5127627627627628","0.2465106978604279","0.9655164335566155","6183","2462"
"fig3b","2.6655467056019537","0.05843414133735175","5000","2765","1386","0.5530893821235753","0.27734453109378127","0.5014461315979755","0.2496900619876025","1.0892437766422916","6184","2463"
"fig3b","2.6655467056019537","0.06309573444801933","5000","2749","1439","0.5498900219956009","0.28794241151769645","0.5236363636363636","0.26044791041791643","1.2286279108788563","6185","2464"
"fig3b","2.6655467056019537","0.06812920690579614","5000","2827","1416","0.5654869026194761","0.28334333133373324","0.501060820367751","0.2550689862027594","1.3859934466153732","6186","2465"
"fig3b","2.6655467056019537","0.07356422544596414","5000","2895","1372","0.5790841831633673","0.27454509098180363","0.4741022099447514","0.24559088182363525","1.5640615592533322","6187","2466"
"fig3b","2.6655467056019537","0.07943282347242814","5000","2995","1417","0.5990801839632074","0.2835432913417317","0.4732977303070761","0.2535892821435713","1.7660261762604819","6188","2467"
"fig3b","2.6655467056019537","0.08576958985908942","5000","3148","1327","0.6296740651869626","0.26554689062187564","0.4217211813274056","0.23406318736252751","1.9956465216750132","6189","2468"
"fig3b","2.6655467056019537","0.09261187281287937","5000","3154","1290","0.6308738252349531","0.2581483703259348","0.40919175911251976","0.22660467906418713","2.2573599478758126","6190","2469"
"fig3b","2.6655467056019537","0.1","5000","3222","1216","0.6444711057788443","0.24335132973405318","0.3775985107043127","0.21112777444511097","2.556420043293315","6191","2470"
"fig3b","2.6655467056019537","0.10797751623277094","5000","3301","1194","0.6602679464107178","0.23895220955808838","0.36190187764990916","0.20593881223755248","2.899066383161255","6192","2471"
"fig3b","2.6655467056019537","0.11659144011798317","5000","3412","1122","0.6824635072985403","0.22455508898220355","0.3290360386756519","0.19043191361727654","3.292734095791957","6193","2472"
"fig3b","2.6655467056019537","0.12589254117941676","5000","3454","1008","0.6908618276344731","0.20175964807038593","0.29204052098408106","0.16721655668866228","3.7463137964089697","6194","2473"
"fig3b","2.6655467056019537","0.13593563908785256","5000","3485","928","0.6970605878824235","0.1857628474305139","0.26649454962707975","0.15090981803639272","4.270475597632952","6195","2474"
"fig3b","2.6655467056019537","0.14677992676220697","5000","3569","817","0.7138572285542891","0.16356728654269145","0.22913165266106442","0.127874425114977","4.878075122734742","6196","2475"
"fig3b","2.6655467056019537","0.15848931924611134","5000","3607","684","0.7214557088582284","0.13697260547890422","0.18985587583148558","0.1008998200359928","5.58466512028167","6197","2476"
"fig3b","2.6655467056019537","0.1711328304161781","5000","3619","555","0.7238552289542092","0.11117776444711058","0.15359116022099448","0.07498500299940011","6.409143963741144","6198","2477"
"fig3b","2.6655467056019537","0.18478497974222907","5000","3607","447","0.7214557088582284","0.08958208358328335","0.12416851441241684","0.053509298140371926","7.3745828066292916","6199","2478"
"fig3b","2.6655467056019537","0.19952623149688797","5000","3715","318","0.7430513897220556","0.0637872425514897","0.08584499461786867","0.02663467306538691","8.509287578414614","6200","2479"
"fig3b","2.6655467056019537","0.21544346900318834","5000","3722","215","0.7444511097780444","0.04319136172765447","0.0580177276390008","0.005968806238752247","9.848171959621027","6201","2480"
"fig3b","2.6655467056019537","0.23263050671536262","5000","3679","144","0.7358528294341132","0.028994201159768047","0.03940217391304347","-0.007798440311937615","11.434545277735026","6202","2481"
"fig3b","2.6655467056019537","0.25118864315095796","5000","3712","75","0.7424515096980604","0.015196960607878424","0.020468623754376514","-0.021925614877024595","13.322458229505884","6203","2482"
"fig3b","2.6655467056019537","0.27122725793320285","5000","3635","30","0.7270545890821836","0.0061987602479504095","0.008525852585258526","-0.030153969206158773","15.579804167404944","6204","2483"
"fig3b","2.6655467056019537","0.29286445646252357","5000","3643","13","0.7286542691461708","0.0027994401119776045","0.003841931942919868","-0.033633273345330936","18.292450954402483","6205","2484"
"fig3b","2.6655467056019537","0.31622776601683794","5000","3643","8","0.7286542691461708","0.001799640071985603","0.002469813391877058","-0.03463307338532294","21.56978686982751","6206","2485"
"fig3b","2.6655467056019537","0.34145488738336005","5000","3560","1","0.7120575884823035","0.0003999200159968006","0.0005616399887672002","-0.03520295940811838","25.55221437087033","6207","2486"
"fig3b","2.6655467056019537","0.3686945064519575","5000","3469","0","0.6938612277544491","0.0001999600079984003","0.0002881844380403458","-0.034493101379724056","30.421327259083625","6208","2487"
"fig3b","2.6655467056019537","0.3981071705534973","5000","3329","0","0.6658668266346731","0.0001999600079984003","0.0003003003003003003","-0.03309338132373526","36.41375772694988","6209","2488"
"fig3b","2.6655467056019537","0.42986623470822766","5000","3225","0","0.6450709858028394","0.0001999600079984003","0.00030998140111593303","-0.03205358928214357","43.83993183497776","6210","2489"
"fig3b","2.6655467056019537","0.464158883361278","5000","3136","0","0.6272745450909818","0.0001999600079984003","0.000318775900541919","-0.03116376724655069","53.10902966202531","6211","2490"
"fig3b","2.6655467056019537","0.5011872336272722","5000","2991","0","0.5982803439312138","0.0001999600079984003","0.00033422459893048126","-0.02971405718856229","64.76066558117168","6212","2491"
"fig3b","2.6655467056019537","0.5411695265464638","5000","2801","0","0.5602879424115177","0.0001999600079984003","0.00035688793718772306","-0.027814437112577486","79.50019864844288","6213","2492"
"fig3b","2.6655467056019537","0.5843414133735175","5000","2705","0","0.5410917816436712","0.0001999600079984003","0.0003695491500369549","-0.026854629074185163","98.22219380983353","6214","2493"
"fig3b","2.6655467056019537","0.6309573444801932","5000","2552","0","0.510497900419916","0.0001999600079984003","0.00039169604386995685","-0.025324935012997405","121.96831188188054","6215","2494"
"fig3b","2.6655467056019537","0.6812920690579611","5000","2398","0","0.4797040591881624","0.0001999600079984003","0.0004168403501458941","-0.02378524295140972","151.6621386802982","6216","2495"
"fig3b","2.6655467056019537","0.7356422544596414","5000","2174","0","0.4349130173965207","0.0001999600079984003","0.0004597701149425287","-0.021545690861827636","187.29504251046666","6217","2496"
"fig3b","2.6655467056019537","0.7943282347242814","5000","2100","0","0.4201159768046391","0.0001999600079984003","0.00047596382674916705","-0.020805838832233556","226.67842457422586","6218","2497"
"fig3b","2.6655467056019537","0.8576958985908941","5000","2063","0","0.41271745650869823","0.0001999600079984003","0.00048449612403100775","-0.020435912817436515","266.20720681007646","6219","2498"
"fig3b","2.6655467056019537","0.9261187281287933","5000","2010","0","0.40211957608478305","0.0001999600079984003","0.0004972650422675286","-0.019906018796240755","304.1690501940889","6220","2499"
"fig3b","2.6655467056019537","1.0","5000","1892","0","0.3785242951409718","0.0001999600079984003","0.0005282620179609086","-0.01872625474905019","343.7119478816815","6221","2500"
"fig3b","2.893549751763915","0.01","5000","1585","672","0.3171365726854629","0.13457308538292342","0.4243379571248424","0.11871625674865027","-0.1702622630015469","6222","2501"
"fig3b","2.893549751763915","0.0107977516232771","5000","1594","649","0.3189362127574485","0.1299740051989602","0.40752351097178685","0.11402719456108779","-0.15159601947650003","6223","2502"
"fig3b","2.893549751763915","0.011659144011798317","5000","1636","686","0.32733453309338134","0.13737252549490103","0.41967012828344535","0.12100579884023197","-0.13126808616550534","6224","2503"
"fig3b","2.893549751763915","0.012589254117941675","5000","1613","712","0.32273545290941813","0.14257148570285944","0.44175960346964066","0.12643471305738851","-0.10911668841038136","6225","2504"
"fig3b","2.893549751763915","0.013593563908785255","5000","1665","757","0.33313337332533494","0.15156968606278745","0.4549819927971189","0.1349130173965207","-0.08496214703080796","6226","2505"
"fig3b","2.893549751763915","0.014677992676220698","5000","1712","700","0.34253149370125974","0.1401719656068786","0.40922358435493283","0.12304539092181563","-0.05860458039074956","6227","2506"
"fig3b","2.893549751763915","0.015848931924611134","5000","1761","758","0.35232953409318135","0.15176964607078583","0.4307604994324631","0.13415316936612676","-0.02982126815203401","6228","2507"
"fig3b","2.893549751763915","0.01711328304161781","5000","1727","796","0.34553089382123575","0.15936812637472506","0.46122685185185186","0.14209158168366326","0.0016363788734565787","6229","2508"
"fig3b","2.893549751763915","0.018478497974222907","5000","1834","760","0.3669266146770646","0.15216956608678264","0.41471389645776563","0.13382323535292942","0.0360463083334821","6230","2509"
"fig3b","2.893549751763915","0.0199526231496888","5000","1874","836","0.3749250149970006","0.16736652669466107","0.4464","0.14862027594481103","0.07371985287210236","6231","2510"
"fig3b","2.893549751763915","0.021544346900318832","5000","1798","825","0.3597280543891222","0.16516696660667868","0.45914396887159536","0.14718056388722256","0.11500638529247453","6232","2511"
"fig3b","2.893549751763915","0.02326305067153626","5000","1907","829","0.3815236952609478","0.16596680663867228","0.43501048218029353","0.14689062187562488","0.16029871112951355","6233","2512"
"fig3b","2.893549751763915","0.025118864315095794","5000","1898","859","0.3797240551889622","0.17196560687862428","0.4528699315429174","0.15297940411917615","0.21003932794053526","6234","2513"
"fig3b","2.893549751763915","0.02712272579332028","5000","1903","935","0.3807238552289542","0.1871625674865027","0.4915966386554622","0.16812637472505498","0.26472770536753387","6235","2514"
"fig3b","2.893549751763915","0.029286445646252372","5000","1937","924","0.38752249550089984","0.18496300739852028","0.4772961816305469","0.1655868826234753","0.32492876989738306","6236","2515"
"fig3b","2.893549751763915","0.03162277660168379","5000","2100","899","0.4201159768046391","0.1799640071985603","0.42836744407425037","0.15895820835832833","0.3912828144778189","6237","2516"
"fig3b","2.893549751763915","0.034145488738336005","5000","2143","929","0.4287142571485703","0.1859628074385123","0.43376865671641784","0.16452709458108378","0.4645170971112407","6238","2517"
"fig3b","2.893549751763915","0.03686945064519575","5000","2148","953","0.4297140571885623","0.1907618476304739","0.44392740809678916","0.1692761447710458","0.5454594461747604","6239","2518"
"fig3b","2.893549751763915","0.039810717055349734","5000","2107","927","0.4215156968606279","0.1855628874225155","0.44022770398481975","0.16448710257948412","0.6350542557164545","6240","2519"
"fig3b","2.893549751763915","0.042986623470822764","5000","2213","998","0.4427114577084583","0.19976004799040192","0.45121951219512196","0.177624475104979","0.7343813343460397","6241","2520"
"fig3b","2.893549751763915","0.046415888336127774","5000","2328","1005","0.4657068586282743","0.2011597680463907","0.43194504079003865","0.177874425114977","0.8446781701943564","6242","2521"
"fig3b","2.893549751763915","0.05011872336272722","5000","2387","946","0.47750449910017995","0.1893621275744851","0.39656616415410384","0.1654869026194761","0.9673662965422238","6243","2522"
"fig3b","2.893549751763915","0.054116952654646375","5000","2439","1004","0.4879024195160968","0.20095980803839233","0.41188524590163933","0.1765646870625875","1.1040825940515333","6244","2523"
"fig3b","2.893549751763915","0.05843414133735175","5000","2522","996","0.504499100179964","0.1993601279744051","0.39516448672215615","0.1741351729654069","1.256716553895103","6245","2524"
"fig3b","2.893549751763915","0.06309573444801933","5000","2582","939","0.5164967006598681","0.1879624075184963","0.3639179248935346","0.1621375724855029","1.4274547614143387","6246","2525"
"fig3b","2.893549751763915","0.06812920690579614","5000","2621","941","0.5242951409718056","0.1883623275344931","0.35926773455377575","0.16214757048590284","1.6188341552443148","6247","2526"
"fig3b","2.893549751763915","0.07356422544596414","5000","2688","943","0.5376924615076984","0.1887622475504899","0.35105987355894386","0.16187762447510498","1.833805989059499","6248","2527"
"fig3b","2.893549751763915","0.07943282347242814","5000","2714","928","0.5428914217156569","0.1857628474305139","0.3421731123388582","0.15861827634473108","2.0758128944098075","6249","2528"
"fig3b","2.893549751763915","0.08576958985908942","5000","2859","882","0.5718856228754249","0.1765646870625875","0.3087412587412588","0.14797040591881624","2.3488820428054566","6250","2529"
"fig3b","2.893549751763915","0.09261187281287937","5000","2884","878","0.5768846230753849","0.1757648470305939","0.30467937608318896","0.14692061587682465","2.657738172078382","6251","2530"
"fig3b","2.893549751763915","0.1","5000","2915","800","0.5830833833233353","0.16016796640671865","0.27469135802469136","0.1310137972405519","3.0079412278021778","6252","2531"
"fig3b","2.893549751763915","0.10797751623277094","5000","3075","738","0.6150769846030794","0.14777044591081784","0.2402470741222367","0.11701659668066387","3.406054644523266","6253","2532"
"fig3b","2.893549751763915","0.11659144011798317","5000","3067","714","0.6134773045390922","0.14297140571885622","0.23305084745762708","0.1122975404919016","3.859851947221898","6254","2533"
"fig3b","2.893549751763915","0.12589254117941676","5000","3110","657","0.6220755848830234","0.1315736852629474","0.21150755384120862","0.10046990601879624","4.378571517483351","6255","2534"
"fig3b","2.893549751763915","0.13593563908785256","5000","3082","549","0.6164767046590682","0.10997800439912017","0.1783976646123905","0.07915416916616676","4.973232214157974","6256","2535"
"fig3b","2.893549751763915","0.14677992676220697","5000","3190","481","0.6380723855228955","0.09638072385522896","0.15104982764023817","0.06447710457908418","5.657026301681668","6257","2536"
"fig3b","2.893549751763915","0.15848931924611134","5000","3249","363","0.649870025994801","0.07278544291141771","0.11199999999999999","0.04029194161167766","6.445811147151119","6258","2537"
"fig3b","2.893549751763915","0.1711328304161781","5000","3325","311","0.6650669866026795","0.0623875224955009","0.09380637402285026","0.02913417316536692","7.3587278513387275","6259","2538"
"fig3b","2.893549751763915","0.18478497974222907","5000","3290","220","0.6580683863227355","0.044191161767646474","0.06715284108173808","0.011287742451509701","8.41898400625567","6260","2539"
"fig3b","2.893549751763915","0.19952623149688797","5000","3368","153","0.6736652669466107","0.03079384123175365","0.04571089344018997","-0.0028894221155768875","9.654849994582662","6261","2540"
"fig3b","2.893549751763915","0.21544346900318834","5000","3384","83","0.6768646270745851","0.016796640671865627","0.02481536189069424","-0.01704659068186363","11.100934875499888","6262","2541"
"fig3b","2.893549751763915","0.23263050671536262","5000","3314","58","0.6628674265146971","0.011797640471905619","0.01779788838612368","-0.021345730853829237","12.799830609296237","6263","2542"
"fig3b","2.893549751763915","0.25118864315095796","5000","3352","26","0.6704659068186363","0.005398920215956809","0.008052490307187594","-0.028124375124975003","14.804244436862149","6264","2543"
"fig3b","2.893549751763915","0.27122725793320285","5000","3291","13","0.6582683463307338","0.0027994401119776045","0.004252733900364521","-0.03011397720455909","17.179781662125208","6265","2544"
"fig3b","2.893549751763915","0.29286445646252357","5000","3271","5","0.6542691461707658","0.0011997600479904018","0.0018337408312958435","-0.03151369726054789","20.008598637043235","6266","2545"
"fig3b","2.893549751763915","0.31622776601683794","5000","3198","4","0.6396720655868826","0.0009998000399920016","0.0015629884338855893","-0.03098380323935213","23.39422246658873","6267","2546"
"fig3b","2.893549751763915","0.34145488738336005","5000","3189","0","0.637872425514897","0.0001999600079984003","0.00031347962382445143","-0.03169366126774645","27.4679324336837","6268","2547"
"fig3b","2.893549751763915","0.3686945064519575","5000","3085","0","0.6170765846830634","0.0001999600079984003","0.0003240440699935191","-0.03065386922615477","32.39721426927895","6269","2548"
"fig3b","2.893549751763915","0.3981071705534973","5000","3068","0","0.6136772645470906","0.0001999600079984003","0.00032583903551645487","-0.03048390321935613","38.39690669730399","6270","2549"
"fig3b","2.893549751763915","0.42986623470822766","5000","3019","0","0.6038792241551689","0.0001999600079984003","0.00033112582781456954","-0.029994001199760048","45.74367407606337","6271","2550"
"fig3b","2.893549751763915","0.464158883361278","5000","2910","0","0.5820835832833433","0.0001999600079984003","0.00034352456200618345","-0.028904219156168767","54.794108004207885","6272","2551"
"fig3b","2.893549751763915","0.5011872336272722","5000","2775","0","0.5550889822035593","0.0001999600079984003","0.00036023054755043225","-0.027554489102179565","66.00538881642524","6273","2552"
"fig3b","2.893549751763915","0.5411695265464638","5000","2651","0","0.5302939412117577","0.0001999600079984003","0.00037707390648567115","-0.026314737052589486","79.95315043102329","6274","2553"
"fig3b","2.893549751763915","0.5843414133735175","5000","2539","0","0.5078984203159368","0.0001999600079984003","0.0003937007874015748","-0.02519496100779844","97.32911556195484","6275","2554"
"fig3b","2.893549751763915","0.6309573444801932","5000","2360","0","0.47210557888422316","0.0001999600079984003","0.00042354934349851756","-0.02340531893621276","118.8699298956808","6276","2555"
"fig3b","2.893549751763915","0.6812920690579611","5000","2189","0","0.4379124175164967","0.0001999600079984003","0.00045662100456621003","-0.021695660867826434","145.10379159928056","6277","2556"
"fig3b","2.893549751763915","0.7356422544596414","5000","2088","0","0.41771645670865826","0.0001999600079984003","0.0004786979415988511","-0.020685862827434516","175.76543773122518","6278","2557"
"fig3b","2.893549751763915","0.7943282347242814","5000","2046","0","0.40931813637272546","0.0001999600079984003","0.0004885197850512946","-0.020265946810637876","209.17761931603252","6279","2558"
"fig3b","2.893549751763915","0.8576958985908941","5000","1969","0","0.39392121575684863","0.0001999600079984003","0.0005076142131979696","-0.019496100779844032","242.9531861085539","6280","2559"
"fig3b","2.893549751763915","0.9261187281287933","5000","1939","0","0.3879224155168966","0.0001999600079984003","0.0005154639175257732","-0.019196160767846433","275.86235146688466","6281","2560"
"fig3b","2.893549751763915","1.0","5000","2006","0","0.4013197360527894","0.0001999600079984003","0.0004982561036372695","-0.019866026794641074","310.2270737896086","6282","2561"
"fig3b","3.141055509677233","0.01","5000","1562","536","0.3125374925014997","0.10737852429514097","0.3435700575815739","0.09175164967006598","-0.28067269934632577","6283","2562"
"fig3b","3.141055509677233","0.0107977516232771","5000","1605","551","0.32113577284543093","0.11037792441511697","0.3437110834371108","0.09432113577284543","-0.2560681048055642","6284","2563"
"fig3b","3.141055509677233","0.011659144011798317","5000","1613","593","0.32273545290941813","0.1187762447510498","0.3680297397769517","0.10263947210557889","-0.22931990127409563","6285","2564"
"fig3b","3.141055509677233","0.012589254117941675","5000","1709","608","0.34193161367726455","0.1217756448710258","0.356140350877193","0.10467906418716257","-0.2002265296531789","6286","2565"
"fig3b","3.141055509677233","0.013593563908785255","5000","1660","559","0.33213357328534293","0.11197760447910418","0.33714629741119806","0.09537092581483703","-0.16856513549444685","6287","2566"
"fig3b","3.141055509677233","0.014677992676220698","5000","1715","609","0.34313137372525493","0.1219756048790242","0.35547785547785554","0.10481903619276145","-0.13408896600034836","6288","2567"
"fig3b","3.141055509677233","0.015848931924611134","5000","1740","602","0.34813037392521495","0.1205758848230354","0.3463526708788053","0.10316936612677464","-0.09652439905420351","6289","2568"
"fig3b","3.141055509677233","0.01711328304161781","5000","1747","593","0.34953009398120377","0.1187762447510498","0.33981693363844395","0.1012997400519896","-0.05556754555806265","6290","2569"
"fig3b","3.141055509677233","0.018478497974222907","5000","1742","592","0.34853029394121177","0.11857628474305139","0.3402180149168101","0.1011497700459908","-0.010880356050904538","6291","2570"
"fig3b","3.141055509677233","0.0199526231496888","5000","1795","620","0.35912817436512695","0.1241751649670066","0.3457683741648107","0.10621875624875025","0.03791384968980083","6292","2571"
"fig3b","3.141055509677233","0.021544346900318832","5000","1781","615","0.35632873425314937","0.1231753649270146","0.345679012345679","0.10535892821435713","0.09123552600743778","6293","2572"
"fig3b","3.141055509677233","0.02326305067153626","5000","1726","608","0.3453309338132374","0.1217756448710258","0.35263462651997685","0.10450909818036393","0.14955483113359946","6294","2573"
"fig3b","3.141055509677233","0.025118864315095794","5000","1823","667","0.36472705458908217","0.13357328534293142","0.3662280701754386","0.11533693261347731","0.21339847778168064","6295","2574"
"fig3b","3.141055509677233","0.02712272579332028","5000","1891","668","0.3783243351329734","0.13377324535092983","0.3535940803382664","0.11485702859428115","0.28335766419476727","6296","2575"
"fig3b","3.141055509677233","0.029286445646252372","5000","1806","635","0.3613277344531094","0.1271745650869826","0.3519645821804095","0.10910817836432714","0.36009727560556826","6297","2576"
"fig3b","3.141055509677233","0.03162277660168379","5000","1868","665","0.3737252549490102","0.1331733653269346","0.35634028892455855","0.11448710257948409","0.4443665827203347","6298","2577"
"fig3b","3.141055509677233","0.034145488738336005","5000","1956","639","0.39132173565286943","0.1279744051189762","0.3270311701584057","0.10840831833633273","0.5370117081774595","6299","2578"
"fig3b","3.141055509677233","0.03686945064519575","5000","1995","689","0.39912017596480703","0.13797240551889622","0.3456913827655311","0.11801639672065586","0.6389901857924087","6300","2579"
"fig3b","3.141055509677233","0.039810717055349734","5000","2034","677","0.40691861627674464","0.13557288542291543","0.3331695331695332","0.1152269546090782","0.7513880029665643","6301","2580"
"fig3b","3.141055509677233","0.042986623470822764","5000","1978","692","0.3957208558288342","0.13857228554289142","0.3501768569984841","0.11878624275144971","0.875439596741046","6302","2581"
"fig3b","3.141055509677233","0.046415888336127774","5000","2103","663","0.42071585682863427","0.13277344531093782","0.31558935361216733","0.11173765246950611","1.0125513721168602","6303","2582"
"fig3b","3.141055509677233","0.05011872336272722","5000","2090","661","0.41811637672465507","0.132373525294941","0.3165949306551889","0.11146770645870825","1.1643294319537176","6304","2583"
"fig3b","3.141055509677233","0.054116952654646375","5000","2160","659","0.4321135772845431","0.13197360527894422","0.3054141601110597","0.11036792641471707","1.3326123566649244","6305","2584"
"fig3b","3.141055509677233","0.05843414133735175","5000","2222","603","0.4445110977804439","0.12077584483103379","0.27170490328385066","0.09855028994201159","1.5195100563333597","6306","2585"
"fig3b","3.141055509677233","0.06309573444801933","5000","2217","646","0.4435112977404519","0.129374125174965","0.29170423805229934","0.10719856028794239","1.7274499471301397","6307","2586"
"fig3b","3.141055509677233","0.06812920690579614","5000","2278","620","0.45570885822835433","0.1241751649670066","0.2724879333040808","0.10138972205558888","1.9592319900447137","6308","2587"
"fig3b","3.141055509677233","0.07356422544596414","5000","2342","617","0.46850629874025196","0.1235752849430114","0.26376440460947503","0.1001499700059988","2.218094488518858","6309","2588"
"fig3b","3.141055509677233","0.07943282347242814","5000","2358","570","0.47170565886822635","0.11417716456708658","0.2420517168291649","0.09059188162367526","2.507792992918155","6310","2589"
"fig3b","3.141055509677233","0.08576958985908942","5000","2371","502","0.47430513897220555","0.10057988402319536","0.21205733558178752","0.07686462707458508","2.832695230344825","6311","2590"
"fig3b","3.141055509677233","0.09261187281287937","5000","2401","521","0.4803039392121576","0.10437912417516497","0.21731890091590342","0.0803639272145571","3.197895702947392","6312","2591"
"fig3b","3.141055509677233","0.1","5000","2521","459","0.5042991401719656","0.09198160367926415","0.1823949246629659","0.06676664667066587","3.6093545225146215","6313","2592"
"fig3b","3.141055509677233","0.10797751623277094","5000","2527","408","0.505498900219956","0.08178364327134573","0.16178797468354428","0.05650869826034792","4.074066234754071","6314","2593"
"fig3b","3.141055509677233","0.11659144011798317","5000","2554","391","0.5108978204359128","0.07838432313537293","0.15342465753424658","0.052839432113577285","4.600265914305908","6315","2594"
"fig3b","3.141055509677233","0.12589254117941676","5000","2625","307","0.5250949810037993","0.0615876824635073","0.11728865194211728","0.035332933413317336","5.1976817899486605","6316","2595"
"fig3b","3.141055509677233","0.13593563908785256","5000","2668","304","0.5336932613477304","0.0609878024395121","0.11427500936680406","0.03430313937212558","5.877846234407599","6317","2596"
"fig3b","3.141055509677233","0.14677992676220697","5000","2639","226","0.5278944211157769","0.04539092181563687","0.08598484848484847","0.018996200759848026","6.654480321396875","6318","2597"
"fig3b","3.141055509677233","0.15848931924611134","5000","2768","218","0.5536892621475705","0.04379124175164967","0.07908992416034669","0.01610677864427114","7.543971579768652","6319","2598"
"fig3b","3.141055509677233","0.1711328304161781","5000","2765","101","0.5530893821235753","0.020395920815836834","0.036876355748373106","-0.007258548290341931","8.565970420404426","6320","2599"
"fig3b","3.141055509677233","0.18478497974222907","5000","2760","95","0.5520895820835833","0.01919616076784643","0.03477001086562839","-0.008408318336332737","9.744138461532714","6321","2600"
"fig3b","3.141055509677233","0.19952623149688797","5000","2732","56","0.5464907018596281","0.011397720455908818","0.02085620197585071","-0.01592681463707259","11.107092285615636","6322","2601"
"fig3b","3.141055509677233","0.21544346900318834","5000","2717","41","0.5434913017396521","0.008398320335932814","0.015452538631346577","-0.018776244751049793","12.689599894701246","6323","2602"
"fig3b","3.141055509677233","0.23263050671536262","5000","2760","20","0.5520895820835833","0.004199160167966407","0.007605939876856212","-0.02340531893621276","14.534105422938751","6324","2603"
"fig3b","3.141055509677233","0.25118864315095796","5000","2744","14","0.5488902219556089","0.002999400119976005","0.00546448087431694","-0.02444511097780444","16.69268192960982","6325","2604"
"fig3b","3.141055509677233","0.27122725793320285","5000","2775","3","0.5550889822035593","0.0007998400319936012","0.001440922190201729","-0.026954609078184363","19.229543957540272","6326","2605"
"fig3b","3.141055509677233","0.29286445646252357","5000","2679","0","0.5358928214357128","0.0001999600079984003","0.00037313432835820896","-0.02659468106378724","22.22429249688105","6327","2606"
"fig3b","3.141055509677233","0.31622776601683794","5000","2581","1","0.5162967406518696","0.0003999200159968006","0.000774593338497289","-0.02541491701659668","25.776115408847545","6328","2607"
"fig3b","3.141055509677233","0.34145488738336005","5000","2591","0","0.5182963407318536","0.0001999600079984003","0.0003858024691358025","-0.02571485702859428","30.009222826263738","6329","2608"
"fig3b","3.141055509677233","0.3686945064519575","5000","2546","0","0.5092981403719257","0.0001999600079984003","0.000392618767177071","-0.025264947010597887","35.07984572886096","6330","2609"
"fig3b","3.141055509677233","0.3981071705534973","5000","2499","0","0.4999000199960008","0.0001999600079984003","0.00039999999999999996","-0.02479504099180164","41.18512619830133","6331","2610"
"fig3b","3.141055509677233","0.42986623470822766","5000","2395","0","0.47910417916416714","0.0001999600079984003","0.00041736227045075126","-0.02375524895020996","48.57407236164485","6332","2611"
"fig3b","3.141055509677233","0.464158883361278","5000","2321","0","0.46430713857228556","0.0001999600079984003","0.0004306632213608957","-0.02301539692061588","57.56016722116337","6333","2612"
"fig3b","3.141055509677233","0.5011872336272722","5000","2248","0","0.4497100579884023","0.0001999600079984003","0.00044464206313917296","-0.022285542891421716","68.53353170334458","6334","2613"
"fig3b","3.141055509677233","0.5411695265464638","5000","2156","0","0.4313137372525495","0.0001999600079984003","0.0004636068613815484","-0.021365726854629077","81.96610766658475","6335","2614"
"fig3b","3.141055509677233","0.5843414133735175","5000","2037","0","0.40751849630073983","0.0001999600079984003","0.0004906771344455348","-0.020175964807038593","98.39241815373782","6336","2615"
"fig3b","3.141055509677233","0.6309573444801932","5000","1962","0","0.3925214957008598","0.0001999600079984003","0.0005094243504839531","-0.019426114777044593","118.32438130383258","6337","2616"
"fig3b","3.141055509677233","0.6812920690579611","5000","1852","0","0.3705258948210358","0.0001999600079984003","0.0005396654074473825","-0.018326334733053392","142.02123279057366","6338","2617"
"fig3b","3.141055509677233","0.7356422544596414","5000","1787","0","0.35752849430113975","0.0001999600079984003","0.0005592841163310962","-0.017676464707058588","169.06156880726252","6339","2618"
"fig3b","3.141055509677233","0.7943282347242814","5000","1749","0","0.3499300139972006","0.0001999600079984003","0.0005714285714285714","-0.01729654069186163","198.04059577386647","6340","2619"
"fig3b","3.141055509677233","0.8576958985908941","5000","1760","0","0.352129574085183","0.0001999600079984003","0.0005678591709256105","-0.01740651869626075","227.2077226587857","6341","2620"
"fig3b","3.141055509677233","0.9261187281287933","5000","1811","0","0.3623275344931014","0.0001999600079984003","0.0005518763796909492","-0.017916416716656672","255.6896142735016","6342","2621"
"fig3b","3.141055509677233","1.0","5000","1889","0","0.3779244151169766","0.0001999600079984003","0.000529100529100529","-0.018696260747850434","285.4931117531431","6343","2622"
"fig3b","3.4097321840964443","0.01","5000","1782","437","0.35652869426114775","0.08758248350329934","0.24565339315759954","0.06975604879024194","-0.5276621371739338","6344","2623"
"fig3b","3.4097321840964443","0.0107977516232771","5000","1695","456","0.33913217356528697","0.09138172365526895","0.2694575471698113","0.0744251149770046","-0.49511500212696546","6345","2624"
"fig3b","3.4097321840964443","0.011659144011798317","5000","1780","437","0.356128774245151","0.08758248350329934","0.24592925322852327","0.06977604479104178","-0.4597836710221941","6346","2625"
"fig3b","3.4097321840964443","0.012589254117941675","5000","1724","431","0.34493101379724056","0.08638272345530894","0.25043478260869567","0.06913617276544691","-0.4214143582530312","6347","2626"
"fig3b","3.4097321840964443","0.013593563908785255","5000","1738","438","0.34773045390921814","0.08778244351129774","0.25244393329499715","0.07039592081583683","-0.3797276388947637","6348","2627"
"fig3b","3.4097321840964443","0.014677992676220698","5000","1772","458","0.35452909418116374","0.09178164367126575","0.25888324873096447","0.07405518896220756","-0.33441547211054967","6349","2628"
"fig3b","3.4097321840964443","0.015848931924611134","5000","1741","435","0.34833033393321333","0.08718256348730254","0.2502870264064294","0.06976604679064187","-0.28513782295667056","6350","2629"
"fig3b","3.4097321840964443","0.01711328304161781","5000","1720","416","0.34413117376524693","0.08338332333533294","0.242300987797792","0.06617676464707059","-0.23151882075535468","6351","2630"
"fig3b","3.4097321840964443","0.018478497974222907","5000","1815","442","0.36312737452509497","0.08858228354329134","0.24394273127753305","0.07042591481703658","-0.17314238160119544","6352","2631"
"fig3b","3.4097321840964443","0.0199526231496888","5000","1731","419","0.3463307338532294","0.08398320335932813","0.24249422632794454","0.06666666666666665","-0.10954721004111434","6353","2632"
"fig3b","3.4097321840964443","0.021544346900318832","5000","1772","441","0.35452909418116374","0.08838232353529295","0.2492949802594473","0.07065586882623476","-0.04022108004329539","6354","2633"
"fig3b","3.4097321840964443","0.02326305067153626","5000","1802","425","0.36052789442111577","0.08518296340731854","0.23627287853577372","0.06715656868626275","0.035405722403027085","6355","2634"
"fig3b","3.4097321840964443","0.025118864315095794","5000","1865","427","0.373125374925015","0.08558288342331534","0.22936763129689175","0.0669266146770646","0.11796793391999927","6356","2635"
"fig3b","3.4097321840964443","0.02712272579332028","5000","1790","447","0.35812837432513495","0.08958208358328335","0.2501395868230039","0.07167566486702659","0.2081739898696071","6357","2636"
"fig3b","3.4097321840964443","0.029286445646252372","5000","1819","417","0.3639272145570886","0.08358328334333133","0.22967032967032966","0.0653869226154769","0.3068160366905772","6358","2637"
"fig3b","3.4097321840964443","0.03162277660168379","5000","1819","471","0.3639272145570886","0.09438112377524495","0.2593406593406593","0.07618476304739052","0.414781511781257","6359","2638"
"fig3b","3.4097321840964443","0.034145488738336005","5000","1742","398","0.34853029394121177","0.07978404319136173","0.22891566265060243","0.06235752849430114","0.5330665664190235","6360","2639"
"fig3b","3.4097321840964443","0.03686945064519575","5000","1861","391","0.3723255348930214","0.07838432313537293","0.2105263157894737","0.059768046390721856","0.6627916605752944","6361","2640"
"fig3b","3.4097321840964443","0.039810717055349734","5000","1823","371","0.36472705458908217","0.07438512297540492","0.20394736842105265","0.056148770245950816","0.8052197231911578","6362","2641"
"fig3b","3.4097321840964443","0.042986623470822764","5000","1795","409","0.35912817436512695","0.08198360327934413","0.22828507795100225","0.06402719456108778","0.9617773501244073","6363","2642"
"fig3b","3.4097321840964443","0.046415888336127774","5000","1805","368","0.36112777444511096","0.07378524295140972","0.20431893687707642","0.05572885422915416","1.1340796078934545","6364","2643"
"fig3b","3.4097321840964443","0.05011872336272722","5000","1809","348","0.3619276144771046","0.06978604279144171","0.19281767955801105","0.051689662067586475","1.323959128662068","6365","2644"
"fig3b","3.4097321840964443","0.054116952654646375","5000","1772","376","0.35452909418116374","0.07538492301539693","0.21263395375070504","0.05765846830633874","1.5335003258786912","6366","2645"
"fig3b","3.4097321840964443","0.05843414133735175","5000","1791","337","0.3583283343331334","0.06758648270345931","0.18861607142857142","0.04967006598680264","1.7650797372592706","6367","2646"
"fig3b","3.4097321840964443","0.06309573444801933","5000","1820","328","0.364127174565087","0.0657868426314737","0.18066996155958265","0.04758048390321935","2.0214137208661214","6368","2647"
"fig3b","3.4097321840964443","0.06812920690579614","5000","1837","324","0.3675264947010598","0.0649870025994801","0.17682263329706202","0.046610677864427116","2.3056150016873573","6369","2648"
"fig3b","3.4097321840964443","0.07356422544596414","5000","1855","258","0.371125774845031","0.051789642071585686","0.13954741379310345","0.03323335332933414","2.62125990428018","6370","2649"
"fig3b","3.4097321840964443","0.07943282347242814","5000","1935","255","0.38712257548490303","0.05118976204759048","0.1322314049586777","0.031833633273345326","2.972468529595943","6371","2650"
"fig3b","3.4097321840964443","0.08576958985908942","5000","1888","249","0.37772445510897823","0.04999000199960008","0.13234515616728426","0.03110377924415117","3.364000664202308","6372","2651"
"fig3b","3.4097321840964443","0.09261187281287937","5000","1853","227","0.3707258548290342","0.04559088182363527","0.12297734627831715","0.02705458908218356","3.801370877840668","6373","2652"
"fig3b","3.4097321840964443","0.1","5000","1937","207","0.38752249550089984","0.041591681663667265","0.10732714138286893","0.02221555688862227","4.290987109767059","6374","2653"
"fig3b","3.4097321840964443","0.10797751623277094","5000","2014","145","0.4029194161167766","0.029194161167766446","0.07245657568238213","0.009048190361927614","4.840318116890899","6375","2654"
"fig3b","3.4097321840964443","0.11659144011798317","5000","1920","161","0.384123175364927","0.03239352129574085","0.08433107756376887","0.013187362527494497","5.458096524566571","6376","2655"
"fig3b","3.4097321840964443","0.12589254117941676","5000","1908","123","0.3817236552689462","0.024795040991801638","0.06495547407019382","0.005708858228354326","6.154565972447074","6377","2656"
"fig3b","3.4097321840964443","0.13593563908785256","5000","1999","88","0.39992001599680066","0.01779644071185763","0.0445","-0.002199560087982406","6.941783099591248","6378","2657"
"fig3b","3.4097321840964443","0.14677992676220697","5000","2062","81","0.41251749650069985","0.016396720655868825","0.03974793989335918","-0.0042291541691661695","7.8339880185451705","6379","2658"
"fig3b","3.4097321840964443","0.15848931924611134","5000","1991","61","0.39832033593281346","0.012397520495900819","0.031124497991967866","-0.007518496300739856","8.84806068954805","6380","2659"
"fig3b","3.4097321840964443","0.1711328304161781","5000","1964","30","0.3929214157168566","0.0061987602479504095","0.015776081424936386","-0.013447310537892424","10.004085488083035","6381","2660"
"fig3b","3.4097321840964443","0.18478497974222907","5000","1978","29","0.3957208558288342","0.00599880023995201","0.015159171298635676","-0.013787242551489701","11.326052605660635","6382","2661"
"fig3b","3.4097321840964443","0.19952623149688797","5000","1945","18","0.38912217556488704","0.003799240151969606","0.009763617677286741","-0.015656868626274748","12.842733174179699","6383","2662"
"fig3b","3.4097321840964443","0.21544346900318834","5000","2067","8","0.41351729654069186","0.001799640071985603","0.004352030947775629","-0.018876224755048993","14.588775702820271","6384","2663"
"fig3b","3.4097321840964443","0.23263050671536262","5000","1989","2","0.39792041591681665","0.0005998800239952009","0.0015075376884422108","-0.019296140771845632","16.606085200023188","6385","2664"
"fig3b","3.4097321840964443","0.25118864315095796","5000","1979","1","0.39592081583683264","0.0003999200159968006","0.00101010101010101","-0.019396120775844836","18.945563879791592","6386","2665"
"fig3b","3.4097321840964443","0.27122725793320285","5000","1985","1","0.397120575884823","0.0003999200159968006","0.0010070493454179255","-0.019456108778244354","21.669314089186628","6387","2666"
"fig3b","3.4097321840964443","0.29286445646252357","5000","1941","1","0.3883223355328934","0.0003999200159968006","0.0010298661174047373","-0.019016196760647874","24.85342978745419","6388","2667"
"fig3b","3.4097321840964443","0.31622776601683794","5000","1916","0","0.3833233353329334","0.0001999600079984003","0.0005216484089723526","-0.018966206758648272","28.591530324958768","6389","2668"
"fig3b","3.4097321840964443","0.34145488738336005","5000","1927","0","0.38552289542091583","0.0001999600079984003","0.0005186721991701245","-0.019076184763047392","32.99921234102965","6390","2669"
"fig3b","3.4097321840964443","0.3686945064519575","5000","1849","0","0.36992601479704057","0.0001999600079984003","0.0005405405405405405","-0.01829634073185363","38.21959396441656","6391","2670"
"fig3b","3.4097321840964443","0.3981071705534973","5000","1872","0","0.3745250949810038","0.0001999600079984003","0.0005339028296849973","-0.01852629474105179","44.43005605597676","6392","2671"
"fig3b","3.4097321840964443","0.42986623470822766","5000","1761","0","0.35232953409318135","0.0001999600079984003","0.0005675368898978433","-0.01741651669666067","51.85004588262538","6393","2672"
"fig3b","3.4097321840964443","0.464158883361278","5000","1708","0","0.34173165366926617","0.0001999600079984003","0.0005851375073142187","-0.01688662267546491","60.74916822606838","6394","2673"
"fig3b","3.4097321840964443","0.5011872336272722","5000","1737","0","0.34753049390121976","0.0001999600079984003","0.0005753739930955121","-0.01717656468706259","71.4532372074051","6395","2674"
"fig3b","3.4097321840964443","0.5411695265464638","5000","1657","0","0.33153369326134774","0.0001999600079984003","0.0006031363088057901","-0.016376724655068987","84.34243010795552","6396","2675"
"fig3b","3.4097321840964443","0.5843414133735175","5000","1619","0","0.3239352129574085","0.0001999600079984003","0.0006172839506172839","-0.015996800639872025","99.82824119669155","6397","2676"
"fig3b","3.4097321840964443","0.6309573444801932","5000","1598","0","0.3197360527894421","0.0001999600079984003","0.0006253908692933083","-0.015786842631473706","118.28274252251924","6398","2677"
"fig3b","3.4097321840964443","0.6812920690579611","5000","1495","0","0.2991401719656069","0.0001999600079984003","0.0006684491978609625","-0.014757048590281945","139.8818105544251","6399","2678"
"fig3b","3.4097321840964443","0.7356422544596414","5000","1531","0","0.3063387322535493","0.0001999600079984003","0.0006527415143603133","-0.015116976604679066","164.36226447226113","6400","2679"
"fig3b","3.4097321840964443","0.7943282347242814","5000","1484","0","0.2969406118776245","0.0001999600079984003","0.0006734006734006733","-0.014647070585882827","190.88139696119902","6401","2680"
"fig3b","3.4097321840964443","0.8576958985908941","5000","1474","0","0.2949410117976405","0.0001999600079984003","0.0006779661016949152","-0.014547090581883625","218.3332272056303","6402","2681"
"fig3b","3.4097321840964443","0.9261187281287933","5000","1568","0","0.3137372525494901","0.0001999600079984003","0.0006373486297004461","-0.015486902619476106","246.02437344698075","6403","2682"
"fig3b","3.4097321840964443","1.0","5000","1596","0","0.3193361327734453","0.0001999600079984003","0.0006261740763932373","-0.015766846630673865","275.5362946634048","6404","2683"
"fig3b","3.7013906731173303","0.01","5000","1605","336","0.32113577284543093","0.0673865226954609","0.20983810709838105","0.05132973405318936","-0.5233747502645087","6405","2684"
"fig3b","3.7013906731173303","0.0107977516232771","5000","1622","355","0.3245350929814037","0.07118576284743051","0.21934688847812694","0.05495900819836033","-0.4830874067392301","6406","2685"
"fig3b","3.7013906731173303","0.011659144011798317","5000","1607","338","0.3215356928614277","0.06778644271145771","0.21082089552238809","0.05170965806838633","-0.43939427703762135","6407","2686"
"fig3b","3.7013906731173303","0.012589254117941675","5000","1636","386","0.32733453309338134","0.07738452309538092","0.2364080635308491","0.061017796440711855","-0.3919913378956892","6408","2687"
"fig3b","3.7013906731173303","0.013593563908785255","5000","1579","365","0.31593681263747253","0.07318536292741452","0.23164556962025318","0.057388522295540895","-0.34054481976863826","6409","2688"
"fig3b","3.7013906731173303","0.014677992676220698","5000","1648","330","0.3297340531893621","0.0661867626474705","0.20072771376591875","0.04970005998800239","-0.28468788846672055","6410","2689"
"fig3b","3.7013906731173303","0.015848931924611134","5000","1520","326","0.3041391721655669","0.0653869226154769","0.21499013806706113","0.05017996400719856","-0.22401689622577692","6411","2690"
"fig3b","3.7013906731173303","0.01711328304161781","5000","1549","360","0.3099380123975205","0.07218556288742252","0.23290322580645162","0.05668866226754649","-0.1580871379512132","6412","2691"
"fig3b","3.7013906731173303","0.018478497974222907","5000","1566","334","0.31333733253349333","0.0669866026794641","0.21378430121250794","0.05131973605278943","-0.08640803764205884","6413","2692"
"fig3b","3.7013906731173303","0.0199526231496888","5000","1588","335","0.3177364527094581","0.06718656268746251","0.21145374449339208","0.051299740051989604","-0.008437677301657232","6414","2693"
"fig3b","3.7013906731173303","0.021544346900318832","5000","1469","338","0.2939412117576485","0.06778644271145771","0.2306122448979592","0.05308938212357529","0.07642343441062849","6415","2694"
"fig3b","3.7013906731173303","0.02326305067153626","5000","1550","306","0.3101379724055189","0.0613877224555089","0.19793681495809157","0.04588082383523295","0.16883947439907843","6416","2695"
"fig3b","3.7013906731173303","0.025118864315095794","5000","1519","285","0.3039392121575685","0.05718856228754249","0.1881578947368421","0.041991601679664065","0.2695474401187141","6417","2696"
"fig3b","3.7013906731173303","0.02712272579332028","5000","1458","300","0.2917416516696661","0.060187962407518496","0.20630568882796435","0.04560087982403519","0.3793664746010279","6418","2697"
"fig3b","3.7013906731173303","0.029286445646252372","5000","1466","281","0.2933413317336533","0.05638872225554889","0.19222903885480572","0.04172165566886622","0.49920857913218697","6419","2698"
"fig3b","3.7013906731173303","0.03162277660168379","5000","1447","275","0.28954209158168365","0.055188962207558485","0.19060773480662985","0.040711857628474304","0.6300909475660887","6420","2699"
"fig3b","3.7013906731173303","0.034145488738336005","5000","1447","258","0.28954209158168365","0.051789642071585686","0.17886740331491716","0.037312537492501505","0.7731501999434158","6421","2700"
"fig3b","3.7013906731173303","0.03686945064519575","5000","1355","238","0.27114577084583086","0.04779044191161767","0.17625368731563418","0.03423315336932613","0.9296588457117423","6422","2701"
"fig3b","3.7013906731173303","0.039810717055349734","5000","1399","246","0.27994401119776047","0.04939012197560488","0.1764285714285714","0.03539292141571685","1.1010443703992792","6423","2702"
"fig3b","3.7013906731173303","0.042986623470822764","5000","1365","241","0.2731453709258148","0.04839032193561288","0.1771595900439239","0.03473305338932214","1.2889114165560898","6424","2703"
"fig3b","3.7013906731173303","0.046415888336127774","5000","1315","213","0.2631473705258948","0.04279144171165767","0.16261398176291794","0.02963407318536293","1.4950676232481612","6425","2704"
"fig3b","3.7013906731173303","0.05011872336272722","5000","1367","198","0.2735452909418116","0.03979204159168166","0.14546783625730994","0.02611477704459108","1.7215538022412318","6426","2705"
"fig3b","3.7013906731173303","0.054116952654646375","5000","1307","142","0.2615476904619076","0.028594281143771244","0.10932721712538225","0.015516896620675862","1.9706792681199374","6427","2706"
"fig3b","3.7013906731173303","0.05843414133735175","5000","1372","154","0.27454509098180363","0.03099380123975205","0.11289147851420248","0.01726654669066187","2.2450633100597486","6428","2707"
"fig3b","3.7013906731173303","0.06309573444801933","5000","1314","150","0.26294741051789644","0.030193961207758448","0.11482889733840303","0.017046590681863625","2.5476840026363448","6429","2708"
"fig3b","3.7013906731173303","0.06812920690579614","5000","1321","170","0.2643471305738852","0.03419316136772645","0.12934947049924359","0.02097580483903219","2.8819358116774936","6430","2709"
"fig3b","3.7013906731173303","0.07356422544596414","5000","1298","144","0.259748050389922","0.028994201159768047","0.11162432640492688","0.016006798640271946","3.2516977714031725","6431","2710"
"fig3b","3.7013906731173303","0.07943282347242814","5000","1226","108","0.2453509298140372","0.021795640871825634","0.08883455582722086","0.009528094381123774","3.661414406927406","6432","2711"
"fig3b","3.7013906731173303","0.08576958985908942","5000","1286","90","0.2573485302939412","0.018196360727854428","0.0707070707070707","0.0053289342131573655","4.116192072247486","6433","2712"
"fig3b","3.7013906731173303","0.09261187281287937","5000","1235","85","0.2471505698860228","0.017196560687862426","0.06957928802588996","0.004839032193561285","4.6219139946302334","6434","2713"
"fig3b","3.7013906731173303","0.1","5000","1215","63","0.24315136972605478","0.01279744051189762","0.05263157894736842","0.00063987202559488","5.185378095982571","6435","2714"
"fig3b","3.7013906731173303","0.10797751623277094","5000","1274","49","0.2549490101979604","0.009998000399920015","0.0392156862745098","-0.0027494501099780046","5.814462644654128","6436","2715"
"fig3b","3.7013906731173303","0.11659144011798317","5000","1215","52","0.24315136972605478","0.010597880423915218","0.04358552631578948","-0.0015596880623875223","6.5183260344830956","6437","2716"
"fig3b","3.7013906731173303","0.12589254117941676","5000","1222","46","0.2445510897820436","0.009398120375924815","0.038430089942763694","-0.0028294341131773655","7.307648566202204","6438","2717"
"fig3b","3.7013906731173303","0.13593563908785256","5000","1285","26","0.2571485702859428","0.005398920215956809","0.02099533437013997","-0.007458508298340332","8.194926116098088","6439","2718"
"fig3b","3.7013906731173303","0.14677992676220697","5000","1240","15","0.2481503699260148","0.003199360127974405","0.0128928283642224","-0.009208158368326336","9.194828143081367","6440","2719"
"fig3b","3.7013906731173303","0.15848931924611134","5000","1261","12","0.2523495300939812","0.002599480103979204","0.010301109350237718","-0.010017996400719858","10.324635769094868","6441","2720"
"fig3b","3.7013906731173303","0.1711328304161781","5000","1252","7","0.2505498900219956","0.0015996800639872025","0.006384676775738228","-0.01092781443711258","11.6047798747137","6442","2721"
"fig3b","3.7013906731173303","0.18478497974222907","5000","1188","4","0.23775244951009797","0.0009998000399920016","0.004205214465937763","-0.010887822435512898","13.059504540173549","6443","2722"
"fig3b","3.7013906731173303","0.19952623149688797","5000","1224","2","0.24495100979804038","0.0005998800239952009","0.0024489795918367346","-0.011647670465906819","14.717688047287368","6444","2723"
"fig3b","3.7013906731173303","0.21544346900318834","5000","1228","2","0.24575084983003398","0.0005998800239952009","0.0024410089503661514","-0.011687662467506498","16.613862405255958","6445","2724"
"fig3b","3.7013906731173303","0.23263050671536262","5000","1200","0","0.2401519696060788","0.0001999600079984003","0.000832639467110741","-0.01180763847230554","18.789483353314495","6446","2725"
"fig3b","3.7013906731173303","0.25118864315095796","5000","1203","0","0.24075184963007398","0.0001999600079984003","0.0008305647840531562","-0.0118376324735053","21.29451632052661","6447","2726"
"fig3b","3.7013906731173303","0.27122725793320285","5000","1195","0","0.2391521695660868","0.0001999600079984003","0.0008361204013377926","-0.01175764847030594","24.18941985697677","6448","2727"
"fig3b","3.7013906731173303","0.29286445646252357","5000","1221","0","0.2443511297740452","0.0001999600079984003","0.000818330605564648","-0.01201759648070386","27.547625691760544","6449","2728"
"fig3b","3.7013906731173303","0.31622776601683794","5000","1248","0","0.249750049990002","0.0001999600079984003","0.0008006405124099279","-0.0122875424915017","31.458630868225413","6450","2729"
"fig3b","3.7013906731173303","0.34145488738336005","5000","1204","0","0.2409518096380724","0.0001999600079984003","0.0008298755186721991","-0.01184763047390522","36.03182479943584","6451","2730"
"fig3b","3.7013906731173303","0.3686945064519575","5000","1182","0","0.23655268946210758","0.0001999600079984003","0.0008453085376162299","-0.01162767446510698","41.40115497248652","6452","2731"
"fig3b","3.7013906731173303","0.3981071705534973","5000","1201","0","0.2403519296140772","0.0001999600079984003","0.0008319467554076538","-0.011817636472705461","47.730650182027944","6453","2732"
"fig3b","3.7013906731173303","0.42986623470822766","5000","1171","0","0.23435312937412517","0.0001999600079984003","0.0008532423208191126","-0.01151769646070786","55.22058434623065","6454","2733"
"fig3b","3.7013906731173303","0.464158883361278","5000","1115","0","0.22315536892621476","0.0001999600079984003","0.0008960573476702508","-0.010957808438312339","64.11349568105135","6455","2734"
"fig3b","3.7013906731173303","0.5011872336272722","5000","1120","0","0.22415516896620677","0.0001999600079984003","0.0008920606601248884","-0.011007798440311939","74.69800074817894","6456","2735"
"fig3b","3.7013906731173303","0.5411695265464638","5000","1113","0","0.22275544891021795","0.0001999600079984003","0.0008976660682226212","-0.010937812437512498","87.30563946748092","6457","2736"
"fig3b","3.7013906731173303","0.5843414133735175","5000","1101","0","0.22035592881423716","0.0001999600079984003","0.0009074410163339383","-0.01081783643271346","102.29071343069359","6458","2737"
"fig3b","3.7013906731173303","0.6309573444801932","5000","1121","0","0.22435512897420515","0.0001999600079984003","0.0008912655971479501","-0.01101779644071186","119.97460509279801","6459","2738"
"fig3b","3.7013906731173303","0.6812920690579611","5000","1090","0","0.21815636872625474","0.0001999600079984003","0.0009165902841429881","-0.010707858428314338","140.52999705513815","6460","2739"
"fig3b","3.7013906731173303","0.7356422544596414","5000","1036","0","0.20735852829434112","0.0001999600079984003","0.0009643201542912247","-0.010167966406718658","163.806174498109","6461","2740"
"fig3b","3.7013906731173303","0.7943282347242814","5000","1094","0","0.21895620875824834","0.0001999600079984003","0.0009132420091324201","-0.010747850429914017","189.20996200345837","6462","2741"
"fig3b","3.7013906731173303","0.8576958985908941","5000","1103","0","0.22075584883023394","0.0001999600079984003","0.0009057971014492754","-0.010837832433513299","215.87848727434545","6463","2742"
"fig3b","3.7013906731173303","0.9261187281287933","5000","1176","0","0.23535292941411717","0.0001999600079984003","0.0008496176720475786","-0.01156768646270746","243.17775760973626","6464","2743"
"fig3b","3.7013906731173303","1.0","5000","1279","0","0.2559488102379524","0.0001999600079984003","0.0007812499999999999","-0.012597480503899222","272.495622458167","6465","2744"
"fig3b","4.017996773746746","0.01","5000","1181","227","0.23635272945410918","0.04559088182363527","0.19289340101522842","0.03377324535092981","-0.21678980710419182","6466","2745"
"fig3b","4.017996773746746","0.0107977516232771","5000","1165","223","0.23315336932613479","0.04479104179164167","0.19210977701543738","0.03313337332533493","-0.16793416553286988","6467","2746"
"fig3b","4.017996773746746","0.011659144011798317","5000","1090","228","0.21815636872625474","0.04579084183163367","0.20989917506874425","0.034883023395320935","-0.11498268422428737","6468","2747"
"fig3b","4.017996773746746","0.012589254117941675","5000","1066","198","0.21335732853429315","0.03979204159168166","0.18650421743205248","0.029124175164967004","-0.05757523470467163","6469","2748"
"fig3b","4.017996773746746","0.013593563908785255","5000","1044","259","0.20895820835832835","0.051989602079584085","0.24880382775119617","0.04154169166166767","0.004682702072500433","6470","2749"
"fig3b","4.017996773746746","0.014677992676220698","5000","1043","206","0.20875824835032994","0.041391721655668866","0.1982758620689655","0.030953809238152368","0.07222375071884812","6471","2750"
"fig3b","4.017996773746746","0.015848931924611134","5000","1009","178","0.2019596080783843","0.03579284143171366","0.17722772277227725","0.02569486102779444","0.14552282243525383","6472","2751"
"fig3b","4.017996773746746","0.01711328304161781","5000","959","187","0.19196160767846432","0.03759248150369926","0.19583333333333333","0.027994401119776045","0.22510182965450554","6473","2752"
"fig3b","4.017996773746746","0.018478497974222907","5000","940","188","0.1881623675264947","0.03779244151169766","0.2008501594048884","0.028384323135372924","0.3115350129219223","6474","2753"
"fig3b","4.017996773746746","0.0199526231496888","5000","956","154","0.1913617276544691","0.03099380123975205","0.1619644723092999","0.021425714857028592","0.4054549716630049","6475","2754"
"fig3b","4.017996773746746","0.021544346900318832","5000","877","164","0.17556488702259548","0.032993401319736056","0.18792710706150342","0.02421515696860628","0.5075595058646911","6476","2755"
"fig3b","4.017996773746746","0.02326305067153626","5000","810","167","0.16216756648670266","0.033593281343731254","0.20715166461159062","0.02548490301939612","0.6186193939288387","6477","2756"
"fig3b","4.017996773746746","0.025118864315095794","5000","828","130","0.16576684663067387","0.026194761047790442","0.158021712907117","0.01790641871625675","0.7394872535787158","6478","2757"
"fig3b","4.017996773746746","0.02712272579332028","5000","815","126","0.16316736652669467","0.02539492101579684","0.1556372549019608","0.017236552689462108","0.8711076584121997","6479","2758"
"fig3b","4.017996773746746","0.029286445646252372","5000","738","113","0.14777044591081784","0.022795440911817635","0.15426251691474965","0.015406918616276744","1.0145287133430259","6480","2759"
"fig3b","4.017996773746746","0.03162277660168379","5000","790","128","0.15816836632673464","0.02579484103179364","0.16308470290771176","0.017886422715456908","1.1709153287806089","6481","2760"
"fig3b","4.017996773746746","0.034145488738336005","5000","681","114","0.13637272545490903","0.02299540091981604","0.16862170087976538","0.016176764647070588","1.3415644772222777","6482","2761"
"fig3b","4.017996773746746","0.03686945064519575","5000","691","85","0.138372325534893","0.017196560687862426","0.12427745664739885","0.010277944411117776","1.5279227685411456","6483","2762"
"fig3b","4.017996773746746","0.039810717055349734","5000","654","67","0.13097380523895222","0.013597280543891222","0.10381679389312977","0.00704859028194361","1.7316067435307332","6484","2763"
"fig3b","4.017996773746746","0.042986623470822764","5000","666","70","0.133373325334933","0.014197160567886422","0.10644677661169415","0.007528494301139771","1.9544263616169815","6485","2764"
"fig3b","4.017996773746746","0.046415888336127774","5000","592","71","0.11857628474305139","0.014397120575884824","0.12141652613827994","0.008468306338732254","2.198412250978606","6486","2765"
"fig3b","4.017996773746746","0.05011872336272722","5000","611","59","0.122375524895021","0.01199760047990402","0.09803921568627451","0.0058788242351529695","2.465847401287931","6487","2766"
"fig3b","4.017996773746746","0.054116952654646375","5000","566","61","0.11337732453509299","0.012397520495900819","0.10934744268077601","0.0067286542691461695","2.759304115472389","6488","2767"
"fig3b","4.017996773746746","0.05843414133735175","5000","541","54","0.10837832433513298","0.010997800439912017","0.10147601476014759","0.0055788842231553675","3.0816872029955107","6489","2768"
"fig3b","4.017996773746746","0.06309573444801933","5000","542","45","0.10857828434313137","0.009198160367926415","0.0847145488029466","0.0037692461507698467","3.436284600345971","6490","2769"
"fig3b","4.017996773746746","0.06812920690579614","5000","514","49","0.10297940411917617","0.009998000399920015","0.0970873786407767","0.004849030193961207","3.826826853728079","6491","2770"
"fig3b","4.017996773746746","0.07356422544596414","5000","570","50","0.11417716456708658","0.010197960407918417","0.08931698774080561","0.004489102179564088","4.257557205789567","6492","2771"
"fig3b","4.017996773746746","0.07943282347242814","5000","496","23","0.09938012397520496","0.004799040191961607","0.0482897384305835","-0.0001699660067986412","4.733314407011335","6493","2772"
"fig3b","4.017996773746746","0.08576958985908942","5000","547","23","0.10957808438312337","0.004799040191961607","0.0437956204379562","-0.0006798640271945613","5.259630841486285","6494","2773"
"fig3b","4.017996773746746","0.09261187281287937","5000","526","22","0.10537892421515697","0.004599080183963208","0.043643263757115754","-0.000669866026794641","5.842849139490113","6495","2774"
"fig3b","4.017996773746746","0.1","5000","539","19","0.10797840431913618","0.003999200159968006","0.037037037037037035","-0.0013997200559888031","6.490261175211856","6496","2775"
"fig3b","4.017996773746746","0.10797751623277094","5000","521","14","0.10437912417516497","0.002999400119976005","0.028735632183908046","-0.002219556088782244","7.210274255033966","6497","2776"
"fig3b","4.017996773746746","0.11659144011798317","5000","566","9","0.11337732453509299","0.001999600079984003","0.01763668430335097","-0.0036692661467706464","8.012610438018157","6498","2777"
"fig3b","4.017996773746746","0.12589254117941676","5000","591","10","0.118376324735053","0.0021995600879824036","0.018581081081081082","-0.0037192561487702463","8.90854635693671","6499","2778"
"fig3b","4.017996773746746","0.13593563908785256","5000","520","5","0.10417916416716656","0.0011997600479904018","0.011516314779270632","-0.004009198160367927","9.911202702746976","6500","2779"
"fig3b","4.017996773746746","0.14677992676220697","5000","545","1","0.10917816436712657","0.0003999200159968006","0.003663003663003663","-0.005058988202359528","11.03589479505149","6501","2780"
"fig3b","4.017996773746746","0.15848931924611134","5000","534","0","0.10697860427914417","0.0001999600079984003","0.0018691588785046728","-0.005148970205958808","12.300558506289633","6502","2781"
"fig3b","4.017996773746746","0.1711328304161781","5000","540","0","0.10817836432713457","0.0001999600079984003","0.0018484288354898336","-0.0052089582083583285","13.726269383979513","6503","2782"
"fig3b","4.017996773746746","0.18478497974222907","5000","563","1","0.11277744451109778","0.0003999200159968006","0.0035460992907801418","-0.005238952209558089","15.33787729316603","6504","2783"
"fig3b","4.017996773746746","0.19952623149688797","5000","528","0","0.10577884423115377","0.0001999600079984003","0.0018903591682419658","-0.005088982203559289","17.16478446384204","6505","2784"
"fig3b","4.017996773746746","0.21544346900318834","5000","612","0","0.1225754849030194","0.0001999600079984003","0.0016313213703099511","-0.005928814237152569","19.241901643566905","6506","2785"
"fig3b","4.017996773746746","0.23263050671536262","5000","569","0","0.11397720455908818","0.0001999600079984003","0.0017543859649122807","-0.005498900219956008","21.610825206873415","6507","2786"
"fig3b","4.017996773746746","0.25118864315095796","5000","559","0","0.11197760447910418","0.0001999600079984003","0.0017857142857142857","-0.005398920215956809","24.321287407420073","6508","2787"
"fig3b","4.017996773746746","0.27122725793320285","5000","577","0","0.11557688462307539","0.0001999600079984003","0.0017301038062283735","-0.005578884223155369","27.43294177052678","6509","2788"
"fig3b","4.017996773746746","0.29286445646252357","5000","559","0","0.11197760447910418","0.0001999600079984003","0.0017857142857142857","-0.005398920215956809","31.01755400353784","6510","2789"
"fig3b","4.017996773746746","0.31622776601683794","5000","618","0","0.12377524495100979","0.0001999600079984003","0.0016155088852988692","-0.00598880223955209","35.161671312697536","6511","2790"
"fig3b","4.017996773746746","0.34145488738336005","5000","595","0","0.1191761647670466","0.0001999600079984003","0.0016778523489932886","-0.00575884823035393","39.96983001077854","6512","2791"
"fig3b","4.017996773746746","0.3686945064519575","5000","614","0","0.12297540491901619","0.0001999600079984003","0.0016260162601626016","-0.005948810237952409","45.56831250344669","6513","2792"
"fig3b","4.017996773746746","0.3981071705534973","5000","648","0","0.1297740451909618","0.0001999600079984003","0.0015408320493066256","-0.00628874225154969","52.109338380027765","6514","2793"
"fig3b","4.017996773746746","0.42986623470822766","5000","610","0","0.1221755648870226","0.0001999600079984003","0.001636661211129296","-0.00590881823635273","59.77528574109385","6515","2794"
"fig3b","4.017996773746746","0.464158883361278","5000","647","0","0.1295740851829634","0.0001999600079984003","0.00154320987654321","-0.0062787442511497695","68.78192044395632","6516","2795"
"fig3b","4.017996773746746","0.5011872336272722","5000","585","0","0.11717656468706258","0.0001999600079984003","0.0017064846416382253","-0.005658868226354729","79.37834649794516","6517","2796"
"fig3b","4.017996773746746","0.5411695265464638","5000","645","0","0.12917416516696661","0.0001999600079984003","0.001547987616099071","-0.006258748250349931","91.83895267662945","6518","2797"
"fig3b","4.017996773746746","0.5843414133735175","5000","670","0","0.1341731653669266","0.0001999600079984003","0.0014903129657228018","-0.00650869826034793","106.43843987768179","6519","2798"
"fig3b","4.017996773746746","0.6309573444801932","5000","682","0","0.1365726854629074","0.0001999600079984003","0.0014641288433382138","-0.0066286742651469705","123.39581125730598","6520","2799"
"fig3b","4.017996773746746","0.6812920690579611","5000","684","0","0.13697260547890422","0.0001999600079984003","0.00145985401459854","-0.006648670265946811","142.77449582393052","6521","2800"
"fig3b","4.017996773746746","0.7356422544596414","5000","705","0","0.14117176564687062","0.0001999600079984003","0.00141643059490085","-0.006858628274345131","164.35837816879564","6522","2801"
"fig3b","4.017996773746746","0.7943282347242814","5000","751","0","0.15036992601479704","0.0001999600079984003","0.0013297872340425532","-0.007318536292741452","187.61099088670375","6523","2802"
"fig3b","4.017996773746746","0.8576958985908941","5000","846","0","0.16936612677464508","0.0001999600079984003","0.0011806375442739079","-0.008268346330733855","211.865125019421","6524","2803"
"fig3b","4.017996773746746","0.9261187281287933","5000","865","0","0.1731653669266147","0.0001999600079984003","0.0011547344110854503","-0.008458308338332336","236.70701144232095","6525","2804"
"fig3b","4.017996773746746","1.0","5000","1002","0","0.20055988802239552","0.0001999600079984003","0.0009970089730807576","-0.009828034393121377","263.5464940653565","6526","2805"
"fig3b","4.361684431501107","0.01","5000","744","170","0.14897020595880825","0.03419316136772645","0.22953020134228186","0.02674465106978604","-0.030013832174574873","6527","2806"
"fig3b","4.361684431501107","0.0107977516232771","5000","806","133","0.16136772645470907","0.026794641071785644","0.16604708798017348","0.01872625474905019","0.023635430928322876","6528","2807"
"fig3b","4.361684431501107","0.011659144011798317","5000","768","137","0.15376924615076984","0.027594481103779243","0.17945383615084526","0.01990601879624075","0.0817657376348393","6529","2808"
"fig3b","4.361684431501107","0.012589254117941675","5000","695","132","0.13917216556688664","0.02659468106378724","0.19109195402298848","0.01963607278544291","0.14476838272929626","6530","2809"
"fig3b","4.361684431501107","0.013593563908785255","5000","677","127","0.13557288542291543","0.02559488102379524","0.18879056047197637","0.018816236752649467","0.21307160320685625","6531","2810"
"fig3b","4.361684431501107","0.014677992676220698","5000","671","128","0.13437312537492502","0.02579484103179364","0.1919642857142857","0.01907618476304739","0.28714450575097317","6532","2811"
"fig3b","4.361684431501107","0.015848931924611134","5000","606","110","0.121375724855029","0.022195560887822437","0.1828665568369028","0.016126774645070986","0.3675014781492223","6533","2812"
"fig3b","4.361684431501107","0.01711328304161781","5000","588","109","0.11777644471105779","0.021995600879824034","0.18675721561969438","0.016106778644271146","0.4547071536789531","6534","2813"
"fig3b","4.361684431501107","0.018478497974222907","5000","530","100","0.10617876424715057","0.020195960807838434","0.19020715630885124","0.014887022595480904","0.5493820085985135","6535","2814"
"fig3b","4.361684431501107","0.0199526231496888","5000","493","79","0.09878024395120975","0.015996800639872025","0.16194331983805668","0.011057788442311537","0.6522086859698106","6536","2815"
"fig3b","4.361684431501107","0.021544346900318832","5000","481","72","0.09638072385522896","0.014597080583883223","0.15145228215767634","0.009778044391121775","0.7639391544665273","6537","2816"
"fig3b","4.361684431501107","0.02326305067153626","5000","445","57","0.08918216356728655","0.011597680463907219","0.13004484304932734","0.0071385722855428916","0.8854028290547831","6538","2817"
"fig3b","4.361684431501107","0.025118864315095794","5000","439","57","0.08798240351929613","0.011597680463907219","0.13181818181818183","0.007198560287942412","1.0175158020261676","6539","2818"
"fig3b","4.361684431501107","0.02712272579332028","5000","417","61","0.08358328334333133","0.012397520495900819","0.14832535885167464","0.008218356328734251","1.161291358470919","6540","2819"
"fig3b","4.361684431501107","0.029286445646252372","5000","381","50","0.07638472305538892","0.010197960407918417","0.13350785340314136","0.00637872425514897","1.3178519807368332","6541","2820"
"fig3b","4.361684431501107","0.03162277660168379","5000","369","46","0.07398520295940812","0.009398120375924815","0.127027027027027","0.005698860227954409","1.4884430826951984","6542","2821"
"fig3b","4.361684431501107","0.034145488738336005","5000","337","48","0.06758648270345931","0.009798040391921616","0.14497041420118342","0.00641871625674865","1.6744487579644272","6543","2822"
"fig3b","4.361684431501107","0.03686945064519575","5000","344","35","0.06898620275944811","0.007198560287942412","0.10434782608695653","0.003749250149970006","1.8774098780882298","6544","2823"
"fig3b","4.361684431501107","0.039810717055349734","5000","323","28","0.0647870425914817","0.0057988402319536095","0.08950617283950618","0.0025594881023795245","2.099044938869895","6545","2824"
"fig3b","4.361684431501107","0.042986623470822764","5000","308","33","0.0617876424715057","0.006798640271945611","0.11003236245954692","0.0037092581483703256","2.3412741278521025","6546","2825"
"fig3b","4.361684431501107","0.046415888336127774","5000","311","30","0.0623875224955009","0.0061987602479504095","0.09935897435897435","0.0030793841231753646","2.60624717610807","6547","2826"
"fig3b","4.361684431501107","0.05011872336272722","5000","294","22","0.05898820235952809","0.004599080183963208","0.07796610169491526","0.001649670065986803","2.8963756664565494","6548","2827"
"fig3b","4.361684431501107","0.054116952654646375","5000","280","23","0.05618876224755049","0.004799040191961607","0.08540925266903913","0.0019896020795840824","3.214370602250824","6549","2828"
"fig3b","4.361684431501107","0.05843414133735175","5000","261","14","0.052389522095580884","0.002999400119976005","0.05725190839694657","0.0003799240151969607","3.5632862012642192","6550","2829"
"fig3b","4.361684431501107","0.06309573444801933","5000","289","20","0.05798840231953609","0.004199160167966407","0.07241379310344828","0.001299740051989602","3.9465710745752745","6551","2830"
"fig3b","4.361684431501107","0.06812920690579614","5000","308","16","0.0617876424715057","0.0033993201359728054","0.05501618122977346","0.00030993801239752013","4.368128188945235","6552","2831"
"fig3b","4.361684431501107","0.07356422544596414","5000","305","11","0.0611877624475105","0.0023995200959808036","0.039215686274509796","-0.0006598680263947216","4.8323853034291915","6553","2832"
"fig3b","4.361684431501107","0.07943282347242814","5000","298","8","0.0597880423915217","0.001799640071985603","0.030100334448160536","-0.0011897620475904821","5.344377929812708","6554","2833"
"fig3b","4.361684431501107","0.08576958985908942","5000","310","8","0.0621875624875025","0.001799640071985603","0.028938906752411578","-0.0013097380523895222","5.909847308323322","6555","2834"
"fig3b","4.361684431501107","0.09261187281287937","5000","289","11","0.05798840231953609","0.0023995200959808036","0.041379310344827586","-0.0004999000199960011","6.535356435514217","6556","2835"
"fig3b","4.361684431501107","0.1","5000","278","5","0.05578884223155369","0.0011997600479904018","0.02150537634408602","-0.0015896820635872828","7.228427856178996","6557","2836"
"fig3b","4.361684431501107","0.10797751623277094","5000","313","2","0.0627874425114977","0.0005998800239952009","0.009554140127388533","-0.0025394921015796843","7.9977077682156335","6558","2837"
"fig3b","4.361684431501107","0.11659144011798317","5000","290","0","0.05818836232753449","0.0001999600079984003","0.003436426116838488","-0.002709458108378324","8.853162029401005","6559","2838"
"fig3b","4.361684431501107","0.12589254117941676","5000","280","2","0.05618876224755049","0.0005998800239952009","0.010676156583629892","-0.002209558088382324","9.806310949091483","6560","2839"
"fig3b","4.361684431501107","0.13593563908785256","5000","280","3","0.05618876224755049","0.0007998400319936012","0.014234875444839857","-0.0020095980803839235","10.870511359104313","6561","2840"
"fig3b","4.361684431501107","0.14677992676220697","5000","310","1","0.0621875624875025","0.0003999200159968006","0.006430868167202572","-0.0027094581083783246","12.061296463715166","6562","2841"
"fig3b","4.361684431501107","0.15848931924611134","5000","318","0","0.0637872425514897","0.0001999600079984003","0.0031347962382445144","-0.0029894021195760847","13.396786461148423","6563","2842"
"fig3b","4.361684431501107","0.1711328304161781","5000","290","0","0.05818836232753449","0.0001999600079984003","0.003436426116838488","-0.002709458108378324","14.898186014762786","6564","2843"
"fig3b","4.361684431501107","0.18478497974222907","5000","303","0","0.060787842431513694","0.0001999600079984003","0.003289473684210526","-0.0028394321135772845","16.590388446304246","6565","2844"
"fig3b","4.361684431501107","0.19952623149688797","5000","303","0","0.060787842431513694","0.0001999600079984003","0.003289473684210526","-0.0028394321135772845","18.50271113438285","6566","2845"
"fig3b","4.361684431501107","0.21544346900318834","5000","367","0","0.07358528294341132","0.0001999600079984003","0.0027173913043478256","-0.003479304139172166","20.66979209470955","6567","2846"
"fig3b","4.361684431501107","0.23263050671536262","5000","356","0","0.07138572285542892","0.0001999600079984003","0.0028011204481792713","-0.0033693261347730458","23.132684045457893","6568","2847"
"fig3b","4.361684431501107","0.25118864315095796","5000","350","0","0.07018596280743851","0.0001999600079984003","0.002849002849002849","-0.003309338132373525","25.940189108866747","6569","2848"
"fig3b","4.361684431501107","0.27122725793320285","5000","359","0","0.07198560287942411","0.0001999600079984003","0.002777777777777778","-0.0033993201359728054","29.15048380302966","6570","2849"
"fig3b","4.361684431501107","0.29286445646252357","5000","380","0","0.07618476304739052","0.0001999600079984003","0.0026246719160104987","-0.003609278144371126","32.833088152913774","6571","2850"
"fig3b","4.361684431501107","0.31622776601683794","5000","371","0","0.07438512297540492","0.0001999600079984003","0.0026881720430107525","-0.003519296140771846","37.071230413201306","6572","2851"
"fig3b","4.361684431501107","0.34145488738336005","5000","341","0","0.0683863227354529","0.0001999600079984003","0.0029239766081871343","-0.003219356128774245","41.96464159248106","6573","2852"
"fig3b","4.361684431501107","0.3686945064519575","5000","380","0","0.07618476304739052","0.0001999600079984003","0.0026246719160104987","-0.003609278144371126","47.63276506255028","6574","2853"
"fig3b","4.361684431501107","0.3981071705534973","5000","369","0","0.07398520295940812","0.0001999600079984003","0.0027027027027027024","-0.0034993001399720057","54.21825398453967","6575","2854"
"fig3b","4.361684431501107","0.42986623470822766","5000","451","0","0.09038192361527694","0.0001999600079984003","0.0022123893805309734","-0.004319136172765447","61.890392873449144","6576","2855"
"fig3b","4.361684431501107","0.464158883361278","5000","418","0","0.08378324335132974","0.0001999600079984003","0.0023866348448687348","-0.003989202159568087","70.84761072849776","6577","2856"
"fig3b","4.361684431501107","0.5011872336272722","5000","461","0","0.09238152369526095","0.0001999600079984003","0.0021645021645021645","-0.004419116176764647","81.31737148087348","6578","2857"
"fig3b","4.361684431501107","0.5411695265464638","5000","423","0","0.08478304339132174","0.0001999600079984003","0.0023584905660377358","-0.004039192161567687","93.55019099166128","6579","2858"
"fig3b","4.361684431501107","0.5843414133735175","5000","477","0","0.09558088382323535","0.0001999600079984003","0.002092050209205021","-0.004579084183163367","107.80222890629221","6580","2859"
"fig3b","4.361684431501107","0.6309573444801932","5000","460","0","0.09218156368726255","0.0001999600079984003","0.0021691973969631237","-0.004409118176364727","124.29870329733848","6581","2860"
"fig3b","4.361684431501107","0.6812920690579611","5000","481","0","0.09638072385522896","0.0001999600079984003","0.002074688796680498","-0.0046190761847630475","143.17244382194957","6582","2861"
"fig3b","4.361684431501107","0.7356422544596414","5000","522","0","0.10457908418316336","0.0001999600079984003","0.0019120458891013384","-0.005028994201159768","164.38847509549367","6583","2862"
"fig3b","4.361684431501107","0.7943282347242814","5000","585","0","0.11717656468706258","0.0001999600079984003","0.0017064846416382253","-0.005658868226354729","187.7040987746921","6584","2863"
"fig3b","4.361684431501107","0.8576958985908941","5000","619","0","0.1239752049590082","0.0001999600079984003","0.0016129032258064516","-0.00599880023995201","212.74244493508735","6585","2864"
"fig3b","4.361684431501107","0.9261187281287933","5000","701","0","0.14037192561487702","0.0001999600079984003","0.0014245014245014246","-0.006818636272745451","239.22582764256077","6586","2865"
"fig3b","4.361684431501107","1.0","5000","760","0","0.15216956608678264","0.0001999600079984003","0.001314060446780552","-0.007408518296340732","268.528463105911","6587","2866"
"fig3b","4.734770123336648","0.01","5000","157","59","0.03159368126374725","0.01199760047990402","0.379746835443038","0.010417916416716657","0.45440662985078006","6588","2867"
"fig3b","4.734770123336648","0.0107977516232771","5000","188","65","0.03779244151169766","0.013197360527894421","0.3492063492063492","0.011307738452309538","0.5074556819893417","6589","2868"
"fig3b","4.734770123336648","0.011659144011798317","5000","173","55","0.03479304139172166","0.011197760447910418","0.3218390804597701","0.009458108378324335","0.564943068289466","6590","2869"
"fig3b","4.734770123336648","0.012589254117941675","5000","163","65","0.03279344131173765","0.013197360527894421","0.4024390243902439","0.011557688462307538","0.6272575365495641","6591","2870"
"fig3b","4.734770123336648","0.013593563908785255","5000","159","38","0.03199360127974405","0.007798440311937612","0.24375","0.0061987602479504095","0.6948247167528621","6592","2871"
"fig3b","4.734770123336648","0.014677992676220698","5000","140","49","0.028194361127774445","0.009998000399920015","0.35460992907801414","0.008588282343531293","0.7681110675935088","6593","2872"
"fig3b","4.734770123336648","0.015848931924611134","5000","128","47","0.02579484103179364","0.009598080383923215","0.37209302325581395","0.008308338332333532","0.8476283124377062","6594","2873"
"fig3b","4.734770123336648","0.01711328304161781","5000","142","43","0.028594281143771244","0.008798240351929614","0.3076923076923077","0.007368526294741052","0.93393843483625","6595","2874"
"fig3b","4.734770123336648","0.018478497974222907","5000","143","33","0.028794241151769647","0.006798640271945611","0.2361111111111111","0.005358928214357128","1.0276593150235271","6596","2875"
"fig3b","4.734770123336648","0.0199526231496888","5000","128","42","0.02579484103179364","0.008598280343931213","0.3333333333333333","0.007308538292341531","1.1294711021448052","6597","2876"
"fig3b","4.734770123336648","0.021544346900318832","5000","128","40","0.02579484103179364","0.008198360327934412","0.3178294573643411","0.00690861827634473","1.2401234326548547","6598","2877"
"fig3b","4.734770123336648","0.02326305067153626","5000","131","42","0.026394721055788842","0.008598280343931213","0.32575757575757575","0.007278544291141771","1.3604436238678943","6599","2878"
"fig3b","4.734770123336648","0.025118864315095794","5000","138","30","0.027794441111777646","0.0061987602479504095","0.22302158273381292","0.004809038192361528","1.4913459935933133","6600","2879"
"fig3b","4.734770123336648","0.02712272579332028","5000","141","32","0.028394321135772844","0.0065986802639472104","0.2323943661971831","0.005178964207158568","1.6338424828185225","6601","2880"
"fig3b","4.734770123336648","0.029286445646252372","5000","120","43","0.02419516096780644","0.008798240351929614","0.36363636363636365","0.007588482303539292","1.7890547893235578","6602","2881"
"fig3b","4.734770123336648","0.03162277660168379","5000","128","28","0.02579484103179364","0.0057988402319536095","0.2248062015503876","0.004509098180363927","1.958228256958165","6603","2882"
"fig3b","4.734770123336648","0.034145488738336005","5000","133","26","0.026794641071785644","0.005398920215956809","0.20149253731343283","0.004059188162367527","2.142747809252853","6604","2883"
"fig3b","4.734770123336648","0.03686945064519575","5000","133","22","0.026794641071785644","0.004599080183963208","0.17164179104477612","0.0032593481303739257","2.344156268606298","6605","2884"
"fig3b","4.734770123336648","0.039810717055349734","5000","119","20","0.02399520095980804","0.004199160167966407","0.175","0.002999400119976005","2.5641754653011333","6606","2885"
"fig3b","4.734770123336648","0.042986623470822764","5000","127","24","0.02559488102379524","0.004999000199960008","0.1953125","0.003719256148770246","2.804730616291465","6607","2886"
"fig3b","4.734770123336648","0.046415888336127774","5000","123","21","0.024795040991801638","0.004399120175964807","0.1774193548387097","0.003159368126374725","3.0679785448551797","6608","2887"
"fig3b","4.734770123336648","0.05011872336272722","5000","136","18","0.027394521095780843","0.003799240151969606","0.1386861313868613","0.0024295140971805637","3.356340422251492","6609","2888"
"fig3b","4.734770123336648","0.054116952654646375","5000","145","16","0.029194161167766446","0.0033993201359728054","0.11643835616438357","0.001939612077584483","3.6725398456529774","6610","2889"
"fig3b","4.734770123336648","0.05843414133735175","5000","158","20","0.03179364127174565","0.004199160167966407","0.1320754716981132","0.0026094781043791244","4.019647228149296","6611","2890"
"fig3b","4.734770123336648","0.06309573444801933","5000","162","15","0.03259348130373925","0.003199360127974405","0.09815950920245399","0.0015696860627874424","4.401131673050543","6612","2891"
"fig3b","4.734770123336648","0.06812920690579614","5000","170","17","0.03419316136772645","0.003599280143971206","0.10526315789473685","0.001889622075584883","4.820921744196028","6613","2892"
"fig3b","4.734770123336648","0.07356422544596414","5000","149","15","0.029994001199760048","0.003199360127974405","0.10666666666666666","0.0016996600679864025","5.283476836693865","6614","2893"
"fig3b","4.734770123336648","0.07943282347242814","5000","171","8","0.03439312137572485","0.001799640071985603","0.05232558139534884","7.998400319936022e-05","5.793871211189895","6615","2894"
"fig3b","4.734770123336648","0.08576958985908942","5000","174","14","0.03499300139972006","0.002999400119976005","0.08571428571428572","0.001249750049990002","6.357893195286664","6616","2895"
"fig3b","4.734770123336648","0.09261187281287937","5000","188","7","0.03779244151169766","0.0015996800639872025","0.042328042328042326","-0.00028994201159768056","6.982162598063013","6617","2896"
"fig3b","4.734770123336648","0.1","5000","189","5","0.03799240151969606","0.0011997600479904018","0.031578947368421054","-0.0006998600279944011","7.674270052656141","6618","2897"
"fig3b","4.734770123336648","0.10797751623277094","5000","205","1","0.041191761647670466","0.0003999200159968006","0.009708737864077669","-0.0016596680663867227","8.44294282871465","6619","2898"
"fig3b","4.734770123336648","0.11659144011798317","5000","197","3","0.03959208158368326","0.0007998400319936012","0.0202020202020202","-0.001179764047190562","9.298242679843213","6620","2899"
"fig3b","4.734770123336648","0.12589254117941676","5000","190","3","0.03819236152769446","0.0007998400319936012","0.020942408376963352","-0.001109778044391122","10.251802558782884","6621","2900"
"fig3b","4.734770123336648","0.13593563908785256","5000","195","1","0.039192161567686463","0.0003999200159968006","0.01020408163265306","-0.0015596880623875225","11.317110603420929","6622","2901"
"fig3b","4.734770123336648","0.14677992676220697","5000","216","3","0.04339132173565287","0.0007998400319936012","0.018433179723502304","-0.0013697260547890422","12.50985174009503","6623","2902"
"fig3b","4.734770123336648","0.15848931924611134","5000","230","2","0.04619076184763048","0.0005998800239952009","0.012987012987012984","-0.0017096580683863228","13.848319649262464","6624","2903"
"fig3b","4.734770123336648","0.1711328304161781","5000","235","0","0.047190561887622474","0.0001999600079984003","0.00423728813559322","-0.0021595680863827236","15.353914784284598","6625","2904"
"fig3b","4.734770123336648","0.18478497974222907","5000","248","0","0.04979004199160168","0.0001999600079984003","0.004016064257028112","-0.002289542091581684","17.051747720569836","6626","2905"
"fig3b","4.734770123336648","0.19952623149688797","5000","263","0","0.052789442111577684","0.0001999600079984003","0.003787878787878788","-0.002439512097580484","18.971371417441958","6627","2906"
"fig3b","4.734770123336648","0.21544346900318834","5000","268","0","0.05378924215156969","0.0001999600079984003","0.0037174721189591076","-0.002489502099580084","21.14767102229999","6628","2907"
"fig3b","4.734770123336648","0.23263050671536262","5000","286","0","0.057388522295540895","0.0001999600079984003","0.0034843205574912888","-0.0026694661067786446","23.621945528656596","6629","2908"
"fig3b","4.734770123336648","0.25118864315095796","5000","292","0","0.05858828234353129","0.0001999600079984003","0.0034129692832764505","-0.0027294541091781644","26.443221529204294","6630","2909"
"fig3b","4.734770123336648","0.27122725793320285","5000","293","0","0.05878824235152969","0.0001999600079984003","0.003401360544217687","-0.0027394521095780843","29.66984452993151","6631","2910"
"fig3b","4.734770123336648","0.29286445646252357","5000","288","0","0.057788442311537694","0.0001999600079984003","0.003460207612456747","-0.0026894621075784844","33.371395755068335","6632","2911"
"fig3b","4.734770123336648","0.31622776601683794","5000","306","0","0.0613877224555089","0.0001999600079984003","0.0032573289902280127","-0.0028694261147770446","37.63097790338975","6633","2912"
"fig3b","4.734770123336648","0.34145488738336005","5000","320","0","0.06418716256748651","0.0001999600079984003","0.0031152647975077876","-0.0030093981203759253","42.54789374687081","6634","2913"
"fig3b","4.734770123336648","0.3686945064519575","5000","350","0","0.07018596280743851","0.0001999600079984003","0.002849002849002849","-0.003309338132373525","48.24069118623578","6635","2914"
"fig3b","4.734770123336648","0.3981071705534973","5000","358","0","0.07178564287142572","0.0001999600079984003","0.0027855153203342614","-0.0033893221355728856","54.850438211114806","6636","2915"
"fig3b","4.734770123336648","0.42986623470822766","5000","394","0","0.07898420315936813","0.0001999600079984003","0.0025316455696202528","-0.003749250149970006","62.54386807505682","6637","2916"
"fig3b","4.734770123336648","0.464158883361278","5000","369","0","0.07398520295940812","0.0001999600079984003","0.0027027027027027024","-0.0034993001399720057","71.51560679118535","6638","2917"
"fig3b","4.734770123336648","0.5011872336272722","5000","390","0","0.07818436312737452","0.0001999600079984003","0.0025575447570332483","-0.0037092581483703256","81.98791683651444","6639","2918"
"fig3b","4.734770123336648","0.5411695265464638","5000","385","0","0.07718456308738253","0.0001999600079984003","0.0025906735751295333","-0.003659268146370726","94.20508632851596","6640","2919"
"fig3b","4.734770123336648","0.5843414133735175","5000","408","0","0.08178364327134573","0.0001999600079984003","0.0024449877750611247","-0.0038892221555688862","108.41773536594138","6641","2920"
"fig3b","4.734770123336648","0.6309573444801932","5000","407","0","0.08158368326334733","0.0001999600079984003","0.0024509803921568627","-0.0038792241551689668","124.85070932063235","6642","2921"
"fig3b","4.734770123336648","0.6812920690579611","5000","443","0","0.08878224355128975","0.0001999600079984003","0.0022522522522522522","-0.004239152169566087","143.65024861089228","6643","2922"
"fig3b","4.734770123336648","0.7356422544596414","5000","503","0","0.10077984403119376","0.0001999600079984003","0.001984126984126984","-0.004839032193561288","164.81947969823403","6644","2923"
"fig3b","4.734770123336648","0.7943282347242814","5000","571","0","0.11437712457508498","0.0001999600079984003","0.0017482517482517483","-0.005518896220755849","188.18157962504148","6645","2924"
"fig3b","4.734770123336648","0.8576958985908941","5000","604","0","0.1209758048390322","0.0001999600079984003","0.001652892561983471","-0.005848830233953209","213.43591213416505","6646","2925"
"fig3b","4.734770123336648","0.9261187281287933","5000","683","0","0.1367726454709058","0.0001999600079984003","0.0014619883040935672","-0.006638672265546891","240.3640649141409","6647","2926"
"fig3b","4.734770123336648","1.0","5000","690","0","0.13817236552689463","0.0001999600079984003","0.001447178002894356","-0.006708658268346331","270.4214634172001","6648","2927"
"fig3b","5.139768470853357","0.01","5000","60","39","0.01219756048790242","0.007998400319936013","0.6557377049180327","0.007388522295540892","0.5820409575388226","6649","2928"
"fig3b","5.139768470853357","0.0107977516232771","5000","64","52","0.012997400519896021","0.010597880423915218","0.8153846153846154","0.009948010397920417","0.6303131876995849","6650","2929"
"fig3b","5.139768470853357","0.011659144011798317","5000","82","36","0.016596680663867228","0.007398520295940812","0.4457831325301205","0.006568686262747451","0.682645385148902","6651","2930"
"fig3b","5.139768470853357","0.012589254117941675","5000","85","63","0.017196560687862426","0.01279744051189762","0.7441860465116279","0.011937612477504498","0.7393965695760016","6652","2931"
"fig3b","5.139768470853357","0.013593563908785255","5000","93","59","0.01879624075184963","0.01199760047990402","0.6382978723404256","0.011057788442311539","0.8009603488477524","6653","2932"
"fig3b","5.139768470853357","0.014677992676220698","5000","98","58","0.01979604079184163","0.011797640471905619","0.5959595959595959","0.010807838432313538","0.8677686958704953","6654","2933"
"fig3b","5.139768470853357","0.015848931924611134","5000","67","57","0.013597280543891222","0.011597680463907219","0.8529411764705883","0.010917816436712658","0.9402962036733413","6655","2934"
"fig3b","5.139768470853357","0.01711328304161781","5000","98","50","0.01979604079184163","0.010197960407918417","0.5151515151515151","0.009208158368326336","1.0190648883647384","6656","2935"
"fig3b","5.139768470853357","0.018478497974222907","5000","80","50","0.016196760647870425","0.010197960407918417","0.6296296296296297","0.009388122375524895","1.1046496209405063","6657","2936"
"fig3b","5.139768470853357","0.0199526231496888","5000","105","46","0.021195760847830435","0.009398120375924815","0.4433962264150943","0.008338332333533293","1.1976842823048628","6658","2937"
"fig3b","5.139768470853357","0.021544346900318832","5000","96","59","0.019396120775844832","0.01199760047990402","0.6185567010309279","0.011027794441111778","1.2988687516253776","6659","2938"
"fig3b","5.139768470853357","0.02326305067153626","5000","92","49","0.01859628074385123","0.009998000399920015","0.5376344086021505","0.009068186362727455","1.408976856792009","6660","2939"
"fig3b","5.139768470853357","0.025118864315095794","5000","98","40","0.01979604079184163","0.008198360327934412","0.4141414141414141","0.00720855828834233","1.5288654378226738","6661","2940"
"fig3b","5.139768470853357","0.02712272579332028","5000","94","38","0.01899620075984803","0.007798440311937612","0.4105263157894737","0.006848630273945211","1.6594847002578206","6662","2941"
"fig3b","5.139768470853357","0.029286445646252372","5000","129","42","0.025994801039792043","0.008598280343931213","0.33076923076923076","0.007298540291941611","1.801890066717931","6663","2942"
"fig3b","5.139768470853357","0.03162277660168379","5000","139","44","0.027994401119776045","0.008998200359928014","0.3214285714285714","0.007598480303939212","1.9572557719084216","6664","2943"
"fig3b","5.139768470853357","0.034145488738336005","5000","121","50","0.02439512097580484","0.010197960407918417","0.4180327868852459","0.008978204359128175","2.1268904906162334","6665","2944"
"fig3b","5.139768470853357","0.03686945064519575","5000","132","43","0.02659468106378724","0.008798240351929614","0.33082706766917297","0.007468506298740253","2.3122553412194407","6666","2945"
"fig3b","5.139768470853357","0.039810717055349734","5000","141","59","0.028394321135772844","0.01199760047990402","0.4225352112676057","0.010577884423115377","2.514984670707122","6667","2946"
"fig3b","5.139768470853357","0.042986623470822764","5000","153","34","0.03079384123175365","0.006998600279944011","0.22727272727272727","0.005458908218356329","2.736910103486423","6668","2947"
"fig3b","5.139768470853357","0.046415888336127774","5000","133","39","0.026794641071785644","0.007998400319936013","0.29850746268656714","0.006658668266346731","2.980088428079881","6669","2948"
"fig3b","5.139768470853357","0.05011872336272722","5000","139","35","0.027994401119776045","0.007198560287942412","0.2571428571428572","0.0057988402319536095","3.2468340066472763","6670","2949"
"fig3b","5.139768470853357","0.054116952654646375","5000","180","38","0.036192761447710456","0.007798440311937612","0.2154696132596685","0.00598880223955209","3.539756526324311","6671","2950"
"fig3b","5.139768470853357","0.05843414133735175","5000","138","24","0.027794441111777646","0.004999000199960008","0.17985611510791366","0.0036092781443711253","3.8618050739091814","6672","2951"
"fig3b","5.139768470853357","0.06309573444801933","5000","205","35","0.041191761647670466","0.007198560287942412","0.17475728155339806","0.005138972205558888","4.216319712977082","6673","2952"
"fig3b","5.139768470853357","0.06812920690579614","5000","193","28","0.038792241551689664","0.0057988402319536095","0.14948453608247422","0.003859228154369126","4.6070919831362005","6674","2953"
"fig3b","5.139768470853357","0.07356422544596414","5000","177","27","0.03559288142371526","0.005598880223955209","0.15730337078651685","0.003819236152769446","5.038436034978133","6675","2954"
"fig3b","5.139768470853357","0.07943282347242814","5000","211","12","0.04239152169566087","0.002599480103979204","0.061320754716981125","0.00047990401919616047","5.515272473857124","6676","2955"
"fig3b","5.139768470853357","0.08576958985908942","5000","217","21","0.04359128174365127","0.004399120175964807","0.10091743119266056","0.002219556088782244","6.043227426629272","6677","2956"
"fig3b","5.139768470853357","0.09261187281287937","5000","193","23","0.038792241551689664","0.004799040191961607","0.12371134020618554","0.002859428114377124","6.6287498874210655","6678","2957"
"fig3b","5.139768470853357","0.1","5000","217","17","0.04359128174365127","0.003599280143971206","0.08256880733944955","0.0014197160567886425","7.279251065626056","6679","2958"
"fig3b","5.139768470853357","0.10797751623277094","5000","245","8","0.04919016196760648","0.001799640071985603","0.03658536585365854","-0.0006598680263947209","8.003270281785888","6680","2959"
"fig3b","5.139768470853357","0.11659144011798317","5000","258","6","0.051789642071585686","0.0013997200559888023","0.027027027027027025","-0.0011897620475904824","8.810672971912652","6681","2960"
"fig3b","5.139768470853357","0.12589254117941676","5000","261","4","0.052389522095580884","0.0009998000399920016","0.019083969465648856","-0.0016196760647870427","9.712887613630983","6682","2961"
"fig3b","5.139768470853357","0.13593563908785256","5000","267","3","0.05358928214357129","0.0007998400319936012","0.014925373134328356","-0.0018796240751849632","10.723189933109694","6683","2962"
"fig3b","5.139768470853357","0.14677992676220697","5000","289","0","0.05798840231953609","0.0001999600079984003","0.0034482758620689655","-0.0026994601079784043","11.857044655029028","6684","2963"
"fig3b","5.139768470853357","0.15848931924611134","5000","306","2","0.0613877224555089","0.0005998800239952009","0.009771986970684038","-0.002469506098780244","13.132517392903509","6685","2964"
"fig3b","5.139768470853357","0.1711328304161781","5000","293","2","0.05878824235152969","0.0005998800239952009","0.01020408163265306","-0.002339532093581284","14.570772123698816","6686","2965"
"fig3b","5.139768470853357","0.18478497974222907","5000","291","0","0.05838832233553289","0.0001999600079984003","0.003424657534246575","-0.0027194561087782445","16.196673124710685","6687","2966"
"fig3b","5.139768470853357","0.19952623149688797","5000","315","1","0.0631873625274945","0.0003999200159968006","0.006329113924050633","-0.002759448110377925","18.03951432363442","6688","2967"
"fig3b","5.139768470853357","0.21544346900318834","5000","354","0","0.07098580283943211","0.0001999600079984003","0.0028169014084507044","-0.003349330133973205","20.13390371023405","6689","2968"
"fig3b","5.139768470853357","0.23263050671536262","5000","377","0","0.07558488302339532","0.0001999600079984003","0.0026455026455026454","-0.0035792841431713657","22.52083561937934","6690","2969"
"fig3b","5.139768470853357","0.25118864315095796","5000","352","0","0.07058588282343531","0.0001999600079984003","0.0028328611898017","-0.0033293341331733653","25.248988860976908","6691","2970"
"fig3b","5.139768470853357","0.27122725793320285","5000","420","0","0.08418316336732654","0.0001999600079984003","0.002375296912114014","-0.004009198160367927","28.37629279989119","6692","2971"
"fig3b","5.139768470853357","0.29286445646252357","5000","409","0","0.08198360327934413","0.0001999600079984003","0.0024390243902439024","-0.0038992201559688066","31.971804426205836","6693","2972"
"fig3b","5.139768470853357","0.31622776601683794","5000","424","0","0.08498300339932013","0.0001999600079984003","0.002352941176470588","-0.004049190161967606","36.117932976867166","6694","2973"
"fig3b","5.139768470853357","0.34145488738336005","5000","414","0","0.08298340331933614","0.0001999600079984003","0.0024096385542168672","-0.0039492101579684065","40.91302672256057","6695","2974"
"fig3b","5.139768470853357","0.3686945064519575","5000","430","0","0.08618276344731053","0.0001999600079984003","0.002320185614849188","-0.0041091781643671265","46.4742841201529","6696","2975"
"fig3b","5.139768470853357","0.3981071705534973","5000","458","0","0.09178164367126575","0.0001999600079984003","0.0021786492374727667","-0.004389122175564887","52.94084131943032","6697","2976"
"fig3b","5.139768470853357","0.42986623470822766","5000","446","0","0.08938212357528494","0.0001999600079984003","0.0022371364653243847","-0.0042691461707658465","60.4766716683917","6698","2977"
"fig3b","5.139768470853357","0.464158883361278","5000","497","0","0.09958008398320337","0.0001999600079984003","0.002008032128514056","-0.004779044191161768","69.27252925868373","6699","2978"
"fig3b","5.139768470853357","0.5011872336272722","5000","452","0","0.09058188362327535","0.0001999600079984003","0.002207505518763797","-0.004329134173165368","79.54545562513573","6700","2979"
"fig3b","5.139768470853357","0.5411695265464638","5000","477","0","0.09558088382323535","0.0001999600079984003","0.002092050209205021","-0.004579084183163367","91.53321039079634","6701","2980"
"fig3b","5.139768470853357","0.5843414133735175","5000","508","0","0.10177964407118577","0.0001999600079984003","0.0019646365422396855","-0.0048890221955608885","105.47940122144354","6702","2981"
"fig3b","5.139768470853357","0.6309573444801932","5000","528","0","0.10577884423115377","0.0001999600079984003","0.0018903591682419658","-0.005088982203559289","121.60383345743935","6703","2982"
"fig3b","5.139768470853357","0.6812920690579611","5000","531","0","0.10637872425514897","0.0001999600079984003","0.0018796992481203009","-0.005118976204759048","140.0545658806173","6704","2983"
"fig3b","5.139768470853357","0.7356422544596414","5000","603","0","0.12077584483103379","0.0001999600079984003","0.0016556291390728477","-0.005838832233553289","160.84976490479454","6705","2984"
"fig3b","5.139768470853357","0.7943282347242814","5000","605","0","0.12117576484703059","0.0001999600079984003","0.0016501650165016502","-0.00585882823435313","183.84369648945625","6706","2985"
"fig3b","5.139768470853357","0.8576958985908941","5000","671","0","0.13437312537492502","0.0001999600079984003","0.001488095238095238","-0.00651869626074785","208.77649657510523","6707","2986"
"fig3b","5.139768470853357","0.9261187281287933","5000","752","0","0.15056988602279545","0.0001999600079984003","0.0013280212483399733","-0.0073285342931413726","235.47142829061647","6708","2987"
"fig3b","5.139768470853357","1.0","5000","805","0","0.16116776644671066","0.0001999600079984003","0.0012406947890818859","-0.007858428314337133","265.4821425576628","6709","2988"
"fig3b","5.57940918900657","0.01","5000","199","161","0.03999200159968006","0.03239352129574085","0.81","0.030393921215756847","0.4567042396361103","6710","2989"
"fig3b","5.57940918900657","0.0107977516232771","5000","220","160","0.044191161767646474","0.03219356128774245","0.7285067873303167","0.029984003199360128","0.49436252871572606","6711","2990"
"fig3b","5.57940918900657","0.011659144011798317","5000","215","189","0.04319136172765447","0.03799240151969606","0.8796296296296295","0.03583283343331334","0.5352211715377848","6712","2991"
"fig3b","5.57940918900657","0.012589254117941675","5000","201","175","0.04039192161567687","0.03519296140771846","0.8712871287128713","0.033173365326934615","0.579568468387464","6713","2992"
"fig3b","5.57940918900657","0.013593563908785255","5000","250","189","0.05018996200759848","0.03799240151969606","0.7569721115537849","0.035482903419316134","0.6277213089871907","6714","2993"
"fig3b","5.57940918900657","0.014677992676220698","5000","202","190","0.04059188162367527","0.03819236152769446","0.940886699507389","0.036162767446510695","0.6800284112138115","6715","2994"
"fig3b","5.57940918900657","0.015848931924611134","5000","236","210","0.047390521895620874","0.042191561687662464","0.890295358649789","0.03982203559288142","0.7368739851494297","6716","2995"
"fig3b","5.57940918900657","0.01711328304161781","5000","231","169","0.046390721855628876","0.033993201359728054","0.7327586206896551","0.03167366526694661","0.7986818862117104","6717","2996"
"fig3b","5.57940918900657","0.018478497974222907","5000","227","193","0.04559088182363527","0.038792241551689664","0.8508771929824562","0.0365126974605079","0.8659203317162678","6718","2997"
"fig3b","5.57940918900657","0.0199526231496888","5000","250","216","0.05018996200759848","0.04339132173565287","0.8645418326693226","0.04088182363527294","0.9391072677296961","6719","2998"
"fig3b","5.57940918900657","0.021544346900318832","5000","248","193","0.04979004199160168","0.038792241551689664","0.7791164658634538","0.03630273945210958","1.0188164878631198","6720","2999"
"fig3b","5.57940918900657","0.02326305067153626","5000","256","194","0.05138972205558888","0.038992201559688064","0.7587548638132297","0.036422715456908616","1.1056846231808777","6721","3000"
"fig3b","5.57940918900657","0.025118864315095794","5000","306","197","0.0613877224555089","0.03959208158368326","0.6449511400651465","0.03652269546090782","1.2004191431985305","6722","3001"
"fig3b","5.57940918900657","0.02712272579332028","5000","273","201","0.054789042191561686","0.04039192161567687","0.7372262773722629","0.03765246950609878","1.3038075326625744","6723","3002"
"fig3b","5.57940918900657","0.029286445646252372","5000","305","198","0.0611877624475105","0.03979204159168166","0.6503267973856208","0.03673265346930614","1.4167278382740847","6724","3003"
"fig3b","5.57940918900657","0.03162277660168379","5000","286","210","0.057388522295540895","0.042191561687662464","0.735191637630662","0.03932213557288542","1.5401608146901822","6725","3004"
"fig3b","5.57940918900657","0.034145488738336005","5000","319","172","0.0639872025594881","0.03459308138372325","0.5406249999999999","0.031393721255748845","1.6752039411977364","6726","3005"
"fig3b","5.57940918900657","0.03686945064519575","5000","366","192","0.07338532293541292","0.038592281543691265","0.5258855585831063","0.034923015396920616","1.8230876309162056","6727","3006"
"fig3b","5.57940918900657","0.039810717055349734","5000","385","195","0.07718456308738253","0.039192161567686463","0.5077720207253885","0.035332933413317336","1.985194014980948","6728","3007"
"fig3b","5.57940918900657","0.042986623470822764","5000","373","184","0.07478504299140172","0.03699260147970406","0.49465240641711233","0.03325334933013398","2.163078757157166","6729","3008"
"fig3b","5.57940918900657","0.046415888336127774","5000","418","190","0.08378324335132974","0.03819236152769446","0.4558472553699284","0.034003199360127974","2.3584964424362056","6730","3009"
"fig3b","5.57940918900657","0.05011872336272722","5000","446","176","0.08938212357528494","0.03539292141571686","0.39597315436241615","0.03092381523695261","2.573430189785597","6731","3010"
"fig3b","5.57940918900657","0.054116952654646375","5000","436","172","0.08738252349530094","0.03459308138372325","0.3958810068649885","0.030223955208958205","2.8101262685372603","6732","3011"
"fig3b","5.57940918900657","0.05843414133735175","5000","445","163","0.08918216356728655","0.03279344131173765","0.3677130044843049","0.028334333133373323","3.071134655154708","6733","3012"
"fig3b","5.57940918900657","0.06309573444801933","5000","470","184","0.09418116376724656","0.03699260147970406","0.39278131634819535","0.03228354329134173","3.359356658844746","6734","3013"
"fig3b","5.57940918900657","0.06812920690579614","5000","491","167","0.09838032393521295","0.033593281343731254","0.34146341463414637","0.028674265146970607","3.6781009787954417","6735","3014"
"fig3b","5.57940918900657","0.07356422544596414","5000","524","112","0.10497900419916016","0.022595480903819236","0.21523809523809526","0.017346530693861228","4.03114984299134","6736","3015"
"fig3b","5.57940918900657","0.07943282347242814","5000","544","127","0.10897820435912818","0.02559488102379524","0.2348623853211009","0.020145970805838832","4.422837231341305","6737","3016"
"fig3b","5.57940918900657","0.08576958985908942","5000","568","94","0.11377724455108978","0.01899620075984803","0.16695957820738136","0.013307338532293541","4.858141620398811","6738","3017"
"fig3b","5.57940918900657","0.09261187281287937","5000","574","84","0.11497700459908018","0.016996600679864027","0.14782608695652175","0.011247750449910016","5.342796223482509","6739","3018"
"fig3b","5.57940918900657","0.1","5000","620","77","0.1241751649670066","0.015596880623875225","0.12560386473429952","0.009388122375524895","5.8834203640228395","6740","3019"
"fig3b","5.57940918900657","0.10797751623277094","5000","608","68","0.1217756448710258","0.013797240551889621","0.11330049261083744","0.007708458308338331","6.487676443507382","6741","3020"
"fig3b","5.57940918900657","0.11659144011798317","5000","679","53","0.13597280543891221","0.010797840431913617","0.07941176470588235","0.003999200159968006","7.164457988696455","6742","3021"
"fig3b","5.57940918900657","0.12589254117941676","5000","659","53","0.13197360527894422","0.010797840431913617","0.08181818181818182","0.004199160167966406","7.9241155361622475","6743","3022"
"fig3b","5.57940918900657","0.13593563908785256","5000","702","24","0.14057188562287543","0.004999000199960008","0.03556187766714082","-0.0020295940811837637","8.77872869823554","6744","3023"
"fig3b","5.57940918900657","0.14677992676220697","5000","719","28","0.14397120575884823","0.0057988402319536095","0.04027777777777778","-0.0013997200559888023","9.742434730150535","6745","3024"
"fig3b","5.57940918900657","0.15848931924611134","5000","733","15","0.14677064587082583","0.003199360127974405","0.021798365122615803","-0.004139172165566887","10.831826376992865","6746","3025"
"fig3b","5.57940918900657","0.1711328304161781","5000","784","17","0.15696860627874426","0.003599280143971206","0.022929936305732482","-0.004249150169966007","12.066434831467262","6747","3026"
"fig3b","5.57940918900657","0.18478497974222907","5000","819","2","0.16396720655868827","0.0005998800239952009","0.0036585365853658534","-0.0075984803039392135","13.469317404857605","6748","3027"
"fig3b","5.57940918900657","0.19952623149688797","5000","839","2","0.16796640671865626","0.0005998800239952009","0.0035714285714285713","-0.007798440311937613","15.067774135685625","6749","3028"
"fig3b","5.57940918900657","0.21544346900318834","5000","916","4","0.1833633273345331","0.0009998000399920016","0.0054525627044711015","-0.008168366326734653","16.894223150738952","6750","3029"
"fig3b","5.57940918900657","0.23263050671536262","5000","837","0","0.16756648670265947","0.0001999600079984003","0.0011933174224343674","-0.008178364327134575","18.987271209054114","6751","3030"
"fig3b","5.57940918900657","0.25118864315095796","5000","910","0","0.1821635672865427","0.0001999600079984003","0.001097694840834248","-0.008908218356328736","21.393023408206005","6752","3031"
"fig3b","5.57940918900657","0.27122725793320285","5000","929","0","0.1859628074385123","0.0001999600079984003","0.001075268817204301","-0.009098180363927216","24.16668409397863","6753","3032"
"fig3b","5.57940918900657","0.29286445646252357","5000","955","0","0.1911617676464707","0.0001999600079984003","0.0010460251046025106","-0.009358128374325135","27.374508507420103","6754","3033"
"fig3b","5.57940918900657","0.31622776601683794","5000","970","0","0.1941611677664467","0.0001999600079984003","0.0010298661174047373","-0.009508098380323937","31.09616925905334","6755","3034"
"fig3b","5.57940918900657","0.34145488738336005","5000","943","0","0.1887622475504899","0.0001999600079984003","0.001059322033898305","-0.009238152369526097","35.42759853306262","6756","3035"
"fig3b","5.57940918900657","0.3686945064519575","5000","971","0","0.1943611277744451","0.0001999600079984003","0.0010288065843621398","-0.009518096380723857","40.48434666522502","6757","3036"
"fig3b","5.57940918900657","0.3981071705534973","5000","986","0","0.19736052789442113","0.0001999600079984003","0.0010131712259371832","-0.009668066386722657","46.405442851435254","6758","3037"
"fig3b","5.57940918900657","0.42986623470822766","5000","1000","0","0.2001599680063987","0.0001999600079984003","0.000999000999000999","-0.009808038392321536","53.35762212181089","6759","3038"
"fig3b","5.57940918900657","0.464158883361278","5000","1002","0","0.20055988802239552","0.0001999600079984003","0.0009970089730807576","-0.009828034393121377","61.53953767353974","6760","3039"
"fig3b","5.57940918900657","0.5011872336272722","5000","1012","0","0.20255948810237953","0.0001999600079984003","0.0009871668311944718","-0.009928014397120578","71.18511460442505","6761","3040"
"fig3b","5.57940918900657","0.5411695265464638","5000","1015","0","0.20315936812637472","0.0001999600079984003","0.000984251968503937","-0.009958008398320338","82.56437875854871","6762","3041"
"fig3b","5.57940918900657","0.5843414133735175","5000","890","0","0.17816436712657469","0.0001999600079984003","0.0011223344556677889","-0.008708258348330335","95.97875481399825","6763","3042"
"fig3b","5.57940918900657","0.6309573444801932","5000","1002","0","0.20055988802239552","0.0001999600079984003","0.0009970089730807576","-0.009828034393121377","111.74597532190074","6764","3043"
"fig3b","5.57940918900657","0.6812920690579611","5000","961","0","0.1923615276944611","0.0001999600079984003","0.0010395010395010396","-0.009418116376724656","130.1681497288135","6765","3044"
"fig3b","5.57940918900657","0.7356422544596414","5000","916","0","0.1833633273345331","0.0001999600079984003","0.0010905125408942203","-0.008968206358728255","151.47821293889433","6766","3045"
"fig3b","5.57940918900657","0.7943282347242814","5000","912","0","0.1825634873025395","0.0001999600079984003","0.001095290251916758","-0.008928214357128575","175.77212341783178","6767","3046"
"fig3b","5.57940918900657","0.8576958985908941","5000","966","0","0.1933613277344531","0.0001999600079984003","0.0010341261633919337","-0.009468106378724257","202.9670638008024","6768","3047"
"fig3b","5.57940918900657","0.9261187281287933","5000","969","0","0.1939612077584483","0.0001999600079984003","0.0010309278350515464","-0.009498100379924016","232.89495251943225","6769","3048"
"fig3b","5.57940918900657","1.0","5000","1001","0","0.20035992801439712","0.0001999600079984003","0.000998003992015968","-0.009818036392721457","266.9755211201487","6770","3049"
"fig3b","6.05665548456163","0.01","5000","440","497","0.08818236352729454","0.09958008398320337","1.0","0.09517096580683863","0.2802447213961159","6771","3050"
"fig3b","6.05665548456163","0.0107977516232771","5000","476","512","0.09538092381523695","0.10257948410317937","1.0","0.09781043791241752","0.3040041409589378","6772","3051"
"fig3b","6.05665548456163","0.011659144011798317","5000","474","507","0.09498100379924015","0.10157968406318736","1.0","0.09683063387322535","0.3298943679540969","6773","3052"
"fig3b","6.05665548456163","0.012589254117941675","5000","505","581","0.10117976404719056","0.11637672465506899","1.0","0.11131773645270945","0.35812513453851125","6774","3053"
"fig3b","6.05665548456163","0.013593563908785255","5000","525","522","0.10517896420715857","0.10457908418316336","0.9942965779467681","0.09932013597280544","0.3889296802515787","6775","3054"
"fig3b","6.05665548456163","0.014677992676220698","5000","553","578","0.11077784443111378","0.11577684463107378","1.0","0.11023795240951809","0.42256779942385947","6776","3055"
"fig3b","6.05665548456163","0.015848931924611134","5000","525","605","0.10517896420715857","0.12117576484703059","1.0","0.11591681663667266","0.4593293388987263","6777","3056"
"fig3b","6.05665548456163","0.01711328304161781","5000","601","589","0.12037592481503699","0.11797640471905618","0.9800664451827242","0.11195760847830433","0.4995382197710114","6778","3057"
"fig3b","6.05665548456163","0.018478497974222907","5000","584","585","0.11697660467906419","0.11717656468706258","1.0","0.11132773445310937","0.5435570699463312","6779","3058"
"fig3b","6.05665548456163","0.0199526231496888","5000","627","669","0.1255748850229954","0.1339732053589282","1.0","0.12769446110777843","0.5917925698948636","6780","3059"
"fig3b","6.05665548456163","0.021544346900318832","5000","674","666","0.1349730053989202","0.133373325334933","0.9881481481481482","0.126624675064987","0.6447016325569734","6781","3060"
"fig3b","6.05665548456163","0.02326305067153626","5000","684","656","0.13697260547890422","0.131373725254949","0.9591240875912408","0.1245250949810038","0.7027985605801632","6782","3061"
"fig3b","6.05665548456163","0.025118864315095794","5000","732","689","0.14657068586282743","0.13797240551889622","0.941336971350614","0.13064387122575485","0.7666633506963763","6783","3062"
"fig3b","6.05665548456163","0.02712272579332028","5000","742","734","0.14857028594281144","0.14697060587882424","0.9892328398384926","0.13954209158168368","0.8369513470125298","6784","3063"
"fig3b","6.05665548456163","0.029286445646252372","5000","771","734","0.15436912617476506","0.14697060587882424","0.9520725388601036","0.139252149570086","0.9144020791511878","6785","3064"
"fig3b","6.05665548456163","0.03162277660168379","5000","757","783","0.15156968606278745","0.15676864627074585","1.0","0.14919016196760648","0.9995425267595976","6786","3065"
"fig3b","6.05665548456163","0.034145488738336005","5000","788","765","0.15776844631073786","0.15316936612677465","0.9708491761723701","0.14528094381123777","1.0930134138799872","6787","3066"
"fig3b","6.05665548456163","0.03686945064519575","5000","817","783","0.16356728654269145","0.15676864627074585","0.958435207823961","0.1485902819436113","1.1957456611545751","6788","3067"
"fig3b","6.05665548456163","0.039810717055349734","5000","900","762","0.1801639672065587","0.15256948610277946","0.8468368479467259","0.14356128774245153","1.3087916086419398","6789","3068"
"fig3b","6.05665548456163","0.042986623470822764","5000","854","726","0.17096580683863227","0.14537092581483704","0.8502923976608188","0.13682263547290544","1.433343322682731","6790","3069"
"fig3b","6.05665548456163","0.046415888336127774","5000","926","778","0.1853629274145171","0.15576884623075385","0.8403451995685005","0.146500699860028","1.5707540107619309","6791","3070"
"fig3b","6.05665548456163","0.05011872336272722","5000","1001","751","0.20035992801439712","0.15036992601479704","0.750499001996008","0.1403519296140772","1.7225631259300087","6792","3071"
"fig3b","6.05665548456163","0.054116952654646375","5000","1041","769","0.20835832833433313","0.15396920615876825","0.7389635316698656","0.14355128974205159","1.8905258611965223","6793","3072"
"fig3b","6.05665548456163","0.05843414133735175","5000","1056","706","0.21135772845430914","0.14137172565486902","0.6688741721854304","0.13080383923215355","2.076647879608174","6794","3073"
"fig3b","6.05665548456163","0.06309573444801933","5000","1118","741","0.22375524895020996","0.14837032593481303","0.6630920464700625","0.13718256348730254","2.2832263039284157","6795","3074"
"fig3b","6.05665548456163","0.06812920690579614","5000","1144","685","0.22895420915816836","0.13717256548690263","0.5991266375545852","0.12572485502899422","2.512898209035768","6796","3075"
"fig3b","6.05665548456163","0.07356422544596414","5000","1195","696","0.2391521695660868","0.13937212557488501","0.5827759197324415","0.12741451709658067","2.7686981306210896","6797","3076"
"fig3b","6.05665548456163","0.07943282347242814","5000","1282","660","0.2565486902619476","0.1321735652869426","0.5151987529228371","0.11934613077384522","3.0541264385470583","6798","3077"
"fig3b","6.05665548456163","0.08576958985908942","5000","1319","598","0.26394721055788845","0.11977604479104179","0.45378787878787874","0.10657868426314736","3.37323083894222","6799","3078"
"fig3b","6.05665548456163","0.09261187281287937","5000","1395","548","0.27914417116576684","0.10977804439112178","0.3932664756446992","0.09582083583283343","3.730703786982531","6800","3079"
"fig3b","6.05665548456163","0.1","5000","1398","453","0.27974405118976203","0.09078184363127374","0.32451751250893496","0.07679464107178564","4.131999239534252","6801","3080"
"fig3b","6.05665548456163","0.10797751623277094","5000","1483","422","0.29674065186962606","0.08458308338332333","0.28504043126684636","0.06974605078984203","4.58347298828798","6802","3081"
"fig3b","6.05665548456163","0.11659144011798317","5000","1636","408","0.32733453309338134","0.08178364327134573","0.24984728161270614","0.06541691661667666","5.092551834491871","6803","3082"
"fig3b","6.05665548456163","0.12589254117941676","5000","1613","345","0.32273545290941813","0.0691861627674465","0.21437422552664184","0.0530493901219756","5.667938153498426","6804","3083"
"fig3b","6.05665548456163","0.13593563908785256","5000","1643","287","0.3287342531493701","0.057588482303539294","0.17518248175182483","0.041151769646070785","6.319858025000428","6805","3084"
"fig3b","6.05665548456163","0.14677992676220697","5000","1763","230","0.35272945410917816","0.04619076184763048","0.13095238095238096","0.028554289142171566","7.060363167846958","6806","3085"
"fig3b","6.05665548456163","0.15848931924611134","5000","1785","168","0.357128574285143","0.033793241351729654","0.09462486002239641","0.015936812637472503","7.903699537461506","6807","3086"
"fig3b","6.05665548456163","0.1711328304161781","5000","1762","129","0.3525294941011798","0.025994801039792043","0.0737379466817924","0.008368326334733053","8.866758771824266","6808","3087"
"fig3b","6.05665548456163","0.18478497974222907","5000","1898","75","0.3797240551889622","0.015196960607878424","0.040021063717746184","-0.0037892421515696856","9.9696328987701","6809","3088"
"fig3b","6.05665548456163","0.19952623149688797","5000","1925","74","0.385122975404919","0.014997000599880024","0.03894080996884735","-0.004259148170365927","11.236298073828095","6810","3089"
"fig3b","6.05665548456163","0.21544346900318834","5000","1930","25","0.386122775444911","0.005198960207958408","0.013464526152252718","-0.014107178564287145","12.695459872219942","6811","3090"
"fig3b","6.05665548456163","0.23263050671536262","5000","2005","25","0.40111977604479104","0.005198960207958408","0.01296111665004985","-0.014857028594281145","14.381601097883362","6812","3091"
"fig3b","6.05665548456163","0.25118864315095796","5000","1955","10","0.39112177564487105","0.0021995600879824036","0.005623721881390593","-0.01735652869426115","16.336283449036102","6813","3092"
"fig3b","6.05665548456163","0.27122725793320285","5000","2011","4","0.4023195360927814","0.0009998000399920016","0.002485089463220676","-0.01911617676464707","18.609766788924162","6814","3093"
"fig3b","6.05665548456163","0.29286445646252357","5000","2021","3","0.40431913617276544","0.0007998400319936012","0.0019782393669634025","-0.019416116776644673","21.263023883139056","6815","3094"
"fig3b","6.05665548456163","0.31622776601683794","5000","1989","0","0.39792041591681665","0.0001999600079984003","0.0005025125628140703","-0.019696060787842435","24.37024297890403","6816","3095"
"fig3b","6.05665548456163","0.34145488738336005","5000","1995","0","0.39912017596480703","0.0001999600079984003","0.000501002004008016","-0.019756048790241953","28.02192213263254","6817","3096"
"fig3b","6.05665548456163","0.3686945064519575","5000","2004","0","0.40091981603679266","0.0001999600079984003","0.0004987531172069825","-0.019846030793841236","32.32866008287712","6818","3097"
"fig3b","6.05665548456163","0.3981071705534973","5000","1989","0","0.39792041591681665","0.0001999600079984003","0.0005025125628140703","-0.019696060787842435","37.42572253167509","6819","3098"
"fig3b","6.05665548456163","0.42986623470822766","5000","1967","0","0.3935212957408518","0.0001999600079984003","0.000508130081300813","-0.01947610477904419","43.47837716037375","6820","3099"
"fig3b","6.05665548456163","0.464158883361278","5000","1997","0","0.39952009598080385","0.0001999600079984003","0.0005005005005005005","-0.019776044791041794","50.68778152686326","6821","3100"
"fig3b","6.05665548456163","0.5011872336272722","5000","1857","0","0.3715256948610278","0.0001999600079984003","0.0005382131324004305","-0.018376324735052994","59.296755302917376","6822","3101"
"fig3b","6.05665548456163","0.5411695265464638","5000","1840","0","0.368126374725055","0.0001999600079984003","0.0005431830526887561","-0.01820635872825435","69.59386277003176","6823","3102"
"fig3b","6.05665548456163","0.5843414133735175","5000","1756","0","0.35132973405318935","0.0001999600079984003","0.0005691519635742744","-0.01736652669466107","81.91255604404648","6824","3103"
"fig3b","6.05665548456163","0.6309573444801932","5000","1691","0","0.33833233353329334","0.0001999600079984003","0.000591016548463357","-0.016716656668666268","96.61936951262038","6825","3104"
"fig3b","6.05665548456163","0.6812920690579611","5000","1567","0","0.3135372925414917","0.0001999600079984003","0.0006377551020408163","-0.015476904619076186","114.08160452414359","6826","3105"
"fig3b","6.05665548456163","0.7356422544596414","5000","1502","0","0.3005398920215957","0.0001999600079984003","0.000665335994677312","-0.014827034593081385","134.60344266939944","6827","3106"
"fig3b","6.05665548456163","0.7943282347242814","5000","1453","0","0.2907418516296741","0.0001999600079984003","0.0006877579092159559","-0.014337132573485305","158.32933368975677","6828","3107"
"fig3b","6.05665548456163","0.8576958985908941","5000","1341","0","0.2683463307338532","0.0001999600079984003","0.0007451564828614009","-0.013217356528694262","185.15276789618662","6829","3108"
"fig3b","6.05665548456163","0.9261187281287933","5000","1382","0","0.27654469106178764","0.0001999600079984003","0.0007230657989877079","-0.013627274545090983","214.75620966834998","6830","3109"
"fig3b","6.05665548456163","1.0","5000","1358","0","0.27174565086982605","0.0001999600079984003","0.0007358351729212655","-0.013387322535492904","247.9313184243162","6831","3110"
"fig3b","6.57472402829842","0.01","5000","759","569","0.15196960607878424","0.11397720455908818","0.75","0.10637872425514897","0.19200395687019522","6832","3111"
"fig3b","6.57472402829842","0.0107977516232771","5000","842","616","0.16856628674265148","0.12337532493501299","0.7319098457888493","0.11494701059788041","0.20979978524951548","6833","3112"
"fig3b","6.57472402829842","0.011659144011798317","5000","795","592","0.15916816636672665","0.11857628474305139","0.7449748743718593","0.11061787642471506","0.22915509784223786","6834","3113"
"fig3b","6.57472402829842","0.012589254117941675","5000","756","652","0.15136972605478904","0.1305738852229554","0.8626155878467635","0.12300539892021595","0.2502178496729073","6835","3114"
"fig3b","6.57472402829842","0.013593563908785255","5000","837","646","0.16756648670265947","0.129374125174965","0.7720763723150357","0.12099580083983202","0.27315179697700387","6836","3115"
"fig3b","6.57472402829842","0.014677992676220698","5000","831","643","0.16636672665466906","0.1287742451509698","0.7740384615384616","0.12045590881823635","0.2981384450695259","6837","3116"
"fig3b","6.57472402829842","0.015848931924611134","5000","883","650","0.1767646470705859","0.13017396520695862","0.7364253393665159","0.12133573285342933","0.3253792719805233","6838","3117"
"fig3b","6.57472402829842","0.01711328304161781","5000","925","696","0.1851629674065187","0.13937212557488501","0.7526997840172786","0.13011397720455908","0.3550982715141231","6839","3118"
"fig3b","6.57472402829842","0.018478497974222907","5000","905","678","0.1811637672465507","0.1357728454309138","0.749448123620309","0.12671465706858628","0.38754486691996703","6840","3119"
"fig3b","6.57472402829842","0.0199526231496888","5000","949","720","0.1899620075984803","0.14417116576684663","0.7589473684210526","0.1346730653869226","0.4229972552868162","6841","3120"
"fig3b","6.57472402829842","0.021544346900318832","5000","1040","749","0.20815836832633472","0.14997000599880023","0.7204610951008645","0.13956208758248348","0.4617662533736393","6842","3121"
"fig3b","6.57472402829842","0.02326305067153626","5000","1028","765","0.20575884823035392","0.15316936612677465","0.7444120505344995","0.14288142371525694","0.5041997282007458","6843","3122"
"fig3b","6.57472402829842","0.025118864315095794","5000","1067","796","0.21355728854229153","0.15936812637472506","0.7462546816479401","0.14869026194761048","0.55068771074491","6844","3123"
"fig3b","6.57472402829842","0.02712272579332028","5000","1145","758","0.22915416916616677","0.15176964607078583","0.6623036649214659","0.14031193761247748","0.601668309046687","6845","3124"
"fig3b","6.57472402829842","0.029286445646252372","5000","1155","818","0.23115376924615078","0.16376724655068986","0.708477508650519","0.15220955808838232","0.6576345585133652","6846","3125"
"fig3b","6.57472402829842","0.03162277660168379","5000","1210","876","0.2421515696860628","0.17536492701459708","0.7241948802642444","0.16325734853029394","0.7191423729720725","6847","3126"
"fig3b","6.57472402829842","0.034145488738336005","5000","1286","892","0.2573485302939412","0.1785642871425715","0.6938616938616938","0.16569686062787445","0.7868197910107142","6848","3127"
"fig3b","6.57472402829842","0.03686945064519575","5000","1281","841","0.2563487302539492","0.16836632673465307","0.656786271450858","0.15554889022195562","0.861377749479999","6849","3128"
"fig3b","6.57472402829842","0.039810717055349734","5000","1348","907","0.26974605078984204","0.18156368726254749","0.6730911786508524","0.1680763847230554","0.9436226611299219","6850","3129"
"fig3b","6.57472402829842","0.042986623470822764","5000","1440","914","0.2881423715256949","0.1829634073185363","0.6349757113115891","0.16855628874225156","1.0344711279903436","6851","3130"
"fig3b","6.57472402829842","0.046415888336127774","5000","1458","888","0.2917416516696661","0.17776444711057787","0.6093214530500342","0.16317736452709458","1.1349671884491386","6852","3131"
"fig3b","6.57472402829842","0.05011872336272722","5000","1527","942","0.30553889222155567","0.1885622875424915","0.6171465968586387","0.1732853429314137","1.2463025768032026","6853","3132"
"fig3b","6.57472402829842","0.054116952654646375","5000","1601","997","0.3203359328134373","0.19956008798240352","0.6229712858926342","0.18354329134173164","1.369840572760495","6854","3133"
"fig3b","6.57472402829842","0.05843414133735175","5000","1696","915","0.33933213357328534","0.18316336732653468","0.5397760754272245","0.16619676064787042","1.5071441393435236","6855","3134"
"fig3b","6.57472402829842","0.06309573444801933","5000","1739","953","0.3479304139172166","0.1907618476304739","0.5482758620689655","0.17336532693461307","1.6600091963150305","6856","3135"
"fig3b","6.57472402829842","0.06812920690579614","5000","1809","977","0.3619276144771046","0.19556088782243553","0.5403314917127072","0.1774645070985803","1.830504059631437","6857","3136"
"fig3b","6.57472402829842","0.07356422544596414","5000","1868","911","0.3737252549490102","0.18236352729454108","0.48796147672552165","0.16367726454709058","2.021016304359165","6858","3137"
"fig3b","6.57472402829842","0.07943282347242814","5000","1938","923","0.3877224555088982","0.1847630473905219","0.47653429602888087","0.165376924615077","2.234308590348064","6859","3138"
"fig3b","6.57472402829842","0.08576958985908942","5000","2073","932","0.41471705658868224","0.1865626874625075","0.4498553519768564","0.1658268346330734","2.4735853412959443","6860","3139"
"fig3b","6.57472402829842","0.09261187281287937","5000","2095","905","0.4191161767646471","0.1811637672465507","0.4322519083969466","0.16020795840831834","2.7425726075004775","6861","3140"
"fig3b","6.57472402829842","0.1","5000","2198","824","0.4397120575884823","0.16496700659868027","0.3751705320600273","0.14298140371925616","3.0456139948731504","6862","3141"
"fig3b","6.57472402829842","0.10797751623277094","5000","2258","756","0.4517096580683863","0.15136972605478904","0.33510402833111996","0.12878424315136972","3.387786239374009","6863","3142"
"fig3b","6.57472402829842","0.11659144011798317","5000","2406","779","0.4813037392521496","0.15596880623875226","0.3240548400498546","0.13190361927614477","3.7750388881610775","6864","3143"
"fig3b","6.57472402829842","0.12589254117941676","5000","2380","646","0.4761047790441912","0.129374125174965","0.2717345653086938","0.10556888622275543","4.214363670477155","6865","3144"
"fig3b","6.57472402829842","0.13593563908785256","5000","2499","589","0.4999000199960008","0.11797640471905618","0.236","0.09298140371925614","4.714000573640732","6866","3145"
"fig3b","6.57472402829842","0.14677992676220697","5000","2549","551","0.5098980203959208","0.11037792441511697","0.2164705882352941","0.08488302339532093","5.283689475911871","6867","3146"
"fig3b","6.57472402829842","0.15848931924611134","5000","2691","463","0.5382923415316937","0.09278144371125775","0.1723625557206538","0.06586682663467307","5.9349785519191585","6868","3147"
"fig3b","6.57472402829842","0.1711328304161781","5000","2780","360","0.5560887822435513","0.07218556288742252","0.129809421071557","0.04438112377524495","6.681603720714122","6869","3148"
"fig3b","6.57472402829842","0.18478497974222907","5000","2862","305","0.5724855028994201","0.0611877624475105","0.10688089416695774","0.032563487302539496","7.539957366608547","6870","3149"
"fig3b","6.57472402829842","0.19952623149688797","5000","2840","225","0.5680863827234554","0.04519096180763847","0.07954945441745863","0.016786642671465703","8.529669711853387","6871","3150"
"fig3b","6.57472402829842","0.21544346900318834","5000","2967","147","0.5934813037392521","0.02959408118376325","0.04986522911051213","-7.998400319935914e-05","9.674332928101961","6872","3151"
"fig3b","6.57472402829842","0.23263050671536262","5000","2946","103","0.5892821435712857","0.020795840831833633","0.03529012555140821","-0.008668266346730655","11.002406817843848","6873","3152"
"fig3b","6.57472402829842","0.25118864315095796","5000","3075","61","0.6150769846030794","0.012397520495900819","0.020156046814044214","-0.01835632873425315","12.548356279281563","6874","3153"
"fig3b","6.57472402829842","0.27122725793320285","5000","2965","40","0.5930813837232554","0.008198360327934412","0.01382333108563722","-0.02145570885822836","14.354085514605913","6875","3154"
"fig3b","6.57472402829842","0.29286445646252357","5000","3076","14","0.6152769446110777","0.002999400119976005","0.0048748781280468","-0.027764447110577885","16.470752856567998","6876","3155"
"fig3b","6.57472402829842","0.31622776601683794","5000","3063","6","0.6126774645070986","0.0013997200559888023","0.0022845953002610967","-0.02923415316936613","18.961073893206958","6877","3156"
"fig3b","6.57472402829842","0.34145488738336005","5000","3148","3","0.6296740651869626","0.0007998400319936012","0.0012702445220704986","-0.030683863227354526","21.90224948158314","6878","3157"
"fig3b","6.57472402829842","0.3686945064519575","5000","3093","2","0.6186762647470506","0.0005998800239952009","0.0009696186166774401","-0.03033393321335733","25.38968796566988","6879","3158"
"fig3b","6.57472402829842","0.3981071705534973","5000","3114","0","0.622875424915017","0.0001999600079984003","0.00032102728731942215","-0.03094381123775245","29.54172238657361","6880","3159"
"fig3b","6.57472402829842","0.42986623470822766","5000","2986","0","0.5972805438912218","0.0001999600079984003","0.0003347840642785403","-0.02966406718656269","34.50553990183346","6881","3160"
"fig3b","6.57472402829842","0.464158883361278","5000","2985","0","0.5970805838832234","0.0001999600079984003","0.0003348961821835231","-0.02965406918616277","40.464508885701775","6882","3161"
"fig3b","6.57472402829842","0.5011872336272722","5000","2977","0","0.5954809038192361","0.0001999600079984003","0.000335795836131632","-0.02957408518296341","47.64693472139143","6883","3162"
"fig3b","6.57472402829842","0.5411695265464638","5000","2905","0","0.5810837832433513","0.0001999600079984003","0.00034411562284927734","-0.028854229154169166","56.335838377487335","6884","3163"
"fig3b","6.57472402829842","0.5843414133735175","5000","2819","0","0.563887222555489","0.0001999600079984003","0.00035460992907801415","-0.02799440111977605","66.87830931669981","6885","3164"
"fig3b","6.57472402829842","0.6309573444801932","5000","2722","0","0.5444911017796441","0.0001999600079984003","0.0003672420124862284","-0.02702459508098381","79.69074532003174","6886","3165"
"fig3b","6.57472402829842","0.6812920690579611","5000","2587","0","0.51749650069986","0.0001999600079984003","0.00038639876352395677","-0.0256748650269946","95.25201149974413","6887","3166"
"fig3b","6.57472402829842","0.7356422544596414","5000","2531","0","0.5062987402519497","0.0001999600079984003","0.0003949447077409162","-0.025114977004599085","114.06992578204517","6888","3167"
"fig3b","6.57472402829842","0.7943282347242814","5000","2273","0","0.4547090581883623","0.0001999600079984003","0.0004397537379067722","-0.022535492901419717","136.60127006288104","6889","3168"
"fig3b","6.57472402829842","0.8576958985908941","5000","2130","0","0.4261147770445911","0.0001999600079984003","0.00046926325668700134","-0.021105778844231156","163.11836007919277","6890","3169"
"fig3b","6.57472402829842","0.9261187281287933","5000","1993","0","0.3987202559488102","0.0001999600079984003","0.0005015045135406219","-0.019736052789442113","193.58735717310998","6891","3170"
"fig3b","6.57472402829842","1.0","5000","1871","0","0.3743251349730054","0.0001999600079984003","0.0005341880341880341","-0.01851629674065187","228.37272818719845","6892","3171"
"fig3b","7.137106635579632","0.01","5000","1019","881","0.20395920815836832","0.17636472705458908","0.8647058823529412","0.16616676664667065","0.13496220640587353","6893","3172"
"fig3b","7.137106635579632","0.0107977516232771","5000","1045","952","0.20915816836632672","0.1905618876224755","0.9110898661567878","0.18010397920415916","0.1466732153979251","6894","3173"
"fig3b","7.137106635579632","0.011659144011798317","5000","1036","967","0.20735852829434112","0.19356128774245152","0.9334619093539056","0.18319336132773445","0.15943813008522056","6895","3174"
"fig3b","7.137106635579632","0.012589254117941675","5000","1121","990","0.22435512897420515","0.19816036792641473","0.8832442067736186","0.18694261147770447","0.1733611926482581","6896","3175"
"fig3b","7.137106635579632","0.013593563908785255","5000","1161","1017","0.23235352929414116","0.20355928814237154","0.8760757314974184","0.1919416116776645","0.18855838931790458","6897","3176"
"fig3b","7.137106635579632","0.014677992676220698","5000","1142","1053","0.22855428914217157","0.21075784843031395","0.9221347331583553","0.19933013397320537","0.20515897765324098","6898","3177"
"fig3b","7.137106635579632","0.015848931924611134","5000","1183","1022","0.236752649470106","0.20455908818236354","0.8640202702702703","0.19272145570885824","0.22330723933666263","6899","3178"
"fig3b","7.137106635579632","0.01711328304161781","5000","1256","1125","0.2513497300539892","0.22515496900619877","0.8957836117740653","0.21258748250349932","0.24316449520651418","6900","3179"
"fig3b","7.137106635579632","0.018478497974222907","5000","1255","1108","0.2511497700459908","0.22175564887022595","0.8829617834394904","0.2091981603679264","0.2649114256961411","6901","3180"
"fig3b","7.137106635579632","0.0199526231496888","5000","1264","1189","0.2529494101179764","0.23795240951809637","0.9407114624505929","0.22530493901219756","0.2887507475110169","6902","3181"
"fig3b","7.137106635579632","0.021544346900318832","5000","1410","1136","0.28214357128574286","0.22735452909418116","0.8058114812189936","0.21324735052989402","0.31491030648857077","6903","3182"
"fig3b","7.137106635579632","0.02326305067153626","5000","1428","1218","0.28574285142971406","0.24375124975005","0.8530440867739678","0.2294641071785643","0.3436466574590895","6904","3183"
"fig3b","7.137106635579632","0.025118864315095794","5000","1525","1291","0.3051389722055589","0.25834833033393323","0.8466579292267365","0.2430913817236553","0.37524921490052066","6905","3184"
"fig3b","7.137106635579632","0.02712272579332028","5000","1521","1290","0.3043391321735653","0.2581483703259348","0.8482260183968462","0.24293141371725652","0.4100450737298047","6906","3185"
"fig3b","7.137106635579632","0.029286445646252372","5000","1545","1341","0.3091381723655269","0.2683463307338532","0.8680465717981889","0.25288942211557686","0.44840461820788846","6907","3186"
"fig3b","7.137106635579632","0.03162277660168379","5000","1614","1343","0.3229354129174165","0.26874625074985004","0.8321981424148607","0.2525994801039792","0.49074805935151744","6908","3187"
"fig3b","7.137106635579632","0.034145488738336005","5000","1669","1346","0.3339332133573285","0.2693461307738452","0.8065868263473055","0.2526494701059788","0.5375530682589442","6909","3188"
"fig3b","7.137106635579632","0.03686945064519575","5000","1721","1483","0.34433113377324537","0.29674065186962606","0.8617886178861788","0.27952409518096377","0.5893637053800944","6910","3189"
"fig3b","7.137106635579632","0.039810717055349734","5000","1769","1518","0.35392921415716855","0.3037392521495701","0.8581920903954803","0.2860427914417117","0.6468008853018432","6911","3190"
"fig3b","7.137106635579632","0.042986623470822764","5000","1887","1527","0.3775244951009798","0.30553889222155567","0.809322033898305","0.2866626674665067","0.7105746646201396","6912","3191"
"fig3b","7.137106635579632","0.046415888336127774","5000","1993","1536","0.3987202559488102","0.3073385322935413","0.7708124373119358","0.2874025194961008","0.7814986989600925","6913","3192"
"fig3b","7.137106635579632","0.05011872336272722","5000","2056","1588","0.41131773645270947","0.3177364527094581","0.7724842002916869","0.2971705658868226","0.8605072866527053","6914","3193"
"fig3b","7.137106635579632","0.054116952654646375","5000","2171","1506","0.43431313737252547","0.30133973205358927","0.6938305709023941","0.279624075184963","0.9486755041575634","6915","3194"
"fig3b","7.137106635579632","0.05843414133735175","5000","2260","1623","0.4521095780843831","0.32473505298940214","0.7182662538699691","0.302129574085183","1.0472430460047804","6916","3195"
"fig3b","7.137106635579632","0.06309573444801933","5000","2386","1666","0.47730453909218157","0.3333333333333333","0.6983661499790531","0.30946810637872424","1.157642514919985","6917","3196"
"fig3b","7.137106635579632","0.06812920690579614","5000","2433","1635","0.48670265946810637","0.3271345730853829","0.6721446179129006","0.30279944011197757","1.28153307236488","6918","3197"
"fig3b","7.137106635579632","0.07356422544596414","5000","2483","1663","0.4967006598680264","0.3327334533093381","0.6698872785829307","0.3078984203159368","1.4208405643067863","6919","3198"
"fig3b","7.137106635579632","0.07943282347242814","5000","2625","1690","0.5250949810037993","0.33813237352529496","0.643945163747144","0.311877624475105","1.5778054923713398","6920","3199"
"fig3b","7.137106635579632","0.08576958985908942","5000","2656","1637","0.5312937412517497","0.3275344931013797","0.6164847572450132","0.30096980603879225","1.7550405205370225","6921","3200"
"fig3b","7.137106635579632","0.09261187281287937","5000","2777","1651","0.555488902219556","0.33033393321335736","0.5946724262059037","0.30255948810237954","1.9555996103122766","6922","3201"
"fig3b","7.137106635579632","0.1","5000","2856","1564","0.5712857428514297","0.3129374125174965","0.5477773888694435","0.28437312537492504","2.1830613866224553","6923","3202"
"fig3b","7.137106635579632","0.10797751623277094","5000","2951","1584","0.5902819436112777","0.3169366126774645","0.5369241192411924","0.28742251549690057","2.4416299835934865","6924","3203"
"fig3b","7.137106635579632","0.11659144011798317","5000","2989","1495","0.597880423915217","0.2991401719656069","0.5003344481605351","0.26924615076984604","2.7362574453282207","6925","3204"
"fig3b","7.137106635579632","0.12589254117941676","5000","3078","1357","0.6156768646270746","0.2715456908618276","0.44105228970444943","0.24076184763047387","3.0727928164977527","6926","3205"
"fig3b","7.137106635579632","0.13593563908785256","5000","3203","1296","0.6406718656268746","0.25934813037392523","0.4048064918851436","0.2273145370925815","3.4581644245189977","6927","3206"
"fig3b","7.137106635579632","0.14677992676220697","5000","3281","1219","0.6562687462507498","0.2439512097580484","0.37172455819622185","0.2111377724455109","3.90060362798269","6928","3207"
"fig3b","7.137106635579632","0.15848931924611134","5000","3379","1113","0.675864827034593","0.22275544891021795","0.3295857988165681","0.1889622075584883","4.409920618416663","6929","3208"
"fig3b","7.137106635579632","0.1711328304161781","5000","3488","1009","0.6976604679064187","0.2019596080783843","0.2894812267125251","0.16707658468306338","4.997845896112949","6930","3209"
"fig3b","7.137106635579632","0.18478497974222907","5000","3525","869","0.7050589882023596","0.1739652069586083","0.24673851389676688","0.13871225754849031","5.678455044137593","6931","3210"
"fig3b","7.137106635579632","0.19952623149688797","5000","3570","711","0.7140571885622875","0.14237152569486103","0.19938392607112854","0.10666866626674665","6.468699739433873","6932","3211"
"fig3b","7.137106635579632","0.21544346900318834","5000","3628","553","0.7256548690261948","0.11077784443111378","0.15265913474786444","0.07449510097980405","7.389075037801263","6933","3212"
"fig3b","7.137106635579632","0.23263050671536262","5000","3659","415","0.7318536292741452","0.08318336332733453","0.11366120218579234","0.04659068186362727","8.464462503780396","6934","3213"
"fig3b","7.137106635579632","0.25118864315095796","5000","3765","303","0.7530493901219756","0.060787842431513694","0.0807222517259692","0.023135372925414913","9.72520163346735","6935","3214"
"fig3b","7.137106635579632","0.27122725793320285","5000","3741","197","0.748250349930014","0.03959208158368326","0.05291288081239978","0.0021795640871825617","11.208459493352592","6936","3215"
"fig3b","7.137106635579632","0.29286445646252357","5000","3800","109","0.7600479904019196","0.021995600879824034","0.02893975269665877","-0.016006798640271953","12.959992299535742","6937","3216"
"fig3b","7.137106635579632","0.31622776601683794","5000","3807","72","0.7614477104579084","0.014597080583883223","0.019170168067226892","-0.023475304939012197","15.036425132689715","6938","3217"
"fig3b","7.137106635579632","0.34145488738336005","5000","3834","25","0.7668466306738653","0.005198960207958408","0.006779661016949152","-0.033143371325734854","17.50822020610414","6939","3218"
"fig3b","7.137106635579632","0.3686945064519575","5000","3792","7","0.7584483103379324","0.0015996800639872025","0.0021091484313208544","-0.03632273545290942","20.463563869712374","6940","3219"
"fig3b","7.137106635579632","0.3981071705534973","5000","3769","4","0.7538492301539692","0.0009998000399920016","0.001326259946949602","-0.03669266146770646","24.01348181655746","6941","3220"
"fig3b","7.137106635579632","0.42986623470822766","5000","3764","0","0.7528494301139772","0.0001999600079984003","0.0002656042496679947","-0.03744251149770046","28.29859293964347","6942","3221"
"fig3b","7.137106635579632","0.464158883361278","5000","3695","0","0.7390521895620876","0.0001999600079984003","0.00027056277056277056","-0.03675264947010598","33.498029473004806","6943","3222"
"fig3b","7.137106635579632","0.5011872336272722","5000","3652","0","0.7304539092181563","0.0001999600079984003","0.0002737476047084588","-0.03632273545290942","39.841155120334406","6944","3223"
"fig3b","7.137106635579632","0.5411695265464638","5000","3499","0","0.6998600279944012","0.0001999600079984003","0.0002857142857142857","-0.03479304139172166","47.62270769475586","6945","3224"
"fig3b","7.137106635579632","0.5843414133735175","5000","3474","0","0.6948610277944411","0.0001999600079984003","0.00028776978417266187","-0.03454309138172366","57.22160275829606","6946","3225"
"fig3b","7.137106635579632","0.6309573444801932","5000","3269","0","0.6538692261547691","0.0001999600079984003","0.0003058103975535168","-0.03249350129974005","69.12211457483193","6947","3226"
"fig3b","7.137106635579632","0.6812920690579611","5000","3162","0","0.6324735052989402","0.0001999600079984003","0.00031615554852987667","-0.03142371525694861","83.93157254772939","6948","3227"
"fig3b","7.137106635579632","0.7356422544596414","5000","2991","0","0.5982803439312138","0.0001999600079984003","0.00033422459893048126","-0.02971405718856229","102.37646740145843","6949","3228"
"fig3b","7.137106635579632","0.7943282347242814","5000","2782","0","0.556488702259548","0.0001999600079984003","0.00035932446999640676","-0.027624475104979004","125.23025509910144","6950","3229"
"fig3b","7.137106635579632","0.8576958985908941","5000","2518","0","0.5036992601479704","0.0001999600079984003","0.0003969829297340214","-0.02498500299940012","153.07880786821715","6951","3230"
"fig3b","7.137106635579632","0.9261187281287933","5000","2362","0","0.47250549890022","0.0001999600079984003","0.0004231908590774439","-0.023425314937012602","185.84674697019653","6952","3231"
"fig3b","7.137106635579632","1.0","5000","2031","0","0.40631873625274945","0.0001999600079984003","0.0004921259842519685","-0.020115976804639075","222.80034091634616","6953","3232"
"fig3b","7.74759380141131","0.01","5000","1094","585","0.21895620875824834","0.11717656468706258","0.5351598173515982","0.10622875424915017","0.055855594681901266","6954","3233"
"fig3b","7.74759380141131","0.0107977516232771","5000","1060","606","0.21215756848630274","0.121375724855029","0.5721017907634307","0.11076784643071386","0.07367620820997445","6955","3234"
"fig3b","7.74759380141131","0.011659144011798317","5000","1100","624","0.22015596880623875","0.1249750049990002","0.5676657584014533","0.11396720655868826","0.09304457398422983","6956","3235"
"fig3b","7.74759380141131","0.012589254117941675","5000","1101","632","0.22035592881423716","0.1265746850629874","0.574410163339383","0.11555688862227556","0.1141054105983983","6957","3236"
"fig3b","7.74759380141131","0.013593563908785255","5000","1172","659","0.23455308938212358","0.13197360527894422","0.5626598465473146","0.12024595080983805","0.13701859125228566","6958","3237"
"fig3b","7.74759380141131","0.014677992676220698","5000","1148","665","0.22975404919016196","0.1331733653269346","0.5796344647519582","0.1216856628674265","0.16196097384641917","6959","3238"
"fig3b","7.74759380141131","0.015848931924611134","5000","1178","614","0.235752849430114","0.12297540491901619","0.5216284987277353","0.1111877624475105","0.1891284860166138","6960","3239"
"fig3b","7.74759380141131","0.01711328304161781","5000","1203","627","0.24075184963007398","0.1255748850229954","0.5215946843853821","0.11353729254149171","0.21873850508143278","6961","3240"
"fig3b","7.74759380141131","0.018478497974222907","5000","1257","716","0.25154969006198763","0.14337132573485303","0.5699523052464228","0.13079384123175364","0.2510325797655355","6962","3241"
"fig3b","7.74759380141131","0.0199526231496888","5000","1228","701","0.24575084983003398","0.14037192561487702","0.5711960943856794","0.12808438312337533","0.28627954868855454","6963","3242"
"fig3b","7.74759380141131","0.021544346900318832","5000","1202","693","0.24055188962207558","0.13877224555088982","0.5768911055694098","0.12674465106978605","0.3247791203046404","6964","3243"
"fig3b","7.74759380141131","0.02326305067153626","5000","1267","738","0.2535492901419716","0.14777044591081784","0.582807570977918","0.13509298140371925","0.36686599048084645","6965","3244"
"fig3b","7.74759380141131","0.025118864315095794","5000","1406","748","0.28134373125374923","0.14977004599080185","0.5323383084577115","0.1357028594281144","0.4129145876337361","6966","3245"
"fig3b","7.74759380141131","0.02712272579332028","5000","1395","710","0.27914417116576684","0.14217156568686262","0.5093123209169055","0.1282143571285743","0.4633445517642656","6967","3246"
"fig3b","7.74759380141131","0.029286445646252372","5000","1351","771","0.27034593081383723","0.15436912617476506","0.5710059171597633","0.1408518296340732","0.5186270733615288","6968","3247"
"fig3b","7.74759380141131","0.03162277660168379","5000","1453","757","0.2907418516296741","0.15156968606278745","0.5213204951856947","0.13703259348130375","0.5792922417522561","6969","3248"
"fig3b","7.74759380141131","0.034145488738336005","5000","1413","802","0.28274345130973805","0.16056788642271547","0.5678925035360679","0.14643071385722856","0.6459375808431105","6970","3249"
"fig3b","7.74759380141131","0.03686945064519575","5000","1505","838","0.3011397720455909","0.16776644671065788","0.5571049136786189","0.15270945810837833","0.7192379844371999","6971","3250"
"fig3b","7.74759380141131","0.039810717055349734","5000","1620","740","0.3241351729654069","0.14817036592681462","0.4571252313386798","0.13196360727854428","0.79995730471461","6972","3251"
"fig3b","7.74759380141131","0.042986623470822764","5000","1637","795","0.3275344931013797","0.15916816636672665","0.48595848595848595","0.14279144171165767","0.888961897670697","6973","3252"
"fig3b","7.74759380141131","0.046415888336127774","5000","1663","828","0.3327334533093381","0.16576684663067387","0.4981971153846154","0.14913017396520697","0.9872364903801554","6974","3253"
"fig3b","7.74759380141131","0.05011872336272722","5000","1743","891","0.34873025394921014","0.1783643271345731","0.5114678899082569","0.16092781443711257","1.0959028094421228","6975","3254"
"fig3b","7.74759380141131","0.054116952654646375","5000","1805","915","0.36112777444511096","0.18316336732653468","0.5071982281284607","0.16510697860427914","1.216241501126774","6976","3255"
"fig3b","7.74759380141131","0.05843414133735175","5000","1801","853","0.3603279344131174","0.17076584683063387","0.4739178690344062","0.152749450109978","1.3497179856560422","6977","3256"
"fig3b","7.74759380141131","0.06309573444801933","5000","1929","898","0.3859228154369126","0.17976404719056188","0.4658031088082902","0.16046790641871625","1.4980130259385191","6978","3257"
"fig3b","7.74759380141131","0.06812920690579614","5000","1979","867","0.39592081583683264","0.17356528694261147","0.4383838383838384","0.15376924615076984","1.6630589615373879","6979","3258"
"fig3b","7.74759380141131","0.07356422544596414","5000","2034","855","0.40691861627674464","0.17116576684663068","0.4206388206388207","0.15081983603279345","1.8470827702049064","6980","3259"
"fig3b","7.74759380141131","0.07943282347242814","5000","2055","822","0.41111777644471104","0.16456708658268346","0.40029182879377434","0.1440111977604479","2.0526573828920505","6981","3260"
"fig3b","7.74759380141131","0.08576958985908942","5000","2182","790","0.4365126974605079","0.15816836632673464","0.36234539624370127","0.13634273145370923","2.2827630078277537","6982","3261"
"fig3b","7.74759380141131","0.09261187281287937","5000","2262","822","0.45250949810037994","0.16456708658268346","0.3636765355722492","0.14194161167766445","2.5408606334880233","6983","3262"
"fig3b","7.74759380141131","0.1","5000","2253","765","0.4507098580283943","0.15316936612677465","0.3398402839396628","0.13063387322535494","2.830980402908125","6984","3263"
"fig3b","7.74759380141131","0.10797751623277094","5000","2396","697","0.4793041391721656","0.13957208558288342","0.2911973299958281","0.11560687862427514","3.1578282143702268","6985","3264"
"fig3b","7.74759380141131","0.11659144011798317","5000","2435","680","0.4871025794841032","0.13617276544691062","0.27955665024630544","0.11181763647270546","3.526914747397427","6986","3265"
"fig3b","7.74759380141131","0.12589254117941676","5000","2460","649","0.4921015796840632","0.1299740051989602","0.26412027631044294","0.10536892621475705","3.9447121933056337","6987","3266"
"fig3b","7.74759380141131","0.13593563908785256","5000","2575","591","0.5150969806038792","0.118376324735053","0.2298136645962733","0.09262147570485904","4.41884535954793","6988","3267"
"fig3b","7.74759380141131","0.14677992676220697","5000","2605","556","0.5210957808438312","0.11137772445510898","0.21373752877973906","0.08532293541291741","4.958325615120856","6989","3268"
"fig3b","7.74759380141131","0.15848931924611134","5000","2696","395","0.5392921415716857","0.07918416316736653","0.1468298109010011","0.05221955608878224","5.573838482891972","6990","3269"
"fig3b","7.74759380141131","0.1711328304161781","5000","2656","404","0.5312937412517497","0.08098380323935213","0.15242754986827248","0.05441911617676465","6.278098743500379","6991","3270"
"fig3b","7.74759380141131","0.18478497974222907","5000","2777","296","0.555488902219556","0.0593881223755249","0.10691144708423328","0.03161367726454709","7.086290939220646","6992","3271"
"fig3b","7.74759380141131","0.19952623149688797","5000","2834","257","0.5668866226754649","0.05158968206358728","0.091005291005291","0.023245350929814036","8.01661848994138","6993","3272"
"fig3b","7.74759380141131","0.21544346900318834","5000","2893","161","0.5786842631473705","0.03239352129574085","0.05597788527988942","0.0034593081383723218","9.090991717890404","6994","3273"
"fig3b","7.74759380141131","0.23263050671536262","5000","2875","130","0.5750849830033993","0.026194761047790442","0.04554937413073714","-0.0025594881023795236","10.33589455842835","6995","3274"
"fig3b","7.74759380141131","0.25118864315095796","5000","2956","85","0.5912817436512697","0.017196560687862426","0.02908353060534325","-0.012367526494701062","11.78348248930817","6996","3275"
"fig3b","7.74759380141131","0.27122725793320285","5000","2963","43","0.5926814637072585","0.008798240351929614","0.01484480431848853","-0.020835832833433314","13.472981452692466","6997","3276"
"fig3b","7.74759380141131","0.29286445646252357","5000","2958","26","0.5916816636672666","0.005398920215956809","0.009124704291990537","-0.024185162967406523","15.452480938774983","6998","3277"
"fig3b","7.74759380141131","0.31622776601683794","5000","2995","10","0.5990801839632074","0.0021995600879824036","0.003671562082777036","-0.027754449110177968","17.781246208255823","6999","3278"
"fig3b","7.74759380141131","0.34145488738336005","5000","2970","3","0.5940811837632474","0.0007998400319936012","0.0013463480309660045","-0.028904219156168767","20.532717846871662","7000","3279"
"fig3b","7.74759380141131","0.3686945064519575","5000","2977","3","0.5954809038192361","0.0007998400319936012","0.001343183344526528","-0.028974205158968206","23.79842523315557","7001","3280"
"fig3b","7.74759380141131","0.3981071705534973","5000","2972","0","0.5944811037792441","0.0001999600079984003","0.0003363605785401951","-0.029524095180963807","27.693118273966547","7002","3281"
"fig3b","7.74759380141131","0.42986623470822766","5000","2884","0","0.5768846230753849","0.0001999600079984003","0.0003466204506065858","-0.028644271145770846","32.36152220981049","7003","3282"
"fig3b","7.74759380141131","0.464158883361278","5000","2879","0","0.5758848230353929","0.0001999600079984003","0.00034722222222222224","-0.028594281143771248","37.9872415764284","7004","3283"
"fig3b","7.74759380141131","0.5011872336272722","5000","2786","0","0.5572885422915417","0.0001999600079984003","0.0003588087549336204","-0.027664467106578685","44.80446299573683","7005","3284"
"fig3b","7.74759380141131","0.5411695265464638","5000","2754","0","0.5508898220355929","0.0001999600079984003","0.0003629764065335753","-0.027344531093781245","53.11316653861101","7006","3285"
"fig3b","7.74759380141131","0.5843414133735175","5000","2695","0","0.5390921815636872","0.0001999600079984003","0.000370919881305638","-0.026754649070185963","63.298359295512654","7007","3286"
"fig3b","7.74759380141131","0.6309573444801932","5000","2528","0","0.5056988602279544","0.0001999600079984003","0.00039541320680110717","-0.02508498300339932","75.85286799622747","7008","3287"
"fig3b","7.74759380141131","0.6812920690579611","5000","2497","0","0.499500099980004","0.0001999600079984003","0.00040032025620496394","-0.0247750449910018","91.40009615609162","7009","3288"
"fig3b","7.74759380141131","0.7356422544596414","5000","2393","0","0.4787042591481704","0.0001999600079984003","0.0004177109440267335","-0.023735252949410122","110.70442484263395","7010","3289"
"fig3b","7.74759380141131","0.7943282347242814","5000","2231","0","0.44631073785242953","0.0001999600079984003","0.0004480286738351254","-0.022115576884623078","134.63491912396688","7011","3290"
"fig3b","7.74759380141131","0.8576958985908941","5000","2157","0","0.4315136972605479","0.0001999600079984003","0.0004633920296570899","-0.021375724855028998","164.00166896558295","7012","3291"
"fig3b","7.74759380141131","0.9261187281287933","5000","1947","0","0.3895220955808838","0.0001999600079984003","0.000513347022587269","-0.01927614477104579","199.13898296867217","7013","3292"
"fig3b","7.74759380141131","1.0","5000","1738","0","0.34773045390921814","0.0001999600079984003","0.0005750431282346176","-0.01718656268746251","239.63353577872368","7014","3293"
"fig3b","8.410300248623376","0.01","5000","1013","736","0.20275944811037794","0.14737052589482103","0.7268244575936883","0.13723255348930213","0.15012513174593778","7015","3294"
"fig3b","8.410300248623376","0.0107977516232771","5000","1066","786","0.21335732853429315","0.15736852629474105","0.7375820056232427","0.14670065986802638","0.16682390814935388","7016","3295"
"fig3b","8.410300248623376","0.011659144011798317","5000","1098","724","0.21975604879024196","0.14497100579884023","0.6596906278434941","0.13398320335932812","0.18497741386727284","7017","3296"
"fig3b","8.410300248623376","0.012589254117941675","5000","1122","834","0.22455508898220355","0.16696660667866425","0.7435440783615316","0.15573885222955408","0.2047223595454568","7018","3297"
"fig3b","8.410300248623376","0.013593563908785255","5000","1140","759","0.22815436912617476","0.15196960607878424","0.6660823838737949","0.1405618876224755","0.22620987379804092","7019","3298"
"fig3b","8.410300248623376","0.014677992676220698","5000","1147","820","0.22955408918216358","0.16416716656668667","0.7151567944250872","0.1526894621075785","0.24960725821415508","7020","3299"
"fig3b","8.410300248623376","0.015848931924611134","5000","1215","784","0.24315136972605478","0.15696860627874426","0.6455592105263158","0.14481103779244153","0.2750999885811609","7021","3300"
"fig3b","8.410300248623376","0.01711328304161781","5000","1143","811","0.22875424915016995","0.16236752649470107","0.7097902097902099","0.15092981403719258","0.3028940011514578","7022","3301"
"fig3b","8.410300248623376","0.018478497974222907","5000","1217","797","0.2435512897420516","0.15956808638272346","0.6551724137931034","0.14739052189562088","0.33321830948443676","7023","3302"
"fig3b","8.410300248623376","0.0199526231496888","5000","1279","890","0.2559488102379524","0.17816436712657469","0.69609375","0.16536692661467706","0.3663280053449398","7024","3303"
"fig3b","8.410300248623376","0.021544346900318832","5000","1265","900","0.2531493701259748","0.1801639672065587","0.711690363349131","0.16750649870025996","0.4025077065979872","7025","3304"
"fig3b","8.410300248623376","0.02326305067153626","5000","1304","891","0.26094781043791243","0.1783643271345731","0.6835249042145594","0.16531693661267746","0.4420755262837588","7026","3305"
"fig3b","8.410300248623376","0.025118864315095794","5000","1312","932","0.2625474905018996","0.1865626874625075","0.7105864432597107","0.17343531293741252","0.48538765049553945","7027","3306"
"fig3b","8.410300248623376","0.02712272579332028","5000","1416","923","0.28334333133373324","0.1847630473905219","0.6520818630910374","0.17059588082383526","0.5328436287416025","7028","3307"
"fig3b","8.410300248623376","0.029286445646252372","5000","1337","940","0.26754649070185965","0.1881623675264947","0.703288490284006","0.1747850429914017","0.5848924997189613","7029","3308"
"fig3b","8.410300248623376","0.03162277660168379","5000","1495","988","0.2991401719656069","0.1977604479104179","0.661096256684492","0.18280343931213758","0.6420398985550264","7030","3309"
"fig3b","8.410300248623376","0.034145488738336005","5000","1474","990","0.2949410117976405","0.19816036792641473","0.671864406779661","0.1834133173365327","0.7048563194179565","7031","3310"
"fig3b","8.410300248623376","0.03686945064519575","5000","1543","957","0.3087382523495301","0.1915616876624675","0.6204663212435233","0.176124775044991","0.7739867410134025","7032","3311"
"fig3b","8.410300248623376","0.039810717055349734","5000","1608","1011","0.3217356528694261","0.20235952809438112","0.6289620882535736","0.18627274545090983","0.8501618631907206","7033","3312"
"fig3b","8.410300248623376","0.042986623470822764","5000","1626","989","0.32533493301339733","0.19796040791841632","0.6084818684695759","0.18169366126774644","0.9342112522792263","7034","3313"
"fig3b","8.410300248623376","0.046415888336127774","5000","1680","1023","0.33613277344531095","0.20475904819036192","0.6091612135633551","0.18795240951809639","1.0270787529310041","7035","3314"
"fig3b","8.410300248623376","0.05011872336272722","5000","1785","1042","0.357128574285143","0.20855828834233153","0.583986562150056","0.19070185962807437","1.12984059769218","7036","3315"
"fig3b","8.410300248623376","0.054116952654646375","5000","1725","1049","0.34513097380523894","0.20995800839832032","0.608342989571263","0.19270145970805838","1.2437267355268204","7037","3316"
"fig3b","8.410300248623376","0.05843414133735175","5000","1805","982","0.36112777444511096","0.1965606878624275","0.544296788482835","0.17850429914017196","1.3701460111367112","7038","3317"
"fig3b","8.410300248623376","0.06309573444801933","5000","1914","1029","0.38292341531693663","0.20595880823835233","0.5378590078328982","0.18681263747250548","1.51071596337448","7039","3318"
"fig3b","8.410300248623376","0.06812920690579614","5000","1967","1020","0.3935212957408518","0.20415916816636673","0.5188008130081301","0.18448310337932414","1.667298180014484","7040","3319"
"fig3b","8.410300248623376","0.07356422544596414","5000","2065","1037","0.41311737652469505","0.20755848830233953","0.5024201355275896","0.18690261947610476","1.842040356129644","7041","3320"
"fig3b","8.410300248623376","0.07943282347242814","5000","2084","964","0.4169166166766647","0.1929614077184563","0.46282973621103113","0.17211557688462306","2.0374264653591183","7042","3321"
"fig3b","8.410300248623376","0.08576958985908942","5000","2126","931","0.4253149370125975","0.1863627274545091","0.4381758345086977","0.16509698060387923","2.2563367817505195","7043","3322"
"fig3b","8.410300248623376","0.09261187281287937","5000","2177","926","0.4355128974205159","0.1853629274145171","0.42561983471074377","0.1635872825434913","2.5021199031517085","7044","3323"
"fig3b","8.410300248623376","0.1","5000","2312","937","0.46250749850029993","0.1875624875024995","0.40553393860786857","0.1644371125774845","2.778679449759238","7045","3324"
"fig3b","8.410300248623376","0.10797751623277094","5000","2323","878","0.4647070585882823","0.1757648470305939","0.3782271944922548","0.15252949410117977","3.090578775419857","7046","3325"
"fig3b","8.410300248623376","0.11659144011798317","5000","2401","833","0.4803039392121576","0.16676664667066587","0.347210657785179","0.142751449710058","3.443167877135977","7047","3326"
"fig3b","8.410300248623376","0.12589254117941676","5000","2423","816","0.48470305938812236","0.16336732653469307","0.3370462046204621","0.13913217356528695","3.8427377765245865","7048","3327"
"fig3b","8.410300248623376","0.13593563908785256","5000","2483","681","0.4967006598680264","0.13637272545490903","0.2745571658615137","0.1115376924615077","4.296709051526221","7049","3328"
"fig3b","8.410300248623376","0.14677992676220697","5000","2567","615","0.5134973005398921","0.1231753649270146","0.23987538940809966","0.09750049990002","4.813863019708208","7050","3329"
"fig3b","8.410300248623376","0.15848931924611134","5000","2647","509","0.529494101179764","0.10197960407918416","0.19259818731117825","0.07550489902019596","5.40462645471419","7051","3330"
"fig3b","8.410300248623376","0.1711328304161781","5000","2682","450","0.5364927014597081","0.09018196360727855","0.1680954155795751","0.06335732853429314","6.08142384427623","7052","3331"
"fig3b","8.410300248623376","0.18478497974222907","5000","2694","366","0.5388922215556888","0.07338532293541292","0.13617810760667903","0.04644071185762848","6.8591153320677165","7053","3332"
"fig3b","8.410300248623376","0.19952623149688797","5000","2754","286","0.5508898220355929","0.057388522295540895","0.10417422867513612","0.02984403119376125","7.755543986978779","7054","3333"
"fig3b","8.410300248623376","0.21544346900318834","5000","2740","209","0.5480903819236153","0.041991601679664065","0.07661437431594309","0.014587082583483301","8.792223414015666","7055","3334"
"fig3b","8.410300248623376","0.23263050671536262","5000","2801","129","0.5602879424115177","0.025994801039792043","0.046395431834404","-0.0020195960807838434","9.995206664569594","7056","3335"
"fig3b","8.410300248623376","0.25118864315095796","5000","2781","99","0.5562887422515497","0.01999600079984003","0.035945363048166784","-0.007818436312737456","11.39619091213234","7057","3336"
"fig3b","8.410300248623376","0.27122725793320285","5000","2808","44","0.5616876624675065","0.008998200359928014","0.016019935920256318","-0.019086182763447312","13.033930838078817","7058","3337"
"fig3b","8.410300248623376","0.29286445646252357","5000","2798","31","0.5596880623875224","0.00639872025594881","0.01143265451947124","-0.021585682863427314","14.956059119178292","7059","3338"
"fig3b","8.410300248623376","0.31622776601683794","5000","2812","15","0.5624875024995001","0.003199360127974405","0.005687877710629221","-0.024925014997000602","17.221447668535177","7060","3339"
"fig3b","8.410300248623376","0.34145488738336005","5000","2738","5","0.5476904619076185","0.0011997600479904018","0.0021905805038335154","-0.026184763047390525","19.903292390972013","7061","3340"
"fig3b","8.410300248623376","0.3686945064519575","5000","2711","1","0.5422915416916617","0.0003999200159968006","0.0007374631268436577","-0.02671465706858629","23.093172840026966","7062","3341"
"fig3b","8.410300248623376","0.3981071705534973","5000","2718","0","0.5436912617476505","0.0001999600079984003","0.00036778227289444644","-0.026984603079384127","26.90643407026215","7063","3342"
"fig3b","8.410300248623376","0.42986623470822766","5000","2629","0","0.5258948210357929","0.0001999600079984003","0.00038022813688212925","-0.026094781043791246","31.48937123307573","7064","3343"
"fig3b","8.410300248623376","0.464158883361278","5000","2581","0","0.5162967406518696","0.0001999600079984003","0.0003872966692486445","-0.02561487702459508","37.0288794817144","7065","3344"
"fig3b","8.410300248623376","0.5011872336272722","5000","2476","0","0.4953009398120376","0.0001999600079984003","0.0004037141703673799","-0.02456508698260348","43.76547050104435","7066","3345"
"fig3b","8.410300248623376","0.5411695265464638","5000","2416","0","0.4833033393321336","0.0001999600079984003","0.0004137360364087712","-0.023965206958608282","52.01084066590778","7067","3346"
"fig3b","8.410300248623376","0.5843414133735175","5000","2329","0","0.46590681863627276","0.0001999600079984003","0.00042918454935622315","-0.02309538092381524","62.17142290797037","7068","3347"
"fig3b","8.410300248623376","0.6309573444801932","5000","2325","0","0.46510697860427913","0.0001999600079984003","0.0004299226139294927","-0.023055388922215557","74.77926490724803","7069","3348"
"fig3b","8.410300248623376","0.6812920690579611","5000","2231","0","0.44631073785242953","0.0001999600079984003","0.0004480286738351254","-0.022115576884623078","90.53018964748821","7070","3349"
"fig3b","8.410300248623376","0.7356422544596414","5000","2096","0","0.41931613677264545","0.0001999600079984003","0.0004768717215069146","-0.020765846830633875","110.32355731412696","7071","3350"
"fig3b","8.410300248623376","0.7943282347242814","5000","1898","0","0.3797240551889622","0.0001999600079984003","0.0005265929436545551","-0.01878624275144971","135.27910704385238","7072","3351"
"fig3b","8.410300248623376","0.8576958985908941","5000","1779","0","0.35592881423715256","0.0001999600079984003","0.0005617977528089888","-0.01759648070385923","166.64835520250398","7073","3352"
"fig3b","8.410300248623376","0.9261187281287933","5000","1616","0","0.3233353329334133","0.0001999600079984003","0.0006184291898577612","-0.015966806638672268","205.38444644968172","7074","3353"
"fig3b","8.410300248623376","1.0","5000","1506","0","0.30133973205358927","0.0001999600079984003","0.0006635700066357001","-0.014867026594681065","251.19960028824295","7075","3354"
"fig3b","9.129692661366633","0.01","5000","766","582","0.15336932613477305","0.11657668466306739","0.7601043024771839","0.10890821835632875","0.20888157432688104","7076","3355"
"fig3b","9.129692661366633","0.0107977516232771","5000","770","594","0.15416916616676665","0.11897620475904819","0.7717250324254215","0.11126774645070986","0.22847381963327962","7077","3356"
"fig3b","9.129692661366633","0.011659144011798317","5000","777","575","0.15556888622275544","0.11517696460707859","0.7403598971722366","0.10739852029594081","0.24974680019892048","7078","3357"
"fig3b","9.129692661366633","0.012589254117941675","5000","793","597","0.15876824635072986","0.1195760847830434","0.7531486146095717","0.1116376724655069","0.2728544255555221","7079","3358"
"fig3b","9.129692661366633","0.013593563908785255","5000","854","628","0.17096580683863227","0.12577484503099381","0.7356725146198831","0.1172265546890622","0.2979662492680575","7080","3359"
"fig3b","9.129692661366633","0.014677992676220698","5000","845","652","0.16916616676664667","0.1305738852229554","0.7718676122931442","0.12211557688462307","0.3252692953770975","7081","3360"
"fig3b","9.129692661366633","0.015848931924611134","5000","913","686","0.1827634473105379","0.13737252549490103","0.75164113785558","0.12823435312937415","0.3549701317978702","7082","3361"
"fig3b","9.129692661366633","0.01711328304161781","5000","919","716","0.1839632073585283","0.14337132573485303","0.7793478260869565","0.1341731653669266","0.38729722859125104","7083","3362"
"fig3b","9.129692661366633","0.018478497974222907","5000","910","681","0.1821635672865427","0.13637272545490903","0.7486278814489572","0.12726454709058188","0.42250364543869523","7084","3363"
"fig3b","9.129692661366633","0.0199526231496888","5000","961","665","0.1923615276944611","0.1331733653269346","0.6923076923076923","0.12355528894221154","0.4608701002605926","7085","3364"
"fig3b","9.129692661366633","0.021544346900318832","5000","937","693","0.1875624875024995","0.13877224555088982","0.7398720682302773","0.12939412117576485","0.5027084799400541","7086","3365"
"fig3b","9.129692661366633","0.02326305067153626","5000","1004","671","0.20095980803839233","0.13437312537492502","0.6686567164179105","0.1243251349730054","0.548365864824035","7087","3366"
"fig3b","9.129692661366633","0.025118864315095794","5000","1002","701","0.20055988802239552","0.14037192561487702","0.6999002991026919","0.13034393121375723","0.5982291514455653","7088","3367"
"fig3b","9.129692661366633","0.02712272579332028","5000","1098","702","0.21975604879024196","0.14057188562287543","0.6396724294813466","0.12958408318336334","0.6527303731280654","7089","3368"
"fig3b","9.129692661366633","0.029286445646252372","5000","1119","710","0.22395520895820836","0.14217156568686262","0.6348214285714285","0.1309738052389522","0.7123528363492824","7090","3369"
"fig3b","9.129692661366633","0.03162277660168379","5000","1086","781","0.21735652869426114","0.15636872625474904","0.7194112235510579","0.14550089982003597","0.7776382125651082","7091","3370"
"fig3b","9.129692661366633","0.034145488738336005","5000","1169","768","0.23395320935812838","0.15376924615076984","0.6572649572649573","0.14207158568286343","0.8491947514168032","7092","3371"
"fig3b","9.129692661366633","0.03686945064519575","5000","1155","789","0.23115376924615078","0.15796840631873627","0.6833910034602076","0.14641071785642873","0.9277068128304222","7093","3372"
"fig3b","9.129692661366633","0.039810717055349734","5000","1165","781","0.23315336932613479","0.15636872625474904","0.6706689536878215","0.1447110577884423","1.0139459536592312","7094","3373"
"fig3b","9.129692661366633","0.042986623470822764","5000","1209","767","0.2419516096780644","0.15356928614277143","0.6347107438016528","0.1414717056588682","1.1087838507132801","7095","3374"
"fig3b","9.129692661366633","0.046415888336127774","5000","1304","813","0.26094781043791243","0.16276744651069786","0.6237547892720307","0.14972005598880223","1.2132073981092617","7096","3375"
"fig3b","9.129692661366633","0.05011872336272722","5000","1399","782","0.27994401119776047","0.15656868626274745","0.5592857142857143","0.14257148570285944","1.3283363851984973","7097","3376"
"fig3b","9.129692661366633","0.054116952654646375","5000","1367","816","0.2735452909418116","0.16336732653469307","0.5972222222222223","0.14969006198760249","1.455444244824264","7098","3377"
"fig3b","9.129692661366633","0.05843414133735175","5000","1420","844","0.28414317136572687","0.16896620675864826","0.5946516537649542","0.15475904819036193","1.595982463992641","7099","3378"
"fig3b","9.129692661366633","0.06309573444801933","5000","1424","812","0.28494301139772044","0.16256748650269945","0.5705263157894737","0.14832033593281344","1.7516093749400738","7100","3379"
"fig3b","9.129692661366633","0.06812920690579614","5000","1549","805","0.3099380123975205","0.16116776644671066","0.52","0.14567086582683464","1.9242242000059377","7101","3380"
"fig3b","9.129692661366633","0.07356422544596414","5000","1581","755","0.3163367326534693","0.15116976604679064","0.4778761061946903","0.13535292941411717","2.116007416301386","7102","3381"
"fig3b","9.129692661366633","0.07943282347242814","5000","1648","804","0.3297340531893621","0.16096780643871225","0.4881746513038205","0.14448110377924414","2.3294687457619716","7103","3382"
"fig3b","9.129692661366633","0.08576958985908942","5000","1626","741","0.32533493301339733","0.14837032593481303","0.45605408727719726","0.13210357928414315","2.5675043754658873","7104","3383"
"fig3b","9.129692661366633","0.09261187281287937","5000","1730","723","0.34613077384523094","0.14477104579084182","0.41825534373194684","0.1274645070985803","2.833465388563013","7105","3384"
"fig3b","9.129692661366633","0.1","5000","1813","683","0.36272745450909816","0.1367726454709058","0.3770672546857773","0.11863627274545091","3.1312398593208286","7106","3385"
"fig3b","9.129692661366633","0.10797751623277094","5000","1884","622","0.3769246150769846","0.1245750849830034","0.33050397877984083","0.10572885422915418","3.465351664859895","7107","3386"
"fig3b","9.129692661366633","0.11659144011798317","5000","1943","575","0.3887222555488902","0.11517696460707859","0.2962962962962963","0.09574085182963407","3.8410798283455563","7108","3387"
"fig3b","9.129692661366633","0.12589254117941676","5000","1948","479","0.38972205558888223","0.09598080383923216","0.24628014366341713","0.07649470105978805","4.264603183124962","7109","3388"
"fig3b","9.129692661366633","0.13593563908785256","5000","2009","493","0.40191961607678467","0.09878024395120975","0.24577114427860694","0.07868426314737052","4.743176400503245","7110","3389"
"fig3b","9.129692661366633","0.14677992676220697","5000","2061","426","0.4123175364927015","0.08538292341531693","0.20708050436469447","0.06476704659068186","5.2853450440503025","7111","3390"
"fig3b","9.129692661366633","0.15848931924611134","5000","2036","376","0.40731853629274145","0.07538492301539693","0.18507609229258715","0.055018996200759854","5.901209420249302","7112","3391"
"fig3b","9.129692661366633","0.1711328304161781","5000","2079","297","0.4159168166366727","0.0595880823835233","0.14326923076923076","0.03879224155168966","6.6027497517458755","7113","3392"
"fig3b","9.129692661366633","0.18478497974222907","5000","2149","235","0.4299140171965607","0.047190561887622474","0.10976744186046511","0.02569486102779444","7.404228828394594","7114","3393"
"fig3b","9.129692661366633","0.19952623149688797","5000","2162","168","0.4325134973005399","0.033793241351729654","0.07813222376329172","0.012167566486702659","8.322693100162383","7115","3394"
"fig3b","9.129692661366633","0.21544346900318834","5000","2212","139","0.4425114977004599","0.027994401119776045","0.06326253953908721","0.005868826234753051","9.378599591437876","7116","3395"
"fig3b","9.129692661366633","0.23263050671536262","5000","2172","87","0.4345130973805239","0.01759648070385923","0.04049700874367234","-0.004129174165166966","10.596604634735513","7117","3396"
"fig3b","9.129692661366633","0.25118864315095796","5000","2243","65","0.4487102579484103","0.013197360527894421","0.029411764705882353","-0.009238152369526097","12.006562081823688","7118","3397"
"fig3b","9.129692661366633","0.27122725793320285","5000","2257","29","0.45150969806038793","0.00599880023995201","0.013286093888396812","-0.016576684663067387","13.644794538709846","7119","3398"
"fig3b","9.129692661366633","0.29286445646252357","5000","2253","17","0.4507098580283943","0.003599280143971206","0.007985803016858918","-0.01893621275744851","15.5557229754057","7120","3399"
"fig3b","9.129692661366633","0.31622776601683794","5000","2237","10","0.4475104979004199","0.0021995600879824036","0.004915102770330653","-0.020175964807038593","17.793970191300502","7121","3400"
"fig3b","9.129692661366633","0.34145488738336005","5000","2303","2","0.46070785842831435","0.0005998800239952009","0.0013020833333333333","-0.022435512897420518","20.427095515268064","7122","3401"
"fig3b","9.129692661366633","0.3686945064519575","5000","2261","0","0.4523095380923815","0.0001999600079984003","0.0004420866489832007","-0.022415516896620677","23.539176690902167","7123","3402"
"fig3b","9.129692661366633","0.3981071705534973","5000","2124","1","0.42491501699660067","0.0003999200159968006","0.0009411764705882353","-0.020845830833833234","27.235537051262014","7124","3403"
"fig3b","9.129692661366633","0.42986623470822766","5000","2138","0","0.4277144571085783","0.0001999600079984003","0.00046750818139317435","-0.02118576284743052","31.64903130866844","7125","3404"
"fig3b","9.129692661366633","0.464158883361278","5000","2072","0","0.41451709658068386","0.0001999600079984003","0.00048239266763145197","-0.020525894821035794","36.948463850878056","7126","3405"
"fig3b","9.129692661366633","0.5011872336272722","5000","2015","0","0.40311937612477505","0.0001999600079984003","0.000496031746031746","-0.019956008798240353","43.298507180731974","7127","3406"
"fig3b","9.129692661366633","0.5411695265464638","5000","2005","0","0.40111977604479104","0.0001999600079984003","0.0004985044865403788","-0.019856028794241153","51.024723771690276","7128","3407"
"fig3b","9.129692661366633","0.5843414133735175","5000","1969","0","0.39392121575684863","0.0001999600079984003","0.0005076142131979696","-0.019496100779844032","60.49598080654249","7129","3408"
"fig3b","9.129692661366633","0.6309573444801932","5000","1797","0","0.35952809438112376","0.0001999600079984003","0.0005561735261401557","-0.017776444711057788","72.18879946659129","7130","3409"
"fig3b","9.129692661366633","0.6812920690579611","5000","1851","0","0.3703259348130374","0.0001999600079984003","0.0005399568034557236","-0.01831633673265347","86.7293204775211","7131","3410"
"fig3b","9.129692661366633","0.7356422544596414","5000","1746","0","0.34933013397320534","0.0001999600079984003","0.0005724098454493418","-0.01726654669066187","104.93901106093006","7132","3411"
"fig3b","9.129692661366633","0.7943282347242814","5000","1648","0","0.3297340531893621","0.0001999600079984003","0.0006064281382656155","-0.016286742651469708","127.88033602529651","7133","3412"
"fig3b","9.129692661366633","0.8576958985908941","5000","1492","0","0.2985402919416117","0.0001999600079984003","0.0006697923643670462","-0.014727054589082186","156.86511603671534","7134","3413"
"fig3b","9.129692661366633","0.9261187281287933","5000","1461","0","0.2923415316936613","0.0001999600079984003","0.0006839945280437756","-0.014417116576684666","193.29079958644985","7135","3414"
"fig3b","9.129692661366633","1.0","5000","1357","0","0.2715456908618276","0.0001999600079984003","0.0007363770250368188","-0.013377324535092982","237.78919249047368","7136","3415"
"fig3b","9.910619790851696","0.01","5000","739","498","0.14797040591881624","0.09978004399120176","0.6743243243243243","0.09238152369526095","0.19324171141690272","7137","3416"
"fig3b","9.910619790851696","0.0107977516232771","5000","752","482","0.15056988602279545","0.09658068386322735","0.6414342629482072","0.08905218956208757","0.2131407950441826","7138","3417"
"fig3b","9.910619790851696","0.011659144011798317","5000","792","544","0.15856828634273146","0.10897820435912818","0.6872635561160152","0.1010497900419916","0.23473190706658897","7139","3418"
"fig3b","9.910619790851696","0.012589254117941675","5000","769","482","0.15396920615876825","0.09658068386322735","0.6272727272727272","0.08888222355528894","0.25816762194745024","7140","3419"
"fig3b","9.910619790851696","0.013593563908785255","5000","807","525","0.16156768646270747","0.10517896420715857","0.6509900990099009","0.0971005798840232","0.2836156679891815","7141","3420"
"fig3b","9.910619790851696","0.014677992676220698","5000","794","560","0.15896820635872824","0.11217756448710257","0.7056603773584906","0.10422915416916616","0.3112606476528299","7142","3421"
"fig3b","9.910619790851696","0.015848931924611134","5000","797","547","0.15956808638272346","0.10957808438312337","0.6867167919799498","0.1015996800639872","0.3413059843639985","7143","3422"
"fig3b","9.910619790851696","0.01711328304161781","5000","781","550","0.15636872625474904","0.11017796440711858","0.7046035805626599","0.10235952809438112","0.37397612984395323","7144","3423"
"fig3b","9.910619790851696","0.018478497974222907","5000","889","573","0.17796440711857628","0.11477704459108179","0.6449438202247192","0.10587882423515298","0.40951907169772994","7145","3424"
"fig3b","9.910619790851696","0.0199526231496888","5000","860","596","0.17216556688662268","0.11937612477504499","0.6933797909407665","0.11076784643071386","0.4482091876880929","7146","3425"
"fig3b","9.910619790851696","0.021544346900318832","5000","903","625","0.1807638472305539","0.1251749650069986","0.6924778761061947","0.1161367726454709","0.49035050108517453","7147","3426"
"fig3b","9.910619790851696","0.02326305067153626","5000","903","606","0.1807638472305539","0.121375724855029","0.6714601769911505","0.1123375324935013","0.5362804008849196","7148","3427"
"fig3b","9.910619790851696","0.025118864315095794","5000","945","571","0.1891621675664867","0.11437712457508498","0.6046511627906976","0.10491901619676064","0.5863739019048921","7149","3428"
"fig3b","9.910619790851696","0.02712272579332028","5000","967","649","0.19356128774245152","0.1299740051989602","0.6714876033057852","0.12029594081183764","0.6410485330772531","7150","3429"
"fig3b","9.910619790851696","0.029286445646252372","5000","964","664","0.1929614077184563","0.1329734053189362","0.689119170984456","0.12332533493301338","0.7007699581869815","7151","3430"
"fig3b","9.910619790851696","0.03162277660168379","5000","1009","622","0.2019596080783843","0.1245750849830034","0.6168316831683169","0.1144771045790842","0.7660584523188163","7152","3431"
"fig3b","9.910619790851696","0.034145488738336005","5000","1043","647","0.20875824835032994","0.1295740851829634","0.6206896551724137","0.1191361727654469","0.8374963800926594","7153","3432"
"fig3b","9.910619790851696","0.03686945064519575","5000","1102","662","0.22055588882223556","0.13257348530293941","0.6010879419764279","0.12154569086182763","0.9157368491869136","7154","3433"
"fig3b","9.910619790851696","0.039810717055349734","5000","1153","671","0.23075384923015396","0.13437312537492502","0.5823223570190642","0.12283543291341732","1.001513745668774","7155","3434"
"fig3b","9.910619790851696","0.042986623470822764","5000","1114","701","0.22295540891821636","0.14037192561487702","0.6295964125560538","0.1292241551689662","1.0956533975725904","7156","3435"
"fig3b","9.910619790851696","0.046415888336127774","5000","1208","626","0.241751649670066","0.125374925014997","0.5186104218362283","0.1132873425314937","1.1990881614858893","7157","3436"
"fig3b","9.910619790851696","0.05011872336272722","5000","1226","686","0.2453509298140372","0.13737252549490103","0.5599022004889976","0.12510497900419917","1.3128722856585284","7158","3437"
"fig3b","9.910619790851696","0.054116952654646375","5000","1208","682","0.241751649670066","0.1365726854629074","0.5649296939619519","0.1244851029794041","1.4382004747137103","7159","3438"
"fig3b","9.910619790851696","0.05843414133735175","5000","1306","703","0.26134773045390924","0.14077184563087383","0.5386381025248661","0.12770445910817838","1.5764296685562158","7160","3439"
"fig3b","9.910619790851696","0.06309573444801933","5000","1342","657","0.26854629074185166","0.1315736852629474","0.4899478778853313","0.11814637072585482","1.7291046554169043","7161","3440"
"fig3b","9.910619790851696","0.06812920690579614","5000","1427","689","0.2855428914217157","0.13797240551889622","0.4831932773109243","0.12369526094781044","1.8979882711128084","7162","3441"
"fig3b","9.910619790851696","0.07356422544596414","5000","1436","693","0.28734253149370126","0.13877224555088982","0.48295059151009045","0.12440511897620476","2.085097099848639","7163","3442"
"fig3b","9.910619790851696","0.07943282347242814","5000","1547","655","0.3095380923815237","0.1311737652469506","0.4237726098191214","0.1156968606278744","2.2927437943537825","7164","3443"
"fig3b","9.910619790851696","0.08576958985908942","5000","1599","670","0.3199360127974405","0.1341731653669266","0.419375","0.11817636472705459","2.5235873852359987","7165","3444"
"fig3b","9.910619790851696","0.09261187281287937","5000","1566","652","0.31333733253349333","0.1305738852229554","0.4167198468410976","0.11490701859628073","2.780693264646999","7166","3445"
"fig3b","9.910619790851696","0.1","5000","1662","615","0.33253349330133974","0.1231753649270146","0.370414912808178","0.1065486902619476","3.0676049251958943","7167","3446"
"fig3b","9.910619790851696","0.10797751623277094","5000","1709","563","0.34193161367726455","0.11277744451109778","0.3298245614035088","0.09568086382723455","3.388430034443104","7168","3447"
"fig3b","9.910619790851696","0.11659144011798317","5000","1739","495","0.3479304139172166","0.09918016396720655","0.28505747126436776","0.08178364327134573","3.747944058317046","7169","3448"
"fig3b","9.910619790851696","0.12589254117941676","5000","1773","515","0.3547290541891622","0.10317936412717456","0.2908680947012401","0.08544291141771646","4.151715453238268","7170","3449"
"fig3b","9.910619790851696","0.13593563908785256","5000","1909","464","0.38192361527694463","0.09298140371925614","0.24345549738219893","0.07388522295540892","4.606257479401961","7171","3450"
"fig3b","9.910619790851696","0.14677992676220697","5000","1833","346","0.3667266546690662","0.06938612277544491","0.18920392584514723","0.0510497900419916","5.119213017292623","7172","3451"
"fig3b","9.910619790851696","0.15848931924611134","5000","1973","330","0.39472105578884226","0.0661867626474705","0.16767983789260382","0.04645070985802839","5.6995804911449","7173","3452"
"fig3b","9.910619790851696","0.1711328304161781","5000","2072","276","0.41451709658068386","0.05538892221555689","0.1336227689339122","0.034663067386522695","6.3579912455065255","7174","3453"
"fig3b","9.910619790851696","0.18478497974222907","5000","1942","230","0.38852229554089185","0.04619076184763048","0.11888831703551209","0.026764647070585883","7.107051659805791","7175","3454"
"fig3b","9.910619790851696","0.19952623149688797","5000","2012","180","0.40251949610077986","0.036192761447710456","0.08991554893194237","0.01606678664267146","7.961767161720047","7176","3455"
"fig3b","9.910619790851696","0.21544346900318834","5000","2107","163","0.4215156968606279","0.03279344131173765","0.07779886148007589","0.011717656468706254","8.940070445872266","7177","3456"
"fig3b","9.910619790851696","0.23263050671536262","5000","2135","95","0.42711457708458306","0.01919616076784643","0.0449438202247191","-0.0021595680863827245","10.063483082607661","7178","3457"
"fig3b","9.910619790851696","0.25118864315095796","5000","2123","74","0.4247150569886023","0.014997000599880024","0.03531073446327684","-0.006238752249550093","11.357948960119074","7179","3458"
"fig3b","9.910619790851696","0.27122725793320285","5000","2191","42","0.4383123375324935","0.008598280343931213","0.019616788321167884","-0.013317336532693461","12.854890554539708","7180","3459"
"fig3b","9.910619790851696","0.29286445646252357","5000","2168","27","0.4337132573485303","0.005598880223955209","0.012909174734900877","-0.016086782643471305","14.592556159852592","7181","3460"
"fig3b","9.910619790851696","0.31622776601683794","5000","2152","10","0.4305138972205559","0.0021995600879824036","0.005109150023223409","-0.019326134773045393","16.617749773126263","7182","3461"
"fig3b","9.910619790851696","0.34145488738336005","5000","2196","2","0.4393121375724855","0.0005998800239952009","0.0013654984069185253","-0.021365726854629074","18.988067948301108","7183","3462"
"fig3b","9.910619790851696","0.3686945064519575","5000","2101","3","0.42031593681263746","0.0007998400319936012","0.0019029495718363464","-0.02021595680863827","21.774813353648597","7184","3463"
"fig3b","9.910619790851696","0.3981071705534973","5000","2185","0","0.4371125774845031","0.0001999600079984003","0.00045745654162854526","-0.021655668866226756","25.066818317473235","7185","3464"
"fig3b","9.910619790851696","0.42986623470822766","5000","2109","0","0.42191561687662466","0.0001999600079984003","0.00047393364928909954","-0.020895820835832836","28.975500766392315","7186","3465"
"fig3b","9.910619790851696","0.464158883361278","5000","2107","0","0.4215156968606279","0.0001999600079984003","0.00047438330170777984","-0.020875824835032995","33.64159970728218","7187","3466"
"fig3b","9.910619790851696","0.5011872336272722","5000","2061","0","0.4123175364927015","0.0001999600079984003","0.0004849660523763336","-0.020415916816636674","39.244210349912095","7188","3467"
"fig3b","9.910619790851696","0.5411695265464638","5000","2008","0","0.40171965606878624","0.0001999600079984003","0.0004977600796416127","-0.019886022795440914","46.01297283809936","7189","3468"
"fig3b","9.910619790851696","0.5843414133735175","5000","1994","0","0.39892021595680865","0.0001999600079984003","0.0005012531328320802","-0.019746050789842033","54.24456672037809","7190","3469"
"fig3b","9.910619790851696","0.6309573444801932","5000","1869","0","0.3739252149570086","0.0001999600079984003","0.0005347593582887701","-0.01849630073985203","64.32498898922665","7191","3470"
"fig3b","9.910619790851696","0.6812920690579611","5000","1882","0","0.3765246950609878","0.0001999600079984003","0.0005310674455655868","-0.01862627474505099","76.75927678550428","7192","3471"
"fig3b","9.910619790851696","0.7356422544596414","5000","1803","0","0.3607278544291142","0.0001999600079984003","0.0005543237250554323","-0.01783643271345731","92.17742370154147","7193","3472"
"fig3b","9.910619790851696","0.7943282347242814","5000","1688","0","0.33773245350929815","0.0001999600079984003","0.0005920663114268798","-0.016686662667466507","111.48231738182807","7194","3473"
"fig3b","9.910619790851696","0.8576958985908941","5000","1585","0","0.3171365726854629","0.0001999600079984003","0.0006305170239596469","-0.015656868626274748","135.8059256452653","7195","3474"
"fig3b","9.910619790851696","0.9261187281287933","5000","1547","0","0.3095380923815237","0.0001999600079984003","0.0006459948320413437","-0.015276944611077786","166.490692150582","7196","3475"
"fig3b","9.910619790851696","1.0","5000","1536","0","0.3073385322935413","0.0001999600079984003","0.0006506180871828236","-0.015166966606678666","204.80661458195272","7197","3476"
"fig3b","10.758345136244547","0.01","5000","555","381","0.11117776444711058","0.07638472305538892","0.6870503597122302","0.07082583483303338","0.23090082697802927","7198","3477"
"fig3b","10.758345136244547","0.0107977516232771","5000","579","429","0.11597680463907219","0.08598280343931214","0.7413793103448276","0.08018396320735853","0.25200258733548253","7199","3478"
"fig3b","10.758345136244547","0.011659144011798317","5000","541","418","0.10837832433513298","0.08378324335132974","0.7730627306273062","0.07836432713457309","0.27488305133402946","7200","3479"
"fig3b","10.758345136244547","0.012589254117941675","5000","567","456","0.11357728454309138","0.09138172365526895","0.8045774647887325","0.08570285942811438","0.2997001386899001","7201","3480"
"fig3b","10.758345136244547","0.013593563908785255","5000","574","421","0.11497700459908018","0.08438312337532493","0.7339130434782608","0.07863427314537091","0.326627080752246","7202","3481"
"fig3b","10.758345136244547","0.014677992676220698","5000","593","460","0.1187762447510498","0.09218156368726255","0.7760942760942761","0.08624275144971005","0.35585410666755024","7203","3482"
"fig3b","10.758345136244547","0.015848931924611134","5000","599","435","0.11997600479904019","0.08718256348730254","0.7266666666666667","0.08118376324735052","0.3875903449729776","7204","3483"
"fig3b","10.758345136244547","0.01711328304161781","5000","604","453","0.1209758048390322","0.09078184363127374","0.7504132231404959","0.08473305338932213","0.4220659722411142","7205","3484"
"fig3b","10.758345136244547","0.018478497974222907","5000","668","453","0.13377324535092983","0.09078184363127374","0.6786248131539611","0.08409318136372725","0.4595346455942604","7206","3485"
"fig3b","10.758345136244547","0.0199526231496888","5000","691","486","0.138372325534893","0.09738052389522095","0.703757225433526","0.0904619076184763","0.5002762620298142","7207","3486"
"fig3b","10.758345136244547","0.021544346900318832","5000","638","504","0.1277744451109778","0.10097980403919216","0.7902973395931142","0.09459108178364327","0.5446000947257517","7208","3487"
"fig3b","10.758345136244547","0.02326305067153626","5000","696","511","0.13937212557488501","0.10237952409518096","0.7345767575322812","0.09541091781643671","0.5928483650669989","7209","3488"
"fig3b","10.758345136244547","0.025118864315095794","5000","703","498","0.14077184563087383","0.09978004399120176","0.7088068181818181","0.09274145170965807","0.6454003192868356","7210","3489"
"fig3b","10.758345136244547","0.02712272579332028","5000","751","509","0.15036992601479704","0.10197960407918416","0.6781914893617021","0.09446110777844431","0.7026768907001042","7211","3490"
"fig3b","10.758345136244547","0.029286445646252372","5000","791","534","0.15836832633473305","0.10697860427914417","0.6755050505050505","0.09906018796240752","0.7651460428839982","7212","3491"
"fig3b","10.758345136244547","0.03162277660168379","5000","832","514","0.16656668666266747","0.10297940411917617","0.6182472989195679","0.09465106978604279","0.8333289063465372","7213","3492"
"fig3b","10.758345136244547","0.034145488738336005","5000","828","555","0.16576684663067387","0.11117776444711058","0.6706875753920386","0.10288942211557689","0.9078068417765621","7214","3493"
"fig3b","10.758345136244547","0.03686945064519575","5000","878","567","0.1757648470305939","0.11357728454309138","0.646188850967008","0.10478904219156168","0.9892295876293247","7215","3494"
"fig3b","10.758345136244547","0.039810717055349734","5000","871","508","0.17436512697460507","0.10177964407118577","0.5837155963302753","0.09306138772245551","1.0783246794684374","7216","3495"
"fig3b","10.758345136244547","0.042986623470822764","5000","872","541","0.17456508698260348","0.10837832433513298","0.6208476517754868","0.0996500699860028","1.175908364244151","7217","3496"
"fig3b","10.758345136244547","0.046415888336127774","5000","957","547","0.1915616876624675","0.10957808438312337","0.5720250521920668","0.09999999999999999","1.282898275956029","7218","3497"
"fig3b","10.758345136244547","0.05011872336272722","5000","942","572","0.1885622875424915","0.11457708458308338","0.6076352067868505","0.10514897020595881","1.4003281915827017","7219","3498"
"fig3b","10.758345136244547","0.054116952654646375","5000","978","547","0.1957608478304339","0.10957808438312337","0.5597548518896833","0.09979004199160167","1.529365249994271","7220","3499"
"fig3b","10.758345136244547","0.05843414133735175","5000","1025","516","0.20515896820635873","0.10337932413517296","0.5038986354775828","0.09312137572485503","1.6713300944049934","7221","3500"
"fig3b","10.758345136244547","0.06309573444801933","5000","1073","537","0.21475704859028194","0.10757848430313938","0.5009310986964619","0.09684063187362528","1.827720494267112","7222","3501"
"fig3b","10.758345136244547","0.06812920690579614","5000","1083","554","0.21675664867026595","0.11097780443911218","0.5119926199261993","0.10013997200559888","2.0002391196163956","7223","3502"
"fig3b","10.758345136244547","0.07356422544596414","5000","1173","528","0.23475304939012198","0.10577884423115377","0.4505962521294719","0.09404119176164767","2.190826285295799","7224","3503"
"fig3b","10.758345136244547","0.07943282347242814","5000","1184","515","0.23695260947810437","0.10317936412717456","0.43544303797468353","0.09133173365326934","2.4016986612062112","7225","3504"
"fig3b","10.758345136244547","0.08576958985908942","5000","1219","529","0.2439512097580484","0.10597880423915217","0.4344262295081967","0.09378124375124974","2.6353951668276636","7226","3505"
"fig3b","10.758345136244547","0.09261187281287937","5000","1261","490","0.2523495300939812","0.09818036392721456","0.38906497622820924","0.0855628874225155","2.8948315453684756","7227","3506"
"fig3b","10.758345136244547","0.1","5000","1339","475","0.2679464107178564","0.09518096380723855","0.35522388059701493","0.08178364327134573","3.1833654601683463","7228","3507"
"fig3b","10.758345136244547","0.10797751623277094","5000","1371","456","0.27434513097380525","0.09138172365526895","0.33309037900874633","0.07766446710657868","3.504874393142643","7229","3508"
"fig3b","10.758345136244547","0.11659144011798317","5000","1422","411","0.2845430913817237","0.08238352329534093","0.28952916373858045","0.06815636872625475","3.8638491779858555","7230","3509"
"fig3b","10.758345136244547","0.12589254117941676","5000","1446","401","0.28934213157368527","0.08038392321535692","0.2778161713890808","0.06591681663667266","4.26550670369943","7231","3510"
"fig3b","10.758345136244547","0.13593563908785256","5000","1523","388","0.3047390521895621","0.07778444311137772","0.25524934383202097","0.06254749050189962","4.71592622200717","7232","3511"
"fig3b","10.758345136244547","0.14677992676220697","5000","1567","321","0.3135372925414917","0.0643871225754849","0.20535714285714285","0.048710257948410315","5.222214845822123","7233","3512"
"fig3b","10.758345136244547","0.15848931924611134","5000","1581","283","0.3163367326534693","0.05678864227154569","0.179519595448799","0.04097180563887222","5.792709316237222","7234","3513"
"fig3b","10.758345136244547","0.1711328304161781","5000","1632","229","0.3265346930613877","0.04599080183963208","0.14084507042253522","0.02966406718656269","6.437223052147431","7235","3514"
"fig3b","10.758345136244547","0.18478497974222907","5000","1668","187","0.33373325334933013","0.03759248150369926","0.11264230077890953","0.020905818836232753","7.1673500287650995","7236","3515"
"fig3b","10.758345136244547","0.19952623149688797","5000","1748","148","0.34973005398920215","0.02979404119176165","0.0851915380217267","0.01230753849230154","7.99684036320923","7237","3516"
"fig3b","10.758345136244547","0.21544346900318834","5000","1719","129","0.34393121375724856","0.025994801039792043","0.0755813953488372","0.008798240351929613","8.942066898823782","7238","3517"
"fig3b","10.758345136244547","0.23263050671536262","5000","1771","87","0.35432913417316536","0.01759648070385923","0.049661399548532735","-0.00011997600479904044","10.022607966164998","7239","3518"
"fig3b","10.758345136244547","0.25118864315095796","5000","1827","58","0.3655268946210758","0.011797640471905619","0.032275711159737416","-0.006478704259148172","11.261979404917469","7240","3519"
"fig3b","10.758345136244547","0.27122725793320285","5000","1853","42","0.3707258548290342","0.008598280343931213","0.02319309600862999","-0.009938012397520499","12.688559627731507","7241","3520"
"fig3b","10.758345136244547","0.29286445646252357","5000","1810","24","0.36212757448510297","0.004999000199960008","0.013804527885146328","-0.013107378524295141","14.336766085752743","7242","3521"
"fig3b","10.758345136244547","0.31622776601683794","5000","1850","8","0.370125974805039","0.001799640071985603","0.004862236628849271","-0.016706658668266348","16.2485615119283","7243","3522"
"fig3b","10.758345136244547","0.34145488738336005","5000","1852","6","0.3705258948210358","0.0013997200559888023","0.0037776578521316784","-0.01712657468506299","18.47539599829844","7244","3523"
"fig3b","10.758345136244547","0.3686945064519575","5000","1877","2","0.3755248950209958","0.0005998800239952009","0.001597444089456869","-0.018176364727054587","21.080729500893227","7245","3524"
"fig3b","10.758345136244547","0.3981071705534973","5000","1834","0","0.3669266146770646","0.0001999600079984003","0.000544959128065395","-0.018146370725854833","24.14333333446652","7246","3525"
"fig3b","10.758345136244547","0.42986623470822766","5000","1836","0","0.36732653469306137","0.0001999600079984003","0.0005443658138268917","-0.01816636672665467","27.761645117957926","7247","3526"
"fig3b","10.758345136244547","0.464158883361278","5000","1856","0","0.3713257348530294","0.0001999600079984003","0.0005385029617662897","-0.01836632673465307","32.059558507680265","7248","3527"
"fig3b","10.758345136244547","0.5011872336272722","5000","1787","0","0.35752849430113975","0.0001999600079984003","0.0005592841163310962","-0.017676464707058588","37.194178938838775","7249","3528"
"fig3b","10.758345136244547","0.5411695265464638","5000","1712","0","0.34253149370125974","0.0001999600079984003","0.0005837711617046118","-0.016926614677064588","43.36628381820651","7250","3529"
"fig3b","10.758345136244547","0.5843414133735175","5000","1760","0","0.352129574085183","0.0001999600079984003","0.0005678591709256105","-0.01740651869626075","50.834502178497985","7251","3530"
"fig3b","10.758345136244547","0.6309573444801932","5000","1695","0","0.33913217356528697","0.0001999600079984003","0.0005896226415094339","-0.01675664867026595","59.93456749865484","7252","3531"
"fig3b","10.758345136244547","0.6812920690579611","5000","1694","0","0.33893221355728853","0.0001999600079984003","0.0005899705014749262","-0.01674665066986603","71.10531812132638","7253","3532"
"fig3b","10.758345136244547","0.7356422544596414","5000","1671","0","0.3343331333733253","0.0001999600079984003","0.0005980861244019139","-0.01651669666066787","84.92310623094664","7254","3533"
"fig3b","10.758345136244547","0.7943282347242814","5000","1592","0","0.31853629274145173","0.0001999600079984003","0.0006277463904582548","-0.015726854629074187","102.1373449204342","7255","3534"
"fig3b","10.758345136244547","0.8576958985908941","5000","1546","0","0.3093381323735253","0.0001999600079984003","0.0006464124111182935","-0.015266946610677866","123.73702715983478","7256","3535"
"fig3b","10.758345136244547","0.9261187281287933","5000","1456","0","0.2913417316536693","0.0001999600079984003","0.0006863417982155113","-0.014367126574685064","150.98366967690498","7257","3536"
"fig3b","10.758345136244547","1.0","5000","1375","0","0.2751449710057988","0.0001999600079984003","0.0007267441860465116","-0.013557288542291542","185.24836768627785","7258","3537"
"fig3b","11.678582420990049","0.01","5000","463","264","0.09278144371125775","0.05298940211957608","0.5711206896551724","0.0483503299340132","0.23018800882888968","7259","3538"
"fig3b","11.678582420990049","0.0107977516232771","5000","532","235","0.10657868426314737","0.047190561887622474","0.4427767354596623","0.04186162767446511","0.258797619403083","7260","3539"
"fig3b","11.678582420990049","0.011659144011798317","5000","527","291","0.10557888422315537","0.05838832233553289","0.553030303030303","0.05310937812437512","0.2897975475446515","7261","3540"
"fig3b","11.678582420990049","0.012589254117941675","5000","496","267","0.09938012397520496","0.05358928214357129","0.5392354124748491","0.04862027594481104","0.3233966218285218","7262","3541"
"fig3b","11.678582420990049","0.013593563908785255","5000","491","256","0.09838032393521295","0.05138972205558888","0.5223577235772358","0.04647070585882823","0.35982339875141633","7263","3542"
"fig3b","11.678582420990049","0.014677992676220698","5000","488","238","0.09778044391121776","0.04779044191161767","0.48875255623721875","0.042901419716056786","0.3993282610822746","7264","3543"
"fig3b","11.678582420990049","0.015848931924611134","5000","508","270","0.10177964407118577","0.05418916216756649","0.5324165029469548","0.0491001799640072","0.4421857747026934","7265","3544"
"fig3b","11.678582420990049","0.01711328304161781","5000","467","266","0.09358128374325135","0.05338932213557288","0.5705128205128205","0.048710257948410315","0.48869734075972815","7266","3545"
"fig3b","11.678582420990049","0.018478497974222907","5000","464","258","0.09298140371925614","0.051789642071585686","0.556989247311828","0.04714057188562288","0.5391941858518976","7267","3546"
"fig3b","11.678582420990049","0.0199526231496888","5000","506","257","0.10137972405518897","0.05158968206358728","0.5088757396449703","0.046520695860827826","0.5940407399451715","7268","3547"
"fig3b","11.678582420990049","0.021544346900318832","5000","498","227","0.09978004399120176","0.04559088182363527","0.45691382765531063","0.04060187962407518","0.6536384598931022","7269","3548"
"fig3b","11.678582420990049","0.02326305067153626","5000","506","233","0.10137972405518897","0.046790641871625675","0.4615384615384615","0.04172165566886622","0.7184301661446852","7270","3549"
"fig3b","11.678582420990049","0.025118864315095794","5000","509","230","0.10197960407918416","0.04619076184763048","0.4529411764705883","0.04109178164367127","0.7889049716667671","7271","3550"
"fig3b","11.678582420990049","0.02712272579332028","5000","478","262","0.09578084383123375","0.052589482103579284","0.5490605427974948","0.047800439912017594","0.8656038957175554","7272","3551"
"fig3b","11.678582420990049","0.029286445646252372","5000","512","216","0.10257948410317937","0.04339132173565287","0.42300194931773877","0.0382623475304939","0.9491262712537036","7273","3552"
"fig3b","11.678582420990049","0.03162277660168379","5000","524","233","0.10497900419916016","0.046790641871625675","0.44571428571428573","0.04154169166166767","1.0401370740024163","7274","3553"
"fig3b","11.678582420990049","0.034145488738336005","5000","537","226","0.10757848430313938","0.04539092181563687","0.4219330855018587","0.0400119976004799","1.1393753242003584","7275","3554"
"fig3b","11.678582420990049","0.03686945064519575","5000","538","235","0.10777844431113777","0.047190561887622474","0.437847866419295","0.041801639672065585","1.247663739495863","7276","3555"
"fig3b","11.678582420990049","0.039810717055349734","5000","552","262","0.11057788442311538","0.052589482103579284","0.4755877034358047","0.04706058788242352","1.365919850493924","7277","3556"
"fig3b","11.678582420990049","0.042986623470822764","5000","504","250","0.10097980403919216","0.05018996200759848","0.4970297029702971","0.04514097180563888","1.4951688300847081","7278","3557"
"fig3b","11.678582420990049","0.046415888336127774","5000","564","224","0.11297740451909619","0.04499100179964007","0.39823008849557523","0.03934213157368526","1.6365583355489832","7279","3558"
"fig3b","11.678582420990049","0.05011872336272722","5000","565","206","0.11317736452709458","0.041391721655668866","0.3657243816254417","0.035732853429314135","1.7913757202804845","7280","3559"
"fig3b","11.678582420990049","0.054116952654646375","5000","594","208","0.11897620475904819","0.041791641671665665","0.35126050420168065","0.03584283143371325","1.9610680421511688","7281","3560"
"fig3b","11.678582420990049","0.05843414133735175","5000","601","193","0.12037592481503699","0.038792241551689664","0.3222591362126246","0.032773445310937815","2.1472653809140922","7282","3561"
"fig3b","11.678582420990049","0.06309573444801933","5000","637","203","0.1275744851029794","0.04079184163167367","0.3197492163009405","0.03441311737652469","2.3518080812561095","7283","3562"
"fig3b","11.678582420990049","0.06812920690579614","5000","640","225","0.1281743651269746","0.04519096180763847","0.35257410296411856","0.038782243551289744","2.5767786656984413","7284","3563"
"fig3b","11.678582420990049","0.07356422544596414","5000","674","211","0.1349730053989202","0.04239152169566087","0.3140740740740741","0.03564287142571486","2.8245393183422607","7285","3564"
"fig3b","11.678582420990049","0.07943282347242814","5000","673","178","0.1347730453909218","0.03579284143171366","0.2655786350148368","0.029054189162167565","3.0977760338101064","7286","3565"
"fig3b","11.678582420990049","0.08576958985908942","5000","723","174","0.14477104579084182","0.03499300139972006","0.24171270718232046","0.027754449110177968","3.3995507650704724","7287","3566"
"fig3b","11.678582420990049","0.09261187281287937","5000","735","170","0.14717056588682265","0.03419316136772645","0.2323369565217391","0.026834633073385322","3.7333632012475277","7288","3567"
"fig3b","11.678582420990049","0.1","5000","766","129","0.15336932613477305","0.025994801039792043","0.1694915254237288","0.01832633473305339","4.103224177615488","7289","3568"
"fig3b","11.678582420990049","0.10797751623277094","5000","773","118","0.15476904619076184","0.023795240951809637","0.15374677002583978","0.016056788642271544","4.513743184947771","7290","3569"
"fig3b","11.678582420990049","0.11659144011798317","5000","729","131","0.14597080583883223","0.026394721055788842","0.18082191780821918","0.01909618076384723","4.9702330305782425","7291","3570"
"fig3b","11.678582420990049","0.12589254117941676","5000","776","92","0.15536892621475704","0.01859628074385123","0.1196911196911197","0.010827834433113378","5.478835443323817","7292","3571"
"fig3b","11.678582420990049","0.13593563908785256","5000","851","72","0.17036592681463708","0.014597080583883223","0.08568075117370892","0.006078784243151369","6.046672354130351","7293","3572"
"fig3b","11.678582420990049","0.14677992676220697","5000","817","68","0.16356728654269145","0.013797240551889621","0.0843520782396088","0.005618876224755048","6.682028783736257","7294","3573"
"fig3b","11.678582420990049","0.15848931924611134","5000","847","58","0.16956608678264348","0.011797640471905619","0.0695754716981132","0.003319336132773444","7.394574807295385","7295","3574"
"fig3b","11.678582420990049","0.1711328304161781","5000","932","57","0.1865626874625075","0.011597680463907219","0.06216505894962487","0.002269546090781843","8.195636049878601","7296","3575"
"fig3b","11.678582420990049","0.18478497974222907","5000","883","46","0.1767646470705859","0.009398120375924815","0.053167420814479636","0.0005598880223955192","9.098524738423578","7297","3576"
"fig3b","11.678582420990049","0.19952623149688797","5000","933","31","0.1867626474705059","0.00639872025594881","0.034261241970021415","-0.0029394121175764848","10.118946686923579","7298","3577"
"fig3b","11.678582420990049","0.21544346900318834","5000","961","13","0.1923615276944611","0.0027994401119776045","0.014553014553014554","-0.006818636272745451","11.275503982169823","7299","3578"
"fig3b","11.678582420990049","0.23263050671536262","5000","954","8","0.19096180763847231","0.001799640071985603","0.009424083769633508","-0.007748450309938013","12.590318920061918","7300","3579"
"fig3b","11.678582420990049","0.25118864315095796","5000","988","6","0.1977604479104179","0.0013997200559888023","0.007077856420626896","-0.008488302339532095","14.089812398042113","7301","3580"
"fig3b","11.678582420990049","0.27122725793320285","5000","958","5","0.1917616476704659","0.0011997600479904018","0.006256517205422314","-0.008388322335532893","15.805680152945541","7302","3581"
"fig3b","11.678582420990049","0.29286445646252357","5000","1052","2","0.21055788842231554","0.0005998800239952009","0.0028490028490028487","-0.009928014397120577","17.776123837853675","7303","3582"
"fig3b","11.678582420990049","0.31622776601683794","5000","1027","0","0.20555888822235552","0.0001999600079984003","0.0009727626459143969","-0.010077984403119376","20.04741216478294","7304","3583"
"fig3b","11.678582420990049","0.34145488738336005","5000","983","0","0.1967606478704259","0.0001999600079984003","0.001016260162601626","-0.009638072385522896","22.675871818999752","7305","3584"
"fig3b","11.678582420990049","0.3686945064519575","5000","1043","0","0.20875824835032994","0.0001999600079984003","0.0009578544061302681","-0.010237952409518098","25.730440687417456","7306","3585"
"fig3b","11.678582420990049","0.3981071705534973","5000","1036","0","0.20735852829434112","0.0001999600079984003","0.0009643201542912247","-0.010167966406718658","29.295959769003048","7307","3586"
"fig3b","11.678582420990049","0.42986623470822766","5000","1028","0","0.20575884823035392","0.0001999600079984003","0.0009718172983479105","-0.010087982403519297","33.47743790876649","7308","3587"
"fig3b","11.678582420990049","0.464158883361278","5000","1039","0","0.20795840831833634","0.0001999600079984003","0.0009615384615384615","-0.010197960407918418","38.40559771865162","7309","3588"
"fig3b","11.678582420990049","0.5011872336272722","5000","973","0","0.1947610477904419","0.0001999600079984003","0.001026694045174538","-0.009538092381523696","44.244101441764","7310","3589"
"fig3b","11.678582420990049","0.5411695265464638","5000","987","0","0.1975604879024195","0.0001999600079984003","0.0010121457489878543","-0.009678064387122577","51.19895291901241","7311","3590"
"fig3b","11.678582420990049","0.5843414133735175","5000","1008","0","0.20175964807038593","0.0001999600079984003","0.0009910802775024777","-0.009888022395520897","59.53064280674576","7312","3591"
"fig3b","11.678582420990049","0.6309573444801932","5000","982","0","0.1965606878624275","0.0001999600079984003","0.001017293997965412","-0.009628074385122976","69.56955319538613","7313","3592"
"fig3b","11.678582420990049","0.6812920690579611","5000","930","0","0.1861627674465107","0.0001999600079984003","0.0010741138560687433","-0.009108178364327136","81.73471494763311","7314","3593"
"fig3b","11.678582420990049","0.7356422544596414","5000","1001","0","0.20035992801439712","0.0001999600079984003","0.000998003992015968","-0.009818036392721457","96.5545934811343","7315","3594"
"fig3b","11.678582420990049","0.7943282347242814","5000","944","0","0.1889622075584883","0.0001999600079984003","0.001058201058201058","-0.009248150369926017","114.68468615870376","7316","3595"
"fig3b","11.678582420990049","0.8576958985908941","5000","959","0","0.19196160767846432","0.0001999600079984003","0.0010416666666666667","-0.009398120375924817","136.90721608741478","7317","3596"
"fig3b","11.678582420990049","0.9261187281287933","5000","999","0","0.19996000799840033","0.0001999600079984003","0.0009999999999999998","-0.009798040391921618","164.07981442400865","7318","3597"
"fig3b","11.678582420990049","1.0","5000","1006","0","0.20135972805438912","0.0001999600079984003","0.0009930486593843098","-0.009868026394721056","197.12296316057063","7319","3598"
"fig3b","12.677534103676082","0.01","5000","478","211","0.09578084383123375","0.04239152169566087","0.44258872651356995","0.03760247950409918","0.21982768258038732","7320","3599"
"fig3b","12.677534103676082","0.0107977516232771","5000","516","230","0.10337932413517296","0.04619076184763048","0.4468085106382979","0.04102179564087183","0.25050949193570204","7321","3600"
"fig3b","12.677534103676082","0.011659144011798317","5000","493","257","0.09878024395120975","0.05158968206358728","0.5222672064777328","0.04665066986602679","0.2837562622220844","7322","3601"
"fig3b","12.677534103676082","0.012589254117941675","5000","489","226","0.09798040391921616","0.04539092181563687","0.463265306122449","0.040491901619676064","0.31979231850039014","7323","3602"
"fig3b","12.677534103676082","0.013593563908785255","5000","460","239","0.09218156368726255","0.04799040191961608","0.5206073752711498","0.043381323735252955","0.3588632136368801","7324","3603"
"fig3b","12.677534103676082","0.014677992676220698","5000","434","216","0.08698260347930414","0.04339132173565287","0.49885057471264366","0.03904219156168766","0.40123799112194547","7325","3604"
"fig3b","12.677534103676082","0.015848931924611134","5000","449","225","0.08998200359928014","0.04519096180763847","0.5022222222222222","0.040691861627674464","0.44721172722591973","7326","3605"
"fig3b","12.677534103676082","0.01711328304161781","5000","462","196","0.09258148370325935","0.03939212157568486","0.42548596112311016","0.0347630473905219","0.4971083923178412","7327","3606"
"fig3b","12.677534103676082","0.018478497974222907","5000","487","186","0.09758048390321936","0.03739252149570086","0.3831967213114754","0.032513497300539894","0.5512840775880932","7328","3607"
"fig3b","12.677534103676082","0.0199526231496888","5000","466","224","0.09338132373525294","0.04499100179964007","0.48179871520342615","0.040321935612877426","0.6101306409258029","7329","3608"
"fig3b","12.677534103676082","0.021544346900318832","5000","475","199","0.09518096380723855","0.03999200159968006","0.42016806722689076","0.03523295340931813","0.6740798345915664","7330","3609"
"fig3b","12.677534103676082","0.02326305067153626","5000","470","198","0.09418116376724656","0.03979204159168166","0.4225053078556263","0.035082983403319334","0.7436079877862483","7331","3610"
"fig3b","12.677534103676082","0.025118864315095794","5000","444","208","0.08898220355928814","0.041791641671665665","0.4696629213483146","0.03734253149370126","0.819241329624333","7332","3611"
"fig3b","12.677534103676082","0.02712272579332028","5000","442","202","0.08858228354329134","0.04059188162367527","0.4582392776523702","0.0361627674465107","0.9015620527156614","7333","3612"
"fig3b","12.677534103676082","0.029286445646252372","5000","434","188","0.08698260347930414","0.03779244151169766","0.43448275862068964","0.03344331133773245","0.9912152350177621","7334","3613"
"fig3b","12.677534103676082","0.03162277660168379","5000","485","189","0.09718056388722256","0.03799240151969606","0.39094650205761317","0.03313337332533493","1.0889167584223287","7335","3614"
"fig3b","12.677534103676082","0.034145488738336005","5000","450","199","0.09018196360727855","0.03999200159968006","0.44345898004434586","0.035482903419316134","1.1954623873560308","7336","3615"
"fig3b","12.677534103676082","0.03686945064519575","5000","436","177","0.08738252349530094","0.03559288142371526","0.40732265446224253","0.03122375524895021","1.3117382003646298","7337","3616"
"fig3b","12.677534103676082","0.039810717055349734","5000","462","188","0.09258148370325935","0.03779244151169766","0.408207343412527","0.033163367326534694","1.4387326032617125","7338","3617"
"fig3b","12.677534103676082","0.042986623470822764","5000","536","197","0.10737852429514097","0.03959208158368326","0.3687150837988827","0.034223155368926214","1.577550195231197","7339","3618"
"fig3b","12.677534103676082","0.046415888336127774","5000","496","171","0.09938012397520496","0.03439312137572485","0.3460764587525151","0.029424115176964603","1.7294278108843457","7340","3619"
"fig3b","12.677534103676082","0.05011872336272722","5000","512","190","0.10257948410317937","0.03819236152769446","0.3723196881091618","0.03306338732253549","1.895753123673103","7341","3620"
"fig3b","12.677534103676082","0.054116952654646375","5000","510","172","0.10217956408718257","0.03459308138372325","0.3385518590998043","0.029484103179364125","2.0780862716956108","7342","3621"
"fig3b","12.677534103676082","0.05843414133735175","5000","509","150","0.10197960407918416","0.030193961207758448","0.296078431372549","0.02509498100379924","2.2781850589363444","7343","3622"
"fig3b","12.677534103676082","0.06309573444801933","5000","523","188","0.10477904419116177","0.03779244151169766","0.3606870229007633","0.03255348930213957","2.498034397199092","7344","3623"
"fig3b","12.677534103676082","0.06812920690579614","5000","573","149","0.11477704459108179","0.029994001199760048","0.26132404181184665","0.024255148970205958","2.7398807913515384","7345","3624"
"fig3b","12.677534103676082","0.07356422544596414","5000","600","142","0.1201759648070386","0.028594281143771244","0.237936772046589","0.022585482903419316","3.0062728391997666","7346","3625"
"fig3b","12.677534103676082","0.07943282347242814","5000","587","134","0.11757648470305938","0.026994601079784044","0.22959183673469388","0.021115776844631076","3.3001089252505835","7347","3626"
"fig3b","12.677534103676082","0.08576958985908942","5000","607","139","0.12157568486302739","0.027994401119776045","0.23026315789473686","0.021915616876624675","3.624693544865437","7348","3627"
"fig3b","12.677534103676082","0.09261187281287937","5000","619","96","0.1239752049590082","0.019396120775844832","0.15645161290322582","0.013197360527894421","3.983804014836494","7349","3628"
"fig3b","12.677534103676082","0.1","5000","646","103","0.129374125174965","0.020795840831833633","0.160741885625966","0.014327134573085383","4.381769724884748","7350","3629"
"fig3b","12.677534103676082","0.10797751623277094","5000","699","90","0.13997200559888023","0.018196360727854428","0.12999999999999998","0.011197760447910415","4.823566583595323","7351","3630"
"fig3b","12.677534103676082","0.11659144011798317","5000","691","92","0.138372325534893","0.01859628074385123","0.13439306358381506","0.01167766446710658","5.314929940019454","7352","3631"
"fig3b","12.677534103676082","0.12589254117941676","5000","669","62","0.1339732053589282","0.01259748050389922","0.09402985074626867","0.00589882023595281","5.862490055368198","7353","3632"
"fig3b","12.677534103676082","0.13593563908785256","5000","679","71","0.13597280543891221","0.014397120575884824","0.10588235294117648","0.007598480303939213","6.473935206277304","7354","3633"
"fig3b","12.677534103676082","0.14677992676220697","5000","712","41","0.14257148570285944","0.008398320335932814","0.05890603085553997","0.0012697460507898415","7.158208785995271","7355","3634"
"fig3b","12.677534103676082","0.15848931924611134","5000","748","45","0.14977004599080185","0.009198160367926415","0.06141522029372497","0.0017096580683863228","7.925748417468981","7356","3635"
"fig3b","12.677534103676082","0.1711328304161781","5000","750","33","0.15016996600679863","0.006798640271945611","0.045272969374167776","-0.0007098580283943215","8.788777216144467","7357","3636"
"fig3b","12.677534103676082","0.18478497974222907","5000","795","24","0.15916816636672665","0.004999000199960008","0.031407035175879394","-0.0029594081183763254","9.761660092592479","7358","3637"
"fig3b","12.677534103676082","0.19952623149688797","5000","803","9","0.16076784643071385","0.001999600079984003","0.012437810945273632","-0.0060387922415516895","10.861341571264575","7359","3638"
"fig3b","12.677534103676082","0.21544346900318834","5000","815","3","0.16316736652669467","0.0007998400319936012","0.004901960784313725","-0.0073585282943411335","12.107886300017583","7360","3639"
"fig3b","12.677534103676082","0.23263050671536262","5000","798","2","0.15976804639072187","0.0005998800239952009","0.003754693366708385","-0.007388522295540894","13.525149614210989","7361","3640"
"fig3b","12.677534103676082","0.25118864315095796","5000","795","4","0.15916816636672665","0.0009998000399920016","0.00628140703517588","-0.006958608278344332","15.141613715798826","7362","3641"
"fig3b","12.677534103676082","0.27122725793320285","5000","892","1","0.1785642871425715","0.0003999200159968006","0.002239641657334826","-0.008528294341131774","16.99143593822228","7363","3642"
"fig3b","12.677534103676082","0.29286445646252357","5000","888","0","0.17776444711057787","0.0001999600079984003","0.0011248593925759281","-0.008688262347530494","19.115770156810328","7364","3643"
"fig3b","12.677534103676082","0.31622776601683794","5000","883","0","0.1767646470705859","0.0001999600079984003","0.0011312217194570135","-0.008638272345530896","21.564441984278318","7365","3644"
"fig3b","12.677534103676082","0.34145488738336005","5000","836","0","0.16736652669466107","0.0001999600079984003","0.0011947431302270011","-0.008168366326734655","24.39808472859002","7366","3645"
"fig3b","12.677534103676082","0.3686945064519575","5000","847","0","0.16956608678264348","0.0001999600079984003","0.0011792452830188679","-0.008278344331133775","27.69087851486057","7367","3646"
"fig3b","12.677534103676082","0.3981071705534973","5000","890","0","0.17816436712657469","0.0001999600079984003","0.0011223344556677889","-0.008708258348330335","31.534082426895935","7368","3647"
"fig3b","12.677534103676082","0.42986623470822766","5000","887","0","0.1775644871025795","0.0001999600079984003","0.0011261261261261261","-0.008678264347130576","36.040612405311236","7369","3648"
"fig3b","12.677534103676082","0.464158883361278","5000","888","0","0.17776444711057787","0.0001999600079984003","0.0011248593925759281","-0.008688262347530494","41.3509990323023","7370","3649"
"fig3b","12.677534103676082","0.5011872336272722","5000","886","0","0.1773645270945811","0.0001999600079984003","0.0011273957158962795","-0.008668266346730655","47.641159635160506","7371","3650"
"fig3b","12.677534103676082","0.5411695265464638","5000","849","0","0.16996600679864027","0.0001999600079984003","0.001176470588235294","-0.008298340331933614","55.13252961545879","7372","3651"
"fig3b","12.677534103676082","0.5843414133735175","5000","832","0","0.16656668666266747","0.0001999600079984003","0.0012004801920768306","-0.008128374325134973","64.10518405637472","7373","3652"
"fig3b","12.677534103676082","0.6309573444801932","5000","868","0","0.17376524695060988","0.0001999600079984003","0.0011507479861910242","-0.008488302339532095","74.91454015555578","7374","3653"
"fig3b","12.677534103676082","0.6812920690579611","5000","815","0","0.16316736652669467","0.0001999600079984003","0.0012254901960784314","-0.007958408318336335","88.01178836902906","7375","3654"
"fig3b","12.677534103676082","0.7356422544596414","5000","852","0","0.17056588682263546","0.0001999600079984003","0.001172332942555686","-0.008328334333133373","103.9666461816584","7376","3655"
"fig3b","12.677534103676082","0.7943282347242814","5000","814","0","0.16296740651869626","0.0001999600079984003","0.0012269938650306747","-0.007948410317936415","123.48660744199168","7377","3656"
"fig3b","12.677534103676082","0.8576958985908941","5000","811","0","0.16236752649470107","0.0001999600079984003","0.001231527093596059","-0.007918416316736654","147.4156076066431","7378","3657"
"fig3b","12.677534103676082","0.9261187281287933","5000","769","0","0.15396920615876825","0.0001999600079984003","0.0012987012987012987","-0.007498500299940012","176.67156048509753","7379","3658"
"fig3b","12.677534103676082","1.0","5000","812","0","0.16256748650269945","0.0001999600079984003","0.0012300123001230013","-0.007928414317136574","212.20039058616618","7380","3659"
"fig3b","13.761933183003983","0.01","5000","852","360","0.17056588682263546","0.07218556288742252","0.42321219226260265","0.06365726854629075","0.1144848823341249","7381","3660"
"fig3b","13.761933183003983","0.0107977516232771","5000","789","335","0.15796840631873627","0.06718656268746251","0.4253164556962025","0.059288142371525694","0.1425400560754042","7382","3661"
"fig3b","13.761933183003983","0.011659144011798317","5000","804","312","0.16096780643871225","0.0625874825034993","0.38881987577639754","0.054539092181563685","0.1729509896864272","7383","3662"
"fig3b","13.761933183003983","0.012589254117941675","5000","763","303","0.15276944611077783","0.060787842431513694","0.3979057591623037","0.0531493701259748","0.20592537722171755","7384","3663"
"fig3b","13.761933183003983","0.013593563908785255","5000","749","327","0.14997000599880023","0.0655868826234753","0.43733333333333335","0.05808838232353529","0.24169082387848562","7385","3664"
"fig3b","13.761933183003983","0.014677992676220698","5000","769","329","0.15396920615876825","0.06598680263947211","0.4285714285714286","0.058288342331533696","0.28049700557366464","7386","3665"
"fig3b","13.761933183003983","0.015848931924611134","5000","742","345","0.14857028594281144","0.0691861627674465","0.46567967698519513","0.06175764847030593","0.3226180999336634","7387","3666"
"fig3b","13.761933183003983","0.01711328304161781","5000","817","300","0.16356728654269145","0.060187962407518496","0.36797066014669927","0.052009598080383926","0.3683555279811799","7388","3667"
"fig3b","13.761933183003983","0.018478497974222907","5000","698","282","0.13977204559088183","0.05658868226354729","0.40486409155937053","0.0496000799840032","0.4180410521288991","7389","3668"
"fig3b","13.761933183003983","0.0199526231496888","5000","710","315","0.14217156568686262","0.0631873625274945","0.4444444444444445","0.056078784243151374","0.47204028362264694","7390","3669"
"fig3b","13.761933183003983","0.021544346900318832","5000","733","305","0.14677064587082583","0.0611877624475105","0.4168937329700273","0.05384923015396921","0.530756661376131","7391","3670"
"fig3b","13.761933183003983","0.02326305067153626","5000","674","315","0.1349730053989202","0.0631873625274945","0.4681481481481482","0.05643871225754849","0.5946359746210987","7392","3671"
"fig3b","13.761933183003983","0.025118864315095794","5000","694","301","0.13897220555888823","0.060387922415516895","0.4345323741007194","0.053439312137572484","0.6641715141319651","7393","3672"
"fig3b","13.761933183003983","0.02712272579332028","5000","715","278","0.14317136572685463","0.05578884223155369","0.38966480446927376","0.04863027394521096","0.7399099514720717","7394","3673"
"fig3b","13.761933183003983","0.029286445646252372","5000","720","288","0.14417116576684663","0.057788442311537694","0.40083217753120665","0.05057988402319536","0.8224580631402887","7395","3674"
"fig3b","13.761933183003983","0.03162277660168379","5000","686","294","0.13737252549490103","0.05898820235952809","0.42940320232896645","0.05211957608478304","0.9124904372752383","7396","3675"
"fig3b","13.761933183003983","0.034145488738336005","5000","718","296","0.14377124575084982","0.0593881223755249","0.4130737134909597","0.052199560087982405","1.010758325382028","7397","3676"
"fig3b","13.761933183003983","0.03686945064519575","5000","796","312","0.15936812637472506","0.0625874825034993","0.39272271016311167","0.05461907618476304","1.1180998312354973","7398","3677"
"fig3b","13.761933183003983","0.039810717055349734","5000","783","270","0.15676864627074585","0.05418916216756649","0.34566326530612246","0.046350729854029195","1.2354516647302205","7399","3678"
"fig3b","13.761933183003983","0.042986623470822764","5000","751","265","0.15036992601479704","0.05318936212757448","0.3537234042553191","0.045670865826834633","1.3638627312908227","7400","3679"
"fig3b","13.761933183003983","0.046415888336127774","5000","764","265","0.15296940611877624","0.05318936212757448","0.3477124183006536","0.04554089182163567","1.5045098791079283","7401","3680"
"fig3b","13.761933183003983","0.05011872336272722","5000","772","277","0.15456908618276344","0.05558888222355529","0.35963777490297544","0.04786042791441712","1.658716188927599","7402","3681"
"fig3b","13.761933183003983","0.054116952654646375","5000","801","268","0.16036792641471706","0.05378924215156969","0.33541147132169574","0.04577084583083384","1.8279722668676186","7403","3682"
"fig3b","13.761933183003983","0.05843414133735175","5000","810","254","0.16216756648670266","0.05098980203959208","0.31442663378545005","0.042881423715256946","2.0139610928453635","7404","3683"
"fig3b","13.761933183003983","0.06309573444801933","5000","796","216","0.15936812637472506","0.04339132173565287","0.27227101631116685","0.03542291541691661","2.218587089596184","7405","3684"
"fig3b","13.761933183003983","0.06812920690579614","5000","857","238","0.17156568686262746","0.04779044191161767","0.27855477855477856","0.0392121575684863","2.4440102147935647","7406","3685"
"fig3b","13.761933183003983","0.07356422544596414","5000","861","238","0.17236552689462106","0.04779044191161767","0.27726218097447797","0.039172165566886616","2.692686047729296","7407","3686"
"fig3b","13.761933183003983","0.07943282347242814","5000","934","206","0.1869626074785043","0.041391721655668866","0.22139037433155082","0.03204359128174365","2.9674130501589673","7408","3687"
"fig3b","13.761933183003983","0.08576958985908942","5000","930","194","0.1861627674465107","0.038992201559688064","0.20945220193340494","0.02968406318736253","3.271388438429881","7409","3688"
"fig3b","13.761933183003983","0.09261187281287937","5000","931","208","0.1863627274545091","0.041791641671665665","0.2242489270386266","0.032473505298940206","3.6082744236956046","7410","3689"
"fig3b","13.761933183003983","0.1","5000","1021","180","0.20435912817436513","0.036192761447710456","0.1771037181996086","0.0259748050389922","3.982276975529146","7411","3690"
"fig3b","13.761933183003983","0.10797751623277094","5000","1007","135","0.20155968806238753","0.027194561087782444","0.1349206349206349","0.017116576684663067","4.398239763035235","7412","3691"
"fig3b","13.761933183003983","0.11659144011798317","5000","1010","133","0.20215956808638272","0.026794641071785644","0.13254203758654798","0.016686662667466507","4.8617565545009995","7413","3692"
"fig3b","13.761933183003983","0.12589254117941676","5000","1044","122","0.20895820835832835","0.02459508098380324","0.11770334928229664","0.01414717056588682","5.379306148138028","7414","3693"
"fig3b","13.761933183003983","0.13593563908785256","5000","1032","107","0.20655868826234752","0.021595680863827234","0.10454985479186835","0.011267746450709857","5.958414910271642","7415","3694"
"fig3b","13.761933183003983","0.14677992676220697","5000","1072","86","0.21455708858228353","0.01739652069586083","0.08108108108108109","0.006668666266746653","6.60785327632658","7416","3695"
"fig3b","13.761933183003983","0.15848931924611134","5000","1071","69","0.21435712857428516","0.013997200559888023","0.06529850746268656","0.0032793441311737646","7.337874207350637","7417","3696"
"fig3b","13.761933183003983","0.1711328304161781","5000","1111","62","0.22235552889422117","0.01259748050389922","0.05665467625899281","0.0014797040591881614","8.160503701290168","7418","3697"
"fig3b","13.761933183003983","0.18478497974222907","5000","1133","44","0.22675464907018597","0.008998200359928014","0.03968253968253968","-0.002339532093581285","9.089896181424876","7419","3698"
"fig3b","13.761933183003983","0.19952623149688797","5000","1190","28","0.23815236952609478","0.0057988402319536095","0.02434928631402183","-0.006108778244351131","10.142771122256704","7420","3699"
"fig3b","13.761933183003983","0.21544346900318834","5000","1221","18","0.2443511297740452","0.003799240151969606","0.015548281505728314","-0.008418316336732654","11.338951891536823","7421","3700"
"fig3b","13.761933183003983","0.23263050671536262","5000","1220","9","0.24415116976604678","0.001999600079984003","0.00819000819000819","-0.010207958408318337","12.702033844114482","7422","3701"
"fig3b","13.761933183003983","0.25118864315095796","5000","1220","6","0.24415116976604678","0.0013997200559888023","0.005733005733005734","-0.010807838432313538","14.260216680837004","7423","3702"
"fig3b","13.761933183003983","0.27122725793320285","5000","1155","5","0.23115376924615078","0.0011997600479904018","0.005190311418685121","-0.010357928414317139","16.047346631286644","7424","3703"
"fig3b","13.761933183003983","0.29286445646252357","5000","1217","0","0.2435512897420516","0.0001999600079984003","0.0008210180623973727","-0.011977604479104181","18.10422799634003","7425","3704"
"fig3b","13.761933183003983","0.31622776601683794","5000","1243","0","0.24875024995001","0.0001999600079984003","0.0008038585209003215","-0.0122375524895021","20.480282131657077","7426","3705"
"fig3b","13.761933183003983","0.34145488738336005","5000","1285","0","0.2571485702859428","0.0001999600079984003","0.0007776049766718507","-0.01265746850629874","23.235656521768135","7427","3706"
"fig3b","13.761933183003983","0.3686945064519575","5000","1233","1","0.24675064987002598","0.0003999200159968006","0.0016207455429497568","-0.0119376124775045","26.44391895633197","7428","3707"
"fig3b","13.761933183003983","0.3981071705534973","5000","1209","0","0.2419516096780644","0.0001999600079984003","0.0008264462809917355","-0.01189762047590482","30.19551389712501","7429","3708"
"fig3b","13.761933183003983","0.42986623470822766","5000","1251","0","0.2503499300139972","0.0001999600079984003","0.0007987220447284345","-0.01231753649270146","34.60221141529894","7430","3709"
"fig3b","13.761933183003983","0.464158883361278","5000","1166","0","0.23335332933413316","0.0001999600079984003","0.000856898029134533","-0.01146770645870826","39.80284306972928","7431","3710"
"fig3b","13.761933183003983","0.5011872336272722","5000","1165","0","0.23315336932613479","0.0001999600079984003","0.0008576329331046311","-0.01145770845830834","45.970687241137114","7432","3711"
"fig3b","13.761933183003983","0.5411695265464638","5000","1192","0","0.2385522895420916","0.0001999600079984003","0.0008382229673093042","-0.011727654469106182","53.32291636589724","7433","3712"
"fig3b","13.761933183003983","0.5843414133735175","5000","1152","0","0.23055388922215556","0.0001999600079984003","0.0008673026886383347","-0.011327734453109379","62.13248864675367","7434","3713"
"fig3b","13.761933183003983","0.6309573444801932","5000","1128","0","0.22575484903019397","0.0001999600079984003","0.0008857395925597873","-0.0110877824435113","72.74260101719335","7435","3714"
"fig3b","13.761933183003983","0.6812920690579611","5000","1126","0","0.22535492901419715","0.0001999600079984003","0.0008873114463176575","-0.011067786442711459","85.5829389367882","7436","3715"
"fig3b","13.761933183003983","0.7356422544596414","5000","992","0","0.1985602879424115","0.0001999600079984003","0.0010070493454179255","-0.009728054389122177","101.18457341872465","7437","3716"
"fig3b","13.761933183003983","0.7943282347242814","5000","1045","0","0.20915816836632672","0.0001999600079984003","0.0009560229445506692","-0.010257948410317937","120.18452885361421","7438","3717"
"fig3b","13.761933183003983","0.8576958985908941","5000","991","0","0.1983603279344131","0.0001999600079984003","0.0010080645161290322","-0.009718056388722257","143.2984483608812","7439","3718"
"fig3b","13.761933183003983","0.9261187281287933","5000","999","0","0.19996000799840033","0.0001999600079984003","0.0009999999999999998","-0.009798040391921618","171.22197281716257","7440","3719"
"fig3b","13.761933183003983","1.0","5000","952","0","0.1905618876224755","0.0001999600079984003","0.001049317943336831","-0.009328134373125376","204.68539441550973","7441","3720"
"fig3b","14.939088578633665","0.01","5000","550","356","0.11017796440711858","0.07138572285542892","0.647912885662432","0.065876824635073","0.2324811605496393","7442","3721"
"fig3b","14.939088578633665","0.0107977516232771","5000","568","365","0.11377724455108978","0.07318536292741452","0.6432337434094904","0.06749650069986003","0.2572400927662102","7443","3722"
"fig3b","14.939088578633665","0.011659144011798317","5000","539","354","0.10797840431913618","0.07098580283943211","0.6574074074074073","0.0655868826234753","0.28409246215977646","7444","3723"
"fig3b","14.939088578633665","0.012589254117941675","5000","588","368","0.11777644471105779","0.07378524295140972","0.6264855687606112","0.06789642071585683","0.3132251537935531","7445","3724"
"fig3b","14.939088578633665","0.013593563908785255","5000","586","378","0.11737652469506099","0.07578484303139373","0.6456558773424191","0.06991601679664068","0.3448433266580082","7446","3725"
"fig3b","14.939088578633665","0.014677992676220698","5000","586","363","0.11737652469506099","0.07278544291141771","0.6201022146507665","0.06691661667666467","0.3791724472887097","7447","3726"
"fig3b","14.939088578633665","0.015848931924611134","5000","601","363","0.12037592481503699","0.07278544291141771","0.6046511627906976","0.06676664667066586","0.41646058576574774","7448","3727"
"fig3b","14.939088578633665","0.01711328304161781","5000","631","383","0.126374725054989","0.07678464307138572","0.6075949367088607","0.07046590681863626","0.4569810128619167","7449","3728"
"fig3b","14.939088578633665","0.018478497974222907","5000","621","355","0.124375124975005","0.07118576284743051","0.572347266881029","0.06496700659868027","0.501035143501781","7450","3729"
"fig3b","14.939088578633665","0.0199526231496888","5000","645","379","0.12917416516696661","0.07598480303939212","0.588235294117647","0.06952609478104378","0.5489558792059199","7451","3730"
"fig3b","14.939088578633665","0.021544346900318832","5000","641","406","0.12837432513497302","0.08138372325534893","0.6339563862928348","0.07496500699860027","0.6011114110912672","7452","3731"
"fig3b","14.939088578633665","0.02326305067153626","5000","701","397","0.14037192561487702","0.07958408318336332","0.5669515669515669","0.07256548690261948","0.6579095555246965","7453","3732"
"fig3b","14.939088578633665","0.025118864315095794","5000","684","408","0.13697260547890422","0.08178364327134573","0.5970802919708029","0.07493501299740052","0.7198027070012074","7454","3733"
"fig3b","14.939088578633665","0.02712272579332028","5000","718","442","0.14377124575084982","0.08858228354329134","0.6161335187760779","0.08139372125574885","0.7872935076497072","7455","3734"
"fig3b","14.939088578633665","0.029286445646252372","5000","747","435","0.14957008598280344","0.08718256348730254","0.5828877005347594","0.07970405918816237","0.8609413504311192","7456","3735"
"fig3b","14.939088578633665","0.03162277660168379","5000","782","445","0.15656868626274745","0.08918216356728655","0.5696040868454662","0.08135372925414917","0.9413698541633266","7457","3736"
"fig3b","14.939088578633665","0.034145488738336005","5000","810","449","0.16216756648670266","0.08998200359928014","0.5548705302096177","0.08187362527494502","1.0292754737198777","7458","3737"
"fig3b","14.939088578633665","0.03686945064519575","5000","830","438","0.16616676664667065","0.08778244351129774","0.5282791817087846","0.07947410517896421","1.1254374389603186","7459","3738"
"fig3b","14.939088578633665","0.039810717055349734","5000","835","410","0.16716656668666266","0.08218356328734253","0.4916267942583732","0.0738252349530094","1.2307292522738749","7460","3739"
"fig3b","14.939088578633665","0.042986623470822764","5000","876","426","0.17536492701459708","0.08538292341531693","0.48688711516533634","0.07661467706458708","1.3461320183784267","7461","3740"
"fig3b","14.939088578633665","0.046415888336127774","5000","890","446","0.17816436712657469","0.08938212357528494","0.5016835016835016","0.0804739052189562","1.4727499328779743","7462","3741"
"fig3b","14.939088578633665","0.05011872336272722","5000","914","414","0.1829634073185363","0.08298340331933614","0.453551912568306","0.07383523295340932","1.611828320135885","7463","3742"
"fig3b","14.939088578633665","0.054116952654646375","5000","916","442","0.1833633273345331","0.08858228354329134","0.4830970556161396","0.07941411717656469","1.7647746888300162","7464","3743"
"fig3b","14.939088578633665","0.05843414133735175","5000","992","452","0.1985602879424115","0.09058188362327535","0.4561933534743203","0.08065386922615478","1.9331833684049116","7465","3744"
"fig3b","14.939088578633665","0.06309573444801933","5000","1040","482","0.20815836832633472","0.09658068386322735","0.4639769452449568","0.08617276544691062","2.118864405564608","7466","3745"
"fig3b","14.939088578633665","0.06812920690579614","5000","1065","413","0.21315736852629474","0.08278344331133773","0.3883677298311445","0.072125574885023","2.323877542182231","7467","3746"
"fig3b","14.939088578633665","0.07356422544596414","5000","1051","410","0.21035792841431714","0.08218356328734253","0.3906844106463878","0.07166566686662668","2.5505722710507825","7468","3747"
"fig3b","14.939088578633665","0.07943282347242814","5000","1098","392","0.21975604879024196","0.07858428314337132","0.35759781619654224","0.06759648070385922","2.8016351821307524","7469","3748"
"fig3b","14.939088578633665","0.08576958985908942","5000","1177","392","0.23555288942211558","0.07858428314337132","0.333616298811545","0.06680663867226554","3.080146080091197","7470","3749"
"fig3b","14.939088578633665","0.09261187281287937","5000","1211","365","0.24235152969406118","0.07318536292741452","0.301980198019802","0.061067786442711464","3.3896446876801747","7471","3750"
"fig3b","14.939088578633665","0.1","5000","1317","341","0.26354729054189163","0.0683863227354529","0.25948406676783003","0.055208958208358326","3.7342101666275767","7472","3751"
"fig3b","14.939088578633665","0.10797751623277094","5000","1279","339","0.2559488102379524","0.06798640271945611","0.265625","0.055188962207558485","4.118556211345322","7473","3752"
"fig3b","14.939088578633665","0.11659144011798317","5000","1358","306","0.27174565086982605","0.0613877224555089","0.22590139808682855","0.0478004399120176","4.5481451307645955","7474","3753"
"fig3b","14.939088578633665","0.12589254117941676","5000","1407","256","0.28154369126174766","0.05138972205558888","0.18252840909090906","0.0373125374925015","5.029325169522281","7475","3754"
"fig3b","14.939088578633665","0.13593563908785256","5000","1376","202","0.27534493101379726","0.04059188162367527","0.14742193173565724","0.026824635072985402","5.569496383244569","7476","3755"
"fig3b","14.939088578633665","0.14677992676220697","5000","1508","193","0.3017396520695861","0.038792241551689664","0.12856196156394964","0.023705258948210357","6.177311742413792","7477","3756"
"fig3b","14.939088578633665","0.15848931924611134","5000","1527","154","0.30553889222155567","0.03099380123975205","0.10143979057591623","0.015716856628674267","6.862921886362585","7478","3757"
"fig3b","14.939088578633665","0.1711328304161781","5000","1512","140","0.3025394921015797","0.028194361127774445","0.09319233311302048","0.013067386522695458","7.638274205106171","7479","3758"
"fig3b","14.939088578633665","0.18478497974222907","5000","1582","101","0.3165366926614677","0.020395920815836834","0.06443461781427669","0.004569086182763447","8.517479855295505","7480","3759"
"fig3b","14.939088578633665","0.19952623149688797","5000","1628","70","0.32573485302939414","0.014197160567886422","0.043585021485573965","-0.0020895820835832857","9.517266137695174","7481","3760"
"fig3b","14.939088578633665","0.21544346900318834","5000","1578","63","0.3157368526294741","0.01279744051189762","0.04053198226725776","-0.0029894021195760855","10.657536674792652","7482","3761"
"fig3b","14.939088578633665","0.23263050671536262","5000","1624","26","0.3249350129974005","0.005398920215956809","0.016615384615384615","-0.010847830433913217","11.962068431714442","7483","3762"
"fig3b","14.939088578633665","0.25118864315095796","5000","1690","27","0.33813237352529496","0.005598880223955209","0.016558249556475457","-0.011307738452309538","13.45938336869952","7484","3763"
"fig3b","14.939088578633665","0.27122725793320285","5000","1728","13","0.34573085382923413","0.0027994401119776045","0.008097165991902834","-0.014487102579484101","15.183844139963867","7485","3764"
"fig3b","14.939088578633665","0.29286445646252357","5000","1748","8","0.34973005398920215","0.001799640071985603","0.005145797598627788","-0.015686862627474506","17.177038760339542","7486","3765"
"fig3b","14.939088578633665","0.31622776601683794","5000","1727","4","0.34553089382123575","0.0009998000399920016","0.0028935185185185184","-0.016276744651069788","19.489539876826996","7487","3766"
"fig3b","14.939088578633665","0.34145488738336005","5000","1670","0","0.33413317336532694","0.0001999600079984003","0.0005984440454817474","-0.016506698660267948","22.183151936138643","7488","3767"
"fig3b","14.939088578633665","0.3686945064519575","5000","1698","1","0.33973205358928216","0.0003999200159968006","0.0011771630370806356","-0.01658668266346731","25.333796279847974","7489","3768"
"fig3b","14.939088578633665","0.3981071705534973","5000","1702","0","0.3405318936212757","0.0001999600079984003","0.0005871990604815032","-0.016826634673065388","29.03523244727097","7490","3769"
"fig3b","14.939088578633665","0.42986623470822766","5000","1676","0","0.3353329334133173","0.0001999600079984003","0.0005963029218843172","-0.016566686662667467","33.40387581531411","7491","3770"
"fig3b","14.939088578633665","0.464158883361278","5000","1616","0","0.3233353329334133","0.0001999600079984003","0.0006184291898577612","-0.015966806638672268","38.585047159623855","7492","3771"
"fig3b","14.939088578633665","0.5011872336272722","5000","1642","0","0.3285342931413717","0.0001999600079984003","0.0006086427267194157","-0.016226754649070186","44.76107210392519","7493","3772"
"fig3b","14.939088578633665","0.5411695265464638","5000","1577","0","0.3155368926214757","0.0001999600079984003","0.0006337135614702154","-0.015576884623075386","52.16171289781397","7494","3773"
"fig3b","14.939088578633665","0.5843414133735175","5000","1536","0","0.3073385322935413","0.0001999600079984003","0.0006506180871828236","-0.015166966606678666","61.07739046555889","7495","3774"
"fig3b","14.939088578633665","0.6309573444801932","5000","1514","0","0.30293941211757647","0.0001999600079984003","0.0006600660066006601","-0.014947010597880424","71.87535596437527","7496","3775"
"fig3b","14.939088578633665","0.6812920690579611","5000","1467","0","0.29354129174165167","0.0001999600079984003","0.0006811989100817438","-0.014477104579084184","85.01793650171277","7497","3776"
"fig3b","14.939088578633665","0.7356422544596414","5000","1339","0","0.2679464107178564","0.0001999600079984003","0.0007462686567164179","-0.013197360527894421","101.07909829051755","7498","3777"
"fig3b","14.939088578633665","0.7943282347242814","5000","1249","0","0.2499500099980004","0.0001999600079984003","0.0007999999999999999","-0.012297540491901621","120.74832981141412","7499","3778"
"fig3b","14.939088578633665","0.8576958985908941","5000","1235","0","0.2471505698860228","0.0001999600079984003","0.0008090614886731391","-0.012157568486302742","144.79455139743112","7500","3779"
"fig3b","14.939088578633665","0.9261187281287933","5000","1179","0","0.23595280943811237","0.0001999600079984003","0.000847457627118644","-0.011597680463907219","173.93591911603625","7501","3780"
"fig3b","14.939088578633665","1.0","5000","1103","0","0.22075584883023394","0.0001999600079984003","0.0009057971014492754","-0.010837832433513299","208.71276616554866","7502","3781"
"fig3b","16.21693439377297","0.01","5000","578","375","0.11577684463107378","0.07518496300739852","0.6493955094991365","0.06939612077584482","0.24673514796231188","7503","3782"
"fig3b","16.21693439377297","0.0107977516232771","5000","545","390","0.10917816436712657","0.07818436312737452","0.7161172161172161","0.07272545490901819","0.26973991960906574","7504","3783"
"fig3b","16.21693439377297","0.011659144011798317","5000","575","389","0.11517696460707859","0.07798440311937613","0.6770833333333334","0.0722255548890222","0.29469022776686415","7505","3784"
"fig3b","16.21693439377297","0.012589254117941675","5000","536","423","0.10737852429514097","0.08478304339132174","0.7895716945996276","0.07941411717656469","0.32175981772297746","7506","3785"
"fig3b","16.21693439377297","0.013593563908785255","5000","576","396","0.11537692461507698","0.07938412317536493","0.6880415944540729","0.07361527694461108","0.3511394327562698","7507","3786"
"fig3b","16.21693439377297","0.014677992676220698","5000","586","415","0.11737652469506099","0.08318336332733453","0.7086882453151618","0.07731453709258149","0.38303870681426133","7508","3787"
"fig3b","16.21693439377297","0.015848931924611134","5000","592","417","0.11857628474305139","0.08358328334333133","0.7048903878583473","0.07765446910617876","0.41768830146639857","7509","3788"
"fig3b","16.21693439377297","0.01711328304161781","5000","640","422","0.1281743651269746","0.08458308338332333","0.6599063962558502","0.07817436512697461","0.455342323226148","7510","3789"
"fig3b","16.21693439377297","0.018478497974222907","5000","658","481","0.13177364527094582","0.09638072385522896","0.7314112291350531","0.08979204159168166","0.49628106327423893","7511","3790"
"fig3b","16.21693439377297","0.0199526231496888","5000","700","482","0.1401719656068786","0.09658068386322735","0.689015691868759","0.08957208558288342","0.5408141086118974","7512","3791"
"fig3b","16.21693439377297","0.021544346900318832","5000","691","513","0.138372325534893","0.10277944411117776","0.7427745664739884","0.09586082783443312","0.5892838819390818","7513","3792"
"fig3b","16.21693439377297","0.02326305067153626","5000","714","470","0.14297140571885622","0.09418116376724656","0.6587412587412588","0.08703259348130374","0.6420696773436134","7514","3793"
"fig3b","16.21693439377297","0.025118864315095794","5000","735","496","0.14717056588682265","0.09938012397520496","0.6752717391304347","0.09202159568086382","0.6995922704806787","7515","3794"
"fig3b","16.21693439377297","0.02712272579332028","5000","757","500","0.15156968606278745","0.10017996400719856","0.6609498680738786","0.09260147970405919","0.7623191957035544","7516","3795"
"fig3b","16.21693439377297","0.029286445646252372","5000","793","541","0.15876824635072986","0.10837832433513298","0.6826196473551637","0.10043991201759649","0.8307707990182678","7517","3796"
"fig3b","16.21693439377297","0.03162277660168379","5000","828","542","0.16576684663067387","0.10857828434313137","0.655006031363088","0.10028994201159767","0.9055271953023976","7518","3797"
"fig3b","16.21693439377297","0.034145488738336005","5000","904","563","0.1809638072385523","0.11277744451109778","0.6232044198895027","0.10372925414917017","0.987236281629805","7519","3798"
"fig3b","16.21693439377297","0.03686945064519575","5000","940","537","0.1881623675264947","0.10757848430313938","0.5717321997874601","0.09817036592681463","1.0766229865992614","7520","3799"
"fig3b","16.21693439377297","0.039810717055349734","5000","893","568","0.17876424715056988","0.11377724455108978","0.6364653243847875","0.10483903219356129","1.1744999692518263","7521","3800"
"fig3b","16.21693439377297","0.042986623470822764","5000","942","568","0.1885622875424915","0.11377724455108978","0.6033934252386003","0.10434913017396522","1.2817800217513877","7522","3801"
"fig3b","16.21693439377297","0.046415888336127774","5000","976","584","0.19536092781443712","0.11697660467906419","0.5987717502558854","0.10720855828834233","1.399490479018084","7523","3802"
"fig3b","16.21693439377297","0.05011872336272722","5000","1017","566","0.20355928814237154","0.11337732453509299","0.5569744597249509","0.10319936012797441","1.5287899978415282","7524","3803"
"fig3b","16.21693439377297","0.054116952654646375","5000","1023","563","0.20475904819036192","0.11277744451109778","0.55078125","0.10253949210157969","1.670988140095801","7525","3804"
"fig3b","16.21693439377297","0.05843414133735175","5000","1073","610","0.21475704859028194","0.1221755648870226","0.568901303538175","0.1114377124575085","1.827568282456724","7526","3805"
"fig3b","16.21693439377297","0.06309573444801933","5000","1216","571","0.24335132973405318","0.11437712457508498","0.47000821692686934","0.10220955808838232","2.0002144823145045","7527","3806"
"fig3b","16.21693439377297","0.06812920690579614","5000","1229","547","0.24595080983803239","0.10957808438312337","0.44552845528455287","0.09728054389122176","2.190843061091641","7528","3807"
"fig3b","16.21693439377297","0.07356422544596414","5000","1276","557","0.2553489302139572","0.11157768446310738","0.43696162881754114","0.09881023795240952","2.4016398279574958","7529","3808"
"fig3b","16.21693439377297","0.07943282347242814","5000","1324","550","0.26494701059788045","0.11017796440711858","0.4158490566037735","0.09693061387722456","2.6351040666685037","7530","3809"
"fig3b","16.21693439377297","0.08576958985908942","5000","1410","530","0.28214357128574286","0.10617876424715057","0.37632884479092843","0.09207158568286343","2.8941006557538174","7531","3810"
"fig3b","16.21693439377297","0.09261187281287937","5000","1398","520","0.27974405118976203","0.10417916416716656","0.37240886347390995","0.09019196160767846","3.181922000130726","7532","3811"
"fig3b","16.21693439377297","0.1","5000","1486","541","0.29734053189362125","0.10837832433513298","0.36449226630800274","0.09351129774045192","3.502361836764635","7533","3812"
"fig3b","16.21693439377297","0.10797751623277094","5000","1479","506","0.2959408118376325","0.10137972405518897","0.34256756756756757","0.08658268346330734","3.8598034592582735","7534","3813"
"fig3b","16.21693439377297","0.11659144011798317","5000","1557","468","0.3115376924615077","0.09378124375124974","0.3010269576379974","0.07820435912817436","4.259325513795773","7535","3814"
"fig3b","16.21693439377297","0.12589254117941676","5000","1585","432","0.3171365726854629","0.08658268346330734","0.27301387137452715","0.0707258548290342","4.7068292876653","7536","3815"
"fig3b","16.21693439377297","0.13593563908785256","5000","1661","374","0.3323335332933413","0.07498500299940011","0.22563176895306858","0.058368326334733045","5.209192389006176","7537","3816"
"fig3b","16.21693439377297","0.14677992676220697","5000","1713","339","0.34273145370925817","0.06798640271945611","0.1983663943990665","0.050849830033993196","5.774454965139029","7538","3817"
"fig3b","16.21693439377297","0.15848931924611134","5000","1702","306","0.3405318936212757","0.0613877224555089","0.1802701115678215","0.04436112777444511","6.412046210119968","7539","3818"
"fig3b","16.21693439377297","0.1711328304161781","5000","1878","249","0.3757248550289942","0.04999000199960008","0.13304949441192124","0.03120375924815037","7.1330609812333705","7540","3819"
"fig3b","16.21693439377297","0.18478497974222907","5000","1842","203","0.3685262947410518","0.04079184163167367","0.11068909386869234","0.022365526894621075","7.9505990283556685","7541","3820"
"fig3b","16.21693439377297","0.19952623149688797","5000","1922","148","0.38452309538092383","0.02979404119176165","0.07748309932397296","0.010567886422715455","8.880182840896111","7542","3821"
"fig3b","16.21693439377297","0.21544346900318834","5000","1957","129","0.3915216956608678","0.025994801039792043","0.06639427987742595","0.0064187162567486515","9.940274707065043","7543","3822"
"fig3b","16.21693439377297","0.23263050671536262","5000","2024","83","0.40491901619676063","0.016796640671865627","0.04148148148148149","-0.003449310137972405","11.152919630319616","7544","3823"
"fig3b","16.21693439377297","0.25118864315095796","5000","2064","60","0.41291741651669667","0.01219756048790242","0.02953995157384988","-0.008448310337932415","12.544548763072271","7545","3824"
"fig3b","16.21693439377297","0.27122725793320285","5000","2086","28","0.41731653669266144","0.0057988402319536095","0.01389554384283661","-0.015066986602679466","14.146988687086093","7546","3825"
"fig3b","16.21693439377297","0.29286445646252357","5000","2102","19","0.4205158968206359","0.003999200159968006","0.009510223490252021","-0.01702659468106379","15.998736131339513","7547","3826"
"fig3b","16.21693439377297","0.31622776601683794","5000","2120","9","0.4241151769646071","0.001999600079984003","0.004714757190004714","-0.019206158768246353","18.14657684124029","7548","3827"
"fig3b","16.21693439377297","0.34145488738336005","5000","2192","4","0.4385122975404919","0.0009998000399920016","0.002279981760145919","-0.020925814837032597","20.647652994910402","7549","3828"
"fig3b","16.21693439377297","0.3686945064519575","5000","2176","2","0.4353129374125175","0.0005998800239952009","0.0013780431786862655","-0.021165766846630674","23.572118014643024","7550","3829"
"fig3b","16.21693439377297","0.3981071705534973","5000","2127","0","0.42551489702059586","0.0001999600079984003","0.0004699248120300752","-0.021075784843031395","27.006563587102875","7551","3830"
"fig3b","16.21693439377297","0.42986623470822766","5000","2077","0","0.41551689662067587","0.0001999600079984003","0.0004812319538017324","-0.020575884823035396","31.058464233936945","7552","3831"
"fig3b","16.21693439377297","0.464158883361278","5000","2011","0","0.4023195360927814","0.0001999600079984003","0.0004970178926441351","-0.019916016796640672","35.861962338716154","7553","3832"
"fig3b","16.21693439377297","0.5011872336272722","5000","2019","0","0.4039192161567686","0.0001999600079984003","0.0004950495049504951","-0.019996000799840034","41.58541046406583","7554","3833"
"fig3b","16.21693439377297","0.5411695265464638","5000","2046","0","0.40931813637272546","0.0001999600079984003","0.0004885197850512946","-0.020265946810637876","48.441187516243275","7555","3834"
"fig3b","16.21693439377297","0.5843414133735175","5000","1968","0","0.39372125574885025","0.0001999600079984003","0.0005078720162519045","-0.019486102779444115","56.69837338538551","7556","3835"
"fig3b","16.21693439377297","0.6309573444801932","5000","1889","0","0.3779244151169766","0.0001999600079984003","0.000529100529100529","-0.018696260747850434","66.69879684295637","7557","3836"
"fig3b","16.21693439377297","0.6812920690579611","5000","1875","0","0.375124975004999","0.0001999600079984003","0.0005330490405117271","-0.01855628874225155","78.87648619714292","7558","3837"
"fig3b","16.21693439377297","0.7356422544596414","5000","1740","0","0.34813037392521495","0.0001999600079984003","0.0005743825387708214","-0.01720655868826235","93.77895703475178","7559","3838"
"fig3b","16.21693439377297","0.7943282347242814","5000","1663","0","0.3327334533093381","0.0001999600079984003","0.0006009615384615385","-0.016436712657468506","112.08439826561789","7560","3839"
"fig3b","16.21693439377297","0.8576958985908941","5000","1639","0","0.32793441311737653","0.0001999600079984003","0.0006097560975609756","-0.01619676064787043","134.59801737962783","7561","3840"
"fig3b","16.21693439377297","0.9261187281287933","5000","1505","0","0.3011397720455909","0.0001999600079984003","0.0006640106241699867","-0.014857028594281146","162.1884591511128","7562","3841"
"fig3b","16.21693439377297","1.0","5000","1402","0","0.28054389122175566","0.0001999600079984003","0.0007127583749109051","-0.013827234553089384","195.68015179016498","7563","3842"
"fig3b","17.604083391544496","0.01","5000","675","505","0.13517296540691862","0.10117976404719056","0.7485207100591716","0.09442111577684463","0.21603897084452228","7564","3843"
"fig3b","17.604083391544496","0.0107977516232771","5000","702","496","0.14057188562287543","0.09938012397520496","0.7069701280227596","0.09235152969406119","0.23812046487421412","7565","3844"
"fig3b","17.604083391544496","0.011659144011798317","5000","743","497","0.14877024595080984","0.09958008398320337","0.6693548387096775","0.09214157168566288","0.2620639510607816","7566","3845"
"fig3b","17.604083391544496","0.012589254117941675","5000","772","483","0.15456908618276344","0.09678064387122576","0.6261319534282018","0.08905218956208759","0.28803484275778146","7567","3846"
"fig3b","17.604083391544496","0.013593563908785255","5000","802","504","0.16056788642271547","0.10097980403919216","0.6288916562889165","0.09295140971805638","0.3162146031354496","7568","3847"
"fig3b","17.604083391544496","0.014677992676220698","5000","736","539","0.14737052589482103","0.10797840431913618","0.7327001356852104","0.10060987802439512","0.34680251337096024","7569","3848"
"fig3b","17.604083391544496","0.015848931924611134","5000","795","506","0.15916816636672665","0.10137972405518897","0.6369346733668342","0.09342131573685264","0.38001766660198655","7570","3849"
"fig3b","17.604083391544496","0.01711328304161781","5000","818","532","0.16376724655068986","0.10657868426314737","0.6507936507936508","0.09839032193561288","0.41610122071006117","7571","3850"
"fig3b","17.604083391544496","0.018478497974222907","5000","844","575","0.16896620675864826","0.11517696460707859","0.6816568047337279","0.10672865426914617","0.4553189484008726","7572","3851"
"fig3b","17.604083391544496","0.0199526231496888","5000","860","543","0.17216556688662268","0.10877824435112977","0.6318234610917537","0.10016996600679864","0.49796412941833523","7573","3852"
"fig3b","17.604083391544496","0.021544346900318832","5000","865","575","0.1731653669266147","0.11517696460707859","0.6651270207852193","0.10651869626074785","0.5443608372407311","7574","3853"
"fig3b","17.604083391544496","0.02326305067153626","5000","935","593","0.1871625674865027","0.1187762447510498","0.6346153846153846","0.10941811637672466","0.594867681495657","7575","3854"
"fig3b","17.604083391544496","0.025118864315095794","5000","913","554","0.1827634473105379","0.11097780443911218","0.6072210065645514","0.10183963207358528","0.6498820778519416","7576","3855"
"fig3b","17.604083391544496","0.02712272579332028","5000","953","638","0.1907618476304739","0.1277744451109778","0.6698113207547169","0.1182363527294541","0.7098451296516828","7577","3856"
"fig3b","17.604083391544496","0.029286445646252372","5000","982","660","0.1965606878624275","0.1321735652869426","0.6724313326551373","0.12234553089382122","0.7752472204000753","7578","3857"
"fig3b","17.604083391544496","0.03162277660168379","5000","990","665","0.19816036792641473","0.1331733653269346","0.6720484359233098","0.12326534693061386","0.8466344339667558","7579","3858"
"fig3b","17.604083391544496","0.034145488738336005","5000","1055","608","0.21115776844631073","0.1217756448710258","0.5767045454545454","0.11121775644871026","0.9246159405057313","7580","3859"
"fig3b","17.604083391544496","0.03686945064519575","5000","1060","629","0.21215756848630274","0.1259748050389922","0.5937794533459001","0.11536692661467705","1.0098725114749527","7581","3860"
"fig3b","17.604083391544496","0.039810717055349734","5000","1112","631","0.22255548890221954","0.126374725054989","0.5678346810422282","0.11524695060987802","1.1031663575594166","7582","3861"
"fig3b","17.604083391544496","0.042986623470822764","5000","1120","673","0.22415516896620677","0.1347730453909218","0.6012488849241747","0.12356528694261146","1.2053525199376907","7583","3862"
"fig3b","17.604083391544496","0.046415888336127774","5000","1220","685","0.24415116976604678","0.13717256548690263","0.5618345618345619","0.12496500699860029","1.3173920895308129","7584","3863"
"fig3b","17.604083391544496","0.05011872336272722","5000","1257","736","0.25154969006198763","0.14737052589482103","0.5858505564387916","0.13479304139172166","1.4403675823398885","7585","3864"
"fig3b","17.604083391544496","0.054116952654646375","5000","1279","703","0.2559488102379524","0.14077184563087383","0.55","0.1279744051189762","1.5755008638890047","7586","3865"
"fig3b","17.604083391544496","0.05843414133735175","5000","1333","690","0.266746650669866","0.13817236552689463","0.5179910044977512","0.12483503299340133","1.724174094744626","7587","3866"
"fig3b","17.604083391544496","0.06309573444801933","5000","1401","665","0.2803439312137572","0.1331733653269346","0.47503566333808844","0.11915616876624674","1.8879542655258774","7588","3867"
"fig3b","17.604083391544496","0.06812920690579614","5000","1435","727","0.2871425714857029","0.14557088582283542","0.5069637883008355","0.13121375724855028","2.0686220079188047","7589","3868"
"fig3b","17.604083391544496","0.07356422544596414","5000","1536","681","0.3073385322935413","0.13637272545490903","0.44372153545868576","0.12100579884023197","2.268205513387926","7590","3869"
"fig3b","17.604083391544496","0.07943282347242814","5000","1596","721","0.3193361327734453","0.14437112577484504","0.45209768315591736","0.12840431913617278","2.4890205703393633","7591","3870"
"fig3b","17.604083391544496","0.08576958985908942","5000","1559","707","0.3119376124775045","0.14157168566286743","0.45384615384615384","0.1259748050389922","2.7337179522263","7592","3871"
"fig3b","17.604083391544496","0.09261187281287937","5000","1690","620","0.33813237352529496","0.1241751649670066","0.3672383205204021","0.10726854629074185","3.005339664662557","7593","3872"
"fig3b","17.604083391544496","0.1","5000","1706","660","0.34133173365326935","0.1321735652869426","0.3872290568248389","0.11510697860427913","3.3073859035892497","7594","3873"
"fig3b","17.604083391544496","0.10797751623277094","5000","1770","595","0.354129174165167","0.1191761647670466","0.3365330321852061","0.10146970605878824","3.643895007652219","7595","3874"
"fig3b","17.604083391544496","0.11659144011798317","5000","1828","611","0.36572685462907417","0.122375524895021","0.33460907599781303","0.10408918216356729","4.019539230726906","7596","3875"
"fig3b","17.604083391544496","0.12589254117941676","5000","1901","564","0.38032393521295743","0.11297740451909619","0.297055730809674","0.09396120775844831","4.4397398470170515","7597","3876"
"fig3b","17.604083391544496","0.13593563908785256","5000","1978","515","0.3957208558288342","0.10317936412717456","0.2607377463365336","0.08339332133573285","4.9108059736588245","7598","3877"
"fig3b","17.604083391544496","0.14677992676220697","5000","2022","486","0.40451909618076387","0.09738052389522095","0.24073158675234796","0.07715456908618276","5.440102610162199","7599","3878"
"fig3b","17.604083391544496","0.15848931924611134","5000","2125","427","0.4251149770045991","0.08558288342331534","0.2013170272812794","0.06432713457308538","6.0362548249119925","7600","3879"
"fig3b","17.604083391544496","0.1711328304161781","5000","2190","404","0.4381123775244951","0.08098380323935213","0.18484710178000913","0.05907818436312737","6.7093968660495875","7601","3880"
"fig3b","17.604083391544496","0.18478497974222907","5000","2264","296","0.45290941811637675","0.0593881223755249","0.13112582781456952","0.03674265146970606","7.471477371848977","7602","3881"
"fig3b","17.604083391544496","0.19952623149688797","5000","2288","261","0.45770845830833834","0.052389522095580884","0.11446046308431629","0.029504099180163966","8.336634986240682","7603","3882"
"fig3b","17.604083391544496","0.21544346900318834","5000","2366","190","0.47330533893221355","0.03819236152769446","0.08069286016054077","0.014527094581083779","9.32166279661044","7604","3883"
"fig3b","17.604083391544496","0.23263050671536262","5000","2417","152","0.483503299340132","0.03059388122375525","0.06327543424317618","0.0064187162567486515","10.446585443295533","7605","3884"
"fig3b","17.604083391544496","0.25118864315095796","5000","2419","96","0.4839032193561288","0.019396120775844832","0.04008264462809918","-0.004799040191961607","11.735379971459082","7606","3885"
"fig3b","17.604083391544496","0.27122725793320285","5000","2489","60","0.4979004199160168","0.01219756048790242","0.024497991967871485","-0.012697460507898422","13.21688115375872","7607","3886"
"fig3b","17.604083391544496","0.29286445646252357","5000","2502","43","0.500499900019996","0.008798240351929614","0.017578905313623654","-0.01622675464907019","14.925925005198735","7608","3887"
"fig3b","17.604083391544496","0.31622776601683794","5000","2475","44","0.49510097980403917","0.008998200359928014","0.018174474959612278","-0.015756848630273948","16.90480178962656","7609","3888"
"fig3b","17.604083391544496","0.34145488738336005","5000","2503","10","0.5006998600279944","0.0021995600879824036","0.0043929712460063905","-0.022835432913417317","19.20511371679919","7610","3889"
"fig3b","17.604083391544496","0.3686945064519575","5000","2501","3","0.5002999400119976","0.0007998400319936012","0.0015987210231814548","-0.02421515696860628","21.890165149123078","7611","3890"
"fig3b","17.604083391544496","0.3981071705534973","5000","2516","1","0.5032993401319736","0.0003999200159968006","0.0007945967421533571","-0.024765046990601884","25.038057749809525","7612","3891"
"fig3b","17.604083391544496","0.42986623470822766","5000","2549","0","0.5098980203959208","0.0001999600079984003","0.000392156862745098","-0.02529494101179764","28.745723948882784","7613","3892"
"fig3b","17.604083391544496","0.464158883361278","5000","2501","0","0.5002999400119976","0.0001999600079984003","0.0003996802557953637","-0.024815036992601482","33.13421481132639","7614","3893"
"fig3b","17.604083391544496","0.5011872336272722","5000","2492","0","0.498500299940012","0.0001999600079984003","0.00040112314480545525","-0.024725054989002203","38.35566879121302","7615","3894"
"fig3b","17.604083391544496","0.5411695265464638","5000","2478","0","0.4957008598280344","0.0001999600079984003","0.0004033884630899556","-0.024585082983403322","44.60252996852341","7616","3895"
"fig3b","17.604083391544496","0.5843414133735175","5000","2461","0","0.4923015396920616","0.0001999600079984003","0.00040617384240454913","-0.02441511697660468","52.119752970538855","7617","3896"
"fig3b","17.604083391544496","0.6309573444801932","5000","2395","0","0.47910417916416714","0.0001999600079984003","0.00041736227045075126","-0.02375524895020996","61.22089201103097","7618","3897"
"fig3b","17.604083391544496","0.6812920690579611","5000","2381","0","0.47630473905218956","0.0001999600079984003","0.00041981528127623844","-0.02361527694461108","72.30900405808967","7619","3898"
"fig3b","17.604083391544496","0.7356422544596414","5000","2277","0","0.45550889822035595","0.0001999600079984003","0.0004389815627743634","-0.0225754849030194","85.90285236730682","7620","3899"
"fig3b","17.604083391544496","0.7943282347242814","5000","2138","0","0.4277144571085783","0.0001999600079984003","0.00046750818139317435","-0.02118576284743052","102.66701979097411","7621","3900"
"fig3b","17.604083391544496","0.8576958985908941","5000","2083","0","0.41671665666866625","0.0001999600079984003","0.0004798464491362764","-0.020635872825434914","123.43873372454897","7622","3901"
"fig3b","17.604083391544496","0.9261187281287933","5000","1904","0","0.3809238152369526","0.0001999600079984003","0.0005249343832020997","-0.01884623075384923","149.22889992354732","7623","3902"
"fig3b","17.604083391544496","1.0","5000","1802","0","0.36052789442111577","0.0001999600079984003","0.0005546311702717692","-0.01782643471305739","181.1932008043603","7624","3903"
"fig3b","19.10988504556387","0.01","5000","603","490","0.12077584483103379","0.09818036392721456","0.8129139072847683","0.09214157168566287","0.2566889027791319","7625","3904"
"fig3b","19.10988504556387","0.0107977516232771","5000","628","442","0.12577484503099381","0.08858228354329134","0.7042925278219395","0.08229354129174166","0.28075724804159563","7626","3905"
"fig3b","19.10988504556387","0.011659144011798317","5000","588","434","0.11777644471105779","0.08698260347930414","0.7385398981324278","0.08109378124375126","0.30685457440193886","7627","3906"
"fig3b","19.10988504556387","0.012589254117941675","5000","616","469","0.12337532493501299","0.09398120375924815","0.7617504051863858","0.0878124375124975","0.3351610547785242","7628","3907"
"fig3b","19.10988504556387","0.013593563908785255","5000","689","484","0.13797240551889622","0.09698060387922415","0.7028985507246376","0.09008198360327933","0.36587433576033845","7629","3908"
"fig3b","19.10988504556387","0.014677992676220698","5000","710","454","0.14217156568686262","0.09098180363927215","0.6399437412095641","0.08387322535492901","0.3992114623325733","7630","3909"
"fig3b","19.10988504556387","0.015848931924611134","5000","688","488","0.13777244551089782","0.09778044391121776","0.7097242380261248","0.09089182163567287","0.4354110485303977","7631","3910"
"fig3b","19.10988504556387","0.01711328304161781","5000","769","492","0.15396920615876825","0.09858028394321136","0.6402597402597403","0.09088182363527295","0.4747357301125703","7632","3911"
"fig3b","19.10988504556387","0.018478497974222907","5000","685","500","0.13717256548690263","0.10017996400719856","0.7303206997084548","0.09332133573285342","0.5174749412741164","7633","3912"
"fig3b","19.10988504556387","0.0199526231496888","5000","775","521","0.15516896620675866","0.10437912417516497","0.672680412371134","0.09662067586482703","0.5639480643928039","7634","3913"
"fig3b","19.10988504556387","0.021544346900318832","5000","804","514","0.16096780643871225","0.10297940411917617","0.639751552795031","0.09493101379724056","0.6145080100629343","7635","3914"
"fig3b","19.10988504556387","0.02326305067153626","5000","766","508","0.15336932613477305","0.10177964407118577","0.6636245110821382","0.09411117776444712","0.6695452944162525","7636","3915"
"fig3b","19.10988504556387","0.025118864315095794","5000","808","544","0.16176764647070585","0.10897820435912818","0.6736711990111249","0.1008898220355929","0.7294926923358389","7637","3916"
"fig3b","19.10988504556387","0.02712272579332028","5000","860","565","0.17216556688662268","0.11317736452709458","0.6573751451800232","0.10456908618276345","0.7948305589007134","7638","3917"
"fig3b","19.10988504556387","0.029286445646252372","5000","897","600","0.17956408718256348","0.1201759648070386","0.6692650334075725","0.11119776044791042","0.8660929278182437","7639","3918"
"fig3b","19.10988504556387","0.03162277660168379","5000","928","595","0.1857628474305139","0.1191761647670466","0.6415500538213132","0.1098880223955209","0.9438745151464616","7640","3919"
"fig3b","19.10988504556387","0.034145488738336005","5000","972","580","0.19456108778244352","0.11617676464707058","0.5971223021582733","0.1064487102579484","1.0288387800310375","7641","3920"
"fig3b","19.10988504556387","0.03686945064519575","5000","952","581","0.1905618876224755","0.11637672465506899","0.6107030430220357","0.10684863027394521","1.1217272222500014","7642","3921"
"fig3b","19.10988504556387","0.039810717055349734","5000","1082","595","0.21655668866226754","0.1191761647670466","0.5503231763619576","0.10834833033393322","1.223370130117928","7643","3922"
"fig3b","19.10988504556387","0.042986623470822764","5000","1063","580","0.21275744851029793","0.11617676464707058","0.5460526315789473","0.10553889222155569","1.3346990329999926","7644","3923"
"fig3b","19.10988504556387","0.046415888336127774","5000","1101","631","0.22035592881423716","0.126374725054989","0.573502722323049","0.11535692861427715","1.4567611618656429","7645","3924"
"fig3b","19.10988504556387","0.05011872336272722","5000","1149","642","0.22995400919816036","0.1285742851429714","0.5591304347826087","0.11707658468306338","1.5907362809680308","7646","3925"
"fig3b","19.10988504556387","0.054116952654646375","5000","1192","663","0.2385522895420916","0.13277344531093782","0.5565800502933781","0.12084583083383324","1.7379563262204272","7647","3926"
"fig3b","19.10988504556387","0.05843414133735175","5000","1260","674","0.2521495700859828","0.1349730053989202","0.535289452815226","0.12236552689462107","1.8999283743140154","7648","3927"
"fig3b","19.10988504556387","0.06309573444801933","5000","1262","697","0.2525494901019796","0.13957208558288342","0.552652414885194","0.12694461107778443","2.078361574828392","7649","3928"
"fig3b","19.10988504556387","0.06812920690579614","5000","1368","648","0.27374525094981006","0.1297740451909618","0.4740686632578524","0.1160867826434713","2.275198810518134","7650","3929"
"fig3b","19.10988504556387","0.07356422544596414","5000","1352","663","0.2705458908218356","0.13277344531093782","0.4907612712490762","0.11924615076984604","2.4926540147213245","7651","3930"
"fig3b","19.10988504556387","0.07943282347242814","5000","1483","636","0.29674065186962606","0.127374525094981","0.429245283018868","0.1125374925014997","2.7332562774448945","7652","3931"
"fig3b","19.10988504556387","0.08576958985908942","5000","1506","638","0.30133973205358927","0.1277744451109778","0.4240212342402123","0.11270745850829833","2.999902123263098","7653","3932"
"fig3b","19.10988504556387","0.09261187281287937","5000","1624","617","0.3249350129974005","0.1235752849430114","0.3803076923076923","0.10732853429314138","3.295917657877652","7654","3933"
"fig3b","19.10988504556387","0.1","5000","1627","562","0.3255348930213957","0.11257748450309939","0.34582309582309584","0.0963007398520296","3.625132673029327","7655","3934"
"fig3b","19.10988504556387","0.10797751623277094","5000","1717","535","0.34353129374125174","0.10717856428714258","0.31199068684516884","0.09000199960007998","3.9919692936030344","7656","3935"
"fig3b","19.10988504556387","0.11659144011798317","5000","1686","522","0.33733253349330133","0.10457908418316336","0.3100177830468287","0.08771245750849829","4.401548375251593","7657","3936"
"fig3b","19.10988504556387","0.12589254117941676","5000","1830","481","0.366126774645071","0.09638072385522896","0.2632441288913162","0.0780743851229754","4.8598176539424","7658","3937"
"fig3b","19.10988504556387","0.13593563908785256","5000","1871","421","0.3743251349730054","0.08438312337532493","0.2254273504273504","0.06566686662667466","5.373706661102716","7659","3938"
"fig3b","19.10988504556387","0.14677992676220697","5000","1941","358","0.3883223355328934","0.07178564287142572","0.18486096807415037","0.052369526094781044","5.951314717078333","7660","3939"
"fig3b","19.10988504556387","0.15848931924611134","5000","1990","362","0.39812037592481503","0.07258548290341932","0.18232044198895028","0.05267946410717857","6.60213999175653","7661","3940"
"fig3b","19.10988504556387","0.1711328304161781","5000","2069","283","0.41391721655668867","0.05678864227154569","0.13719806763285022","0.03609278144371125","7.337359796605853","7662","3941"
"fig3b","19.10988504556387","0.18478497974222907","5000","2107","242","0.4215156968606279","0.04859028194361128","0.1152751423149905","0.027514497100579884","8.170175112532775","7663","3942"
"fig3b","19.10988504556387","0.19952623149688797","5000","2161","188","0.4323135372925415","0.03779244151169766","0.08741905642923219","0.01617676464707058","9.116236089255011","7664","3943"
"fig3b","19.10988504556387","0.21544346900318834","5000","2233","135","0.44671065786842634","0.027194561087782444","0.06087735004476275","0.004859028194361126","10.194170185425378","7665","3944"
"fig3b","19.10988504556387","0.23263050671536262","5000","2255","84","0.4511097780443911","0.016996600679864027","0.037677304964539006","-0.005558888222355531","11.426241185227155","7666","3945"
"fig3b","19.10988504556387","0.25118864315095796","5000","2288","71","0.45770845830833834","0.014397120575884824","0.031454783748361734","-0.008488302339532095","12.839176126337776","7667","3946"
"fig3b","19.10988504556387","0.27122725793320285","5000","2373","53","0.47470505898820237","0.010797840431913617","0.02274641954507161","-0.012937412517496501","14.465209046198055","7668","3947"
"fig3b","19.10988504556387","0.29286445646252357","5000","2338","20","0.46770645870825833","0.004199160167966407","0.00897819581017529","-0.01918616276744651","16.343406581486022","7669","3948"
"fig3b","19.10988504556387","0.31622776601683794","5000","2457","11","0.49150169966006796","0.0023995200959808036","0.004882017900732303","-0.022175564887022596","18.52136251166729","7670","3949"
"fig3b","19.10988504556387","0.34145488738336005","5000","2424","8","0.4849030193961208","0.001799640071985603","0.003711340206185567","-0.022445510897820438","21.05737868938064","7671","3950"
"fig3b","19.10988504556387","0.3686945064519575","5000","2419","3","0.4839032193561288","0.0007998400319936012","0.001652892561983471","-0.023395320935812838","24.023291794994407","7672","3951"
"fig3b","19.10988504556387","0.3981071705534973","5000","2407","1","0.48150369926014797","0.0003999200159968006","0.0008305647840531562","-0.0236752649470106","27.508163682927574","7673","3952"
"fig3b","19.10988504556387","0.42986623470822766","5000","2408","0","0.48170365926814634","0.0001999600079984003","0.00041511000415110004","-0.02388522295540892","31.623134206396884","7674","3953"
"fig3b","19.10988504556387","0.464158883361278","5000","2398","0","0.4797040591881624","0.0001999600079984003","0.0004168403501458941","-0.02378524295140972","36.50784781572551","7675","3954"
"fig3b","19.10988504556387","0.5011872336272722","5000","2456","0","0.4913017396520696","0.0001999600079984003","0.000407000407000407","-0.02436512697460508","42.33901905772643","7676","3955"
"fig3b","19.10988504556387","0.5411695265464638","5000","2376","0","0.47530493901219756","0.0001999600079984003","0.0004206983592763988","-0.02356528694261148","49.341906322267505","7677","3956"
"fig3b","19.10988504556387","0.5843414133735175","5000","2333","0","0.4667066586682663","0.0001999600079984003","0.0004284490145672665","-0.02313537292541492","57.80571555399246","7678","3957"
"fig3b","19.10988504556387","0.6309573444801932","5000","2342","0","0.46850629874025196","0.0001999600079984003","0.0004268032437046521","-0.0232253549290142","68.10421182016893","7679","3958"
"fig3b","19.10988504556387","0.6812920690579611","5000","2215","0","0.44311137772445514","0.0001999600079984003","0.00045126353790613715","-0.02195560887822436","80.72289898376408","7680","3959"
"fig3b","19.10988504556387","0.7356422544596414","5000","2150","0","0.4301139772045591","0.0001999600079984003","0.00046490004649000463","-0.021305738852229555","96.29345877998418","7681","3960"
"fig3b","19.10988504556387","0.7943282347242814","5000","2100","0","0.4201159768046391","0.0001999600079984003","0.00047596382674916705","-0.020805838832233556","115.63295802275354","7682","3961"
"fig3b","19.10988504556387","0.8576958985908941","5000","2004","0","0.40091981603679266","0.0001999600079984003","0.0004987531172069825","-0.019846030793841236","139.77439406887464","7683","3962"
"fig3b","19.10988504556387","0.9261187281287933","5000","1910","0","0.382123575284943","0.0001999600079984003","0.0005232862375719519","-0.018906218756248754","169.94183997522708","7684","3963"
"fig3b","19.10988504556387","1.0","5000","1727","0","0.34553089382123575","0.0001999600079984003","0.0005787037037037037","-0.01707658468306339","207.38550071401534","7685","3964"
"fig3b","20.744488555994383","0.01","5000","691","375","0.138372325534893","0.07518496300739852","0.5433526011560694","0.06826634673065388","0.192664973094395","7686","3965"
"fig3b","20.744488555994383","0.0107977516232771","5000","682","362","0.1365726854629074","0.07258548290341932","0.5314787701317717","0.06575684863027395","0.21986160109085517","7687","3966"
"fig3b","20.744488555994383","0.011659144011798317","5000","646","370","0.129374125174965","0.07418516296740651","0.5734157650695518","0.06771645670865827","0.24934152001310395","7688","3967"
"fig3b","20.744488555994383","0.012589254117941675","5000","642","341","0.1285742851429714","0.0683863227354529","0.5318818040435459","0.06195760847830434","0.28130598647535976","7689","3968"
"fig3b","20.744488555994383","0.013593563908785255","5000","691","352","0.138372325534893","0.07058588282343531","0.5101156069364162","0.06366726654669067","0.31597554686084095","7690","3969"
"fig3b","20.744488555994383","0.014677992676220698","5000","689","363","0.13797240551889622","0.07278544291141771","0.527536231884058","0.0658868226354729","0.35359212972545606","7691","3970"
"fig3b","20.744488555994383","0.015848931924611134","5000","720","345","0.14417116576684663","0.0691861627674465","0.47988904299583907","0.06197760447910417","0.3944214014280192","7692","3971"
"fig3b","20.744488555994383","0.01711328304161781","5000","692","351","0.13857228554289142","0.07038592281543692","0.507936507936508","0.06345730853829235","0.43875542315078064","7693","3972"
"fig3b","20.744488555994383","0.018478497974222907","5000","723","367","0.14477104579084182","0.07358528294341132","0.5082872928176796","0.06634673065386923","0.4869156536862249","7694","3973"
"fig3b","20.744488555994383","0.0199526231496888","5000","750","388","0.15016996600679863","0.07778444311137772","0.5179760319573902","0.07027594481103779","0.5392563496803859","7695","3974"
"fig3b","20.744488555994383","0.021544346900318832","5000","710","354","0.14217156568686262","0.07098580283943211","0.4992967651195499","0.06387722455508897","0.5961684236671658","7696","3975"
"fig3b","20.744488555994383","0.02326305067153626","5000","751","394","0.15036992601479704","0.07898420315936813","0.5252659574468086","0.07146570685862828","0.6580838304403756","7697","3976"
"fig3b","20.744488555994383","0.025118864315095794","5000","725","349","0.14517096580683864","0.06998600279944012","0.48209366391184577","0.06272745450909818","0.7254805644288354","7698","3977"
"fig3b","20.744488555994383","0.02712272579332028","5000","791","354","0.15836832633473305","0.07098580283943211","0.4482323232323232","0.06306738652269546","0.7988883651196375","7699","3978"
"fig3b","20.744488555994383","0.029286445646252372","5000","805","362","0.16116776644671066","0.07258548290341932","0.4503722084367246","0.06452709458108379","0.878895244699379","7700","3979"
"fig3b","20.744488555994383","0.03162277660168379","5000","807","367","0.16156768646270747","0.07358528294341132","0.45544554455445546","0.06550689862027595","0.9661549725085194","7701","3980"
"fig3b","20.744488555994383","0.034145488738336005","5000","823","401","0.16476704659068186","0.08038392321535692","0.48786407766990286","0.07214557088582282","1.0613956753302318","7702","3981"
"fig3b","20.744488555994383","0.03686945064519575","5000","872","394","0.17456508698260348","0.07898420315936813","0.452462772050401","0.07025594881023796","1.1654297418019723","7703","3982"
"fig3b","20.744488555994383","0.039810717055349734","5000","868","398","0.17376524695060988","0.07978404319136173","0.45914844649021863","0.07109578084383124","1.2791652544318879","7704","3983"
"fig3b","20.744488555994383","0.042986623470822764","5000","901","388","0.1803639272145571","0.07778444311137772","0.43126385809312634","0.06876624675064986","1.4036192150732916","7705","3984"
"fig3b","20.744488555994383","0.046415888336127774","5000","885","389","0.17716456708658268","0.07798440311937613","0.4401805869074492","0.069126174765047","1.5399328809286885","7706","3985"
"fig3b","20.744488555994383","0.05011872336272722","5000","990","393","0.19816036792641473","0.07878424315136973","0.3975782038345106","0.06887622475504898","1.6893895901959297","7707","3986"
"fig3b","20.744488555994383","0.054116952654646375","5000","977","411","0.19556088782243553","0.08238352329534093","0.4212678936605317","0.07260547890421916","1.8534355318801659","7708","3987"
"fig3b","20.744488555994383","0.05843414133735175","5000","1050","404","0.21015796840631873","0.08098380323935213","0.38534728829686016","0.07047590481903619","2.033704006203351","7709","3988"
"fig3b","20.744488555994383","0.06309573444801933","5000","1082","363","0.21655668866226754","0.07278544291141771","0.33610341643582636","0.06195760847830433","2.2320438345009848","7710","3989"
"fig3b","20.744488555994383","0.06812920690579614","5000","1180","418","0.23615276944611077","0.08378324335132974","0.3547840812870449","0.0719756048790242","2.45055271545138","7711","3990"
"fig3b","20.744488555994383","0.07356422544596414","5000","1109","367","0.22195560887822435","0.07358528294341132","0.33153153153153153","0.06248750249950011","2.691616494469116","7712","3991"
"fig3b","20.744488555994383","0.07943282347242814","5000","1143","401","0.22875424915016995","0.08038392321535692","0.3513986013986014","0.06894621075784843","2.9579555231900088","7713","3992"
"fig3b","20.744488555994383","0.08576958985908942","5000","1253","392","0.250749850029994","0.07858428314337132","0.31339712918660284","0.06604679064187162","3.252679546784236","7714","3993"
"fig3b","20.744488555994383","0.09261187281287937","5000","1248","331","0.249750049990002","0.06638672265546891","0.2658126501200961","0.05389922015596881","3.5793528818344953","7715","3994"
"fig3b","20.744488555994383","0.1","5000","1313","312","0.262747450509898","0.0625874825034993","0.2382039573820396","0.0494501099780044","3.942072054285944","7716","3995"
"fig3b","20.744488555994383","0.10797751623277094","5000","1363","288","0.27274545090981805","0.057788442311537694","0.21187683284457476","0.04415116976604679","4.345558578368809","7717","3996"
"fig3b","20.744488555994383","0.11659144011798317","5000","1433","324","0.28674265146970607","0.0649870025994801","0.22663877266387727","0.0506498700259948","4.795270203278449","7718","3997"
"fig3b","20.744488555994383","0.12589254117941676","5000","1508","270","0.3017396520695861","0.05418916216756649","0.17958913187541417","0.03910217956408718","5.297534774170487","7719","3998"
"fig3b","20.744488555994383","0.13593563908785256","5000","1554","248","0.3109378124375125","0.04979004199160168","0.16012861736334405","0.034243151369726055","5.859711899765898","7720","3999"
"fig3b","20.744488555994383","0.14677992676220697","5000","1553","176","0.31073785242951407","0.03539292141571686","0.11389961389961391","0.019856028794241153","6.490388959915492","7721","4000"
"fig3b","20.744488555994383","0.15848931924611134","5000","1638","139","0.3277344531093781","0.027994401119776045","0.08541793776693106","0.011607678464307141","7.1996197157409085","7722","4001"
"fig3b","20.744488555994383","0.1711328304161781","5000","1680","147","0.33613277344531095","0.02959408118376325","0.08804283164782868","0.012787442511497701","7.999216027641722","7723","4002"
"fig3b","20.744488555994383","0.18478497974222907","5000","1732","120","0.34653069386122776","0.02419516096780644","0.06982111944604733","0.006868626274745052","8.903106112243648","7724","4003"
"fig3b","20.744488555994383","0.19952623149688797","5000","1726","69","0.3453309338132374","0.013997200559888023","0.04053271569195136","-0.003269346130773846","9.927776609915128","7725","4004"
"fig3b","20.744488555994383","0.21544346900318834","5000","1773","48","0.3547290541891622","0.009798040391921616","0.02762119503945885","-0.007938412317536494","11.092820807855276","7726","4005"
"fig3b","20.744488555994383","0.23263050671536262","5000","1801","40","0.3603279344131174","0.008198360327934412","0.022752497225305212","-0.009818036392721457","12.421622109393127","7727","4006"
"fig3b","20.744488555994383","0.25118864315095796","5000","1807","21","0.3615276944611078","0.004399120175964807","0.012168141592920356","-0.013677264547090583","13.942210868918124","7728","4007"
"fig3b","20.744488555994383","0.27122725793320285","5000","1896","20","0.3793241351729654","0.004199160167966407","0.01107011070110701","-0.014767046590681865","15.688344877319878","7729","4008"
"fig3b","20.744488555994383","0.29286445646252357","5000","1927","5","0.38552289542091583","0.0011997600479904018","0.0031120331950207467","-0.01807638472305539","17.70088028319097","7730","4009"
"fig3b","20.744488555994383","0.31622776601683794","5000","1943","3","0.3887222555488902","0.0007998400319936012","0.0020576131687242796","-0.01863627274545091","20.029522257417966","7731","4010"
"fig3b","20.744488555994383","0.34145488738336005","5000","1942","1","0.38852229554089185","0.0003999200159968006","0.0010293360782295418","-0.019026194761047794","22.7350756296334","7732","4011"
"fig3b","20.744488555994383","0.3686945064519575","5000","1969","1","0.39392121575684863","0.0003999200159968006","0.0010152284263959391","-0.019296140771845632","25.892358379494624","7733","4012"
"fig3b","20.744488555994383","0.3981071705534973","5000","1990","0","0.39812037592481503","0.0001999600079984003","0.000502260170768458","-0.019706058788242352","29.59399988205689","7734","4013"
"fig3b","20.744488555994383","0.42986623470822766","5000","1904","0","0.3809238152369526","0.0001999600079984003","0.0005249343832020997","-0.01884623075384923","33.95542744617819","7735","4014"
"fig3b","20.744488555994383","0.464158883361278","5000","1961","0","0.39232153569286143","0.0001999600079984003","0.000509683995922528","-0.019416116776644673","39.121456964567756","7736","4015"
"fig3b","20.744488555994383","0.5011872336272722","5000","1994","0","0.39892021595680865","0.0001999600079984003","0.0005012531328320802","-0.019746050789842033","45.27505539941697","7737","4016"
"fig3b","20.744488555994383","0.5411695265464638","5000","1989","0","0.39792041591681665","0.0001999600079984003","0.0005025125628140703","-0.019696060787842435","52.64904065948309","7738","4017"
"fig3b","20.744488555994383","0.5843414133735175","5000","1971","0","0.39432113577284544","0.0001999600079984003","0.0005070993914807302","-0.019516096780643873","61.5417198286529","7739","4018"
"fig3b","20.744488555994383","0.6309573444801932","5000","1969","0","0.39392121575684863","0.0001999600079984003","0.0005076142131979696","-0.019496100779844032","72.33768123989242","7740","4019"
"fig3b","20.744488555994383","0.6812920690579611","5000","1881","0","0.3763247350529894","0.0001999600079984003","0.0005313496280552603","-0.01861627674465107","85.53493952557903","7741","4020"
"fig3b","20.744488555994383","0.7356422544596414","5000","1913","0","0.3827234553089382","0.0001999600079984003","0.0005224660397074191","-0.01893621275744851","101.77873481575239","7742","4021"
"fig3b","20.744488555994383","0.7943282347242814","5000","1789","0","0.35792841431713657","0.0001999600079984003","0.0005586592178770949","-0.01769646070785843","121.89859322368972","7743","4022"
"fig3b","20.744488555994383","0.8576958985908941","5000","1766","0","0.35332933413317336","0.0001999600079984003","0.0005659309564233164","-0.017466506698660268","146.93331429431743","7744","4023"
"fig3b","20.744488555994383","0.9261187281287933","5000","1685","0","0.33713257348530296","0.0001999600079984003","0.0005931198102016607","-0.01665666866626675","178.0944503761287","7745","4024"
"fig3b","20.744488555994383","1.0","5000","1596","0","0.3193361327734453","0.0001999600079984003","0.0006261740763932373","-0.015766846630673865","216.61107159052284","7746","4025"
"fig3b","22.518911255809947","0.01","5000","695","319","0.13917216556688664","0.0639872025594881","0.4597701149425287","0.05702859428114377","0.18239863221864994","7747","4026"
"fig3b","22.518911255809947","0.0107977516232771","5000","714","373","0.14297140571885622","0.07478504299140172","0.5230769230769231","0.06763647270545892","0.21065167787298833","7748","4027"
"fig3b","22.518911255809947","0.011659144011798317","5000","681","319","0.13637272545490903","0.0639872025594881","0.469208211143695","0.05716856628674265","0.24126383198299095","7749","4028"
"fig3b","22.518911255809947","0.012589254117941675","5000","695","324","0.13917216556688664","0.0649870025994801","0.46695402298850575","0.058028394321135775","0.27444095694824","7750","4029"
"fig3b","22.518911255809947","0.013593563908785255","5000","676","322","0.13537292541491702","0.06458708258348331","0.4771048744460857","0.057818436312737455","0.3104083227141814","7751","4030"
"fig3b","22.518911255809947","0.014677992676220698","5000","691","343","0.138372325534893","0.0687862427514497","0.4971098265895954","0.061867626474705055","0.34941266442001506","7752","4031"
"fig3b","22.518911255809947","0.015848931924611134","5000","709","325","0.14197160567886422","0.0651869626074785","0.4591549295774648","0.05808838232353529","0.3917244924522265","7753","4032"
"fig3b","22.518911255809947","0.01711328304161781","5000","654","371","0.13097380523895222","0.07438512297540492","0.5679389312977099","0.06783643271345731","0.43764069067006517","7754","4033"
"fig3b","22.518911255809947","0.018478497974222907","5000","700","319","0.1401719656068786","0.0639872025594881","0.456490727532097","0.05697860427914417","0.48748744427948054","7755","4034"
"fig3b","22.518911255809947","0.0199526231496888","5000","705","315","0.14117176564687062","0.0631873625274945","0.4475920679886686","0.056128774245150975","0.5416235455526817","7756","4035"
"fig3b","22.518911255809947","0.021544346900318832","5000","764","360","0.15296940611877624","0.07218556288742252","0.47189542483660135","0.06453709258148371","0.6004441334906687","7757","4036"
"fig3b","22.518911255809947","0.02326305067153626","5000","728","343","0.14577084583083383","0.0687862427514497","0.4718792866941015","0.06149770045990802","0.6643849328524993","7758","4037"
"fig3b","22.518911255809947","0.025118864315095794","5000","735","340","0.14717056588682265","0.06818636272745451","0.4633152173913043","0.06082783443311338","0.733927068999634","7759","4038"
"fig3b","22.518911255809947","0.02712272579332028","5000","681","315","0.13637272545490903","0.0631873625274945","0.4633431085043988","0.05636872625474905","0.8096025480571996","7760","4039"
"fig3b","22.518911255809947","0.029286445646252372","5000","718","339","0.14377124575084982","0.06798640271945611","0.4728789986091794","0.060797840431913615","0.8920005073944139","7761","4040"
"fig3b","22.518911255809947","0.03162277660168379","5000","746","324","0.14937012597480503","0.0649870025994801","0.4350736278447122","0.05751849630073985","0.9817743598523805","7762","4041"
"fig3b","22.518911255809947","0.034145488738336005","5000","764","318","0.15296940611877624","0.0637872425514897","0.41699346405228754","0.05613877224555088","1.0796499771183221","7763","4042"
"fig3b","22.518911255809947","0.03686945064519575","5000","780","339","0.15616876624675066","0.06798640271945611","0.43533930857874514","0.060177964407118575","1.186435083894537","7764","4043"
"fig3b","22.518911255809947","0.039810717055349734","5000","794","326","0.15896820635872824","0.0653869226154769","0.41132075471698115","0.05743851229754049","1.3030300659468708","7765","4044"
"fig3b","22.518911255809947","0.042986623470822764","5000","799","338","0.15996800639872025","0.06778644271145771","0.42375000000000007","0.059788042391521704","1.4304404328605642","7766","4045"
"fig3b","22.518911255809947","0.046415888336127774","5000","853","324","0.17076584683063387","0.0649870025994801","0.3805620608899298","0.05644871025794841","1.5697912217612782","7767","4046"
"fig3b","22.518911255809947","0.05011872336272722","5000","830","323","0.16616676664667065","0.0647870425914817","0.3898916967509025","0.056478704259148166","1.7223436831034178","7768","4047"
"fig3b","22.518911255809947","0.054116952654646375","5000","901","328","0.1803639272145571","0.0657868426314737","0.36474501108647445","0.05676864627074585","1.889514655993338","7769","4048"
"fig3b","22.518911255809947","0.05843414133735175","5000","889","322","0.17796440711857628","0.06458708258348331","0.36292134831460676","0.055688862227554495","2.0728991210953893","7770","4049"
"fig3b","22.518911255809947","0.06309573444801933","5000","912","314","0.1825634873025395","0.0629874025194961","0.34501642935377874","0.053859228154369124","2.2742965172828917","7771","4050"
"fig3b","22.518911255809947","0.06812920690579614","5000","927","301","0.1855628874225155","0.060387922415516895","0.3254310344827586","0.05110977804439112","2.49574152804567","7772","4051"
"fig3b","22.518911255809947","0.07356422544596414","5000","1010","297","0.20215956808638272","0.0595880823835233","0.294757665677547","0.04948010397920416","2.7395401905668564","7773","4052"
"fig3b","22.518911255809947","0.07943282347242814","5000","999","270","0.19996000799840033","0.05418916216756649","0.27099999999999996","0.04419116176764647","3.008312361053896","7774","4053"
"fig3b","22.518911255809947","0.08576958985908942","5000","989","236","0.19796040791841632","0.047390521895620874","0.23939393939393938","0.03749250149970006","3.3050417929176774","7775","4054"
"fig3b","22.518911255809947","0.09261187281287937","5000","1065","273","0.21315736852629474","0.054789042191561686","0.2570356472795497","0.044131173765246945","3.6331353607411074","7776","4055"
"fig3b","22.518911255809947","0.1","5000","1100","238","0.22015596880623875","0.04779044191161767","0.2170753860127157","0.036782643471305734","3.996493306698028","7777","4056"
"fig3b","22.518911255809947","0.10797751623277094","5000","1218","234","0.24375124975005","0.046990601879624075","0.19278096800656275","0.03480303939212157","4.399592815450632","7778","4057"
"fig3b","22.518911255809947","0.11659144011798317","5000","1115","202","0.22315536892621476","0.04059188162367527","0.18189964157706093","0.02943411317736453","4.847587762105036","7779","4058"
"fig3b","22.518911255809947","0.12589254117941676","5000","1203","185","0.24075184963007398","0.03719256148770246","0.15448504983388706","0.025154969006198763","5.34642815640089","7780","4059"
"fig3b","22.518911255809947","0.13593563908785256","5000","1240","196","0.2481503699260148","0.03939212157568486","0.1587429492344883","0.02698460307938412","5.903003665211031","7781","4060"
"fig3b","22.518911255809947","0.14677992676220697","5000","1290","147","0.2581483703259348","0.02959408118376325","0.11463981409759877","0.01668666266746651","6.5253166878405295","7782","4061"
"fig3b","22.518911255809947","0.15848931924611134","5000","1288","104","0.25774845030993804","0.020995800839832032","0.08145849495733125","0.00810837832433513","7.222691854796835","7783","4062"
"fig3b","22.518911255809947","0.1711328304161781","5000","1307","98","0.2615476904619076","0.01979604079184163","0.07568807339449542","0.006718656268746249","8.006030614291774","7784","4063"
"fig3b","22.518911255809947","0.18478497974222907","5000","1408","92","0.28174365126974604","0.01859628074385123","0.0660042583392477","0.004509098180363928","8.88812188690028","7785","4064"
"fig3b","22.518911255809947","0.19952623149688797","5000","1444","52","0.28894221155768846","0.010597880423915218","0.03667820069204152","-0.003849230153969206","9.884022775820029","7786","4065"
"fig3b","22.518911255809947","0.21544346900318834","5000","1443","45","0.2887422515496901","0.009198160367926415","0.03185595567867036","-0.0052389522095580895","11.011527245428141","7787","4066"
"fig3b","22.518911255809947","0.23263050671536262","5000","1440","25","0.2881423715256949","0.005198960207958408","0.01804302567661346","-0.009208158368326337","12.291745832758465","7788","4067"
"fig3b","22.518911255809947","0.25118864315095796","5000","1611","21","0.3223355328934213","0.004399120175964807","0.013647642679900745","-0.011717656468706258","13.749826255367111","7789","4068"
"fig3b","22.518911255809947","0.27122725793320285","5000","1526","10","0.3053389322135573","0.0021995600879824036","0.007203667321545515","-0.013067386522695462","15.415853798677972","7790","4069"
"fig3b","22.518911255809947","0.29286445646252357","5000","1605","2","0.32113577284543093","0.0005998800239952009","0.0018679950186799498","-0.015456908618276347","17.325982391276284","7791","4070"
"fig3b","22.518911255809947","0.31622776601683794","5000","1610","4","0.32213557288542294","0.0009998000399920016","0.0031036623215394163","-0.015106978604279148","19.523863379668967","7792","4071"
"fig3b","22.518911255809947","0.34145488738336005","5000","1571","2","0.3143371325734853","0.0005998800239952009","0.0019083969465648854","-0.015116976604679063","22.06246065088527","7793","4072"
"fig3b","22.518911255809947","0.3686945064519575","5000","1674","0","0.3349330133973205","0.0001999600079984003","0.0005970149253731343","-0.016546690661867626","25.006369875534688","7794","4073"
"fig3b","22.518911255809947","0.3981071705534973","5000","1666","0","0.3333333333333333","0.0001999600079984003","0.000599880023995201","-0.016466706658668267","28.43479881135869","7795","4074"
"fig3b","22.518911255809947","0.42986623470822766","5000","1712","0","0.34253149370125974","0.0001999600079984003","0.0005837711617046118","-0.016926614677064588","32.44541799729177","7796","4075"
"fig3b","22.518911255809947","0.464158883361278","5000","1634","0","0.32693461307738453","0.0001999600079984003","0.0006116207951070336","-0.016146770645870827","37.15936031478742","7797","4076"
"fig3b","22.518911255809947","0.5011872336272722","5000","1703","0","0.34073185362927416","0.0001999600079984003","0.0005868544600938966","-0.01683663267346531","42.72773660498706","7798","4077"
"fig3b","22.518911255809947","0.5411695265464638","5000","1695","0","0.33913217356528697","0.0001999600079984003","0.0005896226415094339","-0.01675664867026595","49.34014168200713","7799","4078"
"fig3b","22.518911255809947","0.5843414133735175","5000","1647","0","0.32953409318136373","0.0001999600079984003","0.0006067961165048543","-0.016276744651069788","57.235737008106526","7800","4079"
"fig3b","22.518911255809947","0.6309573444801932","5000","1620","0","0.3241351729654069","0.0001999600079984003","0.0006169031462060457","-0.016006798640271946","66.71756456537707","7801","4080"
"fig3b","22.518911255809947","0.6812920690579611","5000","1600","0","0.32013597280543893","0.0001999600079984003","0.0006246096189881324","-0.015806838632273546","78.17063126852952","7802","4081"
"fig3b","22.518911255809947","0.7356422544596414","5000","1555","0","0.3111377724455109","0.0001999600079984003","0.0006426735218508997","-0.015356928614277145","92.08362994369912","7803","4082"
"fig3b","22.518911255809947","0.7943282347242814","5000","1522","0","0.30453909218156366","0.0001999600079984003","0.0006565988181221274","-0.015026994601079785","109.07196333182873","7804","4083"
"fig3b","22.518911255809947","0.8576958985908941","5000","1478","0","0.29574085182963405","0.0001999600079984003","0.000676132521974307","-0.014587082583483305","129.89361924948264","7805","4084"
"fig3b","22.518911255809947","0.9261187281287933","5000","1514","0","0.30293941211757647","0.0001999600079984003","0.0006600660066006601","-0.014947010597880424","155.4344990663455","7806","4085"
"fig3b","22.518911255809947","1.0","5000","1424","0","0.28494301139772044","0.0001999600079984003","0.0007017543859649123","-0.014047190561887623","186.65664172191129","7807","4086"
"fig3b","24.44511286832907","0.01","5000","586","355","0.11737652469506099","0.07118576284743051","0.606473594548552","0.06531693661267747","0.18125473919246815","7808","4087"
"fig3b","24.44511286832907","0.0107977516232771","5000","640","368","0.1281743651269746","0.07378524295140972","0.5756630265210608","0.06737652469506099","0.20473246752413843","7809","4088"
"fig3b","24.44511286832907","0.011659144011798317","5000","643","377","0.1287742451509698","0.07558488302339532","0.5869565217391305","0.06914617076584682","0.23018375068289743","7810","4089"
"fig3b","24.44511286832907","0.012589254117941675","5000","666","383","0.133373325334933","0.07678464307138572","0.5757121439280359","0.07011597680463906","0.25778292847130047","7811","4090"
"fig3b","24.44511286832907","0.013593563908785255","5000","656","370","0.131373725254949","0.07418516296740651","0.5646879756468798","0.06761647670465906","0.2877211062341587","7812","4091"
"fig3b","24.44511286832907","0.014677992676220698","5000","666","362","0.133373325334933","0.07258548290341932","0.5442278860569716","0.06591681663667266","0.32020798053844146","7813","4092"
"fig3b","24.44511286832907","0.015848931924611134","5000","646","385","0.129374125174965","0.07718456308738253","0.5965996908809893","0.07071585682863428","0.35547389521642003","7814","4093"
"fig3b","24.44511286832907","0.01711328304161781","5000","660","381","0.1321735652869426","0.07638472305538892","0.5779122541603631","0.06977604479104178","0.39377216118583647","7815","4094"
"fig3b","24.44511286832907","0.018478497974222907","5000","702","383","0.14057188562287543","0.07678464307138572","0.546230440967283","0.06975604879024194","0.4353816788959648","7816","4095"
"fig3b","24.44511286832907","0.0199526231496888","5000","696","389","0.13937212557488501","0.07798440311937613","0.5595408895265424","0.07101579684063188","0.4806099086331699","7817","4096"
"fig3b","24.44511286832907","0.021544346900318832","5000","723","450","0.14477104579084182","0.09018196360727855","0.6229281767955802","0.08294341131773646","0.5297962414494464","7818","4097"
"fig3b","24.44511286832907","0.02326305067153626","5000","737","393","0.14757048590281943","0.07878424315136973","0.5338753387533876","0.07140571885622876","0.5833158323917473","7819","4098"
"fig3b","24.44511286832907","0.025118864315095794","5000","787","402","0.15756848630273945","0.08058388322335533","0.5114213197969543","0.07270545890821836","0.6415839682436228","7820","4099"
"fig3b","24.44511286832907","0.02712272579332028","5000","740","426","0.14817036592681462","0.08538292341531693","0.5762483130904184","0.0779744051189762","0.7050610545048812","7821","4100"
"fig3b","24.44511286832907","0.029286445646252372","5000","797","419","0.15956808638272346","0.08398320335932813","0.5263157894736842","0.07600479904019196","0.7742583211953047","7822","4101"
"fig3b","24.44511286832907","0.03162277660168379","5000","835","426","0.16716656668666266","0.08538292341531693","0.5107655502392344","0.0770245950809838","0.8497443647983687","7823","4102"
"fig3b","24.44511286832907","0.034145488738336005","5000","819","461","0.16396720655868827","0.09238152369526095","0.5634146341463415","0.08418316336732654","0.9321526647950691","7824","4103"
"fig3b","24.44511286832907","0.03686945064519575","5000","931","390","0.1863627274545091","0.07818436312737452","0.41952789699570814","0.06886622675464907","1.0221902385677595","7825","4104"
"fig3b","24.44511286832907","0.039810717055349734","5000","892","406","0.1785642871425715","0.08138372325534893","0.45576707726763716","0.07245550889822035","1.120647628819711","7826","4105"
"fig3b","24.44511286832907","0.042986623470822764","5000","902","421","0.18056388722255548","0.08438312337532493","0.4673311184939092","0.07535492901419716","1.2284104541857346","7827","4106"
"fig3b","24.44511286832907","0.046415888336127774","5000","961","429","0.1923615276944611","0.08598280343931214","0.446985446985447","0.07636472705458908","1.346472797759759","7828","4107"
"fig3b","24.44511286832907","0.05011872336272722","5000","965","440","0.1931613677264547","0.08818236352729454","0.4565217391304348","0.07852429514097181","1.4759527615424872","7829","4108"
"fig3b","24.44511286832907","0.054116952654646375","5000","1020","453","0.20415916816636673","0.09078184363127374","0.4446620959843291","0.0805738852229554","1.6181105793983193","7830","4109"
"fig3b","24.44511286832907","0.05843414133735175","5000","1032","457","0.20655868826234752","0.09158168366326734","0.44336882865440463","0.08125374925014997","1.7743697597124992","7831","4110"
"fig3b","24.44511286832907","0.06309573444801933","5000","1118","459","0.22375524895020996","0.09198160367926415","0.4110813226094728","0.08079384123175365","1.9463418247976563","7832","4111"
"fig3b","24.44511286832907","0.06812920690579614","5000","1158","437","0.23175364927014597","0.08758248350329934","0.37791199309749784","0.07599480103979203","2.1358553315087363","7833","4112"
"fig3b","24.44511286832907","0.07356422544596414","5000","1180","438","0.23615276944611077","0.08778244351129774","0.37171888230313294","0.0759748050389922","2.3449900017001823","7834","4113"
"fig3b","24.44511286832907","0.07943282347242814","5000","1168","421","0.23375324935012998","0.08438312337532493","0.36099230111206154","0.07269546090781842","2.5761169689489236","7835","4114"
"fig3b","24.44511286832907","0.08576958985908942","5000","1225","393","0.2451509698060388","0.07878424315136973","0.32137030995106036","0.06652669466106778","2.8319463679524404","7836","4115"
"fig3b","24.44511286832907","0.09261187281287937","5000","1313","375","0.262747450509898","0.07518496300739852","0.28614916286149167","0.06204759048190362","3.1155837663268358","7837","4116"
"fig3b","24.44511286832907","0.1","5000","1312","351","0.2625474905018996","0.07038592281543692","0.26808834729626807","0.05725854829034194","3.430597279467122","7838","4117"
"fig3b","24.44511286832907","0.10797751623277094","5000","1340","356","0.26814637072585484","0.07138572285542892","0.2662192393736018","0.05797840431913618","3.7810976362676456","7839","4118"
"fig3b","24.44511286832907","0.11659144011798317","5000","1362","361","0.2725454909018196","0.07238552289542091","0.26559060895084374","0.05875824835032993","4.171834001006573","7840","4119"
"fig3b","24.44511286832907","0.12589254117941676","5000","1502","337","0.3005398920215957","0.06758648270345931","0.22488356620093145","0.05255948810237952","4.608309036277035","7841","4120"
"fig3b","24.44511286832907","0.13593563908785256","5000","1484","295","0.2969406118776245","0.0591881623675265","0.19932659932659932","0.04434113177364527","5.096917555183353","7842","4121"
"fig3b","24.44511286832907","0.14677992676220697","5000","1543","267","0.3087382523495301","0.05358928214357129","0.17357512953367876","0.038152369526094784","5.645114213454349","7843","4122"
"fig3b","24.44511286832907","0.15848931924611134","5000","1595","229","0.3191361727654469","0.04599080183963208","0.14411027568922305","0.03003399320135973","6.261617107203563","7844","4123"
"fig3b","24.44511286832907","0.1711328304161781","5000","1631","193","0.32633473305338934","0.038792241551689664","0.11887254901960785","0.022475504899020195","6.956655968495284","7845","4124"
"fig3b","24.44511286832907","0.18478497974222907","5000","1706","144","0.34133173365326935","0.028994201159768047","0.0849443468072642","0.011927614477104578","7.742276021578277","7846","4125"
"fig3b","24.44511286832907","0.19952623149688797","5000","1722","115","0.34453109378124375","0.023195360927814438","0.0673244341265235","0.005968806238752251","8.632711657951461","7847","4126"
"fig3b","24.44511286832907","0.21544346900318834","5000","1795","93","0.35912817436512695","0.01879624075184963","0.052338530066815145","0.0008398320335932831","9.644848154236001","7848","4127"
"fig3b","24.44511286832907","0.23263050671536262","5000","1735","69","0.34713057388522295","0.013997200559888023","0.04032258064516129","-0.0033593281343731254","10.79879503060647","7849","4128"
"fig3b","24.44511286832907","0.25118864315095796","5000","1861","40","0.3723255348930214","0.008198360327934412","0.022019334049409235","-0.010417916416716659","12.118601794854413","7850","4129"
"fig3b","24.44511286832907","0.27122725793320285","5000","1866","28","0.3733253349330134","0.0057988402319536095","0.015532940546331014","-0.01286742651469706","13.633156383707075","7851","4130"
"fig3b","24.44511286832907","0.29286445646252357","5000","1881","15","0.3763247350529894","0.003199360127974405","0.008501594048884165","-0.015616876624675065","15.377319498022473","7852","4131"
"fig3b","24.44511286832907","0.31622776601683794","5000","1943","11","0.3887222555488902","0.0023995200959808036","0.006172839506172839","-0.017036592681463708","17.39336548796112","7853","4132"
"fig3b","24.44511286832907","0.34145488738336005","5000","1899","2","0.3799240151969606","0.0005998800239952009","0.0015789473684210524","-0.01839632073585283","19.73282423354368","7854","4133"
"fig3b","24.44511286832907","0.3686945064519575","5000","1953","1","0.39072185562887424","0.0003999200159968006","0.0010235414534288639","-0.019136172765446914","22.458851031018895","7855","4134"
"fig3b","24.44511286832907","0.3981071705534973","5000","1953","0","0.39072185562887424","0.0001999600079984003","0.0005117707267144319","-0.019336132773445314","25.649296211632702","7856","4135"
"fig3b","24.44511286832907","0.42986623470822766","5000","1894","1","0.3789242151569686","0.0003999200159968006","0.0010554089709762533","-0.018546290741851632","29.400707647787215","7857","4136"
"fig3b","24.44511286832907","0.464158883361278","5000","1925","0","0.385122975404919","0.0001999600079984003","0.0005192107995846313","-0.01905618876224755","33.833583335618926","7858","4137"
"fig3b","24.44511286832907","0.5011872336272722","5000","1896","0","0.3793241351729654","0.0001999600079984003","0.0005271481286241433","-0.018766246750649872","39.09930476699225","7859","4138"
"fig3b","24.44511286832907","0.5411695265464638","5000","1879","0","0.3759248150369926","0.0001999600079984003","0.0005319148936170213","-0.01859628074385123","45.38933080407452","7860","4139"
"fig3b","24.44511286832907","0.5843414133735175","5000","1856","0","0.3713257348530294","0.0001999600079984003","0.0005385029617662897","-0.01836632673465307","52.947415043315345","7861","4140"
"fig3b","24.44511286832907","0.6309573444801932","5000","1763","0","0.35272945410917816","0.0001999600079984003","0.0005668934240362812","-0.01743651269746051","62.08580045240049","7862","4141"
"fig3b","24.44511286832907","0.6812920690579611","5000","1747","0","0.34953009398120377","0.0001999600079984003","0.0005720823798627002","-0.01727654469106179","73.20643992868347","7863","4142"
"fig3b","24.44511286832907","0.7356422544596414","5000","1679","0","0.3359328134373125","0.0001999600079984003","0.0005952380952380953","-0.016596680663867228","86.82796952205024","7864","4143"
"fig3b","24.44511286832907","0.7943282347242814","5000","1598","0","0.3197360527894421","0.0001999600079984003","0.0006253908692933083","-0.015786842631473706","103.61749864867889","7865","4144"
"fig3b","24.44511286832907","0.8576958985908941","5000","1548","0","0.3097380523895221","0.0001999600079984003","0.0006455777921239509","-0.015286942611477707","124.42072226358925","7866","4145"
"fig3b","24.44511286832907","0.9261187281287933","5000","1487","0","0.2975404919016197","0.0001999600079984003","0.0006720430107526881","-0.014677064587082586","150.2679848520849","7867","4146"
"fig3b","24.44511286832907","1.0","5000","1315","0","0.2631473705258948","0.0001999600079984003","0.0007598784194528875","-0.012957408518296342","182.3283858755853","7868","4147"
"fig3b","26.536076116520697","0.01","5000","542","338","0.10857828434313137","0.06778644271145771","0.6243093922651934","0.062357528494301144","0.2497781898545668","7869","4148"
"fig3b","26.536076116520697","0.0107977516232771","5000","526","324","0.10537892421515697","0.0649870025994801","0.6166982922201139","0.059718056388722254","0.2753851240406675","7870","4149"
"fig3b","26.536076116520697","0.011659144011798317","5000","557","331","0.11157768446310738","0.06638672265546891","0.5949820788530467","0.06080783843231354","0.3031377596956304","7871","4150"
"fig3b","26.536076116520697","0.012589254117941675","5000","546","345","0.10937812437512498","0.0691861627674465","0.6325411334552101","0.06371725654869026","0.33322454978906535","7872","4151"
"fig3b","26.536076116520697","0.013593563908785255","5000","551","325","0.11037792441511697","0.0651869626074785","0.5905797101449275","0.05966806638672265","0.365851901869263","7873","4152"
"fig3b","26.536076116520697","0.014677992676220698","5000","544","342","0.10897820435912818","0.06858628274345131","0.6293577981651376","0.06313737252549491","0.4012461090978263","7874","4153"
"fig3b","26.536076116520697","0.015848931924611134","5000","559","361","0.11197760447910418","0.07238552289542091","0.6464285714285714","0.0667866426714657","0.4396555217939522","7875","4154"
"fig3b","26.536076116520697","0.01711328304161781","5000","595","350","0.1191761647670466","0.07018596280743851","0.5889261744966443","0.06422715456908618","0.4813529940044532","7876","4155"
"fig3b","26.536076116520697","0.018478497974222907","5000","635","361","0.1271745650869826","0.07238552289542091","0.5691823899371069","0.06602679464107178","0.5266386451872336","7877","4156"
"fig3b","26.536076116520697","0.0199526231496888","5000","600","358","0.1201759648070386","0.07178564287142572","0.5973377703826955","0.06577684463107379","0.5758429836212144","7878","4157"
"fig3b","26.536076116520697","0.021544346900318832","5000","642","358","0.1285742851429714","0.07178564287142572","0.5583203732503889","0.06535692861427715","0.6293304458832267","7879","4158"
"fig3b","26.536076116520697","0.02326305067153626","5000","618","361","0.12377524495100979","0.07238552289542091","0.5848142164781907","0.06619676064787042","0.6875034158255744","7880","4159"
"fig3b","26.536076116520697","0.025118864315095794","5000","646","371","0.129374125174965","0.07438512297540492","0.5749613601236477","0.06791641671665667","0.7508067972635786","7881","4160"
"fig3b","26.536076116520697","0.02712272579332028","5000","717","352","0.14357128574285144","0.07058588282343531","0.4916434540389972","0.06340731853629274","0.8197332273499569","7882","4161"
"fig3b","26.536076116520697","0.029286445646252372","5000","634","386","0.1269746050789842","0.07738452309538092","0.6094488188976378","0.07103579284143172","0.8948290327782615","7883","4162"
"fig3b","26.536076116520697","0.03162277660168379","5000","666","430","0.133373325334933","0.08618276344731053","0.6461769115442278","0.07951409718056388","0.9767010490121493","7884","4163"
"fig3b","26.536076116520697","0.034145488738336005","5000","721","401","0.14437112577484504","0.08038392321535692","0.5567867036011079","0.07316536692661467","1.0660244442731255","7885","4164"
"fig3b","26.536076116520697","0.03686945064519575","5000","752","393","0.15056988602279545","0.07878424315136973","0.5232403718459495","0.07125574885022995","1.1635517157835693","7886","4165"
"fig3b","26.536076116520697","0.039810717055349734","5000","762","399","0.15256948610277946","0.07998400319936012","0.5242463958060287","0.07235552889422114","1.2701230566248398","7887","4166"
"fig3b","26.536076116520697","0.042986623470822764","5000","822","390","0.16456708658268346","0.07818436312737452","0.47509113001215064","0.06995600879824035","1.3866783286787552","7888","4167"
"fig3b","26.536076116520697","0.046415888336127774","5000","807","385","0.16156768646270747","0.07718456308738253","0.4777227722772277","0.06910617876424716","1.51427092181234","7889","4168"
"fig3b","26.536076116520697","0.05011872336272722","5000","856","421","0.17136572685462909","0.08438312337532493","0.49241540256709443","0.07581483703259348","1.6540838334746866","7890","4169"
"fig3b","26.536076116520697","0.054116952654646375","5000","871","423","0.17436512697460507","0.08478304339132174","0.48623853211009177","0.07606478704259148","1.8074483682887603","7891","4170"
"fig3b","26.536076116520697","0.05843414133735175","5000","884","393","0.17696460707858427","0.07878424315136973","0.4451977401129944","0.06993601279744051","1.9758659367298037","7892","4171"
"fig3b","26.536076116520697","0.06309573444801933","5000","915","438","0.18316336732653468","0.08778244351129774","0.4792576419213974","0.078624275144971","2.1610335288826263","7893","4172"
"fig3b","26.536076116520697","0.06812920690579614","5000","992","391","0.1985602879424115","0.07838432313537293","0.3947633434038268","0.06845630873825236","2.364873557770011","7894","4173"
"fig3b","26.536076116520697","0.07356422544596414","5000","1000","375","0.2001599680063987","0.07518496300739852","0.3756243756243756","0.06517696460707859","2.5895689121570626","7895","4174"
"fig3b","26.536076116520697","0.07943282347242814","5000","1069","400","0.21395720855828834","0.08018396320735853","0.3747663551401869","0.06948610277944411","2.8376042377711315","7896","4175"
"fig3b","26.536076116520697","0.08576958985908942","5000","1133","371","0.22675464907018597","0.07438512297540492","0.328042328042328","0.06304739052189562","3.1118146871801855","7897","4176"
"fig3b","26.536076116520697","0.09261187281287937","5000","1150","374","0.23015396920615877","0.07498500299940011","0.3258036490008688","0.06347730453909217","3.415443653109037","7898","4177"
"fig3b","26.536076116520697","0.1","5000","1129","339","0.22595480903819237","0.06798640271945611","0.30088495575221236","0.056688662267546486","3.752211341991398","7899","4178"
"fig3b","26.536076116520697","0.10797751623277094","5000","1194","315","0.23895220955808838","0.0631873625274945","0.2644351464435147","0.05123975204959008","4.1263964723698905","7900","4179"
"fig3b","26.536076116520697","0.11659144011798317","5000","1259","303","0.2519496100779844","0.060787842431513694","0.24126984126984127","0.04819036192761447","4.542933920301095","7901","4180"
"fig3b","26.536076116520697","0.12589254117941676","5000","1323","290","0.264747050589882","0.05818836232753449","0.21978851963746224","0.04495100979804039","5.007531812340915","7902","4181"
"fig3b","26.536076116520697","0.13593563908785256","5000","1279","269","0.2559488102379524","0.05398920215956809","0.2109375","0.041191761647670466","5.526812427074134","7903","4182"
"fig3b","26.536076116520697","0.14677992676220697","5000","1346","221","0.2693461307738452","0.04439112177564487","0.1648106904231626","0.03092381523695261","6.108482362598437","7904","4183"
"fig3b","26.536076116520697","0.15848931924611134","5000","1380","191","0.2761447710457908","0.03839232153569286","0.1390296886314265","0.02458508298340332","6.761538831910798","7905","4184"
"fig3b","26.536076116520697","0.1711328304161781","5000","1389","162","0.27794441111777646","0.03259348130373925","0.1172661870503597","0.018696260747850427","7.496520756849549","7906","4185"
"fig3b","26.536076116520697","0.18478497974222907","5000","1463","113","0.2927414517096581","0.022795440911817635","0.07786885245901638","0.00815836832633473","8.325815673252379","7907","4186"
"fig3b","26.536076116520697","0.19952623149688797","5000","1490","90","0.2981403719256149","0.018196360727854428","0.06103286384976525","0.003289342131573683","9.264036509725202","7908","4187"
"fig3b","26.536076116520697","0.21544346900318834","5000","1535","88","0.30713857228554287","0.01779644071185763","0.057942708333333336","0.002439512097580485","10.328486296849121","7909","4188"
"fig3b","26.536076116520697","0.23263050671536262","5000","1523","43","0.3047390521895621","0.008798240351929614","0.028871391076115485","-0.00643871225754849","11.53973412639715","7910","4189"
"fig3b","26.536076116520697","0.25118864315095796","5000","1589","41","0.3179364127174565","0.008398320335932814","0.026415094339622643","-0.007498500299940012","12.92233265550999","7911","4190"
"fig3b","26.536076116520697","0.27122725793320285","5000","1563","27","0.3127374525094981","0.005598880223955209","0.01790281329923274","-0.010037992401519695","14.505716751409267","7912","4191"
"fig3b","26.536076116520697","0.29286445646252357","5000","1656","13","0.3313337332533493","0.0027994401119776045","0.008449004224502113","-0.013767246550689862","16.325335345894075","7913","4192"
"fig3b","26.536076116520697","0.31622776601683794","5000","1626","6","0.32533493301339733","0.0013997200559888023","0.00430239704978488","-0.014867026594681065","18.42408539104065","7914","4193"
"fig3b","26.536076116520697","0.34145488738336005","5000","1666","2","0.3333333333333333","0.0005998800239952009","0.0017996400719856027","-0.016066786642671464","20.854139607450207","7915","4194"
"fig3b","26.536076116520697","0.3686945064519575","5000","1666","0","0.3333333333333333","0.0001999600079984003","0.000599880023995201","-0.016466706658668267","23.67929074211409","7916","4195"
"fig3b","26.536076116520697","0.3981071705534973","5000","1635","0","0.3271345730853829","0.0001999600079984003","0.0006112469437652812","-0.016156768646270747","26.977977371924055","7917","4196"
"fig3b","26.536076116520697","0.42986623470822766","5000","1627","0","0.3255348930213957","0.0001999600079984003","0.0006142506142506142","-0.016076784643071388","30.84721398944893","7918","4197"
"fig3b","26.536076116520697","0.464158883361278","5000","1636","0","0.32733453309338134","0.0001999600079984003","0.0006108735491753206","-0.016166766646670667","35.40772638304054","7919","4198"
"fig3b","26.536076116520697","0.5011872336272722","5000","1653","0","0.3307338532293541","0.0001999600079984003","0.0006045949214026602","-0.016336732653469306","40.81069810095303","7920","4199"
"fig3b","26.536076116520697","0.5411695265464638","5000","1602","0","0.3205358928214357","0.0001999600079984003","0.0006238303181534623","-0.015826834633073387","47.246670009587916","7921","4200"
"fig3b","26.536076116520697","0.5843414133735175","5000","1488","0","0.29774045190961806","0.0001999600079984003","0.000671591672263264","-0.014687062587482504","54.957301201783366","7922","4201"
"fig3b","26.536076116520697","0.6309573444801932","5000","1478","0","0.29574085182963405","0.0001999600079984003","0.000676132521974307","-0.014587082583483305","64.25087312015484","7923","4202"
"fig3b","26.536076116520697","0.6812920690579611","5000","1381","0","0.27634473105378926","0.0001999600079984003","0.000723589001447178","-0.013617276544691064","75.52251652013541","7924","4203"
"fig3b","26.536076116520697","0.7356422544596414","5000","1436","0","0.28734253149370126","0.0001999600079984003","0.0006958942240779401","-0.014167166566686665","89.27991764885931","7925","4204"
"fig3b","26.536076116520697","0.7943282347242814","5000","1384","0","0.27694461107778445","0.0001999600079984003","0.0007220216606498195","-0.013647270545890823","106.17405324806867","7926","4205"
"fig3b","26.536076116520697","0.8576958985908941","5000","1364","0","0.27294541091781643","0.0001999600079984003","0.0007326007326007326","-0.013447310537892422","127.03063699687101","7927","4206"
"fig3b","26.536076116520697","0.9261187281287933","5000","1313","0","0.262747450509898","0.0001999600079984003","0.00076103500761035","-0.012937412517496501","152.86792311557736","7928","4207"
"fig3b","26.536076116520697","1.0","5000","1174","0","0.2349530093981204","0.0001999600079984003","0.0008510638297872339","-0.011547690461907621","184.90179902461892","7929","4208"
"fig3b","28.805894227393384","0.01","5000","490","476","0.09818036392721456","0.09538092381523695","0.9714867617107943","0.09047190561887622","0.2961960279677385","7930","4209"
"fig3b","28.805894227393384","0.0107977516232771","5000","570","479","0.11417716456708658","0.09598080383923216","0.840630472854641","0.09027194561087783","0.32064022913482404","7931","4210"
"fig3b","28.805894227393384","0.011659144011798317","5000","535","463","0.10717856428714258","0.09278144371125775","0.8656716417910447","0.08742251549690062","0.34713427116133744","7932","4211"
"fig3b","28.805894227393384","0.012589254117941675","5000","578","476","0.11577684463107378","0.09538092381523695","0.8238341968911918","0.08959208158368326","0.37585844053725737","7933","4212"
"fig3b","28.805894227393384","0.013593563908785255","5000","557","491","0.11157768446310738","0.09838032393521295","0.8817204301075269","0.09280143971205758","0.40701023960349403","7934","4213"
"fig3b","28.805894227393384","0.014677992676220698","5000","563","464","0.11277744451109778","0.09298140371925614","0.8244680851063829","0.08734253149370126","0.44080624389283685","7935","4214"
"fig3b","28.805894227393384","0.015848931924611134","5000","599","502","0.11997600479904019","0.10057988402319536","0.8383333333333333","0.09458108378324334","0.4774841915794923","7936","4215"
"fig3b","28.805894227393384","0.01711328304161781","5000","607","554","0.12157568486302739","0.11097780443911218","0.9128289473684211","0.10489902019596081","0.5173053384501713","7937","4216"
"fig3b","28.805894227393384","0.018478497974222907","5000","657","537","0.1315736852629474","0.10757848430313938","0.8176291793313071","0.10099980003999201","0.5605571172000623","7938","4217"
"fig3b","28.805894227393384","0.0199526231496888","5000","594","538","0.11897620475904819","0.10777844431113777","0.9058823529411765","0.10182963407318536","0.6075561462130281","7939","4218"
"fig3b","28.805894227393384","0.021544346900318832","5000","677","520","0.13557288542291543","0.10417916416716656","0.7684365781710913","0.09740051989602079","0.6586516404690883","7940","4219"
"fig3b","28.805894227393384","0.02326305067153626","5000","680","548","0.13617276544691062","0.10977804439112178","0.8061674008810573","0.10296940611877625","0.7142292860574457","7941","4220"
"fig3b","28.805894227393384","0.025118864315095794","5000","704","489","0.14097180563887224","0.09798040391921616","0.6950354609929077","0.09093181363727254","0.7747156502525172","7942","4221"
"fig3b","28.805894227393384","0.02712272579332028","5000","737","628","0.14757048590281943","0.12577484503099381","0.8523035230352305","0.11839632073585285","0.8405832114974032","7943","4222"
"fig3b","28.805894227393384","0.029286445646252372","5000","746","594","0.14937012597480503","0.11897620475904819","0.7965194109772423","0.11150769846030793","0.9123561084064988","7944","4223"
"fig3b","28.805894227393384","0.03162277660168379","5000","744","610","0.14897020595880825","0.1221755648870226","0.8201342281879194","0.11472705458908218","0.9906167244393771","7945","4224"
"fig3b","28.805894227393384","0.034145488738336005","5000","799","614","0.15996800639872025","0.12297540491901619","0.76875","0.11497700459908018","1.076013245869035","7946","4225"
"fig3b","28.805894227393384","0.03686945064519575","5000","822","617","0.16456708658268346","0.1235752849430114","0.7509113001215068","0.11534693061387723","1.1692683557294572","7947","4226"
"fig3b","28.805894227393384","0.039810717055349734","5000","878","672","0.1757648470305939","0.13457308538292342","0.7656427758816837","0.12578484303139373","1.2711892565056928","7948","4227"
"fig3b","28.805894227393384","0.042986623470822764","5000","906","644","0.18136372725454908","0.1289742051589682","0.711135611907387","0.11990601879624076","1.3826792504732452","7949","4228"
"fig3b","28.805894227393384","0.046415888336127774","5000","973","688","0.1947610477904419","0.13777244551089782","0.7073921971252567","0.1280343931213757","1.5047511501776114","7950","4229"
"fig3b","28.805894227393384","0.05011872336272722","5000","967","667","0.19356128774245152","0.13357328534293142","0.6900826446280992","0.12389522095580885","1.6385428442200975","7951","4230"
"fig3b","28.805894227393384","0.054116952654646375","5000","1040","650","0.20815836832633472","0.13017396520695862","0.6253602305475505","0.11976604679064189","1.785335407396417","7952","4231"
"fig3b","28.805894227393384","0.05843414133735175","5000","1101","695","0.22035592881423716","0.13917216556688664","0.6315789473684211","0.12815436912617478","1.9465742218737887","7953","4232"
"fig3b","28.805894227393384","0.06309573444801933","5000","1062","682","0.21255748850229955","0.1365726854629074","0.6425211665098776","0.12594481103779243","2.12389367085612","7954","4233"
"fig3b","28.805894227393384","0.06812920690579614","5000","1190","636","0.23815236952609478","0.127374525094981","0.5348446683459278","0.11546690661867627","2.3191460821175838","7955","4234"
"fig3b","28.805894227393384","0.07356422544596414","5000","1174","622","0.2349530093981204","0.1245750849830034","0.5302127659574468","0.11282743451309739","2.5344357411979104","7956","4235"
"fig3b","28.805894227393384","0.07943282347242814","5000","1234","643","0.2469506098780244","0.1287742451509698","0.5214574898785425","0.11642671465706858","2.7721589695855187","7957","4236"
"fig3b","28.805894227393384","0.08576958985908942","5000","1241","619","0.2483503299340132","0.1239752049590082","0.499194847020934","0.11155768846230754","3.035051480391161","7958","4237"
"fig3b","28.805894227393384","0.09261187281287937","5000","1285","619","0.2571485702859428","0.1239752049590082","0.48211508553654747","0.11111777644471106","3.326244493816546","7959","4238"
"fig3b","28.805894227393384","0.1","5000","1374","568","0.27494501099780044","0.11377724455108978","0.4138181818181818","0.10002999400119976","3.64933143124955","7960","4239"
"fig3b","28.805894227393384","0.10797751623277094","5000","1420","546","0.28414317136572687","0.10937812437512498","0.38494018296973964","0.09517096580683863","4.008447428441315","7961","4240"
"fig3b","28.805894227393384","0.11659144011798317","5000","1534","510","0.3069386122775445","0.10217956408718257","0.33289902280130296","0.08683263347330535","4.408364438839499","7962","4241"
"fig3b","28.805894227393384","0.12589254117941676","5000","1484","435","0.2969406118776245","0.08718256348730254","0.2936026936026936","0.07233553289342132","4.85460536913061","7963","4242"
"fig3b","28.805894227393384","0.13593563908785256","5000","1574","427","0.3149370125974805","0.08558288342331534","0.27174603174603174","0.0698360327934413","5.353581541725646","7964","4243"
"fig3b","28.805894227393384","0.14677992676220697","5000","1621","407","0.3243351329734053","0.08158368326334733","0.25154130702836003","0.06536692661467706","5.912758868169533","7965","4244"
"fig3b","28.805894227393384","0.15848931924611134","5000","1670","330","0.33413317336532694","0.0661867626474705","0.1980849790544584","0.04948010397920416","6.540859516413377","7966","4245"
"fig3b","28.805894227393384","0.1711328304161781","5000","1697","281","0.3395320935812837","0.05638872225554889","0.16607773851590107","0.039412117576484704","7.248107661831654","7967","4246"
"fig3b","28.805894227393384","0.18478497974222907","5000","1821","240","0.3643271345730854","0.04819036192761448","0.1322722283205269","0.029974005198960207","8.04653025955767","7968","4247"
"fig3b","28.805894227393384","0.19952623149688797","5000","1833","204","0.3667266546690662","0.04099180163967207","0.11177753544165758","0.022655468906218758","8.950326844664943","7969","4248"
"fig3b","28.805894227393384","0.21544346900318834","5000","1905","126","0.381123775244951","0.02539492101579684","0.06663168940188877","0.006338732253549289","9.976326404185215","7970","4249"
"fig3b","28.805894227393384","0.23263050671536262","5000","1994","102","0.39892021595680865","0.020595880823835233","0.05162907268170426","0.0006498700259948004","11.144554711604172","7971","4250"
"fig3b","28.805894227393384","0.25118864315095796","5000","2007","82","0.40151969606078786","0.016596680663867228","0.04133466135458167","-0.003479304139172166","12.478942643064272","7972","4251"
"fig3b","28.805894227393384","0.27122725793320285","5000","1996","40","0.3993201359728054","0.008198360327934412","0.020530796194291438","-0.011767646470705861","14.008215565245848","7973","4252"
"fig3b","28.805894227393384","0.29286445646252357","5000","2041","24","0.40831833633273346","0.004999000199960008","0.012242899118511263","-0.015416916616676667","15.767016825505465","7974","4253"
"fig3b","28.805894227393384","0.31622776601683794","5000","2071","17","0.4143171365726855","0.003599280143971206","0.008687258687258687","-0.01711657668466307","17.797335996099207","7975","4254"
"fig3b","28.805894227393384","0.34145488738336005","5000","2071","4","0.4143171365726855","0.0009998000399920016","0.002413127413127413","-0.019716056788642276","20.15033668623994","7976","4255"
"fig3b","28.805894227393384","0.3686945064519575","5000","2045","2","0.4091181763647271","0.0005998800239952009","0.0014662756598240467","-0.019856028794241153","22.888712084020113","7977","4256"
"fig3b","28.805894227393384","0.3981071705534973","5000","2006","1","0.4013197360527894","0.0003999200159968006","0.000996512207274539","-0.019666066786642674","26.089742684571775","7978","4257"
"fig3b","28.805894227393384","0.42986623470822766","5000","2002","1","0.40051989602079585","0.0003999200159968006","0.0009985022466300548","-0.019626074785042996","29.849295208350924","7979","4258"
"fig3b","28.805894227393384","0.464158883361278","5000","2024","0","0.40491901619676063","0.0001999600079984003","0.0004938271604938272","-0.020045990801839633","34.28709187738184","7980","4259"
"fig3b","28.805894227393384","0.5011872336272722","5000","1998","0","0.3997200559888022","0.0001999600079984003","0.0005002501250625312","-0.019786042791441714","39.55370482901074","7981","4260"
"fig3b","28.805894227393384","0.5411695265464638","5000","1955","0","0.39112177564487105","0.0001999600079984003","0.0005112474437627811","-0.019356128774245154","45.83990352629161","7982","4261"
"fig3b","28.805894227393384","0.5843414133735175","5000","1895","0","0.379124175164967","0.0001999600079984003","0.0005274261603375527","-0.018756248750249952","53.38921501790537","7983","4262"
"fig3b","28.805894227393384","0.6309573444801932","5000","1898","0","0.3797240551889622","0.0001999600079984003","0.0005265929436545551","-0.01878624275144971","62.51484826878456","7984","4263"
"fig3b","28.805894227393384","0.6812920690579611","5000","1813","0","0.36272745450909816","0.0001999600079984003","0.0005512679162072767","-0.01793641271745651","73.62244118049233","7985","4264"
"fig3b","28.805894227393384","0.7356422544596414","5000","1754","0","0.3509298140371926","0.0001999600079984003","0.0005698005698005698","-0.01734653069386123","87.24022746824556","7986","4265"
"fig3b","28.805894227393384","0.7943282347242814","5000","1690","0","0.33813237352529496","0.0001999600079984003","0.0005913660555884092","-0.016706658668266348","104.05757729924022","7987","4266"
"fig3b","28.805894227393384","0.8576958985908941","5000","1703","0","0.34073185362927416","0.0001999600079984003","0.0005868544600938966","-0.01683663267346531","124.9695681975519","7988","4267"
"fig3b","28.805894227393384","0.9261187281287933","5000","1574","0","0.3149370125974805","0.0001999600079984003","0.0006349206349206348","-0.015546890621875628","151.11398199178126","7989","4268"
"fig3b","28.805894227393384","1.0","5000","1530","0","0.3061387722455509","0.0001999600079984003","0.0006531678641410842","-0.015106978604279148","183.8739640022623","7990","4269"
"fig3b","31.269865921253388","0.01","5000","514","387","0.10297940411917617","0.07758448310337933","0.7533980582524272","0.07243551289742052","0.2659295538811648","7991","4270"
"fig3b","31.269865921253388","0.0107977516232771","5000","577","390","0.11557688462307539","0.07818436312737452","0.676470588235294","0.07240551889622075","0.29011114720924525","7992","4271"
"fig3b","31.269865921253388","0.011659144011798317","5000","556","409","0.11137772445510898","0.08198360327934413","0.7360861759425494","0.07641471705658869","0.31631910653317163","7993","4272"
"fig3b","31.269865921253388","0.012589254117941675","5000","570","435","0.11417716456708658","0.08718256348730254","0.7635726795096321","0.0814737052589482","0.34473141895401227","7994","4273"
"fig3b","31.269865921253388","0.013593563908785255","5000","564","409","0.11297740451909619","0.08198360327934413","0.7256637168141593","0.07633473305338932","0.3755430311754253","7995","4274"
"fig3b","31.269865921253388","0.014677992676220698","5000","616","463","0.12337532493501299","0.09278144371125775","0.7520259319286873","0.0866126774645071","0.4089676737899879","7996","4275"
"fig3b","31.269865921253388","0.015848931924611134","5000","611","422","0.122375524895021","0.08458308338332333","0.6911764705882353","0.07846430713857229","0.4452399127992521","7997","4276"
"fig3b","31.269865921253388","0.01711328304161781","5000","653","415","0.1307738452309538","0.08318336332733453","0.636085626911315","0.07664467106578685","0.48461746098720937","7998","4277"
"fig3b","31.269865921253388","0.018478497974222907","5000","642","444","0.1285742851429714","0.08898220355928814","0.6920684292379472","0.08255348930213957","0.5273837870093985","7999","4278"
"fig3b","31.269865921253388","0.0199526231496888","5000","625","437","0.1251749650069986","0.08758248350329934","0.6996805111821086","0.0813237352529494","0.5738510662507679","8000","4279"
"fig3b","31.269865921253388","0.021544346900318832","5000","635","438","0.1271745650869826","0.08778244351129774","0.690251572327044","0.08142371525694861","0.6243635247796817","8001","4280"
"fig3b","31.269865921253388","0.02326305067153626","5000","695","470","0.13917216556688664","0.09418116376724656","0.6767241379310345","0.08722255548890223","0.6793012363343678","8002","4281"
"fig3b","31.269865921253388","0.025118864315095794","5000","689","484","0.13797240551889622","0.09698060387922415","0.7028985507246376","0.09008198360327933","0.7390844424471084","8003","4282"
"fig3b","31.269865921253388","0.02712272579332028","5000","714","495","0.14297140571885622","0.09918016396720655","0.6937062937062937","0.09203159368126373","0.8041784778713463","8004","4283"
"fig3b","31.269865921253388","0.029286445646252372","5000","750","485","0.15016996600679863","0.09718056388722256","0.6471371504660454","0.08967206558688262","0.8750993978083557","8005","4284"
"fig3b","31.269865921253388","0.03162277660168379","5000","759","474","0.15196960607878424","0.09498100379924015","0.625","0.08738252349530094","0.9524204204776083","8006","4285"
"fig3b","31.269865921253388","0.034145488738336005","5000","781","496","0.15636872625474904","0.09938012397520496","0.6355498721227621","0.0915616876624675","1.0367793189188887","8007","4286"
"fig3b","31.269865921253388","0.03686945064519575","5000","890","523","0.17816436712657469","0.10477904419116177","0.5881032547699214","0.09587082583483303","1.1288869202476235","8008","4287"
"fig3b","31.269865921253388","0.039810717055349734","5000","879","479","0.17596480703859227","0.09598080383923216","0.5454545454545455","0.08718256348730255","1.2295368997422997","8009","4288"
"fig3b","31.269865921253388","0.042986623470822764","5000","905","536","0.1811637672465507","0.10737852429514097","0.5927152317880794","0.09832033593281343","1.3396170921832322","8010","4289"
"fig3b","31.269865921253388","0.046415888336127774","5000","959","507","0.19196160767846432","0.10157968406318736","0.5291666666666667","0.09198160367926414","1.4601225850909998","8011","4290"
"fig3b","31.269865921253388","0.05011872336272722","5000","978","560","0.1957608478304339","0.11217756448710257","0.5730337078651685","0.10238952209558087","1.5921709095175345","8012","4291"
"fig3b","31.269865921253388","0.054116952654646375","5000","1007","539","0.20155968806238753","0.10797840431913618","0.5357142857142857","0.0979004199160168","1.7370197058477856","8013","4292"
"fig3b","31.269865921253388","0.05843414133735175","5000","1047","483","0.20955808838232354","0.09678064387122576","0.4618320610687023","0.08630273945210958","1.8960873171865842","8014","4293"
"fig3b","31.269865921253388","0.06309573444801933","5000","1035","507","0.20715856828634274","0.10157968406318736","0.4903474903474903","0.09122175564887022","2.0709768544564895","8015","4294"
"fig3b","31.269865921253388","0.06812920690579614","5000","1137","566","0.22755448910217957","0.11337732453509299","0.4982425307557118","0.101999600079984","2.263504389330535","8016","4295"
"fig3b","31.269865921253388","0.07356422544596414","5000","1082","555","0.21655668866226754","0.11117776444711058","0.5133887349953832","0.10034993001399721","2.4757320685561126","8017","4296"
"fig3b","31.269865921253388","0.07943282347242814","5000","1161","548","0.23235352929414116","0.10977804439112178","0.472461273666093","0.09816036792641472","2.710007112497692","8018","4297"
"fig3b","31.269865921253388","0.08576958985908942","5000","1240","521","0.2481503699260148","0.10437912417516497","0.42062852538275586","0.09197160567886423","2.9690078700088236","8019","4298"
"fig3b","31.269865921253388","0.09261187281287937","5000","1285","490","0.2571485702859428","0.09818036392721456","0.38180404354587877","0.08532293541291743","3.2557983614746036","8020","4299"
"fig3b","31.269865921253388","0.1","5000","1315","463","0.2631473705258948","0.09278144371125775","0.3525835866261398","0.079624075184963","3.573893065568228","8021","4300"
"fig3b","31.269865921253388","0.10797751623277094","5000","1377","441","0.27554489102179563","0.08838232353529295","0.3207547169811321","0.07460507898420317","3.927334110416325","8022","4301"
"fig3b","31.269865921253388","0.11659144011798317","5000","1358","468","0.27174565086982605","0.09378124375124974","0.34510669610007355","0.08019396120775844","4.320783539219235","8023","4302"
"fig3b","31.269865921253388","0.12589254117941676","5000","1446","387","0.28934213157368527","0.07758448310337933","0.2681409813407049","0.06311737652469507","4.759633963794926","8024","4303"
"fig3b","31.269865921253388","0.13593563908785256","5000","1491","371","0.29834033193361326","0.07438512297540492","0.24932975871313676","0.05946810637872426","5.250141736224236","8025","4304"
"fig3b","31.269865921253388","0.14677992676220697","5000","1625","307","0.3251349730053989","0.0615876824635073","0.1894218942189422","0.045330933813237356","5.799587810826779","8026","4305"
"fig3b","31.269865921253388","0.15848931924611134","5000","1641","276","0.32833433313337335","0.05538892221555689","0.1686967113276492","0.03897220555888822","6.416472805366823","8027","4306"
"fig3b","31.269865921253388","0.1711328304161781","5000","1687","226","0.3375324935012997","0.04539092181563687","0.134478672985782","0.028514297140571885","7.110754494624246","8028","4307"
"fig3b","31.269865921253388","0.18478497974222907","5000","1722","215","0.34453109378124375","0.04319136172765447","0.1253627394080093","0.02596480703859228","7.894138206595272","8029","4308"
"fig3b","31.269865921253388","0.19952623149688797","5000","1834","169","0.3669266146770646","0.033993201359728054","0.09264305177111716","0.01564687062587482","8.780433511927953","8030","4309"
"fig3b","31.269865921253388","0.21544346900318834","5000","1801","125","0.3603279344131174","0.02519496100779844","0.06992230854605994","0.007178564287142572","9.785994433501003","8031","4310"
"fig3b","31.269865921253388","0.23263050671536262","5000","1880","96","0.376124775044991","0.019396120775844832","0.05156831472620947","0.0005898820235952819","10.930265475819311","8032","4311"
"fig3b","31.269865921253388","0.25118864315095796","5000","1894","51","0.3789242151569686","0.010397920415916816","0.027440633245382585","-0.008548290341931615","12.236462527264763","8033","4312"
"fig3b","31.269865921253388","0.27122725793320285","5000","1875","40","0.375124975004999","0.008198360327934412","0.02185501066098081","-0.010557888422315536","13.732426742033624","8034","4313"
"fig3b","31.269865921253388","0.29286445646252357","5000","1888","25","0.37772445510897823","0.005198960207958408","0.013763896241397563","-0.013687262547490505","15.451701733416996","8035","4314"
"fig3b","31.269865921253388","0.31622776601683794","5000","1893","10","0.3787242551489702","0.0021995600879824036","0.005807814149947203","-0.01673665266946611","17.434901036401413","8036","4315"
"fig3b","31.269865921253388","0.34145488738336005","5000","1910","2","0.382123575284943","0.0005998800239952009","0.0015698587127158554","-0.01850629874025195","19.73145557366695","8037","4316"
"fig3b","31.269865921253388","0.3686945064519575","5000","1929","4","0.3859228154369126","0.0009998000399920016","0.0025906735751295338","-0.01829634073185363","22.401862278917577","8038","4317"
"fig3b","31.269865921253388","0.3981071705534973","5000","2019","0","0.4039192161567686","0.0001999600079984003","0.0004950495049504951","-0.019996000799840034","25.520598658328254","8039","4318"
"fig3b","31.269865921253388","0.42986623470822766","5000","1878","0","0.3757248550289942","0.0001999600079984003","0.0005321979776476849","-0.018586282743451314","29.179928983476657","8040","4319"
"fig3b","31.269865921253388","0.464158883361278","5000","1951","0","0.3903219356128774","0.0001999600079984003","0.0005122950819672131","-0.019316136772645473","33.494913176837485","8041","4320"
"fig3b","31.269865921253388","0.5011872336272722","5000","1921","0","0.3843231353729254","0.0001999600079984003","0.0005202913631633715","-0.01901619676064787","38.6100491626228","8042","4321"
"fig3b","31.269865921253388","0.5411695265464638","5000","1961","0","0.39232153569286143","0.0001999600079984003","0.000509683995922528","-0.019416116776644673","44.708146462386395","8043","4322"
"fig3b","31.269865921253388","0.5843414133735175","5000","1921","0","0.3843231353729254","0.0001999600079984003","0.0005202913631633715","-0.01901619676064787","52.02225806772469","8044","4323"
"fig3b","31.269865921253388","0.6309573444801932","5000","1830","0","0.366126774645071","0.0001999600079984003","0.0005461496450027307","-0.018106378724255152","60.85180026391407","8045","4324"
"fig3b","31.269865921253388","0.6812920690579611","5000","1736","0","0.3473305338932214","0.0001999600079984003","0.0005757052389176741","-0.01716656668666267","71.58435317254032","8046","4325"
"fig3b","31.269865921253388","0.7356422544596414","5000","1661","0","0.3323335332933413","0.0001999600079984003","0.0006016847172081829","-0.016416716656668665","84.72495844897259","8047","4326"
"fig3b","31.269865921253388","0.7943282347242814","5000","1608","0","0.3217356528694261","0.0001999600079984003","0.0006215040397762585","-0.01588682263547291","100.93464046697102","8048","4327"
"fig3b","31.269865921253388","0.8576958985908941","5000","1594","0","0.3189362127574485","0.0001999600079984003","0.0006269592476489029","-0.015746850629874024","121.07817722104778","8049","4328"
"fig3b","31.269865921253388","0.9261187281287933","5000","1474","0","0.2949410117976405","0.0001999600079984003","0.0006779661016949152","-0.014547090581883625","146.2743929433679","8050","4329"
"fig3b","31.269865921253388","1.0","5000","1420","0","0.28414317136572687","0.0001999600079984003","0.0007037297677691766","-0.014007198560287945","177.9379567582746","8051","4330"
"fig3b","33.94459852606504","0.01","5000","619","374","0.1239752049590082","0.07498500299940011","0.6048387096774193","0.0687862427514497","0.21398169052275762","8052","4331"
"fig3b","33.94459852606504","0.0107977516232771","5000","657","408","0.1315736852629474","0.08178364327134573","0.621580547112462","0.07520495900819836","0.2361485538555712","8053","4332"
"fig3b","33.94459852606504","0.011659144011798317","5000","655","414","0.1311737652469506","0.08298340331933614","0.6326219512195123","0.07642471505698861","0.26017344057697755","8054","4333"
"fig3b","33.94459852606504","0.012589254117941675","5000","628","388","0.12577484503099381","0.07778444311137772","0.6184419713831477","0.07149570085982804","0.28621962533588885","8055","4334"
"fig3b","33.94459852606504","0.013593563908785255","5000","719","413","0.14397120575884823","0.08278344331133773","0.5750000000000001","0.07558488302339532","0.31446595085000695","8056","4335"
"fig3b","33.94459852606504","0.014677992676220698","5000","678","438","0.1357728454309138","0.08778244351129774","0.646539027982327","0.08099380123975206","0.34510850372384994","8057","4336"
"fig3b","33.94459852606504","0.015848931924611134","5000","635","424","0.1271745650869826","0.08498300339932013","0.6682389937106918","0.078624275144971","0.3783624990986425","8058","4337"
"fig3b","33.94459852606504","0.01711328304161781","5000","702","451","0.14057188562287543","0.09038192361527694","0.6429587482219061","0.08335332933413317","0.4144644040974583","8059","4338"
"fig3b","33.94459852606504","0.018478497974222907","5000","741","465","0.14837032593481303","0.09318136372725455","0.6280323450134772","0.0857628474305139","0.4536743348535879","8060","4339"
"fig3b","33.94459852606504","0.0199526231496888","5000","702","489","0.14057188562287543","0.09798040391921616","0.6970128022759602","0.09095180963807238","0.496278767576257","8061","4340"
"fig3b","33.94459852606504","0.021544346900318832","5000","760","427","0.15216956608678264","0.08558288342331534","0.5624178712220762","0.07797440511897621","0.5425936107934888","8062","4341"
"fig3b","33.94459852606504","0.02326305067153626","5000","753","457","0.15076984603079385","0.09158168366326734","0.6074270557029177","0.08404319136172765","0.5929676937930708","8063","4342"
"fig3b","33.94459852606504","0.025118864315095794","5000","785","470","0.15716856628674264","0.09418116376724656","0.5992366412213741","0.08632273545290943","0.6477867356121578","8064","4343"
"fig3b","33.94459852606504","0.02712272579332028","5000","807","517","0.16156768646270747","0.10357928414317137","0.6410891089108911","0.095500899820036","0.7074778699694093","8065","4344"
"fig3b","33.94459852606504","0.029286445646252372","5000","832","507","0.16656668666266747","0.10157968406318736","0.60984393757503","0.09325134973005399","0.772514814657967","8066","4345"
"fig3b","33.94459852606504","0.03162277660168379","5000","885","527","0.17716456708658268","0.10557888422315537","0.5959367945823928","0.09672065586882624","0.8434237895262982","8067","4346"
"fig3b","33.94459852606504","0.034145488738336005","5000","897","518","0.17956408718256348","0.10377924415116976","0.5779510022271716","0.09480103979204159","0.9207903057802582","8068","4347"
"fig3b","33.94459852606504","0.03686945064519575","5000","956","544","0.1913617276544691","0.10897820435912818","0.5694879832810867","0.09941011797640473","1.0052669715977913","8069","4348"
"fig3b","33.94459852606504","0.039810717055349734","5000","964","508","0.1929614077184563","0.10177964407118577","0.5274611398963731","0.09213157368526295","1.0975824856882355","8070","4349"
"fig3b","33.94459852606504","0.042986623470822764","5000","983","571","0.1967606478704259","0.11437712457508498","0.5813008130081301","0.10453909218156368","1.1985520224392872","8071","4350"
"fig3b","33.94459852606504","0.046415888336127774","5000","1033","570","0.20675864827034593","0.11417716456708658","0.5522243713733076","0.10383923215356929","1.3090892508372178","8072","4351"
"fig3b","33.94459852606504","0.05011872336272722","5000","1087","589","0.21755648870225955","0.11797640471905618","0.5422794117647058","0.1070985802839432","1.430220275876536","8073","4352"
"fig3b","33.94459852606504","0.054116952654646375","5000","1103","565","0.22075584883023394","0.11317736452709458","0.5126811594202899","0.10213957208558289","1.5630998475159004","8074","4353"
"fig3b","33.94459852606504","0.05843414133735175","5000","1148","575","0.22975404919016196","0.11517696460707859","0.5013054830287207","0.10368926214757049","1.7090302506571504","8075","4354"
"fig3b","33.94459852606504","0.06309573444801933","5000","1208","599","0.241751649670066","0.11997600479904019","0.49627791563275436","0.10788842231553689","1.8694833729722689","8076","4355"
"fig3b","33.94459852606504","0.06812920690579614","5000","1239","624","0.2479504099180164","0.1249750049990002","0.5040322580645161","0.11257748450309939","2.046126549246253","8077","4356"
"fig3b","33.94459852606504","0.07356422544596414","5000","1253","601","0.250749850029994","0.12037592481503699","0.4800637958532695","0.10783843231353729","2.2408529058151885","8078","4357"
"fig3b","33.94459852606504","0.07943282347242814","5000","1316","607","0.2633473305338932","0.12157568486302739","0.4616552771450266","0.10840831833633273","2.455817082366025","8079","4358"
"fig3b","33.94459852606504","0.08576958985908942","5000","1378","570","0.275744851029794","0.11417716456708658","0.4140681653372009","0.10038992201559688","2.693477398211712","8080","4359"
"fig3b","33.94459852606504","0.09261187281287937","5000","1440","586","0.2881423715256949","0.11737652469506099","0.4073560027758501","0.10296940611877625","2.956645765564872","8081","4360"
"fig3b","33.94459852606504","0.1","5000","1482","539","0.2965406918616277","0.10797840431913618","0.3641267700606878","0.09315136972605478","3.248546945410226","8082","4361"
"fig3b","33.94459852606504","0.10797751623277094","5000","1581","554","0.3163367326534693","0.11097780443911218","0.3508217446270544","0.0951609678064387","3.5728891080571827","8083","4362"
"fig3b","33.94459852606504","0.11659144011798317","5000","1599","513","0.3199360127974405","0.10277944411117776","0.32125","0.08678264347130574","3.9339481206965843","8084","4363"
"fig3b","33.94459852606504","0.12589254117941676","5000","1677","466","0.33553289342131576","0.09338132373525294","0.2783075089392133","0.07660467906418715","4.33666856506693","8085","4364"
"fig3b","33.94459852606504","0.13593563908785256","5000","1673","450","0.33473305338932213","0.09018196360727855","0.2694145758661888","0.07344531093781244","4.786785224715629","8086","4365"
"fig3b","33.94459852606504","0.14677992676220697","5000","1884","417","0.3769246150769846","0.08358328334333133","0.22175066312997346","0.06473705258948209","5.290969719886448","8087","4366"
"fig3b","33.94459852606504","0.15848931924611134","5000","1856","364","0.3713257348530294","0.07298540291941612","0.19655358104469575","0.05441911617676465","5.857008170550898","8088","4367"
"fig3b","33.94459852606504","0.1711328304161781","5000","1974","298","0.39492101579684064","0.0597880423915217","0.15139240506329113","0.04004199160167966","6.494017317520218","8089","4368"
"fig3b","33.94459852606504","0.18478497974222907","5000","2060","272","0.41211757648470304","0.05458908218356329","0.1324599708879185","0.03398320335932813","7.212708539509208","8090","4369"
"fig3b","33.94459852606504","0.19952623149688797","5000","2069","209","0.41391721655668867","0.041991601679664065","0.10144927536231883","0.021295740851829628","8.025711822135975","8091","4370"
"fig3b","33.94459852606504","0.21544346900318834","5000","2161","179","0.4323135372925415","0.035992801439712056","0.08325624421831637","0.014377124575084978","8.947975170159623","8092","4371"
"fig3b","33.94459852606504","0.23263050671536262","5000","2147","140","0.4295140971805639","0.028194361127774445","0.06564245810055866","0.006718656268746251","9.99725949157056","8093","4372"
"fig3b","33.94459852606504","0.25118864315095796","5000","2209","81","0.4419116176764647","0.016396720655868825","0.037104072398190045","-0.005698860227954412","11.194755015995781","8094","4373"
"fig3b","33.94459852606504","0.27122725793320285","5000","2214","75","0.4429114177164567","0.015196960607878424","0.03431151241534989","-0.0069486102779444114","12.565853390503094","8095","4374"
"fig3b","33.94459852606504","0.29286445646252357","5000","2300","53","0.46010797840431916","0.010797840431913617","0.02346805736636245","-0.012207558488302342","14.141120495987366","8096","4375"
"fig3b","33.94459852606504","0.31622776601683794","5000","2319","25","0.46390721855628875","0.005198960207958408","0.011206896551724138","-0.01799640071985603","15.95752983916941","8097","4376"
"fig3b","33.94459852606504","0.34145488738336005","5000","2381","16","0.47630473905218956","0.0033993201359728054","0.007136859781696054","-0.020415916816636674","18.060036651440726","8098","4377"
"fig3b","33.94459852606504","0.3686945064519575","5000","2377","10","0.47550489902019594","0.0021995600879824036","0.00462573591253154","-0.021575684863027397","20.503600783841847","8099","4378"
"fig3b","33.94459852606504","0.3981071705534973","5000","2402","2","0.48050389922015596","0.0005998800239952009","0.0012484394506866417","-0.0234253149370126","23.355805302130904","8100","4379"
"fig3b","33.94459852606504","0.42986623470822766","5000","2380","2","0.4761047790441912","0.0005998800239952009","0.0012599748005039898","-0.02320535892821436","26.70027189785546","8101","4380"
"fig3b","33.94459852606504","0.464158883361278","5000","2391","0","0.4783043391321736","0.0001999600079984003","0.0004180602006688963","-0.02371525694861028","30.64115028769362","8102","4381"
"fig3b","33.94459852606504","0.5011872336272722","5000","2423","0","0.48470305938812236","0.0001999600079984003","0.00041254125412541255","-0.02403519296140772","35.30906565520297","8103","4382"
"fig3b","33.94459852606504","0.5411695265464638","5000","2363","0","0.47270545890821836","0.0001999600079984003","0.00042301184433164127","-0.02343531293741252","40.869057878887844","8104","4383"
"fig3b","33.94459852606504","0.5843414133735175","5000","2340","0","0.46810637872425515","0.0001999600079984003","0.00042716787697565144","-0.02320535892821436","47.531253214858566","8105","4384"
"fig3b","33.94459852606504","0.6309573444801932","5000","2315","0","0.4631073785242951","0.0001999600079984003","0.0004317789291882556","-0.022955408918216357","55.565285898405875","8106","4385"
"fig3b","33.94459852606504","0.6812920690579611","5000","2180","0","0.4361127774445111","0.0001999600079984003","0.0004585052728106373","-0.02160567886422716","65.31982889533634","8107","4386"
"fig3b","33.94459852606504","0.7356422544596414","5000","2272","0","0.45450909818036395","0.0001999600079984003","0.00043994720633523974","-0.0225254949010198","77.24892701264861","8108","4387"
"fig3b","33.94459852606504","0.7943282347242814","5000","2222","0","0.4445110977804439","0.0001999600079984003","0.000449842555105713","-0.022025594881023798","91.94685760171944","8109","4388"
"fig3b","33.94459852606504","0.8576958985908941","5000","2106","0","0.42131573685262946","0.0001999600079984003","0.00047460844803037496","-0.020865826834633075","110.16390370051892","8110","4389"
"fig3b","33.94459852606504","0.9261187281287933","5000","2037","0","0.40751849630073983","0.0001999600079984003","0.0004906771344455348","-0.020175964807038593","132.96545780753058","8111","4390"
"fig3b","33.94459852606504","1.0","5000","1970","0","0.394121175764847","0.0001999600079984003","0.0005073566717402334","-0.019506098780243952","161.6247778308114","8112","4391"
"fig3b","36.84811991191141","0.01","5000","591","369","0.118376324735053","0.07398520295940812","0.625","0.06806638672265547","0.24890190576297755","8113","4392"
"fig3b","36.84811991191141","0.0107977516232771","5000","612","406","0.1225754849030194","0.08138372325534893","0.6639477977161501","0.07525494901019796","0.2736729570686691","8114","4393"
"fig3b","36.84811991191141","0.011659144011798317","5000","621","392","0.124375124975005","0.07858428314337132","0.6318327974276527","0.07236552689462107","0.3005243066612877","8115","4394"
"fig3b","36.84811991191141","0.012589254117941675","5000","613","445","0.1227754449110178","0.08918216356728655","0.7263843648208469","0.08304339132173566","0.3296394077445086","8116","4395"
"fig3b","36.84811991191141","0.013593563908785255","5000","642","412","0.1285742851429714","0.08258348330333934","0.6423017107309488","0.07615476904619077","0.36121930681963477","8117","4396"
"fig3b","36.84811991191141","0.014677992676220698","5000","662","426","0.13257348530293941","0.08538292341531693","0.6440422322775263","0.07875424915016996","0.3954845525148585","8118","4397"
"fig3b","36.84811991191141","0.015848931924611134","5000","630","413","0.1261747650469906","0.08278344331133773","0.6561014263074485","0.07647470505898821","0.4326773443498837","8119","4398"
"fig3b","36.84811991191141","0.01711328304161781","5000","696","452","0.13937212557488501","0.09058188362327535","0.6499282639885223","0.0836132773445311","0.47306395613912855","8120","4399"
"fig3b","36.84811991191141","0.018478497974222907","5000","638","456","0.1277744451109778","0.09138172365526895","0.7151799687010956","0.08499300139972006","0.5169374743475714","8121","4400"
"fig3b","36.84811991191141","0.0199526231496888","5000","700","464","0.1401719656068786","0.09298140371925614","0.6633380884450785","0.08597280543891221","0.5646208983435486","8122","4401"
"fig3b","36.84811991191141","0.021544346900318832","5000","742","451","0.14857028594281144","0.09038192361527694","0.6083445491251682","0.08295340931813637","0.6164706572781142","8123","4402"
"fig3b","36.84811991191141","0.02326305067153626","5000","719","472","0.14397120575884823","0.09458108378324336","0.6569444444444444","0.08738252349530094","0.6728806075497573","8124","4403"
"fig3b","36.84811991191141","0.025118864315095794","5000","750","456","0.15016996600679863","0.09138172365526895","0.6085219707057258","0.08387322535492901","0.7342865857204401","8125","4404"
"fig3b","36.84811991191141","0.02712272579332028","5000","788","456","0.15776844631073786","0.09138172365526895","0.5792141951837769","0.08349330133973205","0.8011716046864876","8126","4405"
"fig3b","36.84811991191141","0.029286445646252372","5000","812","442","0.16256748650269945","0.08858228354329134","0.5448954489544896","0.08045390921815637","0.8740717962896838","8127","4406"
"fig3b","36.84811991191141","0.03162277660168379","5000","780","488","0.15616876624675066","0.09778044391121776","0.6261203585147247","0.08997200559888023","0.9535832218757321","8128","4407"
"fig3b","36.84811991191141","0.034145488738336005","5000","870","512","0.17416516696660667","0.10257948410317937","0.5889781859931115","0.09387122575484903","1.040369694166145","8129","4408"
"fig3b","36.84811991191141","0.03686945064519575","5000","901","516","0.1803639272145571","0.10337932413517296","0.573170731707317","0.09436112777444511","1.1351717799815333","8130","4409"
"fig3b","36.84811991191141","0.039810717055349734","5000","967","512","0.19356128774245152","0.10257948410317937","0.5299586776859504","0.09290141971605678","1.2388171847272247","8131","4410"
"fig3b","36.84811991191141","0.042986623470822764","5000","1008","515","0.20175964807038593","0.10317936412717456","0.5113974231912785","0.09309138172365526","1.3522327572891868","8132","4411"
"fig3b","36.84811991191141","0.046415888336127774","5000","982","508","0.1965606878624275","0.10177964407118577","0.5178026449643948","0.0919516096780644","1.4764583994649456","8133","4412"
"fig3b","36.84811991191141","0.05011872336272722","5000","1067","521","0.21355728854229153","0.10437912417516497","0.48876404494382025","0.0937012597480504","1.612663219051882","8134","4413"
"fig3b","36.84811991191141","0.054116952654646375","5000","1047","542","0.20955808838232354","0.10857828434313137","0.5181297709923663","0.09810037992401519","1.7621643323683998","8135","4414"
"fig3b","36.84811991191141","0.05843414133735175","5000","1070","535","0.21415716856628675","0.10717856428714258","0.5004668534080299","0.09647070585882823","1.92644880304249","8136","4415"
"fig3b","36.84811991191141","0.06309573444801933","5000","1166","503","0.23335332933413316","0.10077984403119376","0.4318766066838047","0.08911217756448711","2.1071993027717326","8137","4416"
"fig3b","36.84811991191141","0.06812920690579614","5000","1210","519","0.2421515696860628","0.10397920415916817","0.42939719240297275","0.09187162567486504","2.3063242007527833","8138","4417"
"fig3b","36.84811991191141","0.07356422544596414","5000","1233","531","0.24675064987002598","0.10637872425514897","0.43111831442463533","0.09404119176164766","2.525992937042105","8139","4418"
"fig3b","36.84811991191141","0.07943282347242814","5000","1215","534","0.24315136972605478","0.10697860427914417","0.4399671052631579","0.09482103579284143","2.768677718203861","8140","4419"
"fig3b","36.84811991191141","0.08576958985908942","5000","1305","504","0.2611477704459108","0.10097980403919216","0.38667687595712097","0.08792241551689661","3.0372028000574858","8141","4420"
"fig3b","36.84811991191141","0.09261187281287937","5000","1338","522","0.26774645070985803","0.10457908418316336","0.3905899925317401","0.09119176164767046","3.3348029035529123","8142","4421"
"fig3b","36.84811991191141","0.1","5000","1492","467","0.2985402919416117","0.09358128374325135","0.3134628265237776","0.07865426914617077","3.6651926604272944","8143","4422"
"fig3b","36.84811991191141","0.10797751623277094","5000","1502","467","0.3005398920215957","0.09358128374325135","0.311377245508982","0.07855428914217157","4.032649424310932","8144","4423"
"fig3b","36.84811991191141","0.11659144011798317","5000","1580","387","0.3161367726454709","0.07758448310337933","0.24541429475015814","0.061777644471105786","4.442112335106913","8145","4424"
"fig3b","36.84811991191141","0.12589254117941676","5000","1537","378","0.3075384923015397","0.07578484303139373","0.24642392717815348","0.06040791841631674","4.899301222133175","8146","4425"
"fig3b","36.84811991191141","0.13593563908785256","5000","1627","387","0.3255348930213957","0.07758448310337933","0.23832923832923836","0.06130773845230954","5.41085981724882","8147","4426"
"fig3b","36.84811991191141","0.14677992676220697","5000","1769","296","0.35392921415716855","0.0593881223755249","0.16779661016949154","0.04169166166766647","5.9845288794458895","8148","4427"
"fig3b","36.84811991191141","0.15848931924611134","5000","1800","272","0.36012797440511896","0.05458908218356329","0.1515824541921155","0.03658268346330734","6.629356282078334","8149","4428"
"fig3b","36.84811991191141","0.1711328304161781","5000","1840","252","0.368126374725055","0.05058988202359528","0.1374253123302553","0.03218356328734253","7.355952983550054","8150","4429"
"fig3b","36.84811991191141","0.18478497974222907","5000","1902","173","0.3805238952209558","0.03479304139172166","0.09143457698370994","0.01576684663067387","8.176806227000554","8151","4430"
"fig3b","36.84811991191141","0.19952623149688797","5000","1994","160","0.39892021595680865","0.03219356128774245","0.0807017543859649","0.012247550489902018","9.106664477465529","8152","4431"
"fig3b","36.84811991191141","0.21544346900318834","5000","1973","147","0.39472105578884226","0.02959408118376325","0.07497467071935157","0.009858028394321136","10.163012755592462","8153","4432"
"fig3b","36.84811991191141","0.23263050671536262","5000","2075","79","0.41511697660467906","0.015996800639872025","0.038535645472061654","-0.0047590481903619294","11.366662507039052","8154","4433"
"fig3b","36.84811991191141","0.25118864315095796","5000","2071","53","0.4143171365726855","0.010797840431913617","0.026061776061776062","-0.00991801639672066","12.742487427104209","8155","4434"
"fig3b","36.84811991191141","0.27122725793320285","5000","2071","41","0.4143171365726855","0.008398320335932814","0.020270270270270268","-0.012317536492701463","14.320346392882414","8156","4435"
"fig3b","36.84811991191141","0.29286445646252357","5000","2144","20","0.4289142171565687","0.004199160167966407","0.009790209790209791","-0.017246550689862028","16.136247746673973","8157","4436"
"fig3b","36.84811991191141","0.31622776601683794","5000","2076","14","0.4153169366126775","0.002999400119976005","0.007221954742416947","-0.01776644671065787","18.23382688793737","8158","4437"
"fig3b","36.84811991191141","0.34145488738336005","5000","2188","8","0.4377124575084983","0.001799640071985603","0.004111466423024212","-0.020085982803439314","20.666233228273228","8159","4438"
"fig3b","36.84811991191141","0.3686945064519575","5000","2233","2","0.44671065786842634","0.0005998800239952009","0.001342882721575649","-0.021735652869426116","23.49855549243324","8160","4439"
"fig3b","36.84811991191141","0.3981071705534973","5000","2196","1","0.4393121375724855","0.0003999200159968006","0.0009103322712790169","-0.021565686862627477","26.81095947406206","8161","4440"
"fig3b","36.84811991191141","0.42986623470822766","5000","2155","0","0.4311137772445511","0.0001999600079984003","0.00046382189239332097","-0.021355728854229157","30.702774203903346","8162","4441"
"fig3b","36.84811991191141","0.464158883361278","5000","2227","0","0.4455108978204359","0.0001999600079984003","0.0004488330341113106","-0.022075584883023396","35.2978468640147","8163","4442"
"fig3b","36.84811991191141","0.5011872336272722","5000","2160","0","0.4321135772845431","0.0001999600079984003","0.00046274872744099955","-0.021405718856228755","40.751600360644375","8164","4443"
"fig3b","36.84811991191141","0.5411695265464638","5000","2119","0","0.42391521695660866","0.0001999600079984003","0.0004716981132075472","-0.020995800839832036","47.26037577239455","8165","4444"
"fig3b","36.84811991191141","0.5843414133735175","5000","2146","0","0.4293141371725655","0.0001999600079984003","0.00046576618537494174","-0.021265746850629878","55.03220427956637","8166","4445"
"fig3b","36.84811991191141","0.6309573444801932","5000","2070","0","0.41411717656468705","0.0001999600079984003","0.0004828585224529213","-0.020505898820235954","64.40955725576714","8167","4446"
"fig3b","36.84811991191141","0.6812920690579611","5000","2051","0","0.41031793641271747","0.0001999600079984003","0.0004873294346978557","-0.020315936812637474","75.82950957421195","8168","4447"
"fig3b","36.84811991191141","0.7356422544596414","5000","2019","0","0.4039192161567686","0.0001999600079984003","0.0004950495049504951","-0.019996000799840034","89.82680065565242","8169","4448"
"fig3b","36.84811991191141","0.7943282347242814","5000","1958","0","0.39172165566886624","0.0001999600079984003","0.0005104645227156712","-0.019386122775444915","107.08911285954929","8170","4449"
"fig3b","36.84811991191141","0.8576958985908941","5000","1894","0","0.3789242151569686","0.0001999600079984003","0.0005277044854881266","-0.018746250749850032","128.4872124185028","8171","4450"
"fig3b","36.84811991191141","0.9261187281287933","5000","1779","0","0.35592881423715256","0.0001999600079984003","0.0005617977528089888","-0.01759648070385923","155.0746473089045","8172","4451"
"fig3b","36.84811991191141","1.0","5000","1668","0","0.33373325334933013","0.0001999600079984003","0.0005991611743559018","-0.016486702659468108","187.95693501493713","8173","4452"
"fig3b","40.0","0.01","5000","856","389","0.17136572685462909","0.07798440311937613","0.45507584597432904","0.06941611677664468","0.06812303448836587","8174","4453"
"fig3b","40.0","0.0107977516232771","5000","886","388","0.1773645270945811","0.07778444311137772","0.4385569334836527","0.06891621675664866","0.09221172119131893","8175","4454"
"fig3b","40.0","0.011659144011798317","5000","866","380","0.17336532693461307","0.07618476304739052","0.43944636678200694","0.06751649670065987","0.11832159307368784","8176","4455"
"fig3b","40.0","0.012589254117941675","5000","857","372","0.17156568686262746","0.07458508298340331","0.4347319347319347","0.06600679864027194","0.14663060317366217","8177","4456"
"fig3b","40.0","0.013593563908785255","5000","868","371","0.17376524695060988","0.07438512297540492","0.428078250863061","0.06569686062787443","0.17733372673058057","8178","4457"
"fig3b","40.0","0.014677992676220698","5000","901","409","0.1803639272145571","0.08198360327934413","0.45454545454545453","0.07296540691861628","0.21064480193388135","8179","4458"
"fig3b","40.0","0.015848931924611134","5000","892","415","0.1785642871425715","0.08318336332733453","0.46584546472564387","0.07425514897020595","0.24679860129083409","8180","4459"
"fig3b","40.0","0.01711328304161781","5000","899","378","0.1799640071985603","0.07578484303139373","0.42111111111111116","0.06678664267146571","0.2860531668921453","8181","4460"
"fig3b","40.0","0.018478497974222907","5000","845","428","0.16916616676664667","0.08578284343131373","0.5070921985815603","0.0773245350929814","0.32869244822592236","8182","4461"
"fig3b","40.0","0.0199526231496888","5000","821","405","0.16436712657468505","0.08118376324735053","0.4939172749391728","0.07296540691861628","0.37502928753434617","8183","4462"
"fig3b","40.0","0.021544346900318832","5000","891","418","0.1783643271345731","0.08378324335132974","0.4697309417040359","0.07486502699460108","0.4254088051802114","8184","4463"
"fig3b","40.0","0.02326305067153626","5000","918","376","0.1837632473505299","0.07538492301539693","0.4102285092491839","0.06619676064787043","0.4802122463125329","8185","4464"
"fig3b","40.0","0.025118864315095794","5000","911","410","0.18236352729454108","0.08218356328734253","0.4506578947368421","0.07306538692261547","0.5398613605772198","8186","4465"
"fig3b","40.0","0.02712272579332028","5000","961","431","0.1923615276944611","0.08638272345530894","0.4490644490644491","0.07676464707058589","0.6048233990106269","8187","4466"
"fig3b","40.0","0.029286445646252372","5000","947","380","0.1895620875824835","0.07618476304739052","0.4018987341772152","0.06670665866826635","0.6756168269871807","8188","4467"
"fig3b","40.0","0.03162277660168379","5000","955","384","0.1911617676464707","0.07698460307938412","0.40271966527196656","0.06742651469706058","0.7528178696499594","8189","4468"
"fig3b","40.0","0.034145488738336005","5000","1033","379","0.20675864827034593","0.07598480303939212","0.36750483558994196","0.06564687062587482","0.8370680271930553","8190","4469"
"fig3b","40.0","0.03686945064519575","5000","1025","423","0.20515896820635873","0.08478304339132174","0.4132553606237817","0.0745250949810038","0.9290827224544671","8191","4470"
"fig3b","40.0","0.039810717055349734","5000","1079","416","0.21595680863827235","0.08338332333533294","0.3861111111111111","0.07258548290341932","1.0296612733527297","8192","4471"
"fig3b","40.0","0.042986623470822764","5000","1079","464","0.21595680863827235","0.09298140371925614","0.4305555555555555","0.08218356328734253","1.1396984188745876","8193","4472"
"fig3b","40.0","0.046415888336127774","5000","1067","424","0.21355728854229153","0.08498300339932013","0.39794007490636707","0.07430513897220556","1.2601976709548808","8194","4473"
"fig3b","40.0","0.05011872336272722","5000","1152","437","0.23055388922215556","0.08758248350329934","0.3798785776235906","0.07605478904219155","1.3922868173377765","8195","4474"
"fig3b","40.0","0.054116952654646375","5000","1237","441","0.24755048990201958","0.08838232353529295","0.35702746365105015","0.07600479904019197","1.5372359644914013","8196","4475"
"fig3b","40.0","0.05843414133735175","5000","1167","431","0.23355328934213157","0.08638272345530894","0.3698630136986301","0.07470505898820236","1.696478587470125","8197","4476"
"fig3b","40.0","0.06309573444801933","5000","1164","437","0.23295340931813638","0.08758248350329934","0.37596566523605146","0.07593481303739252","1.871636148591449","8198","4477"
"fig3b","40.0","0.06812920690579614","5000","1288","432","0.25774845030993804","0.08658268346330734","0.3359193173002327","0.07369526094781044","2.0645469630801188","8199","4478"
"fig3b","40.0","0.07356422544596414","5000","1198","404","0.23975204959008198","0.08098380323935213","0.3377814845704754","0.06899620075984803","2.2773001326912095","8200","4479"
"fig3b","40.0","0.07943282347242814","5000","1359","404","0.27194561087782443","0.08098380323935213","0.2977941176470588","0.0673865226954609","2.51227554450071","8201","4480"
"fig3b","40.0","0.08576958985908942","5000","1282","359","0.2565486902619476","0.07198560287942411","0.2805923616523772","0.05915816836632673","2.7721911501172656","8202","4481"
"fig3b","40.0","0.09261187281287937","5000","1408","374","0.28174365126974604","0.07498500299940011","0.26614620298083747","0.06089782043591281","3.0601590115658155","8203","4482"
"fig3b","40.0","0.1","5000","1378","390","0.275744851029794","0.07818436312737452","0.28353879622915157","0.06439712057588481","3.3797519382816006","8204","4483"
"fig3b","40.0","0.10797751623277094","5000","1443","327","0.2887422515496901","0.0655868826234753","0.2271468144044321","0.05114977004599079","3.7350829635314255","8205","4484"
"fig3b","40.0","0.11659144011798317","5000","1527","323","0.30553889222155567","0.0647870425914817","0.21204188481675393","0.049510097980403914","4.130900442254131","8206","4485"
"fig3b","40.0","0.12589254117941676","5000","1595","323","0.3191361727654469","0.0647870425914817","0.20300751879699247","0.04883023395320935","4.572702227487042","8207","4486"
"fig3b","40.0","0.13593563908785256","5000","1615","298","0.32313537292541494","0.0597880423915217","0.18502475247524752","0.04363127374525095","5.066873240894012","8208","4487"
"fig3b","40.0","0.14677992676220697","5000","1535","251","0.30713857228554287","0.05038992201559688","0.16406250000000003","0.03503299340131974","5.62085184992344","8209","4488"
"fig3b","40.0","0.15848931924611134","5000","1703","208","0.34073185362927416","0.041791641671665665","0.12265258215962441","0.024755048990201957","6.243331873605655","8210","4489"
"fig3b","40.0","0.1711328304161781","5000","1734","182","0.34693061387722457","0.03659268146370726","0.10547550432276658","0.019246150769846034","6.9445088603406475","8211","4490"
"fig3b","40.0","0.18478497974222907","5000","1817","134","0.3635272945410918","0.026994601079784044","0.07425742574257425","0.008818236352729453","7.736381648279917","8212","4491"
"fig3b","40.0","0.19952623149688797","5000","1801","127","0.3603279344131174","0.02559488102379524","0.07103218645948946","0.007578484303139371","8.6331233145701","8213","4492"
"fig3b","40.0","0.21544346900318834","5000","1871","81","0.3743251349730054","0.016396720655868825","0.0438034188034188","-0.0023195360927814462","9.651539693520078","8214","4493"
"fig3b","40.0","0.23263050671536262","5000","1927","65","0.38552289542091583","0.013197360527894421","0.03423236514522821","-0.006078784243151371","10.811639039746552","8215","4494"
"fig3b","40.0","0.25118864315095796","5000","1963","55","0.39272145570885825","0.011197760447910418","0.0285132382892057","-0.008438312337532495","12.137343607682851","8216","4495"
"fig3b","40.0","0.27122725793320285","5000","1972","20","0.3945210957808438","0.004199160167966407","0.010643689812468323","-0.015526894621075786","13.657383579040413","8217","4496"
"fig3b","40.0","0.29286445646252357","5000","1951","11","0.3903219356128774","0.0023995200959808036","0.006147540983606557","-0.01711657668466307","15.406426828780127","8218","4497"
"fig3b","40.0","0.31622776601683794","5000","1986","11","0.39732053589282146","0.0023995200959808036","0.006039255158530447","-0.017466506698660268","17.42651579405029","8219","4498"
"fig3b","40.0","0.34145488738336005","5000","2047","6","0.40951809638072384","0.0013997200559888023","0.00341796875","-0.019076184763047392","19.768907060707562","8220","4499"
"fig3b","40.0","0.3686945064519575","5000","2002","1","0.40051989602079585","0.0003999200159968006","0.0009985022466300548","-0.019626074785042996","22.496442842034526","8221","4500"
"fig3b","40.0","0.3981071705534973","5000","2047","0","0.40951809638072384","0.0001999600079984003","0.00048828125","-0.020275944811037793","25.686630006692837","8222","4501"
"fig3b","40.0","0.42986623470822766","5000","2065","0","0.41311737652469505","0.0001999600079984003","0.000484027105517909","-0.020455908818236355","29.435666892052723","8223","4502"
"fig3b","40.0","0.464158883361278","5000","1897","0","0.3795240951809638","0.0001999600079984003","0.0005268703898840885","-0.018776244751049793","33.8637478404774","8224","4503"
"fig3b","40.0","0.5011872336272722","5000","2016","0","0.40331933613277343","0.0001999600079984003","0.0004957858205255329","-0.019966006798640273","39.12209922792886","8225","4504"
"fig3b","40.0","0.5411695265464638","5000","1919","0","0.38392321535692864","0.0001999600079984003","0.0005208333333333333","-0.018996200759848033","45.40236875012096","8226","4505"
"fig3b","40.0","0.5843414133735175","5000","1881","0","0.3763247350529894","0.0001999600079984003","0.0005313496280552603","-0.01861627674465107","52.94920851412013","8227","4506"
"fig3b","40.0","0.6309573444801932","5000","1885","0","0.377124575084983","0.0001999600079984003","0.0005302226935312832","-0.018656268746250752","62.07715057347815","8228","4507"
"fig3b","40.0","0.6812920690579611","5000","1807","0","0.3615276944611078","0.0001999600079984003","0.0005530973451327434","-0.01787642471505699","73.1697644879363","8229","4508"
"fig3b","40.0","0.7356422544596414","5000","1720","0","0.34413117376524693","0.0001999600079984003","0.0005810575246949448","-0.017006598680263947","86.73981644352199","8230","4509"
"fig3b","40.0","0.7943282347242814","5000","1677","0","0.33553289342131576","0.0001999600079984003","0.0005959475566150178","-0.01657668466306739","103.53272283683563","8231","4510"
"fig3b","40.0","0.8576958985908941","5000","1600","0","0.32013597280543893","0.0001999600079984003","0.0006246096189881324","-0.015806838632273546","124.44419231979361","8232","4511"
"fig3b","40.0","0.9261187281287933","5000","1586","0","0.3173365326934613","0.0001999600079984003","0.000630119722747322","-0.015666866626674665","150.59024740054093","8233","4512"
"fig3b","40.0","1.0","5000","1517","0","0.30353929214157166","0.0001999600079984003","0.0006587615283267457","-0.014977004599080183","183.224269940696","8234","4513"
