local_numi_reco_bin,local_numi_reco_bin_000,local_numi_reco_bin_001,local_numi_reco_bin_002,local_numi_reco_bin_003,local_numi_reco_bin_004,local_numi_reco_bin_005,local_numi_reco_bin_006,local_numi_reco_bin_007,local_numi_reco_bin_008,local_numi_reco_bin_009,local_numi_reco_bin_010,local_numi_reco_bin_011,local_numi_reco_bin_012,local_numi_reco_bin_013,local_numi_reco_bin_014,local_numi_reco_bin_015,local_numi_reco_bin_016,local_numi_reco_bin_017,local_numi_reco_bin_018,local_numi_reco_bin_019,local_numi_reco_bin_020,local_numi_reco_bin_021,local_numi_reco_bin_022,local_numi_reco_bin_023,local_numi_reco_bin_024,local_numi_reco_bin_025,local_numi_reco_bin_026,local_numi_reco_bin_027,local_numi_reco_bin_028,local_numi_reco_bin_029,local_numi_reco_bin_030,local_numi_reco_bin_031,local_numi_reco_bin_032,local_numi_reco_bin_033,local_numi_reco_bin_034,local_numi_reco_bin_035,local_numi_reco_bin_036,local_numi_reco_bin_037,local_numi_reco_bin_038,local_numi_reco_bin_039,local_numi_reco_bin_040,local_numi_reco_bin_041,local_numi_reco_bin_042,local_numi_reco_bin_043,local_numi_reco_bin_044,local_numi_reco_bin_045,local_numi_reco_bin_046,local_numi_reco_bin_047,local_numi_reco_bin_048,local_numi_reco_bin_049,local_numi_reco_bin_050,local_numi_reco_bin_051,local_numi_reco_bin_052,local_numi_reco_bin_053,local_numi_reco_bin_054,local_numi_reco_bin_055,local_numi_reco_bin_056,local_numi_reco_bin_057,local_numi_reco_bin_058,local_numi_reco_bin_059,local_numi_reco_bin_060,local_numi_reco_bin_061,local_numi_reco_bin_062,local_numi_reco_bin_063,local_numi_reco_bin_064,local_numi_reco_bin_065,local_numi_reco_bin_066,local_numi_reco_bin_067,local_numi_reco_bin_068,local_numi_reco_bin_069,local_numi_reco_bin_070,local_numi_reco_bin_071,local_numi_reco_bin_072,local_numi_reco_bin_073,local_numi_reco_bin_074,local_numi_reco_bin_075,local_numi_reco_bin_076,local_numi_reco_bin_077,local_numi_reco_bin_078,local_numi_reco_bin_079,local_numi_reco_bin_080,local_numi_reco_bin_081,local_numi_reco_bin_082,local_numi_reco_bin_083,local_numi_reco_bin_084,local_numi_reco_bin_085,local_numi_reco_bin_086,local_numi_reco_bin_087,local_numi_reco_bin_088,local_numi_reco_bin_089,local_numi_reco_bin_090,local_numi_reco_bin_091,local_numi_reco_bin_092,local_numi_reco_bin_093,local_numi_reco_bin_094,local_numi_reco_bin_095,local_numi_reco_bin_096,local_numi_reco_bin_097,local_numi_reco_bin_098,local_numi_reco_bin_099,local_numi_reco_bin_100,local_numi_reco_bin_101,local_numi_reco_bin_102,local_numi_reco_bin_103
0,0.14568200000000001,0.0080064400000000001,0.035010800000000002,0.050154700000000003,0.074560699999999994,0.095900200000000005,0.083970600000000006,0.069450600000000001,0.064854899999999993,0.053203,0.0479838,0.037915200000000003,0.035040000000000002,0.025258800000000001,0.019082499999999999,0.0220436,0.016487499999999999,0.0153565,0.0122135,0.0134208,0.0066420999999999997,0.0050920499999999999,0.0059599700000000002,0.0047072199999999998,0.0044007600000000001,0.0270946,5.1795000000000001e-05,0.0024510700000000001,0.0126707,0.018079100000000001,0.028110099999999999,0.025522,0.029644899999999998,0.025734400000000001,0.025834699999999999,0.016667000000000001,0.022401600000000001,0.017307300000000001,0.012226000000000001,0.00906649,0.0113603,0.015213600000000001,0.010755600000000001,0.0077496800000000001,0.0066488199999999997,0.0064687399999999997,0.0033913099999999998,0.00508837,0.0045293399999999998,0.0033374199999999998,0.000148684,0.0092915299999999992,0.0053770299999999997,0.0191133,0.84001599999999998,1.43161,1.49983,1.1714100000000001,0.95325800000000005,0.73930099999999999,0.57726900000000003,0.42673499999999998,0.27737499999999998,0.24181,0.17383899999999999,0.104589,0.078093700000000002,0.0708762,0.048112700000000001,0.030735800000000001,0.024981300000000001,0.013350900000000001,0.022501199999999999,0.0093163299999999994,0.00344341,0.0060698499999999999,0.0046823699999999999,0.019015500000000001,0.0074036299999999996,0.087762800000000002,1.1108,1.9083000000000001,2.1097800000000002,1.97122,1.51345,1.35565,1.04833,0.78969699999999998,0.61114900000000005,0.45708100000000002,0.37774799999999997,0.296927,0.22170100000000001,0.117995,0.14008699999999999,0.082288500000000001,0.058576799999999998,0.051942700000000001,0.034563099999999999,0.019258600000000001,0.0098219499999999994,0.0261575,0.0217153,0.110791
1,0.0080064400000000001,4.3905399999999997,7.6520299999999999,14.1258,20.745699999999999,25.363,25.560700000000001,24.032699999999998,21.744599999999998,18.057300000000001,17.0334,16.343,11.2249,6.1865199999999998,6.6730200000000002,8.4936199999999999,4.4434399999999998,6.2068700000000003,3.8338000000000001,3.7940200000000002,2.3560099999999999,1.3890499999999999,3.3991899999999999,1.8621799999999999,1.65672,5.8325100000000001,0.048162999999999997,0.80592699999999995,2.5901800000000001,5.8232799999999996,7.22525,9.4883299999999995,10.0099,7.8297800000000004,10.9442,6.6075600000000003,6.3552400000000002,7.8021599999999998,4.9431599999999998,3.6713399999999998,4.2469400000000004,4.0816100000000004,3.4745400000000002,3.2021000000000002,0.16803399999999999,0.98764600000000002,1.55162,0.87363000000000002,1.00804,2.00807,0.81330100000000005,3.7382300000000002,2.4798,2.5683699999999998,175.114,339.221,386.39800000000002,350.05099999999999,277.82499999999999,218.33699999999999,168.09299999999999,175.97300000000001,97.401200000000003,91.845100000000002,63.875599999999999,30.804600000000001,35.443300000000001,22.865200000000002,17.162700000000001,11.288399999999999,5.78653,2.7163599999999999,3.3082099999999999,7.2613700000000003,0.122821,3.3568099999999998,1.9531000000000001,7.0432899999999998,3.2243900000000001,25.427499999999998,346.56400000000002,592.14300000000003,711.32899999999995,761.35400000000004,642.46799999999996,560.00400000000002,474.13799999999998,395.59899999999999,324.72199999999998,191.137,162.70699999999999,116.393,92.274799999999999,57.974899999999998,62.873100000000001,38.420400000000001,29.299099999999999,14.205299999999999,18.029900000000001,11.2384,-0.29754900000000001,5.6170900000000001,4.1038399999999999,11.521699999999999
2,0.035010800000000002,7.6520299999999999,61.256300000000003,82.025300000000001,136.345,175.16900000000001,154.245,181.53,152.036,148.65100000000001,132.66399999999999,106.435,93.224199999999996,57.185499999999998,58.717100000000002,60.263199999999998,35.389499999999998,45.790799999999997,32.273800000000001,26.854900000000001,15.1546,12.031700000000001,28.687899999999999,15.047800000000001,6.2424499999999998,52.011800000000001,0.350968,5.1367799999999999,21.718299999999999,36.420999999999999,59.4651,73.334800000000001,70.034499999999994,75.037599999999998,79.0364,64.554699999999997,47.372199999999999,59.258000000000003,43.412799999999997,27.477,37.426000000000002,27.8294,32.087400000000002,27.119299999999999,17.896999999999998,7.9062599999999996,8.7871500000000005,9.3935200000000005,9.0500000000000007,13.940099999999999,7.4118000000000004,35.521299999999997,12.3848,13.955500000000001,871.61000000000001,1987.1900000000001,2416.96,2199.0500000000002,1820.48,1462.05,1330.52,1019.92,752.78999999999996,591.01900000000001,471.65300000000002,353.41699999999997,296.60399999999998,198.05500000000001,145.97399999999999,64.349900000000005,105.29300000000001,27.470300000000002,69.756900000000002,5.9179399999999998,23.694500000000001,20.282800000000002,12.459,65.281599999999997,16.4389,152.82599999999999,2124.5100000000002,3927.9499999999998,4941.6400000000003,5334.3199999999997,4506.8199999999997,4454.9899999999998,3573.1999999999998,3006.21,2559.6900000000001,1828.75,1323.47,1038.97,994.60299999999995,557.42700000000002,509.79700000000003,429.15199999999999,255.41999999999999,191.96100000000001,185.33799999999999,118.28,96.933899999999994,59.347900000000003,70.238799999999998,354.959
3,0.050154700000000003,14.1258,82.025300000000001,163.839,233.69300000000001,308.48599999999999,283.48899999999998,320.72399999999999,275.50400000000002,264.52800000000002,234.86600000000001,197.40600000000001,164.65100000000001,102.711,97.240499999999997,105.902,63.966000000000001,82.3065,59.165399999999998,46.431600000000003,28.837800000000001,22.3965,50.468299999999999,28.151700000000002,11.813499999999999,98.319400000000002,0.60876799999999998,7.8496699999999997,33.9816,65.510000000000005,102.154,128.773,126.426,131.93000000000001,137.303,113.217,92.993899999999996,115.56100000000001,74.337400000000002,52.877200000000002,66.147300000000001,54.040599999999998,55.791800000000002,49.4283,25.145,13.871499999999999,19.999700000000001,17.424399999999999,17.6145,26.820699999999999,13.731199999999999,68.650700000000001,14.975099999999999,20.397300000000001,1430.0899999999999,3370.3099999999999,4225.21,3904.1599999999999,3258.5900000000001,2702.9899999999998,2337.8699999999999,1853,1384.5899999999999,1125.0999999999999,831.60699999999997,623.23599999999999,531.74099999999999,346.71800000000002,289.88799999999998,119.17700000000001,165.89699999999999,72.3279,111.622,16.2318,35.168399999999998,28.6005,29.6706,134.86699999999999,28.295500000000001,274.53699999999998,3610.7800000000002,6806.6800000000003,8777.3799999999992,9554.6900000000005,8363.3700000000008,8157.8900000000003,6451.1199999999999,5400.8000000000002,4643.25,3249.1500000000001,2496.8699999999999,1968.28,1717.48,1024.6700000000001,968.63400000000001,760.50999999999999,450.63499999999999,331.23899999999998,346.637,225.19999999999999,163.56100000000001,165.84200000000001,135.71299999999999,662.84500000000003
4,0.074560699999999994,20.745699999999999,136.345,233.69300000000001,457.101,573.47699999999998,500.81700000000001,565.72799999999995,501.15600000000001,450.85599999999999,442.87299999999999,356.55200000000002,300.303,190.65000000000001,174.30500000000001,181.22399999999999,133.12100000000001,135.65100000000001,103.601,97.0732,48.406599999999997,37.865400000000001,84.5107,53.021799999999999,26.552700000000002,187.709,0.56861700000000004,15.439500000000001,53.0914,103.76900000000001,196.47200000000001,220.49700000000001,227.90899999999999,238.774,236.62899999999999,213.63900000000001,164.42699999999999,194.39699999999999,128.18199999999999,93.450500000000005,118.655,96.488,94.676900000000003,91.079300000000003,47.723799999999997,20.219999999999999,41.941299999999998,26.307500000000001,37.414900000000003,48.427,30.494900000000001,125.629,16.922000000000001,33.703200000000002,2190.7399999999998,5758.8699999999999,7391.8400000000001,6755.2200000000003,5895.5799999999999,4774.6300000000001,4073.6399999999999,3193.46,2402.54,1792.23,1517.46,975.096,887.971,575.92499999999995,496.39400000000001,139.34899999999999,313.11700000000002,129.58799999999999,159.93199999999999,13.8142,95.883499999999998,57.994,52.703600000000002,232.89699999999999,48.360399999999998,523.04300000000001,6827.4300000000003,12395.6,15885.5,17684.200000000001,14860.6,14990.200000000001,11096.799999999999,9198.1399999999994,7937.4799999999996,5871,4260.3400000000001,3490.1100000000001,2982.1799999999998,1792.04,1591.46,1310.4100000000001,721.09500000000003,487.54000000000002,544.45600000000002,257.57100000000003,285.822,303.18400000000003,252.881,966.25999999999999
5,0.095900200000000005,25.363,175.16900000000001,308.48599999999999,573.47699999999998,896.92200000000003,670.30700000000002,796.56299999999999,649.13900000000001,603.38599999999997,582.29600000000005,475.16199999999998,426.11399999999998,229.149,200.83600000000001,230.20500000000001,167.07300000000001,186.55099999999999,132.81200000000001,114.911,57.1053,36.067500000000003,115.288,79.255600000000001,16.9238,192.327,0.91189900000000002,16.223500000000001,61.886699999999998,156.35900000000001,307.15499999999997,307.22000000000003,297.38999999999999,319.11399999999998,297.65699999999998,288.68599999999998,216.34899999999999,298.95600000000002,156.19499999999999,120.864,169.16499999999999,100.627,130.392,132.042,58.185099999999998,15.1136,54.048099999999998,38.939100000000003,48.818399999999997,66.621099999999998,41.623600000000003,132.44300000000001,0.62843800000000005,52.481099999999998,2576.6500000000001,7475.2700000000004,10078.6,9015.9099999999999,7943.7600000000002,6647.3999999999996,5713.0699999999997,4219.3100000000004,3419.9200000000001,2493.6999999999998,1956.22,1336.78,1291.48,733.21699999999998,763.90899999999999,82.447299999999998,528.928,175.30500000000001,248.20699999999999,-27.128799999999998,119.821,63.137900000000002,77.443600000000004,312.02300000000002,56.306899999999999,613.12900000000002,8482.2299999999996,15958.5,21533.400000000001,24004.099999999999,19994.599999999999,21142.099999999999,14882.700000000001,11755.200000000001,10957.799999999999,7870.7600000000002,5847.2299999999996,5007.1800000000003,4158.2600000000002,2360.27,2157.25,1886.3099999999999,937.70600000000002,533.75800000000004,792.24199999999996,306.495,436.41800000000001,479.58600000000001,371.767,1122.3699999999999
6,0.083970600000000006,25.560700000000001,154.245,283.48899999999998,500.81700000000001,670.30700000000002,788.75699999999995,724.08799999999997,746.20500000000004,624.76499999999999,633.245,539.26599999999996,432.51999999999998,347.565,298.63600000000002,270.13900000000001,227.143,214.54400000000001,174.274,144.923,103.664,89.969300000000004,108.92100000000001,81.578299999999999,75.157200000000003,447.70100000000002,0.82664400000000005,20.0471,69.793599999999998,112.78400000000001,222.55600000000001,247.18799999999999,342.303,308.31,360.20400000000001,303.45800000000003,271.17899999999997,252.94499999999999,231.816,173.59100000000001,165.90600000000001,204.23400000000001,148.38900000000001,113.727,79.619100000000003,76.6464,68.083299999999994,53.3279,65.013999999999996,73.513499999999993,47.433999999999997,329.55900000000003,18.354800000000001,40.767800000000001,2758.23,7138.1499999999996,9177.9799999999996,9409.7099999999991,8190.4499999999998,7248.29,5464.04,4804.46,3436.25,2997.0100000000002,2214.8400000000001,1663.1800000000001,1138.0899999999999,1043.74,706.37599999999998,558.26499999999999,362.69299999999998,259.358,188.41499999999999,204.309,113.91500000000001,110.467,82.269999999999996,449.32999999999998,58.686300000000003,616.91499999999996,8841.4099999999999,16474.200000000001,21375.900000000001,23203.900000000001,21533.5,19976.099999999999,17560.400000000001,14714.5,11707.700000000001,9057.9200000000001,7445.3999999999996,5631.7600000000002,4455.6000000000004,3272.7600000000002,2723.3899999999999,2045,1532.1500000000001,1318.9100000000001,1001.1,769.45500000000004,546.35900000000004,646.56299999999999,435.88600000000002,2541.1300000000001
7,0.069450600000000001,24.032699999999998,181.53,320.72399999999999,565.72799999999995,796.56299999999999,724.08799999999997,889.83699999999999,740.75900000000001,690.75800000000004,658.48099999999999,538.28099999999995,476.44499999999999,302.73099999999999,275.66800000000001,272.279,212.916,226.42599999999999,167.93000000000001,135.00899999999999,83.691100000000006,69.503,131.315,87.260900000000007,40.245899999999999,322.81,1.17371,18.256399999999999,77.040199999999999,156.523,285.53800000000001,325.30200000000002,334.90899999999999,359.39499999999998,364.21899999999999,329.83199999999999,258.69200000000001,314.46800000000002,215.65899999999999,157.74100000000001,193.285,149.96299999999999,164.767,143.339,87.437200000000004,50.603200000000001,57.661099999999998,54.411099999999998,57.359900000000003,77.311000000000007,46.989899999999999,237.54499999999999,18.089200000000002,40.741599999999998,2580.8000000000002,7441.0200000000004,10204.200000000001,9674.8099999999995,8395.6700000000001,7276.8900000000003,6298.8999999999996,4819.8000000000002,3876.75,3030.6999999999998,2288.3000000000002,1786.8099999999999,1513.5799999999999,978.38,833.452,338.52800000000002,548.78499999999997,235.06200000000001,304.31599999999997,57.819200000000002,141.733,102.43300000000001,85.6126,411.19,56.127000000000002,567.48900000000003,8609.1599999999999,16783.700000000001,22640.599999999999,25068.099999999999,22026.599999999999,22361.400000000001,17690.400000000001,14724.4,12980,9542,7350.7200000000003,5995.8800000000001,5180.7200000000003,3285.0100000000002,2815.1999999999998,2384.7600000000002,1445.8099999999999,1071.3299999999999,1124.0799999999999,695.923,665.65099999999995,586.49900000000002,494.26100000000002,2199.2600000000002
8,0.064854899999999993,21.744599999999998,152.036,275.50400000000002,501.15600000000001,649.13900000000001,746.20500000000004,740.75900000000001,857.37300000000005,664.66099999999994,690.18700000000001,552.56299999999999,453.53500000000003,388.858,333.01100000000002,284.52800000000002,250.59700000000001,223.21199999999999,182.78200000000001,153.41800000000001,112.876,106.18600000000001,107.679,77.828100000000006,83.438199999999995,477.18000000000001,0.64415699999999998,21.787700000000001,76.266900000000007,104.379,213.65199999999999,258.00599999999997,351.65600000000001,334.91399999999999,383.99799999999999,327.74099999999999,287.68700000000001,241.24700000000001,249.92400000000001,181.70599999999999,166.61799999999999,217.34200000000001,158.892,114.31,91.398700000000005,88.941800000000001,65.281899999999993,56.874200000000002,67.105500000000006,73.609499999999997,45.103099999999998,349.16199999999998,31.1114,15.143800000000001,2272.6500000000001,6541.3900000000003,8904.4799999999996,9467.0699999999997,8246.5900000000001,7306.46,5833.6899999999996,4994.2399999999998,3732.3400000000001,3193.75,2443.3800000000001,1823,1242.4400000000001,1125.23,706.18799999999999,644.80700000000002,341.60300000000001,292.13999999999999,206.33199999999999,201.631,142.41800000000001,127.607,77.678799999999995,467.15899999999999,52.933999999999997,594.24300000000005,8821.9099999999999,16808.400000000001,21691,23874.400000000001,21914.799999999999,20173.400000000001,18028.299999999999,15791,12162.299999999999,9720.6000000000004,7735.2399999999998,5802.5900000000001,4865.3699999999999,3688.5599999999999,2898.3200000000002,2232.8299999999999,1657.49,1517.55,1106.74,917.83799999999997,696.35299999999995,648.971,483.99599999999998,3012.1999999999998
9,0.053203,18.057300000000001,148.65100000000001,264.52800000000002,450.85599999999999,603.38599999999997,624.76499999999999,690.75800000000004,664.66099999999994,662.57399999999996,576.31600000000003,472.33999999999997,405.02800000000002,312.46199999999999,287.47500000000002,244.673,201.71000000000001,196.74000000000001,157.35599999999999,124.017,90.234099999999998,83.946100000000001,109.492,69.843199999999996,53.5871,372.08999999999997,1.03651,19.7209,75.270399999999995,114.236,203.60599999999999,260.94600000000003,301.733,307.00599999999997,339.65199999999999,296.17200000000003,242.88200000000001,247.268,222.12,145.39500000000001,164.55099999999999,168.31999999999999,149,107.687,87.518299999999996,68.711100000000002,48.994399999999999,52.0379,53.020099999999999,64.101200000000006,38.226300000000002,276.68599999999998,27.3279,31.5793,2122.5300000000002,5949.79,8007.21,8291.3199999999997,7016.0799999999999,6277.5100000000002,5329.1700000000001,4209.9700000000003,3339.8099999999999,2738.1999999999998,2058.4899999999998,1735.79,1227.54,1014.35,698.94899999999996,469.13900000000001,412.60000000000002,220.36699999999999,255.018,122.523,111.59699999999999,96.452299999999994,71.492999999999995,411.36599999999999,48.743099999999998,517.51300000000003,7628.3500000000004,14758.200000000001,19452.900000000001,21191.599999999999,19438.799999999999,18649.799999999999,16296.1,13853.6,11237.799999999999,8836.5900000000001,6916.6700000000001,5358.1000000000004,4695.0100000000002,3176.8200000000002,2633.9899999999998,2151.1300000000001,1487.1199999999999,1315.9100000000001,1000.03,828.46799999999996,656.25999999999999,561.51499999999999,430.93400000000003,2641.5999999999999
10,0.0479838,17.0334,132.66399999999999,234.86600000000001,442.87299999999999,582.29600000000005,633.245,658.48099999999999,690.18700000000001,576.31600000000003,645.47299999999996,471.14699999999999,400.41500000000002,335.13,288.56599999999997,248.08000000000001,224.91499999999999,189.262,160.614,139.32300000000001,93.592299999999994,88.333799999999997,100.836,72.716099999999997,66.670100000000005,415.89400000000001,0.41311599999999998,19.193200000000001,65.475700000000003,92.219700000000003,199.744,231.65100000000001,301.97399999999999,301.41199999999998,329.64999999999998,295.51299999999998,252.28200000000001,220.90799999999999,215.727,159.005,152.76400000000001,182.00800000000001,138.73500000000001,105.58799999999999,79.478099999999998,70.5548,61.202500000000001,47.890799999999999,62.100700000000003,66.736800000000002,45.160800000000002,307.48200000000003,19.160799999999998,18.339200000000002,1898.52,5690.1300000000001,7868.0699999999997,8071.6700000000001,7199.4499999999998,6314.4499999999998,5229.6800000000003,4291.1400000000003,3316.6900000000001,2738.5100000000002,2173.1700000000001,1661.53,1136.8399999999999,962.28200000000004,686.26300000000003,514.52200000000005,367.53199999999998,271.238,208.316,134.179,148.38999999999999,118.387,70.267399999999995,425.86399999999998,48.019399999999997,537.63699999999994,7837.2299999999996,14807.700000000001,19060,21261.299999999999,19277.900000000001,18385.5,15829.6,13738.6,10932.4,8862.2700000000004,6865.3599999999997,5373.3299999999999,4556.3900000000003,3352.1799999999998,2657.3899999999999,2057.0100000000002,1468.1500000000001,1308.95,1004.4299999999999,787.92499999999995,651.82600000000002,613.36699999999996,470.38999999999999,2669.1500000000001
11,0.037915200000000003,16.343,106.435,197.40600000000001,356.55200000000002,475.16199999999998,539.26599999999996,538.28099999999995,552.56299999999999,472.33999999999997,471.14699999999999,449.61099999999999,330.22699999999998,269.55799999999999,232.846,207.97300000000001,184.56899999999999,166.309,132.90000000000001,112.812,84.909099999999995,72.030900000000003,86.721999999999994,67.125500000000002,58.382300000000001,346.18900000000002,0.65700800000000004,14.462199999999999,48.619500000000002,85.301000000000002,158.26599999999999,190.91999999999999,252.542,232.61799999999999,275.41699999999997,235.50700000000001,203.68700000000001,200.16900000000001,180.99799999999999,136.471,137.43799999999999,153.773,120.31399999999999,91.313000000000002,69.269999999999996,60.069200000000002,53.355699999999999,41.328299999999999,51.0824,59.131100000000004,38.775599999999997,259.53100000000001,11.704599999999999,26.991099999999999,1744.4100000000001,4839.3500000000004,6378.3800000000001,6650.0600000000004,5835.5100000000002,5216.3000000000002,4080.4099999999999,3584.5599999999999,2716.46,2251.1900000000001,1698.6600000000001,1301.3299999999999,976.81399999999996,822.55200000000002,564.90700000000004,421.13900000000001,323.42000000000002,205.86199999999999,155.221,163.93199999999999,101.483,90.655799999999999,68.484099999999998,347.86599999999999,42.396999999999998,426.96499999999997,6377.4399999999996,11845.5,15614.299999999999,17222.599999999999,16061.700000000001,15315.299999999999,13494.9,11452.5,9409.8700000000008,7313.5299999999997,6013.54,4578.4399999999996,3759.4400000000001,2835.5900000000001,2248.98,1767.1400000000001,1295.3800000000001,1081.4000000000001,860.476,665.755,534.11599999999999,531.53300000000002,380.51100000000002,2010.22
12,0.035040000000000002,11.2249,93.224199999999996,164.65100000000001,300.303,426.11399999999998,432.51999999999998,476.44499999999999,453.53500000000003,405.02800000000002,400.41500000000002,330.22699999999998,324.09500000000003,211.83699999999999,190.245,166.89699999999999,155.554,142.53,112.208,92.402799999999999,64.587999999999994,57.094700000000003,76.355699999999999,59.223399999999998,38.509799999999998,272.57900000000001,0.46717199999999998,10.585000000000001,42.9223,77.013000000000005,154.834,173.09700000000001,200.04400000000001,209.958,222.95099999999999,205.16900000000001,170.25200000000001,179.87,150.77500000000001,112.46899999999999,119.274,115.833,107.729,84.478099999999998,62.334400000000002,49.290599999999998,41.092700000000001,38.301699999999997,43.2136,52.013800000000003,34.020000000000003,210.166,4.0206400000000002,20.9983,1254.6500000000001,3855,5494.6999999999998,5438.71,4829.6000000000004,4448.7799999999997,3705.21,2963.2199999999998,2375.3200000000002,1950.1600000000001,1459.8900000000001,1224,912.61599999999999,690.11099999999999,548.46100000000001,321.72399999999999,343.44299999999998,193.29300000000001,176.75200000000001,87.227500000000006,106.173,84.501199999999997,58.617899999999999,310.05700000000002,26.2058,290.83499999999998,4871.6700000000001,9478.3400000000001,12863.1,14266.1,13119,13061.1,11197,9352.7099999999991,8178.46,6309.6999999999998,5040.1499999999996,4106.3800000000001,3476.3299999999999,2456.4499999999998,1981.72,1625.79,1129.8,917.30200000000002,825.19399999999996,582.84100000000001,523.41899999999998,473.96100000000001,382.91699999999997,1896.3499999999999
13,0.025258800000000001,6.1865199999999998,57.185499999999998,102.711,190.65000000000001,229.149,347.565,302.73099999999999,388.858,312.46199999999999,335.13,269.55799999999999,211.83699999999999,256.67500000000001,191.18000000000001,143.661,151.328,108.816,104.547,85.6845,74.139799999999994,71.745199999999997,51.738999999999997,42.814900000000002,58.561900000000001,338.017,0.21398,11.6646,37.822200000000002,28.340900000000001,70.991299999999995,95.703100000000006,173.53999999999999,156.499,195.197,166.83000000000001,155.80000000000001,103.401,147.542,106.614,84.317499999999995,139.334,82.940100000000001,49.793300000000002,58.7973,65.347300000000004,40.1068,33.900700000000001,43.0336,38.373800000000003,28.927900000000001,256.21199999999999,7.4837600000000002,14.7194,1026.52,2760.1199999999999,3622.4699999999998,4228.3800000000001,3732.23,3508.6300000000001,2680.1900000000001,2356.6999999999998,1831.45,1614.1600000000001,1247.0699999999999,1087.8099999999999,563.23800000000006,668.50900000000001,385.00099999999998,463.02600000000001,175.613,195.351,105.845,155.804,86.244699999999995,77.153199999999998,41.047800000000002,291.42599999999999,24.3004,289.06400000000002,4290.8800000000001,8028.2600000000002,10023.6,10820.1,10724.6,9521.8099999999995,9576.9599999999991,8458.4899999999998,6191.2799999999997,5521.9799999999996,4526.1400000000003,3377.4499999999998,2770.0900000000001,2371.54,1743,1273.3199999999999,1096.0899999999999,1111.95,653.76499999999999,672.96799999999996,495.69799999999998,460.61900000000003,307.53899999999999,2135.1300000000001
14,0.019082499999999999,6.6730200000000002,58.717100000000002,97.240499999999997,174.30500000000001,200.83600000000001,298.63600000000002,275.66800000000001,333.01100000000002,287.47500000000002,288.56599999999997,232.846,190.245,191.18000000000001,207.77799999999999,125.133,128.93600000000001,96.947900000000004,90.321200000000005,78.090000000000003,61.604399999999998,64.866100000000003,45.825800000000001,32.746299999999998,55.179900000000004,291.24799999999999,0.165966,12.663399999999999,39.424599999999998,24.004100000000001,56.846800000000002,85.085499999999996,151.453,135.68700000000001,179.256,147.887,130.042,80.392499999999998,142.11799999999999,88.099999999999994,72.829800000000006,115.617,74.880399999999995,40.289900000000003,50.380299999999998,59.412199999999999,27.9893,27.891500000000001,32.045000000000002,33.643300000000004,21.995899999999999,224.31700000000001,21.498799999999999,9.1014800000000005,934.42999999999995,2404.52,3146.5500000000002,3773.2600000000002,3271.77,3066.4499999999998,2315.5500000000002,2199.0599999999999,1472.49,1414.73,1115.1500000000001,959.23500000000001,496.721,601.80600000000004,292.25299999999999,417.83600000000001,132.179,137.92599999999999,77.856099999999998,155.506,70.433499999999995,76.888400000000004,31.818999999999999,245.40600000000001,21.475999999999999,240.52099999999999,3825.3000000000002,6943.5600000000004,8562.4200000000001,9176.7700000000004,9299.9200000000001,7857.9700000000003,8543.3299999999999,7556.4300000000003,5495.1599999999999,4732.4300000000003,3823.29,2833.3099999999999,2441.2199999999998,1875.8699999999999,1469.6099999999999,1113,997.28200000000004,972.97699999999998,554.74400000000003,556.30999999999995,362.45600000000002,314.23599999999999,244.352,1857.1900000000001
15,0.0220436,8.4936199999999999,60.263199999999998,105.902,181.22399999999999,230.20500000000001,270.13900000000001,272.279,284.52800000000002,244.673,248.08000000000001,207.97300000000001,166.89699999999999,143.661,125.133,143.25399999999999,87.292400000000001,87.669799999999995,72.223299999999995,59.545099999999998,47.8386,38.311700000000002,52.198900000000002,36.5227,29.858000000000001,188.53,0.53615400000000002,7.5914400000000004,30.0246,42.929699999999997,78.628799999999998,102.586,132.30099999999999,128.958,147.43199999999999,126.45099999999999,109.497,100.17700000000001,93.663799999999995,76.844700000000003,69.046199999999999,86.462800000000001,63.775199999999998,49.768900000000002,40.514699999999998,34.156799999999997,29.665400000000002,25.0397,28.284400000000002,29.417000000000002,18.771699999999999,137.19900000000001,14.860099999999999,6.6670800000000003,935.649,2509.5300000000002,3254.7800000000002,3456.7199999999998,3094.77,2661.5500000000002,2238.4099999999999,1945.1800000000001,1441.5999999999999,1253.53,988.52800000000002,763.24699999999996,541.976,464.017,308.56700000000001,272.976,165.54400000000001,126.063,111,71.657499999999999,63.0411,43.166800000000002,36.468000000000004,179.804,28.586400000000001,250.61699999999999,3369.4400000000001,6391.1999999999998,8157.4099999999999,9076.7299999999996,8618.2999999999993,8130.1700000000001,7350.8100000000004,6569.6599999999999,5254.1800000000003,4113.4399999999996,3330.6399999999999,2497.8600000000001,2145.73,1610.3,1326.3199999999999,995.69000000000005,742.82500000000005,693.36699999999996,500.995,427.05000000000001,300.17500000000001,270.08300000000003,210.08600000000001,1198.9100000000001
16,0.016487499999999999,4.4434399999999998,35.389499999999998,63.966000000000001,133.12100000000001,167.07300000000001,227.143,212.916,250.59700000000001,201.71000000000001,224.91499999999999,184.56899999999999,155.554,151.328,128.93600000000001,87.292400000000001,138.31999999999999,71.120800000000003,74.076599999999999,69.134799999999998,49.489899999999999,48.486899999999999,36.826000000000001,34.9208,43.192799999999998,243.643,-0.233928,7.1566400000000003,21.234100000000002,19.0412,52.119799999999998,64.283500000000004,110.845,109.38500000000001,125.614,112.992,107.142,78.130700000000004,105.639,75.343299999999999,66.7423,94.350700000000003,62.100700000000003,43.8675,40.247,48.205399999999997,30.296199999999999,24.4497,33.841799999999999,32.293799999999997,25.238099999999999,189.83500000000001,-0.74982700000000002,12.8187,605.01099999999997,1753.3099999999999,2520.0799999999999,2714.8899999999999,2518.4699999999998,2487.3899999999999,1896.4000000000001,1678.47,1348.8599999999999,1119.3900000000001,895.51999999999998,761.39999999999998,496.88900000000001,452.75,319.67599999999999,288.51400000000001,175.87799999999999,154.30099999999999,66.984499999999997,115.081,82.780100000000004,76.631799999999998,42.146799999999999,236.191,9.5391399999999997,149.81200000000001,2643.9099999999999,4875.0500000000002,6372.0900000000001,7196.1000000000004,7138.4899999999998,6851.7200000000003,6595.1499999999996,5775.0200000000004,4725.9300000000003,4089.1100000000001,3324.8800000000001,2733.9699999999998,2226.4099999999999,1820.9300000000001,1366.3,1058.3900000000001,862.43399999999997,746.13300000000004,552.62199999999996,444.89699999999999,406.488,379.97399999999999,289.57900000000001,1540.6199999999999
17,0.0153565,6.2068700000000003,45.790799999999997,82.3065,135.65100000000001,186.55099999999999,214.54400000000001,226.42599999999999,223.21199999999999,196.74000000000001,189.262,166.309,142.53,108.816,96.947900000000004,87.669799999999995,71.120800000000003,99.136099999999999,56.531599999999997,41.489199999999997,36.115900000000003,31.516400000000001,38.862400000000001,29.601500000000001,21.435099999999998,143.02600000000001,0.44337599999999999,4.5783100000000001,22.502800000000001,39.1111,64.313900000000004,83.277000000000001,99.623000000000005,98.256200000000007,115.684,97.449799999999996,83.209400000000002,86.224000000000004,79.555099999999996,59.741999999999997,57.0886,61.383000000000003,54.275199999999998,40.193300000000001,33.656700000000001,28.940100000000001,19.660599999999999,21.314900000000002,19.739799999999999,26.117699999999999,15.4283,111.255,6.1233599999999999,7.6856499999999999,661.00900000000001,1888.77,2593.2399999999998,2681.3299999999999,2322.6399999999999,2153.02,1772.29,1479.29,1135.0699999999999,1010.02,704.98199999999997,624.62199999999996,453.26100000000002,356.63099999999997,245.45599999999999,208.08199999999999,147.70500000000001,97.3857,91.810900000000004,61.880299999999998,44.920499999999997,39.481999999999999,27.5061,145.477,14.6061,127.93600000000001,2315.73,4584.6800000000003,6150.4899999999998,6619.21,6365.0500000000002,6086.0299999999997,5645.1300000000001,4830.7600000000002,4109.29,3046.4400000000001,2562.04,1971.03,1683.48,1259.5699999999999,995.34100000000001,796.24800000000005,593.97000000000003,514.29499999999996,441.322,345.91899999999998,260.06,219.65700000000001,183.191,986.71400000000006
18,0.0122135,3.8338000000000001,32.273800000000001,59.165399999999998,103.601,132.81200000000001,174.274,167.93000000000001,182.78200000000001,157.35599999999999,160.614,132.90000000000001,112.208,104.547,90.321200000000005,72.223299999999995,74.076599999999999,56.531599999999997,70.099800000000002,43.925800000000002,33.891599999999997,31.655799999999999,30.753699999999998,24.782599999999999,25.894200000000001,161.81100000000001,0.11468399999999999,4.8771300000000002,18.2134,19.653199999999998,43.604300000000002,54.343600000000002,84.703299999999999,84.421199999999999,96.396100000000004,82.692899999999995,79.504499999999993,63.609499999999997,75.346299999999999,53.7592,47.530900000000003,69.095399999999998,44.719999999999999,32.835099999999997,28.6204,32.703699999999998,21.018699999999999,19.120999999999999,22.7942,22.302800000000001,15.8017,126.10299999999999,3.53891,9.5307600000000008,578.18499999999995,1522.1700000000001,2045.22,2193.6900000000001,1983.9000000000001,1882.74,1479.9300000000001,1261.3499999999999,970.00400000000002,856.82100000000003,654.73400000000004,573.93899999999996,356.66199999999998,338.84300000000002,235.23400000000001,212.89599999999999,127.745,105.01600000000001,70.399100000000004,66.530600000000007,49.198999999999998,42.898699999999998,27.767299999999999,159.93700000000001,12.273099999999999,128.22999999999999,1975.71,3823.6399999999999,5018.4899999999998,5516.0900000000001,5535.6599999999999,5272.8999999999996,5010.0600000000004,4374.0100000000002,3528.3499999999999,2935.48,2398.6399999999999,1922.1099999999999,1580.4200000000001,1221.8499999999999,986.14400000000001,732.80200000000002,592.90700000000004,545.37099999999998,383.95100000000002,330.20499999999998,256.92099999999999,250.58699999999999,184.803,1077.05
19,0.0134208,3.7940200000000002,26.854900000000001,46.431600000000003,97.0732,114.911,144.923,135.00899999999999,153.41800000000001,124.017,139.32300000000001,112.812,92.402799999999999,85.6845,78.090000000000003,59.545099999999998,69.134799999999998,41.489199999999997,43.925800000000002,56.112699999999997,26.689,25.872499999999999,25.1037,20.337399999999999,26.234500000000001,142.982,-0.12800800000000001,5.4674800000000001,13.8758,12.264200000000001,36.043799999999997,43.290199999999999,71.096500000000006,69.915199999999999,79.314099999999996,69.647499999999994,66.487300000000005,45.629399999999997,60.615900000000003,45.066499999999998,38.3461,59.296799999999998,35.700099999999999,27.528300000000002,22.610399999999998,27.375699999999998,19.714300000000001,13.0303,21.5852,19.281199999999998,14.588800000000001,106.48399999999999,4.1741299999999999,6.8043399999999998,469.19999999999999,1296.8399999999999,1722.3199999999999,1787.5699999999999,1681.45,1515.9300000000001,1158.8599999999999,1076.3800000000001,739.74599999999998,637.96500000000003,565.08100000000002,413.05000000000001,267.62400000000002,260.09899999999999,180.30500000000001,158.05099999999999,90.923199999999994,82.230999999999995,36.958799999999997,58.616,49.013300000000001,43.726100000000002,24.291499999999999,127.833,11.0869,137.37200000000001,1963.2,3406.5700000000002,4238.9399999999996,4795.0299999999997,4652.5699999999997,4373.8199999999997,4051.4899999999998,3550.2399999999998,2847.7800000000002,2422.46,1892.8099999999999,1554.8,1258.05,952.59500000000003,772.95500000000004,572.70799999999997,472.286,402.71300000000002,286.72399999999999,208.09700000000001,176.63399999999999,191.185,151.488,793.66399999999999
20,0.0066420999999999997,2.3560099999999999,15.1546,28.837800000000001,48.406599999999997,57.1053,103.664,83.691100000000006,112.876,90.234099999999998,93.592299999999994,84.909099999999995,64.587999999999994,74.139799999999994,61.604399999999998,47.8386,49.489899999999999,36.115900000000003,33.891599999999997,26.689,42.838000000000001,24.217400000000001,16.8386,16.389700000000001,21.852,114.98999999999999,0.166241,3.5008300000000001,11.139699999999999,8.7516999999999996,15.8681,26.0822,53.228200000000001,43.572200000000002,61.797899999999998,49.907899999999998,48.646099999999997,32.472000000000001,49.048699999999997,36.580599999999997,27.124600000000001,46.540300000000002,27.783200000000001,16.2392,20.2835,24.480399999999999,13.503,13.265000000000001,14.181699999999999,13.101599999999999,9.2106999999999992,88.364199999999997,3.1324900000000002,5.6331800000000003,311.29000000000002,804.94100000000003,1030.1199999999999,1286.79,1114.6900000000001,1088.5699999999999,793.22400000000005,782.86699999999996,581.36900000000003,546.32100000000003,402.85199999999998,354.96199999999999,206.053,228.511,127.235,172.20599999999999,55.565800000000003,66.574700000000007,31.758299999999998,70.160300000000007,25.032299999999999,24.375,16.752199999999998,93.733999999999995,8.16587,87.822699999999998,1409.28,2516.1599999999999,3103.7399999999998,3200.5300000000002,3390.8499999999999,2942.0999999999999,3207.46,2849.6599999999999,2134.3400000000001,1841,1615.6500000000001,1180.8299999999999,950.90499999999997,851.49300000000005,630.54899999999998,468.57299999999998,421.69600000000003,415.13600000000002,253.905,267.178,188.21600000000001,169.45599999999999,109.108,720.71699999999998
21,0.0050920499999999999,1.3890499999999999,12.031700000000001,22.3965,37.865400000000001,36.067500000000003,89.969300000000004,69.503,106.18600000000001,83.946100000000001,88.333799999999997,72.030900000000003,57.094700000000003,71.745199999999997,64.866100000000003,38.311700000000002,48.486899999999999,31.516400000000001,31.655799999999999,25.872499999999999,24.217400000000001,36.099400000000003,11.8005,12.0036,22.894300000000001,121.34099999999999,-0.023988499999999999,3.9937900000000002,12.934100000000001,1.9884999999999999,7.7588299999999997,20.366099999999999,47.322000000000003,40.488900000000001,56.323399999999999,46.870199999999997,44.615200000000002,20.6356,51.210099999999997,34.854300000000002,21.843800000000002,46.375100000000003,24.812999999999999,12.405900000000001,18.971699999999998,26.4419,10.5162,11.053800000000001,12.999499999999999,11.9773,8.55307,94.850399999999993,5.4633099999999999,1.95529,215.03999999999999,560.63999999999999,800.60500000000002,1073.29,911.98800000000006,937.68700000000001,667.91800000000001,666.529,447.79000000000002,476.447,366.83499999999998,340.08800000000002,149.81200000000001,205.58099999999999,92.573800000000006,178.815,21.199400000000001,65.478300000000004,16.396999999999998,67.810199999999995,28.932300000000001,30.877500000000001,10.507199999999999,95.544899999999998,3.7685300000000002,59.165300000000002,1099.8800000000001,2069.3499999999999,2486.8000000000002,2573.0999999999999,2864.0500000000002,2130.73,2766.75,2570.1799999999998,1774.8900000000001,1559.5799999999999,1350.3699999999999,974.77599999999995,798.15999999999997,740.48699999999997,512.86199999999997,385.89600000000002,377.58699999999999,387.52600000000001,233.34399999999999,238.31,153.19300000000001,127.92400000000001,102.31399999999999,793.64200000000005
22,0.0059599700000000002,3.3991899999999999,28.687899999999999,50.468299999999999,84.5107,115.288,108.92100000000001,131.315,107.679,109.492,100.836,86.721999999999994,76.355699999999999,51.738999999999997,45.825800000000001,52.198900000000002,36.826000000000001,38.862400000000001,30.753699999999998,25.1037,16.8386,11.8005,40.588700000000003,19.685600000000001,5.4743199999999996,71.606899999999996,0.28456700000000001,2.5510899999999999,12.9558,27.004200000000001,43.9818,58.366999999999997,53.035600000000002,63.475000000000001,61.481900000000003,57.634900000000002,44.479799999999997,59.319299999999998,37.9071,32.5139,37.557499999999997,34.927500000000002,30.295200000000001,30.265000000000001,20.5246,10.137600000000001,14.1877,11.735099999999999,13.111599999999999,17.036799999999999,11.1904,54.948799999999999,1.92923,7.6911699999999996,409.49400000000003,1133.1400000000001,1516.55,1400.7,1265.8299999999999,1105.76,1070.1300000000001,802.59400000000005,685.18100000000004,529.72799999999995,419.15899999999999,376.06799999999998,308.44,201.18899999999999,183.48699999999999,76.847300000000004,125.97799999999999,64.428399999999996,75.591700000000003,7.5956000000000001,40.005800000000001,21.5932,20.975100000000001,90.305999999999997,12.8256,96.230699999999999,1312.3,2646.4000000000001,3607.9899999999998,4155.3400000000001,3797.4000000000001,4045.0599999999999,3299.0100000000002,2829.25,2641.5100000000002,1969.95,1534.48,1297.6199999999999,1139.47,784.11699999999996,654.27499999999998,533.26300000000003,339.27199999999999,276.29899999999998,267.10599999999999,190.14599999999999,173.52799999999999,142.857,124.265,528.54300000000001
23,0.0047072199999999998,1.8621799999999999,15.047800000000001,28.151700000000002,53.021799999999999,79.255600000000001,81.578299999999999,87.260900000000007,77.828100000000006,69.843199999999996,72.716099999999997,67.125500000000002,59.223399999999998,42.814900000000002,32.746299999999998,36.5227,34.9208,29.601500000000001,24.782599999999999,20.337399999999999,16.389700000000001,12.0036,19.685600000000001,29.0472,6.8973500000000003,69.2256,0.13370000000000001,1.1830000000000001,7.0436699999999997,16.692299999999999,32.875,37.735799999999998,39.335299999999997,44.544400000000003,42.132100000000001,42.4133,36.454599999999999,44.119999999999997,29.7486,30.193999999999999,27.901199999999999,27.929099999999998,22.3504,23.982800000000001,15.4747,10.9986,12.7325,9.8258299999999998,13.0131,13.364000000000001,10.337199999999999,54.986199999999997,-4.5100600000000002,6.3074199999999996,197.32400000000001,704.54499999999996,1049.6500000000001,931.721,896.66800000000001,859.154,743.12300000000005,574.60500000000002,505.06,396.81700000000001,306.71499999999997,276.94799999999998,233.71799999999999,140.852,149.66300000000001,67.826300000000003,96.679500000000004,64.387299999999996,46.018999999999998,15.7805,35.2761,21.3429,18.223800000000001,81.247600000000006,6.3452500000000001,59.392400000000002,994.33799999999997,1920.6900000000001,2640.5999999999999,2960.8600000000001,2824.98,2995.04,2503.6799999999998,2112.98,2065.4099999999999,1514.04,1274.6700000000001,1081.9100000000001,864.73800000000006,695.33600000000001,519.69799999999998,428.709,292.55000000000001,225.45099999999999,248.86799999999999,156.917,157.02099999999999,142.81999999999999,120.533,472.81200000000001
24,0.0044007600000000001,1.65672,6.2424499999999998,11.813499999999999,26.552700000000002,16.9238,75.157200000000003,40.245899999999999,83.438199999999995,53.5871,66.670100000000005,58.382300000000001,38.509799999999998,58.561900000000001,55.179900000000004,29.858000000000001,43.192799999999998,21.435099999999998,25.894200000000001,26.234500000000001,21.852,22.894300000000001,5.4743199999999996,6.8973500000000003,34.116399999999999,108.39100000000001,-0.12765799999999999,3.54989,7.0018500000000001,-5.8196099999999999,-4.2996299999999996,0.73967000000000005,38.031999999999996,22.099499999999999,43.998699999999999,30.2149,35.773000000000003,4.2096999999999998,41.816600000000001,26.843299999999999,13.408200000000001,40.445300000000003,17.6724,5.3709499999999997,13.003399999999999,23.812899999999999,9.8274699999999999,7.8940799999999998,11.0602,8.8378800000000002,6.9989400000000002,83.527199999999993,6.1216799999999996,0.62759699999999996,224.28399999999999,486.39999999999998,563.505,884.43100000000004,793.36300000000006,787.95699999999999,406.75099999999998,581.62099999999998,295.49900000000002,359.41000000000003,291.75999999999999,213.40100000000001,71.787300000000002,164.89400000000001,45.546199999999999,158.726,-6.1070799999999998,43.308100000000003,-9.0848999999999993,80.513900000000007,16.654,26.9712,10.255100000000001,73.950000000000003,3.6483400000000001,59.554900000000004,1002.21,1592.6400000000001,1766.3399999999999,1796.5799999999999,2192.2800000000002,1469.4300000000001,2140.0500000000002,1994.5799999999999,1211.48,1178.53,1056.8599999999999,710.13400000000001,535.15599999999995,527.46900000000005,392.30099999999999,255.88300000000001,312.87200000000001,314.50200000000001,142.857,164.48500000000001,85.875799999999998,98.238500000000002,67.640000000000001,564.38199999999995
25,0.0270946,5.8325100000000001,52.011800000000001,98.319400000000002,187.709,192.327,447.70100000000002,322.81,477.18000000000001,372.08999999999997,415.89400000000001,346.18900000000002,272.57900000000001,338.017,291.24799999999999,188.53,243.643,143.02600000000001,161.81100000000001,142.982,114.98999999999999,121.34099999999999,71.606899999999996,69.2256,108.39100000000001,684.76700000000005,-0.35189199999999998,16.758800000000001,49.762700000000002,2.67394,50.494900000000001,83.299199999999999,227.04400000000001,199.709,259.22000000000003,222.08000000000001,231.68199999999999,114.56100000000001,238.202,173.93799999999999,117.01300000000001,250.27500000000001,123.489,72.269199999999998,89.298900000000003,126.185,67.885800000000003,56.066600000000001,77.296400000000006,65.030699999999996,51.796199999999999,503.75900000000001,8.4331499999999995,21.2104,1196.22,2924.1199999999999,3825.54,4902.1000000000004,4518.8199999999997,4630.8900000000003,3123.9699999999998,3145.9899999999998,2116.0799999999999,2178.5799999999999,1733.0799999999999,1603.95,687.55799999999999,1006.3200000000001,558.63999999999999,819.66099999999994,205.572,348.70299999999997,103.851,311.64499999999998,155.90700000000001,156.971,78.067400000000006,537.27999999999997,25.314,320.767,5070.6599999999999,9354.75,11500.700000000001,12378.200000000001,13995,11532.799999999999,13541.799999999999,12174.299999999999,8844.7099999999991,8049.9700000000003,6884.1199999999999,5318.6800000000003,4130.1000000000004,3699.4000000000001,2799.04,1972.0699999999999,1914.99,1908.24,1134,1100.5599999999999,758.89200000000005,795.33500000000004,571.86300000000006,3951.3699999999999
26,5.1795000000000001e-05,0.048162999999999997,0.350968,0.60876799999999998,0.56861700000000004,0.91189900000000002,0.82664400000000005,1.17371,0.64415699999999998,1.03651,0.41311599999999998,0.65700800000000004,0.46717199999999998,0.21398,0.165966,0.53615400000000002,-0.233928,0.44337599999999999,0.11468399999999999,-0.12800800000000001,0.166241,-0.023988499999999999,0.28456700000000001,0.13370000000000001,-0.12765799999999999,-0.35189199999999998,0.28877999999999998,0.0022126099999999998,0.156969,0.466584,0.39336599999999999,0.61683500000000002,0.43458999999999998,0.31944699999999998,0.57811299999999999,0.305006,0.15806999999999999,0.62856800000000002,0.108057,0.080064300000000005,0.24776300000000001,0.078961500000000004,0.19600999999999999,0.13478699999999999,0.18684700000000001,-0.061289099999999999,-0.0407567,0.126246,-0.092470499999999997,0.0082456300000000003,-0.061364599999999998,-0.37228,0.0806452,0.148621,5.9067400000000001,13.4216,12.9223,13.7964,7.8546899999999997,5.9865500000000003,6.6238000000000001,4.3732300000000004,4.6051500000000001,3.6712799999999999,0.335617,1.9376,2.0323099999999998,1.1044400000000001,0.43002899999999999,0.32500299999999999,0.78053600000000001,-0.37336999999999998,1.06134,-0.071767499999999998,-0.55161499999999997,-0.47244199999999997,0.00059367999999999997,-0.38372699999999998,0.25520199999999998,1.1285499999999999,16.630199999999999,30.512,38.5505,29.3872,27.326499999999999,28.346299999999999,23.602799999999998,17.207699999999999,14.571999999999999,6.8824699999999996,7.96204,2.3532000000000002,3.6187200000000002,1.2510300000000001,1.6453,1.5038899999999999,0.65148499999999998,0.99726499999999996,0.43227500000000002,1.7823500000000001,0.329316,-0.30445299999999997,-0.71047400000000005,-1.61511
27,0.0024510700000000001,0.80592699999999995,5.1367799999999999,7.8496699999999997,15.439500000000001,16.223500000000001,20.0471,18.256399999999999,21.787700000000001,19.7209,19.193200000000001,14.462199999999999,10.585000000000001,11.6646,12.663399999999999,7.5914400000000004,7.1566400000000003,4.5783100000000001,4.8771300000000002,5.4674800000000001,3.5008300000000001,3.9937900000000002,2.5510899999999999,1.1830000000000001,3.54989,16.758800000000001,0.0022126099999999998,3.13314,3.5563199999999999,1.67214,4.7070800000000004,6.7429199999999998,11.0321,8.7876700000000003,12.621700000000001,10.361599999999999,7.3425099999999999,3.8969399999999998,8.6270799999999994,4.1325099999999999,3.73075,7.11653,3.5303599999999999,1.7021900000000001,2.3552599999999999,3.2810299999999999,1.2991699999999999,0.94498499999999996,1.76956,1.2802100000000001,1.0688599999999999,11.9566,2.5817100000000002,2.3414299999999999,106.602,235.536,260.69900000000001,296.15499999999997,229.203,184.245,134.95400000000001,141.13900000000001,66.126599999999996,65.243899999999996,67.879000000000005,42.023499999999999,15.319699999999999,32.816299999999998,9.4849700000000006,19.508600000000001,0.556589,3.4937200000000002,-1.3171200000000001,9.9049999999999994,3.16669,3.4058000000000002,0.11845,9.64161,2.7068500000000002,31.258500000000002,402.25,656.58699999999999,736.84799999999996,752.447,665.92899999999997,498.52199999999999,524.75300000000004,451.95100000000002,263.09300000000002,244.66999999999999,178.31200000000001,122.092,101.64400000000001,67.732399999999998,51.0717,40.791400000000003,40.937199999999997,44.377200000000002,10.4026,17.914300000000001,6.3834400000000002,6.1643999999999997,2.5024799999999998,75.124799999999993
28,0.0126707,2.5901800000000001,21.718299999999999,33.9816,53.0914,61.886699999999998,69.793599999999998,77.040199999999999,76.266900000000007,75.270399999999995,65.475700000000003,48.619500000000002,42.9223,37.822200000000002,39.424599999999998,30.0246,21.234100000000002,22.502800000000001,18.2134,13.8758,11.139699999999999,12.934100000000001,12.9558,7.0436699999999997,7.0018500000000001,49.762700000000002,0.156969,3.5563199999999999,19.912400000000002,12.153600000000001,20.7774,32.704599999999999,36.793700000000001,39.062100000000001,43.065199999999997,36.768799999999999,26.560700000000001,23.206,30.096900000000002,17.445399999999999,16.831,21.5886,15.7064,11.0246,11.7189,10.0952,3.5554199999999998,6.3082700000000003,5.4761300000000004,6.08779,3.5716299999999999,36.251600000000003,8.1570300000000007,5.87202,366.827,807.80100000000004,985.29600000000005,1005.34,782.31799999999998,662.60500000000002,590.25900000000001,465.52800000000002,310.49400000000003,287.053,235.74299999999999,214.131,120.50700000000001,115.452,57.643900000000002,71.688500000000005,27.1371,24.872699999999998,26.1751,15.277699999999999,14.889900000000001,12.311999999999999,3.8298299999999998,42.561700000000002,7.5214299999999996,73.892099999999999,1051.1199999999999,2001.4300000000001,2397.6700000000001,2437.4000000000001,2249.6300000000001,1885.8,1899.3,1720.3299999999999,1237.6500000000001,959.03599999999994,726.20299999999997,531.72500000000002,502.40800000000002,334.44499999999999,259.25999999999999,222.84,169.65000000000001,176.90600000000001,112.565,108.307,65.745699999999999,34.146299999999997,39.051200000000001,369.86399999999998
29,0.018079100000000001,5.8232799999999996,36.420999999999999,65.510000000000005,103.76900000000001,156.35900000000001,112.78400000000001,156.523,104.379,114.236,92.219700000000003,85.301000000000002,77.013000000000005,28.340900000000001,24.004100000000001,42.929699999999997,19.0412,39.1111,19.653199999999998,12.264200000000001,8.7516999999999996,1.9884999999999999,27.004200000000001,16.692299999999999,-5.8196099999999999,2.67394,0.466584,1.67214,12.153600000000001,49.442599999999999,59.786200000000001,73.697400000000002,48.841099999999997,59.0871,54.214100000000002,49.2395,31.350200000000001,68.941299999999998,20.657499999999999,19.184000000000001,35.139400000000002,8.0326299999999993,26.531099999999999,28.7074,12.8683,-2.6290499999999999,6.80253,8.0673300000000001,5.03965,12.3865,6.4832200000000002,0.68019399999999997,0.411551,12.4033,521.77700000000004,1435.21,1934.8499999999999,1594.4100000000001,1295.21,1062.9300000000001,1089.5,715.41300000000001,663.43499999999995,453.649,299.81900000000002,253.25700000000001,310.00700000000001,112.828,152.011,-15.4217,120.962,23.732099999999999,72.382400000000004,-22.090499999999999,16.462700000000002,6.17103,12.5481,36.055500000000002,12.299099999999999,88.899199999999993,1399.0699999999999,2819.54,3955.46,4335.9200000000001,3476.9699999999998,3894.7399999999998,2622.79,2012.4000000000001,2172.6799999999998,1307.6400000000001,1000.61,859.21100000000001,784.41099999999994,427.81999999999999,367.80099999999999,361.42000000000002,137.75399999999999,37.031199999999998,171.55600000000001,72.712599999999995,94.882999999999996,59.275100000000002,61.972799999999999,70.692499999999995
30,0.028110099999999999,7.22525,59.4651,102.154,196.47200000000001,307.15499999999997,222.55600000000001,285.53800000000001,213.65199999999999,203.60599999999999,199.744,158.26599999999999,154.834,70.991299999999995,56.846800000000002,78.628799999999998,52.119799999999998,64.313900000000004,43.604300000000002,36.043799999999997,15.8681,7.7588299999999997,43.9818,32.875,-4.2996299999999996,50.494900000000001,0.39336599999999999,4.7070800000000004,20.7774,59.786200000000001,150.298,117.474,99.071799999999996,119.768,97.039100000000005,107,73.895899999999997,119.393,44.097999999999999,43.091799999999999,62.389099999999999,27.106400000000001,44.456699999999998,53.455199999999998,18.9039,-0.47038200000000002,19.030000000000001,14.3209,18.6206,22.3688,15.808299999999999,34.314100000000003,-7.9667700000000004,20.961600000000001,765.18600000000004,2488.8699999999999,3539.5300000000002,2938.54,2616.1599999999999,2188.3600000000001,2026.23,1348.8399999999999,1180.5999999999999,803.15300000000002,643.36900000000003,459.22899999999998,468.96800000000002,209.29400000000001,308.46300000000002,-24.688199999999998,221.40000000000001,69.828999999999994,104.371,-49.994300000000003,49.857999999999997,17.139700000000001,24.377400000000002,101.554,19.883299999999998,205.65299999999999,2868.3000000000002,5561.7799999999997,7667.1599999999999,8564.3999999999996,6849.4200000000001,7622.3000000000002,4941.1400000000003,3768.4000000000001,3859.5700000000002,2661.2800000000002,1940.9000000000001,1805.05,1476.4400000000001,815.053,725.14099999999996,672.14999999999998,275.67700000000002,124.86,303.14499999999998,89.224800000000002,174.876,183.441,145.78100000000001,349.13
31,0.025522,9.4883299999999995,73.334800000000001,128.773,220.49700000000001,307.22000000000003,247.18799999999999,325.30200000000002,258.00599999999997,260.94600000000003,231.65100000000001,190.91999999999999,173.09700000000001,95.703100000000006,85.085499999999996,102.586,64.283500000000004,83.277000000000001,54.343600000000002,43.290199999999999,26.0822,20.366099999999999,58.366999999999997,37.735799999999998,0.73967000000000005,83.299199999999999,0.61683500000000002,6.7429199999999998,32.704599999999999,73.697400000000002,117.474,166.46100000000001,118.071,146.738,133.029,127.916,86.582899999999995,133.05199999999999,67.386700000000005,57.307099999999998,75.455699999999993,44.400799999999997,59.582599999999999,62.825499999999998,35.5916,9.6629799999999992,19.933900000000001,18.6005,21.089500000000001,28.567299999999999,17.6677,57.2958,7.4657400000000003,17.163799999999998,908.23900000000003,2765.8099999999999,3891.7800000000002,3412.6900000000001,2880.8000000000002,2383,2441.7399999999998,1662.3900000000001,1440.4100000000001,1014.8099999999999,825.851,656.99099999999999,641.21799999999996,322.52300000000002,331.34699999999998,56.924599999999998,228.36600000000001,97.331900000000005,141.00800000000001,-30.898900000000001,71.370800000000003,34.303100000000001,28.502099999999999,127.02,24.765599999999999,222.63900000000001,3199.21,6494.8999999999996,8754.8500000000004,9848.4300000000003,8202.8500000000004,8600.6399999999994,6377.5699999999997,5403.7200000000003,5094.0900000000001,3466.9000000000001,2545.3400000000001,2174.4400000000001,1961.8599999999999,1236.29,968.77499999999998,897.95799999999997,444.13600000000002,294.36099999999999,451.57299999999998,233.82599999999999,264.29599999999999,169.87100000000001,185.90100000000001,684.822
32,0.029644899999999998,10.0099,70.034499999999994,126.426,227.90899999999999,297.38999999999999,342.303,334.90899999999999,351.65600000000001,301.733,301.97399999999999,252.542,200.04400000000001,173.53999999999999,151.453,132.30099999999999,110.845,99.623000000000005,84.703299999999999,71.096500000000006,53.228200000000001,47.322000000000003,53.035600000000002,39.335299999999997,38.031999999999996,227.04400000000001,0.43458999999999998,11.0321,36.793700000000001,48.841099999999997,99.071799999999996,118.071,181.351,151.84,176.82599999999999,152.33799999999999,130.31899999999999,116.96899999999999,117.383,85.114800000000002,79.4191,103.49299999999999,70.390600000000006,54.4116,42.891500000000001,39.858199999999997,31.773599999999998,26.247900000000001,32.640999999999998,32.650700000000001,22.090900000000001,165.47499999999999,12.910500000000001,18.288499999999999,1194.9100000000001,3215.6100000000001,4127.54,4378.6700000000001,3791.5900000000001,3322.0300000000002,2595.25,2241.1500000000001,1616.24,1385.8699999999999,1082.75,817.53300000000002,552.36900000000003,514.58100000000002,325.70800000000003,281.89800000000002,165.40799999999999,125.813,89.1922,95.479200000000006,60.347499999999997,49.214700000000001,37.418500000000002,211.66,30.030899999999999,312.714,4322.8599999999997,8078.5900000000001,10347.299999999999,11217.9,10469.5,9648.5200000000004,8628.7099999999991,7460.96,5751.3500000000004,4565.1599999999999,3695.5300000000002,2759.71,2251.5799999999999,1668.55,1344.8299999999999,1038.3699999999999,773.47500000000002,714.36500000000001,497.399,413.27199999999999,300.66899999999998,302.21899999999999,208.36799999999999,1326.2
33,0.025734400000000001,7.8297800000000004,75.037599999999998,131.93000000000001,238.774,319.11399999999998,308.31,359.39499999999998,334.91399999999999,307.00599999999997,301.41199999999998,232.61799999999999,209.958,156.499,135.68700000000001,128.958,109.38500000000001,98.256200000000007,84.421199999999999,69.915199999999999,43.572200000000002,40.488900000000001,63.475000000000001,44.544400000000003,22.099499999999999,199.709,0.31944699999999998,8.7876700000000003,39.062100000000001,59.0871,119.768,146.738,151.84,199.50999999999999,166.584,161.19800000000001,129.476,136.947,109.27200000000001,85.018699999999995,88.953900000000004,89.207999999999998,74.856700000000004,70.786600000000007,47.0989,33.084499999999998,31.712800000000001,28.2376,35.281300000000002,35.872900000000001,24.9513,146.56,8.0636899999999994,14.925700000000001,1020.78,3035.54,4276,4031.8499999999999,3605.8800000000001,3160.3400000000001,2883.5500000000002,2091.6900000000001,1744.1600000000001,1341.95,1123.98,914.06500000000005,704.32899999999995,474.08800000000002,415.52100000000002,207.512,248.76400000000001,161.922,148.553,11.432399999999999,99.355599999999995,59.771999999999998,43.866300000000003,228.19900000000001,24.7301,268.166,3709.0100000000002,7509.5699999999997,9974,11274.9,10163.299999999999,10271.5,8340.7199999999993,7361.6199999999999,6344.7299999999996,4885.7399999999998,3681.0700000000002,3088.8200000000002,2665.5500000000002,1847.5699999999999,1485.78,1235.5699999999999,773.50400000000002,661.83699999999999,625.22000000000003,419.185,415.26100000000002,331.63299999999998,297.363,1463.02
34,0.025834699999999999,10.9442,79.0364,137.303,236.62899999999999,297.65699999999998,360.20400000000001,364.21899999999999,383.99799999999999,339.65199999999999,329.64999999999998,275.41699999999997,222.95099999999999,195.197,179.256,147.43199999999999,125.614,115.684,96.396100000000004,79.314099999999996,61.797899999999998,56.323399999999999,61.481900000000003,42.132100000000001,43.998699999999999,259.22000000000003,0.57811299999999999,12.621700000000001,43.065199999999997,54.214100000000002,97.039100000000005,133.029,176.82599999999999,166.584,224.29300000000001,165.86500000000001,142.565,124.066,139.10300000000001,93.624799999999993,88.7346,115.35599999999999,83.282300000000006,58.3095,53.912700000000001,51.317599999999999,31.026599999999998,31.213799999999999,34.3583,37.755299999999998,23.923400000000001,192.976,21.107399999999998,17.8537,1277.6199999999999,3363.0599999999999,4357.2299999999996,4702.3900000000003,3995.4499999999998,3561.5,2921.3600000000001,2540.96,1827.3900000000001,1593.71,1218.5,1001.88,658.31399999999996,621.33199999999999,371.07499999999999,365.18700000000001,204.62100000000001,142.99100000000001,125.858,122.622,71.900000000000006,70.790300000000002,39.246499999999997,240.96000000000001,32.385100000000001,302.81900000000002,4644.2299999999996,8684.5,11074.700000000001,11903.299999999999,11246.200000000001,10313.1,9778.6599999999999,8490.8999999999996,6579.6999999999998,5257.4799999999996,4198.3199999999997,3164.8000000000002,2728.6399999999999,2017.02,1594.3099999999999,1230.0899999999999,972.55200000000002,894.827,611.20699999999999,551.95799999999997,393.41199999999998,325.94200000000001,254.98599999999999,1676.04
35,0.016667000000000001,6.6075600000000003,64.554699999999997,113.217,213.63900000000001,288.68599999999998,303.45800000000003,329.83199999999999,327.74099999999999,296.17200000000003,295.51299999999998,235.50700000000001,205.16900000000001,166.83000000000001,147.887,126.45099999999999,112.992,97.449799999999996,82.692899999999995,69.647499999999994,49.907899999999998,46.870199999999997,57.634900000000002,42.4133,30.2149,222.08000000000001,0.305006,10.361599999999999,36.768799999999999,49.2395,107,127.916,152.33799999999999,161.19800000000001,165.86500000000001,179.06299999999999,125.517,123.979,113.503,86.296199999999999,84.299400000000006,93.849800000000002,73.638199999999998,61.2256,47.139099999999999,37.723599999999998,32.484499999999997,27.1556,35.0169,34.998899999999999,25.340800000000002,166.958,6.9361199999999998,15.532299999999999,887.40700000000004,2746.6700000000001,3838.4200000000001,3902.0100000000002,3466.9400000000001,3082.3000000000002,2641.6799999999998,2083.2800000000002,1605.1300000000001,1332.72,1104.3599999999999,901.14999999999998,608.45299999999997,506.38200000000001,384.47699999999998,251.392,209.28999999999999,153.65600000000001,116.78700000000001,54.4572,90.290800000000004,56.006999999999998,36.581099999999999,222.51599999999999,25.319800000000001,274.58699999999999,3860.5100000000002,7477.4799999999996,9768.8999999999996,10843.5,9989.0100000000002,9585.5900000000001,8348.6700000000001,7242.1400000000003,5941.46,4749.9899999999998,3714.3899999999999,3000.3800000000001,2513.7800000000002,1831.6600000000001,1431.9300000000001,1176.21,818.78800000000001,750.01499999999999,583.846,446.20499999999998,382.31200000000001,335.36599999999999,270.65899999999999,1502.8499999999999
36,0.022401600000000001,6.3552400000000002,47.372199999999999,92.993899999999996,164.42699999999999,216.34899999999999,271.17899999999997,258.69200000000001,287.68700000000001,242.88200000000001,252.28200000000001,203.68700000000001,170.25200000000001,155.80000000000001,130.042,109.497,107.142,83.209400000000002,79.504499999999993,66.487300000000005,48.646099999999997,44.615200000000002,44.479799999999997,36.454599999999999,35.773000000000003,231.68199999999999,0.15806999999999999,7.3425099999999999,26.560700000000001,31.350200000000001,73.895899999999997,86.582899999999995,130.31899999999999,129.476,142.565,125.517,143.25999999999999,96.038499999999999,103.642,80.866299999999995,68.828199999999995,100.416,64.887799999999999,47.7729,35.730499999999999,44.374499999999998,31.969000000000001,26.819900000000001,34.430100000000003,30.615200000000002,21.643699999999999,172.04599999999999,3.6570900000000002,8.3064099999999996,739.60400000000004,2190.1399999999999,3077.3899999999999,3268.6599999999999,2996.6599999999999,2802.48,2184.8000000000002,1849.8199999999999,1407.1600000000001,1260.6600000000001,954.37900000000002,798.56200000000001,483.64100000000002,461.56700000000001,344.65499999999997,298.85700000000003,160.91999999999999,155.01900000000001,95.300299999999993,82.140699999999995,63.1004,58.580100000000002,41.378900000000002,232.04499999999999,19.315999999999999,223.09899999999999,3209.8899999999999,6066.3800000000001,7852.7700000000004,8592.3999999999996,8513.2999999999993,7983.5900000000001,7340.3999999999996,6381.8400000000001,5102.6199999999999,4203.6700000000001,3440.2800000000002,2743.5100000000002,2190.6199999999999,1702.04,1400.3900000000001,1010.13,808.476,747.10799999999995,542.64999999999998,451.42200000000003,339.02699999999999,373.09800000000001,267.65800000000002,1542.99
37,0.017307300000000001,7.8021599999999998,59.258000000000003,115.56100000000001,194.39699999999999,298.95600000000002,252.94499999999999,314.46800000000002,241.24700000000001,247.268,220.90799999999999,200.16900000000001,179.87,103.401,80.392499999999998,100.17700000000001,78.130700000000004,86.224000000000004,63.609499999999997,45.629399999999997,32.472000000000001,20.6356,59.319299999999998,44.119999999999997,4.2096999999999998,114.56100000000001,0.62856800000000002,3.8969399999999998,23.206,68.941299999999998,119.393,133.05199999999999,116.96899999999999,136.947,124.066,123.979,96.038499999999999,166.821,70.959800000000001,63.648800000000001,86.3142,55.696800000000003,65.441500000000005,66.788399999999996,34.263100000000001,14.8947,27.865300000000001,24.6495,26.431899999999999,34.061500000000002,22.485199999999999,90.552000000000007,-9.4393499999999992,24.1066,855.78899999999999,2574.3899999999999,3623.6999999999998,3238.4000000000001,2838.4400000000001,2579.8400000000001,2372.3699999999999,1656.05,1578.9200000000001,1131.5699999999999,806.255,720.827,677.87800000000004,369.07100000000003,425.82799999999997,80.261200000000002,296.30200000000002,123.252,150.11600000000001,-3.2403900000000001,61.537599999999998,30.5,47.630800000000001,182.05600000000001,21.810600000000001,187.86199999999999,2746.4099999999999,5693.0200000000004,8258.7199999999993,9318.2199999999993,8260.7000000000007,9169.6800000000003,6772.3900000000003,5468.2700000000004,5453.3000000000002,3931.3699999999999,3166.7199999999998,2759.5300000000002,2289.6799999999998,1539.1199999999999,1295.3,1107.4300000000001,625.22799999999995,437.28300000000002,538.46100000000001,337.75200000000001,364.846,344.44099999999997,253.404,903.39099999999996
38,0.012226000000000001,4.9431599999999998,43.412799999999997,74.337400000000002,128.18199999999999,156.19499999999999,231.816,215.65899999999999,249.92400000000001,222.12,215.727,180.99799999999999,150.77500000000001,147.542,142.11799999999999,93.663799999999995,105.639,79.555099999999996,75.346299999999999,60.615900000000003,49.048699999999997,51.210099999999997,37.9071,29.7486,41.816600000000001,238.202,0.108057,8.6270799999999994,30.096900000000002,20.657499999999999,44.097999999999999,67.386700000000005,117.383,109.27200000000001,139.10300000000001,113.503,103.642,70.959800000000001,142.04400000000001,70.548199999999994,62.216900000000003,97.031000000000006,61.023699999999998,37.659199999999998,41.546799999999998,50.078200000000002,22.447199999999999,25.8492,27.654199999999999,30.6493,20.043099999999999,188.63800000000001,13.800599999999999,11.8667,734.85900000000004,1863.3,2489.6399999999999,2935.7600000000002,2528.8000000000002,2495.2399999999998,1917.21,1723.73,1234.3,1166.6099999999999,876.49099999999999,816.55399999999997,461.697,493.52300000000002,276.24599999999998,339.005,146.32499999999999,127.88800000000001,76.038499999999999,126.498,61.042700000000004,69.109800000000007,34.569099999999999,225.67099999999999,13.6921,145.47800000000001,2644.9499999999998,5075.5,6591.3599999999997,7081.3800000000001,7376.4700000000003,6529.0500000000002,7048.7200000000003,6249.1599999999999,4772.8599999999997,4019.9899999999998,3318,2561.7800000000002,2191.0599999999999,1689.1199999999999,1318.54,1029.03,886.77700000000004,838.58399999999995,540.048,503.36099999999999,363.11500000000001,305.58600000000001,243.39500000000001,1664.74
39,0.00906649,3.6713399999999998,27.477,52.877200000000002,93.450500000000005,120.864,173.59100000000001,157.74100000000001,181.70599999999999,145.39500000000001,159.005,136.471,112.46899999999999,106.614,88.099999999999994,76.844700000000003,75.343299999999999,59.741999999999997,53.7592,45.066499999999998,36.580599999999997,34.854300000000002,32.5139,30.193999999999999,26.843299999999999,173.93799999999999,0.080064300000000005,4.1325099999999999,17.445399999999999,19.184000000000001,43.091799999999999,57.307099999999998,85.114800000000002,85.018699999999995,93.624799999999993,86.296199999999999,80.866299999999995,63.648800000000001,70.548199999999994,78.546599999999998,45.363900000000001,70.733900000000006,45.0593,36.404899999999998,31.163900000000002,34.350499999999997,24.506799999999998,19.416899999999998,26.720099999999999,23.646799999999999,17.949100000000001,133.88200000000001,2.0320200000000002,4.9401900000000003,449.36599999999999,1336.8099999999999,1911.8199999999999,2029.01,1901.74,1806.8900000000001,1412.71,1246.0799999999999,910.86699999999996,861.88400000000001,682.048,578.27700000000004,363.767,324.54899999999998,232.04599999999999,236.22999999999999,103.352,127.337,62.3065,69.586699999999993,64.101200000000006,49.427100000000003,28.916499999999999,161.15199999999999,11.020899999999999,119.57299999999999,1865.8099999999999,3755.96,4893.3500000000004,5487.79,5683.1700000000001,5136.1400000000003,5123.1700000000001,4661.2399999999998,3818.9899999999998,2989.8800000000001,2558.7800000000002,1995.96,1579.46,1348.45,1022.55,790.69899999999996,634.17899999999997,580.70399999999995,471.23000000000002,354.32600000000002,272.30099999999999,255.97999999999999,216.45500000000001,1165.3099999999999
40,0.0113603,4.2469400000000004,37.426000000000002,66.147300000000001,118.655,169.16499999999999,165.90600000000001,193.285,166.61799999999999,164.55099999999999,152.76400000000001,137.43799999999999,119.274,84.317499999999995,72.829800000000006,69.046199999999999,66.7423,57.0886,47.530900000000003,38.3461,27.124600000000001,21.843800000000002,37.557499999999997,27.901199999999999,13.408200000000001,117.01300000000001,0.24776300000000001,3.73075,16.831,35.139400000000002,62.389099999999999,75.455699999999993,79.4191,88.953900000000004,88.7346,84.299400000000006,68.828199999999995,86.3142,62.216900000000003,45.363900000000001,72.158799999999999,48.288800000000002,48.809199999999997,41.183399999999999,29.182600000000001,19.645,19.4572,18.0077,20.038599999999999,23.264399999999998,16.090499999999999,91.053899999999999,-0.48214200000000002,14.3604,533.596,1511.99,2076.3099999999999,2017.6900000000001,1802.9400000000001,1681.29,1490.04,1108.75,1031.8699999999999,755.08299999999997,576.49400000000003,519.44600000000003,436.50999999999999,290.27300000000002,259.07400000000001,110.542,190.82300000000001,82.100800000000007,90.174599999999998,31.138100000000001,47.1676,35.526699999999998,32.242899999999999,143.01599999999999,12.497999999999999,104.461,1688.79,3452.27,4963.2600000000002,5696.8100000000004,5263.7399999999998,5697.7200000000003,4696.2200000000003,3965.1100000000001,3668.7600000000002,2868.79,2298.9699999999998,1921.03,1662.4400000000001,1177.6600000000001,951.59500000000003,807.98699999999997,530.74599999999998,413.53100000000001,385.29300000000001,278.15899999999999,286.03100000000001,238.15100000000001,188.56299999999999,813.78099999999995
41,0.015213600000000001,4.0816100000000004,27.8294,54.040599999999998,96.488,100.627,204.23400000000001,149.96299999999999,217.34200000000001,168.31999999999999,182.00800000000001,153.773,115.833,139.334,115.617,86.462800000000001,94.350700000000003,61.383000000000003,69.095399999999998,59.296799999999998,46.540300000000002,46.375100000000003,34.927500000000002,27.929099999999998,40.445300000000003,250.27500000000001,0.078961500000000004,7.11653,21.5886,8.0326299999999993,27.106400000000001,44.400799999999997,103.49299999999999,89.207999999999998,115.35599999999999,93.849800000000002,100.416,55.696800000000003,97.031000000000006,70.733900000000006,48.288800000000002,179.20699999999999,50.199599999999997,33.325600000000001,37.765999999999998,48.618600000000001,28.395299999999999,24.472999999999999,30.089700000000001,27.013400000000001,18.5486,185.32499999999999,7.2997899999999998,7.8828699999999996,651.375,1517.3299999999999,1836.52,2356.21,2128.4699999999998,2079.0500000000002,1423.3800000000001,1432.53,960.40899999999999,972.62,748.56899999999996,657.23000000000002,303.81200000000001,452.738,235.357,340.61599999999999,84.546099999999996,140.03,51.7759,126.18899999999999,56.731400000000001,53.475200000000001,37.165399999999998,220.53999999999999,17.0398,172.92099999999999,2330.23,4390.8400000000001,5478.1700000000001,5948.9200000000001,6447.6700000000001,5402.3699999999999,5977.8900000000003,5422.1599999999999,3832.6199999999999,3430.21,2962.4200000000001,2193.5700000000002,1701.75,1520.28,1188.78,815.64300000000003,763.92999999999995,799.18700000000001,442.01400000000001,453.21899999999999,291.19799999999998,322.77100000000002,206.99100000000001,1566.4400000000001
42,0.010755600000000001,3.4745400000000002,32.087400000000002,55.791800000000002,94.676900000000003,130.392,148.38900000000001,164.767,158.892,149,138.73500000000001,120.31399999999999,107.729,82.940100000000001,74.880399999999995,63.775199999999998,62.100700000000003,54.275199999999998,44.719999999999999,35.700099999999999,27.783200000000001,24.812999999999999,30.295200000000001,22.3504,17.6724,123.489,0.19600999999999999,3.5303599999999999,15.7064,26.531099999999999,44.456699999999998,59.582599999999999,70.390600000000006,74.856700000000004,83.282300000000006,73.638199999999998,64.887799999999999,65.441500000000005,61.023699999999998,45.0593,48.809199999999997,50.199599999999997,68.556299999999993,31.860600000000002,29.0717,27.0029,16.116499999999998,18.0503,18.416599999999999,19.946200000000001,13.202299999999999,95.138400000000004,4.5875199999999996,6.62263,392.08499999999998,1178.4100000000001,1690.6300000000001,1795.4200000000001,1585.1400000000001,1539.97,1304.0999999999999,1045.8599999999999,879.32899999999995,746.62199999999996,542.81600000000003,503.42000000000002,364.32900000000001,293.02100000000002,211.18799999999999,158.53,137.46299999999999,79.218699999999998,78.331999999999994,51.528399999999998,41.395400000000002,40.311199999999999,26.2654,133.09,8.2073499999999999,68.992999999999995,1379.9300000000001,2905.4099999999999,4101.1899999999996,4632.6300000000001,4538.5100000000002,4512.6800000000003,4240.1700000000001,3674.8200000000002,3198.77,2527.9499999999998,2074.6399999999999,1659.4200000000001,1460.54,1073.8900000000001,874.05999999999995,727.42399999999998,536.173,455.37099999999998,371.53800000000001,295.779,254.60499999999999,205.221,173.71899999999999,898.63900000000001
43,0.0077496800000000001,3.2021000000000002,27.119299999999999,49.4283,91.079300000000003,132.042,113.727,143.339,114.31,107.687,105.58799999999999,91.313000000000002,84.478099999999998,49.793300000000002,40.289900000000003,49.768900000000002,43.8675,40.193300000000001,32.835099999999997,27.528300000000002,16.2392,12.405900000000001,30.265000000000001,23.982800000000001,5.3709499999999997,72.269199999999998,0.13478699999999999,1.7021900000000001,11.0246,28.7074,53.455199999999998,62.825499999999998,54.4116,70.786600000000007,58.3095,61.2256,47.7729,66.788399999999996,37.659199999999998,36.404899999999998,41.183399999999999,33.325600000000001,31.860600000000002,46.0137,20.170999999999999,10.2995,15.7348,12.664999999999999,16.486699999999999,18.2881,13.4437,55.948500000000003,-2.3744999999999998,7.0780700000000003,335.81700000000001,1103.8699999999999,1647.4400000000001,1413.1199999999999,1336.3499999999999,1200.6300000000001,1152.23,815.60199999999998,736.48900000000003,535.38699999999994,444.36000000000001,361.90600000000001,353.09500000000003,183.77699999999999,209.89099999999999,55.8292,142.44399999999999,80.254099999999994,72.110100000000003,-1.64331,51.124299999999998,27.536300000000001,26.02,100.738,8.8961100000000002,77.601500000000001,1152.73,2514.27,3656.4000000000001,4349.0500000000002,3903.3400000000001,4357.4799999999996,3296.6999999999998,2863.3099999999999,2870.8800000000001,2061.5700000000002,1622.3,1456.0999999999999,1223.9200000000001,862.95299999999997,697.45899999999995,606.01199999999994,354.31,254.14400000000001,322.10599999999999,176.429,199.94300000000001,169.50399999999999,160.84,560.36199999999997
44,0.0066488199999999997,0.16803399999999999,17.896999999999998,25.145,47.723799999999997,58.185099999999998,79.619100000000003,87.437200000000004,91.398700000000005,87.518299999999996,79.478099999999998,69.269999999999996,62.334400000000002,58.7973,50.380299999999998,40.514699999999998,40.247,33.656700000000001,28.6204,22.610399999999998,20.2835,18.971699999999998,20.5246,15.4747,13.003399999999999,89.298900000000003,0.18684700000000001,2.3552599999999999,11.7189,12.8683,18.9039,35.5916,42.891500000000001,47.0989,53.912700000000001,47.139099999999999,35.730499999999999,34.263100000000001,41.546799999999998,31.163900000000002,29.182600000000001,37.765999999999998,29.0717,20.170999999999999,39.2224,19.017900000000001,9.4069900000000004,12.5443,12.3812,12.4887,9.6240600000000001,68.842799999999997,2.5945299999999998,5.4080199999999996,247.81999999999999,704.28300000000002,910.423,1052.3099999999999,905.41300000000001,882.649,785.50199999999995,609.55499999999995,535.72699999999998,430.928,351.404,361.52800000000002,242.73699999999999,222.47900000000001,115.389,124.319,95.856700000000004,60.901699999999998,59.245699999999999,38.997300000000003,41.645600000000002,24.425999999999998,17.0899,85.103700000000003,5.6386099999999999,43.046399999999998,853.98000000000002,1873.3900000000001,2551.7600000000002,2784.8899999999999,2822.4099999999999,2776.6799999999998,2851.77,2535.1799999999998,2104.98,1759.76,1443.03,1106.5,1000.76,792.28499999999997,557.63499999999999,490.89499999999998,377.20400000000001,355.49599999999998,258.52499999999998,221.56100000000001,190.619,122.90900000000001,118.328,682.51599999999996
45,0.0064687399999999997,0.98764600000000002,7.9062599999999996,13.871499999999999,20.219999999999999,15.1136,76.6464,50.603200000000001,88.941800000000001,68.711100000000002,70.5548,60.069200000000002,49.290599999999998,65.347300000000004,59.412199999999999,34.156799999999997,48.205399999999997,28.940100000000001,32.703699999999998,27.375699999999998,24.480399999999999,26.4419,10.137600000000001,10.9986,23.812899999999999,126.185,-0.061289099999999999,3.2810299999999999,10.0952,-2.6290499999999999,-0.47038200000000002,9.6629799999999992,39.858199999999997,33.084499999999998,51.317599999999999,37.723599999999998,44.374499999999998,14.8947,50.078200000000002,34.350499999999997,19.645,48.618600000000001,27.0029,10.2995,19.017900000000001,45.617699999999999,9.0091400000000004,13.0921,15.1332,8.8314000000000004,7.2956300000000001,98.444999999999993,6.3423100000000003,2.25861,183.941,412.56799999999998,560.77599999999995,914.98699999999997,781.42100000000005,894.74099999999999,579.65599999999995,631.77599999999995,397.69799999999998,463.22800000000001,343.61700000000002,333.459,134.691,217.90100000000001,90.554900000000004,197.40199999999999,26.713799999999999,61.642200000000003,18.510200000000001,81.786299999999997,24.805399999999999,36.701599999999999,13.5829,98.218699999999998,1.60117,25.985499999999998,748.40899999999999,1501.0699999999999,1859.0799999999999,1885.4100000000001,2455.6999999999998,1775.4100000000001,2696.4000000000001,2508.21,1728.26,1569.0699999999999,1400.96,1032.3699999999999,836.37900000000002,752.73599999999999,566.51900000000001,409.51100000000002,436.61200000000002,433.197,248.941,250.03700000000001,159.68000000000001,143.47200000000001,111.996,847.29600000000005
46,0.0033913099999999998,1.55162,8.7871500000000005,19.999700000000001,41.941299999999998,54.048099999999998,68.083299999999994,57.661099999999998,65.281899999999993,48.994399999999999,61.202500000000001,53.355699999999999,41.092700000000001,40.1068,27.9893,29.665400000000002,30.296199999999999,19.660599999999999,21.018699999999999,19.714300000000001,13.503,10.5162,14.1877,12.7325,9.8274699999999999,67.885800000000003,-0.0407567,1.2991699999999999,3.5554199999999998,6.80253,19.030000000000001,19.933900000000001,31.773599999999998,31.712800000000001,31.026599999999998,32.484499999999997,31.969000000000001,27.865300000000001,22.447199999999999,24.506799999999998,19.4572,28.395299999999999,16.116499999999998,15.7348,9.4069900000000004,9.0091400000000004,20.6538,6.1055099999999998,11.978999999999999,10.9346,9.0409600000000001,52.3095,-3.6202899999999998,3.1214,201.48599999999999,563.14400000000001,744.923,733.62900000000002,762.89499999999998,682.01099999999997,519.27499999999998,466.279,363.721,305.11500000000001,270.565,197.821,134.23099999999999,121.315,114.273,69.430400000000006,54.1706,56.631700000000002,23.902999999999999,20.1568,28.779900000000001,15.3079,15.115600000000001,67.609899999999996,6.2107999999999999,68.862899999999996,755.495,1412.23,1858.0599999999999,2272.4400000000001,2224.7800000000002,2242.9200000000001,1870.3800000000001,1638.1600000000001,1437.6700000000001,1212.6600000000001,1000.9,846.61000000000001,624.82299999999998,540.74599999999998,434.78899999999999,308.64999999999998,228.779,206.56999999999999,160.96000000000001,118.43300000000001,106.184,131.876,90.793499999999995,384.58499999999998
47,0.00508837,0.87363000000000002,9.3935200000000005,17.424399999999999,26.307500000000001,38.939100000000003,53.3279,54.411099999999998,56.874200000000002,52.0379,47.890799999999999,41.328299999999999,38.301699999999997,33.900700000000001,27.891500000000001,25.0397,24.4497,21.314900000000002,19.120999999999999,13.0303,13.265000000000001,11.053800000000001,11.735099999999999,9.8258299999999998,7.8940799999999998,56.066600000000001,0.126246,0.94498499999999996,6.3082700000000003,8.0673300000000001,14.3209,18.6005,26.247900000000001,28.2376,31.213799999999999,27.1556,26.819900000000001,24.6495,25.8492,19.416899999999998,18.0077,24.472999999999999,18.0503,12.664999999999999,12.5443,13.0921,6.1055099999999998,16.065100000000001,7.3471599999999997,7.3796600000000003,4.7696100000000001,43.450099999999999,1.07698,2.74695,150.24199999999999,413.35300000000001,582.98599999999999,674.32399999999996,580.80799999999999,613.48900000000003,491.59899999999999,399.43200000000002,350.83699999999999,319.39999999999998,213.06200000000001,215.637,150.642,125.29900000000001,87.040400000000005,82.902900000000002,52.582299999999996,40.905299999999997,32.450600000000001,26.714400000000001,15.148899999999999,12.7811,13.660399999999999,60.234999999999999,3.1211199999999999,22.293199999999999,469.17500000000001,1064.28,1527.02,1601.2,1733.75,1693.5,1709.4100000000001,1535.6500000000001,1286.75,1031.1400000000001,916.02599999999995,717.53200000000004,600.51900000000001,474.65600000000001,384.72699999999998,309.49299999999999,242.77099999999999,226.08699999999999,169.77199999999999,151.78200000000001,117.81399999999999,100.14,76.514600000000002,444.32499999999999
48,0.0045293399999999998,1.00804,9.0500000000000007,17.6145,37.414900000000003,48.818399999999997,65.013999999999996,57.359900000000003,67.105500000000006,53.020099999999999,62.100700000000003,51.0824,43.2136,43.0336,32.045000000000002,28.284400000000002,33.841799999999999,19.739799999999999,22.7942,21.5852,14.181699999999999,12.999499999999999,13.111599999999999,13.0131,11.0602,77.296400000000006,-0.092470499999999997,1.76956,5.4761300000000004,5.03965,18.6206,21.089500000000001,32.640999999999998,35.281300000000002,34.3583,35.0169,34.430100000000003,26.431899999999999,27.654199999999999,26.720099999999999,20.038599999999999,30.089700000000001,18.416599999999999,16.486699999999999,12.3812,15.1332,11.978999999999999,7.3471599999999997,21.340800000000002,8.9992099999999997,8.6938999999999993,59.007599999999996,-1.5614699999999999,3.9225099999999999,159.126,502.423,726.25999999999999,744.60299999999995,737.38499999999999,707.60699999999997,573.80600000000004,478.22699999999998,372.64699999999999,319.13799999999998,286.33199999999999,229.89099999999999,141.48500000000001,134.75899999999999,115.27,84.905500000000004,55.689599999999999,58.008600000000001,25.3155,22.793900000000001,32.974899999999998,23.294,13.3489,75.100300000000004,3.9975100000000001,53.542999999999999,703.60599999999999,1427.02,1903.05,2281.2399999999998,2280.73,2218.6199999999999,2036.24,1851.24,1556.5999999999999,1317.3900000000001,1076.51,912.90800000000002,706.96600000000001,594.56899999999996,460.72899999999998,352.85599999999999,274.14400000000001,245.60900000000001,194.52799999999999,136.101,127.538,131.733,104.066,507.86900000000003
49,0.0033374199999999998,2.00807,13.940099999999999,26.820699999999999,48.427,66.621099999999998,73.513499999999993,77.311000000000007,73.609499999999997,64.101200000000006,66.736800000000002,59.131100000000004,52.013800000000003,38.373800000000003,33.643300000000004,29.417000000000002,32.293799999999997,26.117699999999999,22.302800000000001,19.281199999999998,13.101599999999999,11.9773,17.036799999999999,13.364000000000001,8.8378800000000002,65.030699999999996,0.0082456300000000003,1.2802100000000001,6.08779,12.3865,22.3688,28.567299999999999,32.650700000000001,35.872900000000001,37.755299999999998,34.998899999999999,30.615200000000002,34.061500000000002,30.6493,23.646799999999999,23.264399999999998,27.013400000000001,19.946200000000001,18.2881,12.4887,8.8314000000000004,10.9346,7.3796600000000003,8.9992099999999997,28.415600000000001,9.0280699999999996,53.876100000000001,-1.46611,2.9373999999999998,204.39699999999999,602.50800000000004,890.83199999999999,841.58699999999999,805.31200000000001,767.48599999999999,655.47199999999998,549.25999999999999,445.45600000000002,379.34899999999999,287.37900000000002,260.358,198.73500000000001,144.94300000000001,128.666,75.137200000000007,81.8048,56.6922,38.403599999999997,23.168600000000001,31.792999999999999,25.0245,16.620999999999999,81.701099999999997,4.0014000000000003,39.643900000000002,715.76199999999994,1426.3499999999999,2020.8,2393.5700000000002,2313.5900000000001,2401.1900000000001,2120.2399999999998,1790.3800000000001,1700.6500000000001,1315.1800000000001,1066.9300000000001,930.31399999999996,775.69500000000005,592.06899999999996,472.38999999999999,373.16399999999999,270.24299999999999,216.80699999999999,207.124,146.40899999999999,132.34299999999999,124.23399999999999,107.402,473.33800000000002
50,0.000148684,0.81330100000000005,7.4118000000000004,13.731199999999999,30.494900000000001,41.623600000000003,47.433999999999997,46.989899999999999,45.103099999999998,38.226300000000002,45.160800000000002,38.775599999999997,34.020000000000003,28.927900000000001,21.995899999999999,18.771699999999999,25.238099999999999,15.4283,15.8017,14.588800000000001,9.2106999999999992,8.55307,11.1904,10.337199999999999,6.9989400000000002,51.796199999999999,-0.061364599999999998,1.0688599999999999,3.5716299999999999,6.4832200000000002,15.808299999999999,17.6677,22.090900000000001,24.9513,23.923400000000001,25.340800000000002,21.643699999999999,22.485199999999999,20.043099999999999,17.949100000000001,16.090499999999999,18.5486,13.202299999999999,13.4437,9.6240600000000001,7.2956300000000001,9.0409600000000001,4.7696100000000001,8.6938999999999993,9.0280699999999996,15.785600000000001,43.807899999999997,-3.9029400000000001,4.9981900000000001,149.721,435.76299999999998,627.03399999999999,551.34199999999998,558.58100000000002,529.36599999999999,446.74299999999999,353.43099999999998,296.67599999999999,234.626,202.654,182.327,126.34399999999999,97.356300000000005,95.880399999999995,49.409199999999998,59.107500000000002,45.476999999999997,24.626200000000001,14.1892,28.803100000000001,18.701799999999999,10.916600000000001,58.8782,2.8927499999999999,34.011099999999999,537.43299999999999,1051.1400000000001,1435.5899999999999,1751.8599999999999,1662.75,1745.4200000000001,1504.98,1240.72,1185.5899999999999,972.94799999999998,771.88599999999997,696.79100000000005,553.68899999999996,453.24200000000002,333.82900000000001,264.678,193.15199999999999,154.34100000000001,147.71199999999999,98.412000000000006,102.215,100.349,82.441500000000005,349.56099999999998
51,0.0092915299999999992,3.7382300000000002,35.521299999999997,68.650700000000001,125.629,132.44300000000001,329.55900000000003,237.54499999999999,349.16199999999998,276.68599999999998,307.48200000000003,259.53100000000001,210.166,256.21199999999999,224.31700000000001,137.19900000000001,189.83500000000001,111.255,126.10299999999999,106.48399999999999,88.364199999999997,94.850399999999993,54.948799999999999,54.986199999999997,83.527199999999993,503.75900000000001,-0.37228,11.9566,36.251600000000003,0.68019399999999997,34.314100000000003,57.2958,165.47499999999999,146.56,192.976,166.958,172.04599999999999,90.552000000000007,188.63800000000001,133.88200000000001,91.053899999999999,185.32499999999999,95.138400000000004,55.948500000000003,68.842799999999997,98.444999999999993,52.3095,43.450099999999999,59.007599999999996,53.876100000000001,43.807899999999997,445.226,2.87988,19.3645,892.41700000000003,2069.75,2783.1500000000001,3615.54,3363.6799999999998,3574.96,2464.3499999999999,2462.21,1703.3299999999999,1749.27,1364.1099999999999,1329.6099999999999,587.904,817.91700000000003,479.55000000000001,652.98199999999997,207.15799999999999,290.58800000000002,95.012900000000002,254.20699999999999,134.554,133.12899999999999,65.569400000000002,456.31999999999999,15.345599999999999,189.42500000000001,3349.6700000000001,6480.1899999999996,8251.7900000000009,9148.5400000000009,10532.4,8834.5599999999995,10597.9,9454.1900000000005,7110.3800000000001,6458.9499999999998,5546.1599999999999,4408.1599999999999,3478.3400000000001,3082.7199999999998,2324.9899999999998,1680.3199999999999,1603.8399999999999,1568.4400000000001,965.49800000000005,939.60199999999998,674.58399999999995,671.42100000000005,492.84500000000003,3319.29
52,0.0053770299999999997,2.4798,12.3848,14.975099999999999,16.922000000000001,0.62843800000000005,18.354800000000001,18.089200000000002,31.1114,27.3279,19.160799999999998,11.704599999999999,4.0206400000000002,7.4837600000000002,21.498799999999999,14.860099999999999,-0.74982700000000002,6.1233599999999999,3.53891,4.1741299999999999,3.1324900000000002,5.4633099999999999,1.92923,-4.5100600000000002,6.1216799999999996,8.4331499999999995,0.0806452,2.5817100000000002,8.1570300000000007,0.411551,-7.9667700000000004,7.4657400000000003,12.910500000000001,8.0636899999999994,21.107399999999998,6.9361199999999998,3.6570900000000002,-9.4393499999999992,13.800599999999999,2.0320200000000002,-0.48214200000000002,7.2997899999999998,4.5875199999999996,-2.3744999999999998,2.5945299999999998,6.3423100000000003,-3.6202899999999998,1.07698,-1.5614699999999999,-1.46611,-3.9029400000000001,2.87988,34.498199999999997,-6.2126599999999996,156.31299999999999,228.566,181.46100000000001,427.84300000000002,271.96199999999999,138.376,159.613,260.04899999999998,42.380800000000001,117.946,118.661,40.877600000000001,24.336099999999998,54.773200000000003,-42.254399999999997,61.0077,-38.936199999999999,-17.713100000000001,-3.53478,25.705100000000002,-4.8193000000000001,9.1854899999999997,-3.7488899999999998,-5.7753199999999998,4.7744400000000002,18.876300000000001,267.45100000000002,574.69100000000003,526.39400000000001,597.16499999999996,618.05100000000004,56.413600000000002,629.04899999999998,913.14700000000005,326.55900000000003,220.38,134.67699999999999,-72.8386,85.064800000000005,18.2471,45.352600000000002,45.841900000000003,65.567400000000006,92.311999999999998,13.0571,43.473300000000002,-21.037099999999999,-71.995800000000003,-22.7041,99.525599999999997
53,0.0191133,2.5683699999999998,13.955500000000001,20.397300000000001,33.703200000000002,52.481099999999998,40.767800000000001,40.741599999999998,15.143800000000001,31.5793,18.339200000000002,26.991099999999999,20.9983,14.7194,9.1014800000000005,6.6670800000000003,12.8187,7.6856499999999999,9.5307600000000008,6.8043399999999998,5.6331800000000003,1.95529,7.6911699999999996,6.3074199999999996,0.62759699999999996,21.2104,0.148621,2.3414299999999999,5.87202,12.4033,20.961600000000001,17.163799999999998,18.288499999999999,14.925700000000001,17.8537,15.532299999999999,8.3064099999999996,24.1066,11.8667,4.9401900000000003,14.3604,7.8828699999999996,6.62263,7.0780700000000003,5.4080199999999996,2.25861,3.1214,2.74695,3.9225099999999999,2.9373999999999998,4.9981900000000001,19.3645,-6.2126599999999996,60.217700000000001,582.36699999999996,1004.03,948.53800000000001,742.92700000000002,513.66499999999996,458.05599999999998,321.98200000000003,195.91200000000001,180.88,71.427999999999997,51.271900000000002,90.482699999999994,58.045099999999998,49.712499999999999,63.872199999999999,-15.289,65.206999999999994,-1.4192100000000001,14.2685,7.6873100000000001,0.43714199999999998,1.2614000000000001,2.6970999999999998,17.806999999999999,7.4418600000000001,68.109999999999999,903.50699999999995,1464.3499999999999,1817.8900000000001,1683.6600000000001,1390.6300000000001,1537,1138.8299999999999,598.29600000000005,604.69500000000005,535.38999999999999,434.17899999999997,405.12799999999999,278.68200000000002,149.07900000000001,115.483,105.023,75.255200000000002,37.879600000000003,13.292999999999999,18.254899999999999,39.057299999999998,52.7286,7.75603,22.589400000000001
54,0.84001599999999998,175.114,871.61000000000001,1430.0899999999999,2190.7399999999998,2576.6500000000001,2758.23,2580.8000000000002,2272.6500000000001,2122.5300000000002,1898.52,1744.4100000000001,1254.6500000000001,1026.52,934.42999999999995,935.649,605.01099999999997,661.00900000000001,578.18499999999995,469.19999999999999,311.29000000000002,215.03999999999999,409.49400000000003,197.32400000000001,224.28399999999999,1196.22,5.9067400000000001,106.602,366.827,521.77700000000004,765.18600000000004,908.23900000000003,1194.9100000000001,1020.78,1277.6199999999999,887.40700000000004,739.60400000000004,855.78899999999999,734.85900000000004,449.36599999999999,533.596,651.375,392.08499999999998,335.81700000000001,247.81999999999999,183.941,201.48599999999999,150.24199999999999,159.126,204.39699999999999,149.721,892.41700000000003,156.31299999999999,582.36699999999996,28144.400000000001,48816.099999999999,49721.800000000003,45437,35829.599999999999,28436.599999999999,20681.299999999999,18718.599999999999,11613.5,9719.3199999999997,7531.3900000000003,5180.2299999999996,3786.8200000000002,3609.5799999999999,2117.2600000000002,1536.4400000000001,1269.6700000000001,459.56799999999998,681.88999999999999,749.64599999999996,220.06800000000001,192.863,246.97399999999999,1137.72,390.86700000000002,3679.5,43789.900000000001,76432.300000000003,90979.300000000003,93106.600000000006,82873.399999999994,75259.600000000006,63739.800000000003,51681.699999999997,39014.5,29927.099999999999,23822,17685.700000000001,13895.9,8543.0699999999997,8301.4400000000005,5686.3500000000004,4458.4899999999998,3725.6599999999999,1852.71,1937.9300000000001,824.92700000000002,1426.04,596.53800000000001,5086.5200000000004
55,1.43161,339.221,1987.1900000000001,3370.3099999999999,5758.8699999999999,7475.2700000000004,7138.1499999999996,7441.0200000000004,6541.3900000000003,5949.79,5690.1300000000001,4839.3500000000004,3855,2760.1199999999999,2404.52,2509.5300000000002,1753.3099999999999,1888.77,1522.1700000000001,1296.8399999999999,804.94100000000003,560.63999999999999,1133.1400000000001,704.54499999999996,486.39999999999998,2924.1199999999999,13.4216,235.536,807.80100000000004,1435.21,2488.8699999999999,2765.8099999999999,3215.6100000000001,3035.54,3363.0599999999999,2746.6700000000001,2190.1399999999999,2574.3899999999999,1863.3,1336.8099999999999,1511.99,1517.3299999999999,1178.4100000000001,1103.8699999999999,704.28300000000002,412.56799999999998,563.14400000000001,413.35300000000001,502.423,602.50800000000004,435.76299999999998,2069.75,228.566,1004.03,48816.099999999999,108296,121503,111336,92443.100000000006,75167.600000000006,59153,48557.800000000003,33734.300000000003,26809.299999999999,21354.400000000001,14518.4,11819.700000000001,8958.4400000000005,6593.0600000000004,3129.3899999999999,3974.4299999999998,1676.9100000000001,2155.0300000000002,1029.77,1041.0699999999999,637.51700000000005,654.44899999999996,3043.1599999999999,828.67200000000003,8617.2299999999996,110855,197811,244729,258176,224854,215464,170302,138593,112538,83806.899999999994,64835.199999999997,50257.400000000001,40453.900000000001,25060.5,22236.400000000001,17223.200000000001,11252.5,8531.6399999999994,7023.71,4481.7600000000002,3344.0799999999999,4247.6400000000003,2733.25,13778.299999999999
56,1.49983,386.39800000000002,2416.96,4225.21,7391.8400000000001,10078.6,9177.9799999999996,10204.200000000001,8904.4799999999996,8007.21,7868.0699999999997,6378.3800000000001,5494.6999999999998,3622.4699999999998,3146.5500000000002,3254.7800000000002,2520.0799999999999,2593.2399999999998,2045.22,1722.3199999999999,1030.1199999999999,800.60500000000002,1516.55,1049.6500000000001,563.505,3825.54,12.9223,260.69900000000001,985.29600000000005,1934.8499999999999,3539.5300000000002,3891.7800000000002,4127.54,4276,4357.2299999999996,3838.4200000000001,3077.3899999999999,3623.6999999999998,2489.6399999999999,1911.8199999999999,2076.3099999999999,1836.52,1690.6300000000001,1647.4400000000001,910.423,560.77599999999995,744.923,582.98599999999999,726.25999999999999,890.83199999999999,627.03399999999999,2783.1500000000001,181.46100000000001,948.53800000000001,49721.800000000003,121503,158218,139051,118962,99897.199999999997,83021.600000000006,64718.300000000003,47851.699999999997,37905.5,29921.799999999999,21404.599999999999,17803.400000000001,11589.299999999999,10170.1,4067.5799999999999,5888.54,3038.52,3295.75,701.15499999999997,1896.1300000000001,1259.53,911.88599999999997,4605.96,843.79399999999998,9583.8400000000001,133646,247097,314703,339880,295486,289532,225259,185370,159415,115681,88457.899999999994,72292.699999999997,59309,37761.599999999999,32032.799999999999,25875.599999999999,15993.5,11289,12448.1,6745.5600000000004,6171.6899999999996,6559.8500000000004,5345.4799999999996,22861.299999999999
57,1.1714100000000001,350.05099999999999,2199.0500000000002,3904.1599999999999,6755.2200000000003,9015.9099999999999,9409.7099999999991,9674.8099999999995,9467.0699999999997,8291.3199999999997,8071.6700000000001,6650.0600000000004,5438.71,4228.3800000000001,3773.2600000000002,3456.7199999999998,2714.8899999999999,2681.3299999999999,2193.6900000000001,1787.5699999999999,1286.79,1073.29,1400.7,931.721,884.43100000000004,4902.1000000000004,13.7964,296.15499999999997,1005.34,1594.4100000000001,2938.54,3412.6900000000001,4378.6700000000001,4031.8499999999999,4702.3900000000003,3902.0100000000002,3268.6599999999999,3238.4000000000001,2935.7600000000002,2029.01,2017.6900000000001,2356.21,1795.4200000000001,1413.1199999999999,1052.3099999999999,914.98699999999997,733.62900000000002,674.32399999999996,744.60299999999995,841.58699999999999,551.34199999999998,3615.54,427.84300000000002,742.92700000000002,45437,111336,139051,144170,117994,101787,80465.300000000003,68164.5,48514.199999999997,41028.5,31476.799999999999,22791.400000000001,16686.5,14267.5,9153.1900000000005,6878.1099999999997,4843.9099999999999,3001.0599999999999,2807.9699999999998,2325.0999999999999,1541.53,1253.5,938.21400000000006,5164.5600000000004,858.923,9223.2000000000007,128707,241166,308365,331917,300942,279519,240773,203883,159065,122667,97846.600000000006,73855.300000000003,60774.099999999999,41382.599999999999,34800.099999999999,27235.200000000001,19657,16822.700000000001,12446.299999999999,9653.1599999999999,6706.6800000000003,7075.96,4924.1499999999996,30346
58,0.95325800000000005,277.82499999999999,1820.48,3258.5900000000001,5895.5799999999999,7943.7600000000002,8190.4499999999998,8395.6700000000001,8246.5900000000001,7016.0799999999999,7199.4499999999998,5835.5100000000002,4829.6000000000004,3732.23,3271.77,3094.77,2518.4699999999998,2322.6399999999999,1983.9000000000001,1681.45,1114.6900000000001,911.98800000000006,1265.8299999999999,896.66800000000001,793.36300000000006,4518.8199999999997,7.8546899999999997,229.203,782.31799999999998,1295.21,2616.1599999999999,2880.8000000000002,3791.5900000000001,3605.8800000000001,3995.4499999999998,3466.9400000000001,2996.6599999999999,2838.4400000000001,2528.8000000000002,1901.74,1802.9400000000001,2128.4699999999998,1585.1400000000001,1336.3499999999999,905.41300000000001,781.42100000000005,762.89499999999998,580.80799999999999,737.38499999999999,805.31200000000001,558.58100000000002,3363.6799999999998,271.96199999999999,513.66499999999996,35829.599999999999,92443.100000000006,118962,117994,107912,89443.5,71141.100000000006,59988.400000000001,43274.800000000003,36437.699999999997,28857.799999999999,20442.599999999999,15128,12447.200000000001,8801.6900000000005,6042.2600000000002,4747.29,3146.1999999999998,2605.3299999999999,1767.6199999999999,1737.8699999999999,1264.0599999999999,955.70899999999995,4966.7600000000002,716.64700000000005,7920.2600000000002,107910,202871,261785,289603,264716,252368,212217,180968,145773,113461,89613,69873.300000000003,57003.5,39332.099999999999,33538.199999999997,25730.5,18111.799999999999,15335.799999999999,12124,8429.4699999999993,6557.75,7255.71,5338.9200000000001,28222.200000000001
59,0.73930099999999999,218.33699999999999,1462.05,2702.9899999999998,4774.6300000000001,6647.3999999999996,7248.29,7276.8900000000003,7306.46,6277.5100000000002,6314.4499999999998,5216.3000000000002,4448.7799999999997,3508.6300000000001,3066.4499999999998,2661.5500000000002,2487.3899999999999,2153.02,1882.74,1515.9300000000001,1088.5699999999999,937.68700000000001,1105.76,859.154,787.95699999999999,4630.8900000000003,5.9865500000000003,184.245,662.60500000000002,1062.9300000000001,2188.3600000000001,2383,3322.0300000000002,3160.3400000000001,3561.5,3082.3000000000002,2802.48,2579.8400000000001,2495.2399999999998,1806.8900000000001,1681.29,2079.0500000000002,1539.97,1200.6300000000001,882.649,894.74099999999999,682.01099999999997,613.48900000000003,707.60699999999997,767.48599999999999,529.36599999999999,3574.96,138.376,458.05599999999998,28436.599999999999,75167.600000000006,99897.199999999997,101787,89443.5,85153.800000000003,63122,53591.400000000001,40031.599999999999,34501.099999999999,25750.400000000001,20286.700000000001,14254.700000000001,12135.799999999999,8673.0799999999999,6393.8800000000001,4657.9700000000003,3262.9299999999998,2445.9499999999998,2121.8899999999999,1583.25,1348.28,981.88999999999999,5241.4099999999999,499.62900000000002,5878.6300000000001,87680.100000000006,168720,223283,245691,232634,221868,195393,165159,135201,106482,86749,68552.600000000006,55318.599999999999,39551.400000000001,33186.5,25610.599999999999,19105.099999999999,16191.799999999999,12731.5,9443.2099999999991,7485.9799999999996,7958.5600000000004,5728.7200000000003,31592.599999999999
60,0.57726900000000003,168.09299999999999,1330.52,2337.8699999999999,4073.6399999999999,5713.0699999999997,5464.04,6298.8999999999996,5833.6899999999996,5329.1700000000001,5229.6800000000003,4080.4099999999999,3705.21,2680.1900000000001,2315.5500000000002,2238.4099999999999,1896.4000000000001,1772.29,1479.9300000000001,1158.8599999999999,793.22400000000005,667.91800000000001,1070.1300000000001,743.12300000000005,406.75099999999998,3123.9699999999998,6.6238000000000001,134.95400000000001,590.25900000000001,1089.5,2026.23,2441.7399999999998,2595.25,2883.5500000000002,2921.3600000000001,2641.6799999999998,2184.8000000000002,2372.3699999999999,1917.21,1412.71,1490.04,1423.3800000000001,1304.0999999999999,1152.23,785.50199999999995,579.65599999999995,519.27499999999998,491.59899999999999,573.80600000000004,655.47199999999998,446.74299999999999,2464.3499999999999,159.613,321.98200000000003,20681.299999999999,59153,83021.600000000006,80465.300000000003,71141.100000000006,63122,60091.199999999997,43041.099999999999,35600.5,28220.099999999999,22074.5,18104.299999999999,13974.700000000001,9797.5599999999995,8152.1800000000003,4380.6300000000001,5025.6300000000001,2865.3299999999999,3011.1799999999998,669.36400000000003,1727.77,1201.3299999999999,759.30700000000002,4121.7200000000003,432.35300000000001,4417.8199999999997,66609.899999999994,136397,183956,210017,189255,192247,159858,138091,119461,92543.5,71028.399999999994,58961.800000000003,51623.900000000001,35737.300000000003,28938,23426.400000000001,15511.299999999999,12936,11737.200000000001,8386.7600000000002,7642.25,6289.3999999999996,5371.25,26176.099999999999
61,0.42673499999999998,175.97300000000001,1019.92,1853,3193.46,4219.3100000000004,4804.46,4819.8000000000002,4994.2399999999998,4209.9700000000003,4291.1400000000003,3584.5599999999999,2963.2199999999998,2356.6999999999998,2199.0599999999999,1945.1800000000001,1678.47,1479.29,1261.3499999999999,1076.3800000000001,782.86699999999996,666.529,802.59400000000005,574.60500000000002,581.62099999999998,3145.9899999999998,4.3732300000000004,141.13900000000001,465.52800000000002,715.41300000000001,1348.8399999999999,1662.3900000000001,2241.1500000000001,2091.6900000000001,2540.96,2083.2800000000002,1849.8199999999999,1656.05,1723.73,1246.0799999999999,1108.75,1432.53,1045.8599999999999,815.60199999999998,609.55499999999995,631.77599999999995,466.279,399.43200000000002,478.22699999999998,549.25999999999999,353.43099999999998,2462.21,260.04899999999998,195.91200000000001,18718.599999999999,48557.800000000003,64718.300000000003,68164.5,59988.400000000001,53591.400000000001,43041.099999999999,41627.199999999997,27270.900000000001,24375.700000000001,18748.299999999999,14088.299999999999,10260.9,8920.0300000000007,5906.3699999999999,4956.8699999999999,3064.2199999999998,2297.7600000000002,1681.78,1780.9200000000001,1243.6900000000001,1078.4000000000001,662.548,3521.6199999999999,412.959,4000.4000000000001,59894.400000000001,114316,149625,168336,158705,148258,136586,118413,96071.800000000003,74855.199999999997,60586,47634.699999999997,39724,28877.599999999999,24072.400000000001,18250.799999999999,14098.9,12115.799999999999,9169.2700000000004,7226.0299999999997,5219.3100000000004,5084.1599999999999,3966.6599999999999,22224.900000000001
62,0.27737499999999998,97.401200000000003,752.78999999999996,1384.5899999999999,2402.54,3419.9200000000001,3436.25,3876.75,3732.3400000000001,3339.8099999999999,3316.6900000000001,2716.46,2375.3200000000002,1831.45,1472.49,1441.5999999999999,1348.8599999999999,1135.0699999999999,970.00400000000002,739.74599999999998,581.36900000000003,447.79000000000002,685.18100000000004,505.06,295.49900000000002,2116.0799999999999,4.6051500000000001,66.126599999999996,310.49400000000003,663.43499999999995,1180.5999999999999,1440.4100000000001,1616.24,1744.1600000000001,1827.3900000000001,1605.1300000000001,1407.1600000000001,1578.9200000000001,1234.3,910.86699999999996,1031.8699999999999,960.40899999999999,879.32899999999995,736.48900000000003,535.72699999999998,397.69799999999998,363.721,350.83699999999999,372.64699999999999,445.45600000000002,296.67599999999999,1703.3299999999999,42.380800000000001,180.88,11613.5,33734.300000000003,47851.699999999997,48514.199999999997,43274.800000000003,40031.599999999999,35600.5,27270.900000000001,27224.900000000001,18733.599999999999,13981.200000000001,11810.299999999999,9733.3700000000008,6730.54,5554.6300000000001,2993.9899999999998,3674.1500000000001,1973.01,1972.9100000000001,791.19799999999998,1018.1799999999999,758.87900000000002,647.44399999999996,2931.73,243.79499999999999,2413.75,38067,79120.100000000006,110779,128659,117179,123860,102683,89019.300000000003,78198,62516.199999999997,49514.599999999999,40380.900000000001,35392,25899.799999999999,20581.099999999999,16643.700000000001,11045.5,9058.8600000000006,7986.6400000000003,6299.2299999999996,6065.3400000000001,4985.4300000000003,3757.25,17557.299999999999
63,0.24181,91.845100000000002,591.01900000000001,1125.0999999999999,1792.23,2493.6999999999998,2997.0100000000002,3030.6999999999998,3193.75,2738.1999999999998,2738.5100000000002,2251.1900000000001,1950.1600000000001,1614.1600000000001,1414.73,1253.53,1119.3900000000001,1010.02,856.82100000000003,637.96500000000003,546.32100000000003,476.447,529.72799999999995,396.81700000000001,359.41000000000003,2178.5799999999999,3.6712799999999999,65.243899999999996,287.053,453.649,803.15300000000002,1014.8099999999999,1385.8699999999999,1341.95,1593.71,1332.72,1260.6600000000001,1131.5699999999999,1166.6099999999999,861.88400000000001,755.08299999999997,972.62,746.62199999999996,535.38699999999994,430.928,463.22800000000001,305.11500000000001,319.39999999999998,319.13799999999998,379.34899999999999,234.626,1749.27,117.946,71.427999999999997,9719.3199999999997,26809.299999999999,37905.5,41028.5,36437.699999999997,34501.099999999999,28220.099999999999,24375.700000000001,18733.599999999999,18784.200000000001,11951.5,10324.9,7161.6199999999999,6111.0299999999997,4266.5299999999997,3710.71,2231.73,1757.04,1380.3499999999999,1182.5,791.94799999999998,731.23500000000001,479.11900000000003,2624.4499999999998,195.64099999999999,1927.04,32187.799999999999,65973.100000000006,89317.5,100544,98749.399999999994,93393.699999999997,88907,77826.800000000003,64373.800000000003,50698.900000000001,42333.800000000003,33254.400000000001,28072.700000000001,21350.099999999999,17510.799999999999,13372.799999999999,10340,9207.8600000000006,7105.0600000000004,6012.6999999999998,4446.75,4096.71,3131.46,17734
64,0.17383899999999999,63.875599999999999,471.65300000000002,831.60699999999997,1517.46,1956.22,2214.8400000000001,2288.3000000000002,2443.3800000000001,2058.4899999999998,2173.1700000000001,1698.6600000000001,1459.8900000000001,1247.0699999999999,1115.1500000000001,988.52800000000002,895.51999999999998,704.98199999999997,654.73400000000004,565.08100000000002,402.85199999999998,366.83499999999998,419.15899999999999,306.71499999999997,291.75999999999999,1733.0799999999999,0.335617,67.879000000000005,235.74299999999999,299.81900000000002,643.36900000000003,825.851,1082.75,1123.98,1218.5,1104.3599999999999,954.37900000000002,806.255,876.49099999999999,682.048,576.49400000000003,748.56899999999996,542.81600000000003,444.36000000000001,351.404,343.61700000000002,270.565,213.06200000000001,286.33199999999999,287.37900000000002,202.654,1364.1099999999999,118.661,51.271900000000002,7531.3900000000003,21354.400000000001,29921.799999999999,31476.799999999999,28857.799999999999,25750.400000000001,22074.5,18748.299999999999,13981.200000000001,11951.5,11328.9,7572.1099999999997,5441.0299999999997,4569.9399999999996,3226.04,2607.52,1674.6900000000001,1441.05,954.55600000000004,712.47400000000005,862.62099999999998,616.91800000000001,363.15800000000002,1948.3199999999999,174.994,1923.04,27011.200000000001,54057.800000000003,70875.800000000003,82903.800000000003,78454.399999999994,74847,68371,61905.800000000003,50470.199999999997,40737.900000000001,32243.799999999999,25908,22108.400000000001,16670.900000000001,13362.5,10527.6,7735.4700000000003,6969.25,5403.0200000000004,4100.1599999999999,3372.6399999999999,2911.5599999999999,2516.8200000000002,13318
65,0.104589,30.804600000000001,353.41699999999997,623.23599999999999,975.096,1336.78,1663.1800000000001,1786.8099999999999,1823,1735.79,1661.53,1301.3299999999999,1224,1087.8099999999999,959.23500000000001,763.24699999999996,761.39999999999998,624.62199999999996,573.93899999999996,413.05000000000001,354.96199999999999,340.08800000000002,376.06799999999998,276.94799999999998,213.40100000000001,1603.95,1.9376,42.023499999999999,214.131,253.25700000000001,459.22899999999998,656.99099999999999,817.53300000000002,914.06500000000005,1001.88,901.14999999999998,798.56200000000001,720.827,816.55399999999997,578.27700000000004,519.44600000000003,657.23000000000002,503.42000000000002,361.90600000000001,361.52800000000002,333.459,197.821,215.637,229.89099999999999,260.358,182.327,1329.6099999999999,40.877600000000001,90.482699999999994,5180.2299999999996,14518.4,21404.599999999999,22791.400000000001,20442.599999999999,20286.700000000001,18104.299999999999,14088.299999999999,11810.299999999999,10324.9,7572.1099999999997,8876.3799999999992,4699.4799999999996,4144.9099999999999,3063.3899999999999,2530.2800000000002,1816.48,1340.04,1178.8699999999999,604.34299999999996,702.30600000000004,562.76599999999996,302.12,1904.6700000000001,102.89700000000001,960.19000000000005,17769.700000000001,38684.699999999997,52710.599999999999,59894.400000000001,60270.300000000003,58935.800000000003,58085.599999999999,50778.800000000003,43098.099999999999,35538.800000000003,28644.599999999999,23508.400000000001,20650.799999999999,15704.4,12306.700000000001,9672.7700000000004,7449.4300000000003,6919.1300000000001,5216.6700000000001,4552.4099999999999,3686.27,2973.5700000000002,2450.9899999999998,14100.4
66,0.078093700000000002,35.443300000000001,296.60399999999998,531.74099999999999,887.971,1291.48,1138.0899999999999,1513.5799999999999,1242.4400000000001,1227.54,1136.8399999999999,976.81399999999996,912.61599999999999,563.23800000000006,496.721,541.976,496.88900000000001,453.26100000000002,356.66199999999998,267.62400000000002,206.053,149.81200000000001,308.44,233.71799999999999,71.787300000000002,687.55799999999999,2.0323099999999998,15.319699999999999,120.50700000000001,310.00700000000001,468.96800000000002,641.21799999999996,552.36900000000003,704.32899999999995,658.31399999999996,608.45299999999997,483.64100000000002,677.87800000000004,461.697,363.767,436.50999999999999,303.81200000000001,364.32900000000001,353.09500000000003,242.73699999999999,134.691,134.23099999999999,150.642,141.48500000000001,198.73500000000001,126.34399999999999,587.904,24.336099999999998,58.045099999999998,3786.8200000000002,11819.700000000001,17803.400000000001,16686.5,15128,14254.700000000001,13974.700000000001,10260.9,9733.3700000000008,7161.6199999999999,5441.0299999999997,4699.4799999999996,5561.5900000000001,2476.8499999999999,2352.1599999999999,976.34799999999996,1704.04,854.87099999999998,916.84900000000005,208.309,535.99000000000001,344.21199999999999,304.04599999999999,1167.24,75.671000000000006,602.01499999999999,11517.9,26297.200000000001,39068.699999999997,46676.099999999999,42858.099999999999,47976.5,39237.300000000003,34882.900000000001,33865.5,25096.299999999999,19975.900000000001,17097.599999999999,15442.299999999999,10974.1,8724.6599999999999,7621.3400000000001,4758.2700000000004,3549.2600000000002,3968.25,2619.2800000000002,2742.48,1955.5999999999999,1831.0899999999999,7117.8699999999999
67,0.0708762,22.865200000000002,198.05500000000001,346.71800000000002,575.92499999999995,733.21699999999998,1043.74,978.38,1125.23,1014.35,962.28200000000004,822.55200000000002,690.11099999999999,668.50900000000001,601.80600000000004,464.017,452.75,356.63099999999997,338.84300000000002,260.09899999999999,228.511,205.58099999999999,201.18899999999999,140.852,164.89400000000001,1006.3200000000001,1.1044400000000001,32.816299999999998,115.452,112.828,209.29400000000001,322.52300000000002,514.58100000000002,474.08800000000002,621.33199999999999,506.38200000000001,461.56700000000001,369.07100000000003,493.52300000000002,324.54899999999998,290.27300000000002,452.738,293.02100000000002,183.77699999999999,222.47900000000001,217.90100000000001,121.315,125.29900000000001,134.75899999999999,144.94300000000001,97.356300000000005,817.91700000000003,54.773200000000003,49.712499999999999,3609.5799999999999,8958.4400000000005,11589.299999999999,14267.5,12447.200000000001,12135.799999999999,9797.5599999999995,8920.0300000000007,6730.54,6111.0299999999997,4569.9399999999996,4144.9099999999999,2476.8499999999999,3422.5599999999999,1543.0599999999999,1621.9200000000001,920.64800000000002,701.17100000000005,524.86699999999996,619.79100000000005,358.14699999999999,300.31400000000002,197.964,1122.1700000000001,82.279200000000003,731.09000000000003,11194,23082.5,31240.5,35471,36107.199999999997,33640.599999999999,34860.5,30543.900000000001,24080.599999999999,20709.900000000001,17120.700000000001,13385.200000000001,11444.4,8900.5200000000004,7140.5100000000002,5469.8100000000004,4530.2299999999996,4328.79,2712.54,2628.0599999999999,1952.4400000000001,1707.1700000000001,1240.3299999999999,8131.46
68,0.048112700000000001,17.162700000000001,145.97399999999999,289.88799999999998,496.39400000000001,763.90899999999999,706.37599999999998,833.452,706.18799999999999,698.94899999999996,686.26300000000003,564.90700000000004,548.46100000000001,385.00099999999998,292.25299999999999,308.56700000000001,319.67599999999999,245.45599999999999,235.23400000000001,180.30500000000001,127.235,92.573800000000006,183.48699999999999,149.66300000000001,45.546199999999999,558.63999999999999,0.43002899999999999,9.4849700000000006,57.643900000000002,152.011,308.46300000000002,331.34699999999998,325.70800000000003,415.52100000000002,371.07499999999999,384.47699999999998,344.65499999999997,425.82799999999997,276.24599999999998,232.04599999999999,259.07400000000001,235.357,211.18799999999999,209.89099999999999,115.389,90.554900000000004,114.273,87.040400000000005,115.27,128.666,95.880399999999995,479.55000000000001,-42.254399999999997,63.872199999999999,2117.2600000000002,6593.0600000000004,10170.1,9153.1900000000005,8801.6900000000005,8673.0799999999999,8152.1800000000003,5906.3699999999999,5554.6300000000001,4266.5299999999997,3226.04,3063.3899999999999,2352.1599999999999,1543.0599999999999,2281.1199999999999,597.53999999999996,1087.6600000000001,646.95600000000002,566.40700000000004,69.330699999999993,342.42599999999999,218.21299999999999,184.512,863.71400000000006,50.616700000000002,484.11900000000003,7170.4700000000003,15681.200000000001,23202.400000000001,28083,26229.299999999999,29619.599999999999,23811.5,19652.599999999999,19585.700000000001,15722,12372.4,11490.700000000001,9524.1800000000003,6956.6499999999996,5817.8599999999997,4525.2700000000004,3019.0500000000002,2470.0999999999999,2339.2600000000002,1706.72,1736.4300000000001,1638.5899999999999,1250.5,5214.7399999999998
69,0.030735800000000001,11.288399999999999,64.349900000000005,119.17700000000001,139.34899999999999,82.447299999999998,558.26499999999999,338.52800000000002,644.80700000000002,469.13900000000001,514.52200000000005,421.13900000000001,321.72399999999999,463.02600000000001,417.83600000000001,272.976,288.51400000000001,208.08199999999999,212.89599999999999,158.05099999999999,172.20599999999999,178.815,76.847300000000004,67.826300000000003,158.726,819.66099999999994,0.32500299999999999,19.508600000000001,71.688500000000005,-15.4217,-24.688199999999998,56.924599999999998,281.89800000000002,207.512,365.18700000000001,251.392,298.85700000000003,80.261200000000002,339.005,236.22999999999999,110.542,340.61599999999999,158.53,55.8292,124.319,197.40199999999999,69.430400000000006,82.902900000000002,84.905500000000004,75.137200000000007,49.409199999999998,652.98199999999997,61.0077,-15.289,1536.4400000000001,3129.3899999999999,4067.5799999999999,6878.1099999999997,6042.2600000000002,6393.8800000000001,4380.6300000000001,4956.8699999999999,2993.9899999999998,3710.71,2607.52,2530.2800000000002,976.34799999999996,1621.9200000000001,597.53999999999996,1911.1099999999999,111.886,477.202,179.03,574.03999999999996,176.71199999999999,235.63999999999999,88.874099999999999,720.64200000000005,31.0044,259.05000000000001,5536.5200000000004,11312.4,13572.5,14173,18271.200000000001,12766.700000000001,19600.400000000001,18647.799999999999,12460.9,11199.5,10123.700000000001,7091.8999999999996,5872.1800000000003,5527.7299999999996,4197.4200000000001,2853.5599999999999,3076.9699999999998,3272.4299999999998,1786.1099999999999,2003.4000000000001,1117.9400000000001,990.15999999999997,766.23500000000001,6218.7200000000003
70,0.024981300000000001,5.78653,105.29300000000001,165.89699999999999,313.11700000000002,528.928,362.69299999999998,548.78499999999997,341.60300000000001,412.60000000000002,367.53199999999998,323.42000000000002,343.44299999999998,175.613,132.179,165.54400000000001,175.87799999999999,147.70500000000001,127.745,90.923199999999994,55.565800000000003,21.199400000000001,125.97799999999999,96.679500000000004,-6.1070799999999998,205.572,0.78053600000000001,0.556589,27.1371,120.962,221.40000000000001,228.36600000000001,165.40799999999999,248.76400000000001,204.62100000000001,209.28999999999999,160.91999999999999,296.30200000000002,146.32499999999999,103.352,190.82300000000001,84.546099999999996,137.46299999999999,142.44399999999999,95.856700000000004,26.713799999999999,54.1706,52.582299999999996,55.689599999999999,81.8048,59.107500000000002,207.15799999999999,-38.936199999999999,65.206999999999994,1269.6700000000001,3974.4299999999998,5888.54,4843.9099999999999,4747.29,4657.9700000000003,5025.6300000000001,3064.2199999999998,3674.1500000000001,2231.73,1674.6900000000001,1816.48,1704.04,920.64800000000002,1087.6600000000001,111.886,1289.72,290.70999999999998,466.51799999999997,-37.2789,208.399,122.968,132.25299999999999,506.38799999999998,28.941500000000001,129.613,3119.5,7542.8900000000003,12820.200000000001,16004.200000000001,13770.1,19092.599999999999,13584.799999999999,10498.799999999999,12124.299999999999,9742.1499999999996,7318.2299999999996,7043.9799999999996,6465.8000000000002,4239.1000000000004,3516.8400000000001,3016.6300000000001,1785.49,1227.27,1393.6199999999999,948.25699999999995,1245.05,962.24900000000002,779.60000000000002,2572.1599999999999
71,0.013350900000000001,2.7163599999999999,27.470300000000002,72.3279,129.58799999999999,175.30500000000001,259.358,235.06200000000001,292.13999999999999,220.36699999999999,271.238,205.86199999999999,193.29300000000001,195.351,137.92599999999999,126.063,154.30099999999999,97.3857,105.01600000000001,82.230999999999995,66.574700000000007,65.478300000000004,64.428399999999996,64.387299999999996,43.308100000000003,348.70299999999997,-0.37336999999999998,3.4937200000000002,24.872699999999998,23.732099999999999,69.828999999999994,97.331900000000005,125.813,161.922,142.99100000000001,153.65600000000001,155.01900000000001,123.252,127.88800000000001,127.337,82.100800000000007,140.03,79.218699999999998,80.254099999999994,60.901699999999998,61.642200000000003,56.631700000000002,40.905299999999997,58.008600000000001,56.6922,45.476999999999997,290.58800000000002,-17.713100000000001,-1.4192100000000001,459.56799999999998,1676.9100000000001,3038.52,3001.0599999999999,3146.1999999999998,3262.9299999999998,2865.3299999999999,2297.7600000000002,1973.01,1757.04,1441.05,1340.04,854.87099999999998,701.17100000000005,646.95600000000002,477.202,290.70999999999998,617.63999999999999,167.08699999999999,95.725800000000007,203.32599999999999,114.15900000000001,84.028999999999996,434.44400000000002,10.468999999999999,160.49700000000001,2247.4099999999999,5490.0299999999997,7693.9200000000001,9527.8600000000006,9978.1499999999996,9967.1900000000005,9377.2299999999996,8634.9799999999996,7813.1999999999998,6429.0500000000002,5363.5600000000004,4802.3000000000002,3737.27,3312.1100000000001,2511.0700000000002,1868.48,1438.8599999999999,1346.0999999999999,1171.6600000000001,891.24099999999999,780.59000000000003,757.39200000000005,617.76599999999996,3086.0500000000002
72,0.022501199999999999,3.3082099999999999,69.756900000000002,111.622,159.93199999999999,248.20699999999999,188.41499999999999,304.31599999999997,206.33199999999999,255.018,208.316,155.221,176.75200000000001,105.845,77.856099999999998,111,66.984499999999997,91.810900000000004,70.399100000000004,36.958799999999997,31.758299999999998,16.396999999999998,75.591700000000003,46.018999999999998,-9.0848999999999993,103.851,1.06134,-1.3171200000000001,26.1751,72.382400000000004,104.371,141.00800000000001,89.1922,148.553,125.858,116.78700000000001,95.300299999999993,150.11600000000001,76.038499999999999,62.3065,90.174599999999998,51.7759,78.331999999999994,72.110100000000003,59.245699999999999,18.510200000000001,23.902999999999999,32.450600000000001,25.3155,38.403599999999997,24.626200000000001,95.012900000000002,-3.53478,14.2685,681.88999999999999,2155.0300000000002,3295.75,2807.9699999999998,2605.3299999999999,2445.9499999999998,3011.1799999999998,1681.78,1972.9100000000001,1380.3499999999999,954.55600000000004,1178.8699999999999,916.84900000000005,524.86699999999996,566.40700000000004,179.03,466.51799999999997,167.08699999999999,493.71199999999999,-69.631,98.759900000000002,53.834099999999999,50.436999999999998,241.99100000000001,18.5794,77.3673,1640.0899999999999,4609.8000000000002,7101.7799999999997,8440.2000000000007,7671.7399999999998,9753.8500000000004,7576,6380.8599999999997,6677.3400000000001,5201.0799999999999,3848.3800000000001,3493.6999999999998,3465.7199999999998,2306.4099999999999,1931.21,1559.8,959.30499999999995,824.50800000000004,818.85299999999995,675.14099999999996,659.755,437.26100000000002,409.541,1743.8699999999999
73,0.0093163299999999994,7.2613700000000003,5.9179399999999998,16.2318,13.8142,-27.128799999999998,204.309,57.819200000000002,201.631,122.523,134.179,163.93199999999999,87.227500000000006,155.804,155.506,71.657499999999999,115.081,61.880299999999998,66.530600000000007,58.616,70.160300000000007,67.810199999999995,7.5956000000000001,15.7805,80.513900000000007,311.64499999999998,-0.071767499999999998,9.9049999999999994,15.277699999999999,-22.090499999999999,-49.994300000000003,-30.898900000000001,95.479200000000006,11.432399999999999,122.622,54.4572,82.140699999999995,-3.2403900000000001,126.498,69.586699999999993,31.138100000000001,126.18899999999999,51.528399999999998,-1.64331,38.997300000000003,81.786299999999997,20.1568,26.714400000000001,22.793900000000001,23.168600000000001,14.1892,254.20699999999999,25.705100000000002,7.6873100000000001,749.64599999999996,1029.77,701.15499999999997,2325.0999999999999,1767.6199999999999,2121.8899999999999,669.36400000000003,1780.9200000000001,791.19799999999998,1182.5,712.47400000000005,604.34299999999996,208.309,619.79100000000005,69.330699999999993,574.03999999999996,-37.2789,95.725800000000007,-69.631,507.077,5.6057899999999998,78.727900000000005,38.180700000000002,238.24000000000001,9.5874600000000001,63.9923,2061.5100000000002,3201.0700000000002,3755.0999999999999,3362.8400000000001,5299.04,2528.8000000000002,6393.0600000000004,5750.2299999999996,3242.73,3175.8699999999999,3391.5500000000002,2050.9099999999999,1474.6900000000001,1648.05,1226,826.904,1143.9200000000001,1113.8499999999999,447.71300000000002,637.33799999999997,284.36799999999999,325.12900000000002,160.16800000000001,1841.3599999999999
74,0.00344341,0.122821,23.694500000000001,35.168399999999998,95.883499999999998,119.821,113.91500000000001,141.733,142.41800000000001,111.59699999999999,148.38999999999999,101.483,106.173,86.244699999999995,70.433499999999995,63.0411,82.780100000000004,44.920499999999997,49.198999999999998,49.013300000000001,25.032299999999999,28.932300000000001,40.005800000000001,35.2761,16.654,155.90700000000001,-0.55161499999999997,3.16669,14.889900000000001,16.462700000000002,49.857999999999997,71.370800000000003,60.347499999999997,99.355599999999995,71.900000000000006,90.290800000000004,63.1004,61.537599999999998,61.042700000000004,64.101200000000006,47.1676,56.731400000000001,41.395400000000002,51.124299999999998,41.645600000000002,24.805399999999999,28.779900000000001,15.148899999999999,32.974899999999998,31.792999999999999,28.803100000000001,134.554,-4.8193000000000001,0.43714199999999998,220.06800000000001,1041.0699999999999,1896.1300000000001,1541.53,1737.8699999999999,1583.25,1727.77,1243.6900000000001,1018.1799999999999,791.94799999999998,862.62099999999998,702.30600000000004,535.99000000000001,358.14699999999999,342.42599999999999,176.71199999999999,208.399,203.32599999999999,98.759900000000002,5.6057899999999998,267.92200000000003,79.129599999999996,34.759700000000002,204.88,5.3186,77.284599999999998,1175.9200000000001,2995.0100000000002,4192.4099999999999,5859.4200000000001,5317.2799999999997,5731.1400000000003,4904.3699999999999,4652.9499999999998,4500.5100000000002,3621.29,2662.6900000000001,2553.8499999999999,2200.9000000000001,1801.55,1248.26,1081.1900000000001,725.73800000000006,612.59199999999998,640.77099999999996,355.452,429.37799999999999,317.99700000000001,353.94600000000003,1489.1900000000001
75,0.0060698499999999999,3.3568099999999998,20.282800000000002,28.6005,57.994,63.137900000000002,110.467,102.43300000000001,127.607,96.452299999999994,118.387,90.655799999999999,84.501199999999997,77.153199999999998,76.888400000000004,43.166800000000002,76.631799999999998,39.481999999999999,42.898699999999998,43.726100000000002,24.375,30.877500000000001,21.5932,21.3429,26.9712,156.971,-0.47244199999999997,3.4058000000000002,12.311999999999999,6.17103,17.139700000000001,34.303100000000001,49.214700000000001,59.771999999999998,70.790300000000002,56.006999999999998,58.580100000000002,30.5,69.109800000000007,49.427100000000003,35.526699999999998,53.475200000000001,40.311199999999999,27.536300000000001,24.425999999999998,36.701599999999999,15.3079,12.7811,23.294,25.0245,18.701799999999999,133.12899999999999,9.1854899999999997,1.2614000000000001,192.863,637.51700000000005,1259.53,1253.5,1264.0599999999999,1348.28,1201.3299999999999,1078.4000000000001,758.87900000000002,731.23500000000001,616.91800000000001,562.76599999999996,344.21199999999999,300.31400000000002,218.21299999999999,235.63999999999999,122.968,114.15900000000001,53.834099999999999,78.727900000000005,79.129599999999996,178.80500000000001,18.837700000000002,174.303,-2.1409500000000001,-13.325200000000001,875.53399999999999,1980.45,2706.1599999999999,3540.0799999999999,3701.23,3372.9099999999999,4074.5500000000002,3748.4499999999998,3301.9400000000001,2665.1900000000001,2066.3699999999999,1828.28,1645.1400000000001,1348.72,978.17600000000004,779.59900000000005,681.77800000000002,537.64200000000005,494.28100000000001,337.59300000000002,305.94799999999998,217.13999999999999,261.08699999999999,1299.3699999999999
76,0.0046823699999999999,1.9531000000000001,12.459,29.6706,52.703600000000002,77.443600000000004,82.269999999999996,85.6126,77.678799999999995,71.492999999999995,70.267399999999995,68.484099999999998,58.617899999999999,41.047800000000002,31.818999999999999,36.468000000000004,42.146799999999999,27.5061,27.767299999999999,24.291499999999999,16.752199999999998,10.507199999999999,20.975100000000001,18.223800000000001,10.255100000000001,78.067400000000006,0.00059367999999999997,0.11845,3.8298299999999998,12.5481,24.377400000000002,28.502099999999999,37.418500000000002,43.866300000000003,39.246499999999997,36.581099999999999,41.378900000000002,47.630800000000001,34.569099999999999,28.916499999999999,32.242899999999999,37.165399999999998,26.2654,26.02,17.0899,13.5829,15.115600000000001,13.660399999999999,13.3489,16.620999999999999,10.916600000000001,65.569400000000002,-3.7488899999999998,2.6970999999999998,246.97399999999999,654.44899999999996,911.88599999999997,938.21400000000006,955.70899999999995,981.88999999999999,759.30700000000002,662.548,647.44399999999996,479.11900000000003,363.15800000000002,302.12,304.04599999999999,197.964,184.512,88.874099999999999,132.25299999999999,84.028999999999996,50.436999999999998,38.180700000000002,34.759700000000002,18.837700000000002,96.8018,122.91800000000001,5.5697999999999999,45.862000000000002,559.24199999999996,1260.1700000000001,2147.25,2671.6500000000001,2838.46,3321.0599999999999,2710.2199999999998,2386.1399999999999,2364.6100000000001,1880.55,1623.99,1430.5599999999999,1141.3399999999999,864.03300000000002,761.66700000000003,612.63999999999999,423.577,329.74799999999999,308.09899999999999,208.214,217.88300000000001,230.89500000000001,166.37700000000001,701.49300000000005
77,0.019015500000000001,7.0432899999999998,65.281599999999997,134.86699999999999,232.89699999999999,312.02300000000002,449.32999999999998,411.19,467.15899999999999,411.36599999999999,425.86399999999998,347.86599999999999,310.05700000000002,291.42599999999999,245.40600000000001,179.804,236.191,145.477,159.93700000000001,127.833,93.733999999999995,95.544899999999998,90.305999999999997,81.247600000000006,73.950000000000003,537.27999999999997,-0.38372699999999998,9.64161,42.561700000000002,36.055500000000002,101.554,127.02,211.66,228.19900000000001,240.96000000000001,222.51599999999999,232.04499999999999,182.05600000000001,225.67099999999999,161.15199999999999,143.01599999999999,220.53999999999999,133.09,100.738,85.103700000000003,98.218699999999998,67.609899999999996,60.234999999999999,75.100300000000004,81.701099999999997,58.8782,456.31999999999999,-5.7753199999999998,17.806999999999999,1137.72,3043.1599999999999,4605.96,5164.5600000000004,4966.7600000000002,5241.4099999999999,4121.7200000000003,3521.6199999999999,2931.73,2624.4499999999998,1948.3199999999999,1904.6700000000001,1167.24,1122.1700000000001,863.71400000000006,720.64200000000005,506.38799999999998,434.44400000000002,241.99100000000001,238.24000000000001,204.88,174.303,122.91800000000001,946.49000000000001,20.700600000000001,214.04300000000001,3675.4699999999998,8188.7799999999997,11922,14111.1,15137.9,15016.799999999999,14742.299999999999,13028.6,11171.299999999999,9543.1700000000001,7956.0100000000002,6761.4499999999998,5598.3599999999997,4464.1599999999999,3625.7600000000002,2767.9400000000001,2223.1999999999998,2006.3199999999999,1521.21,1286.1700000000001,1072.6500000000001,1066.8199999999999,821.221,4694.6599999999999
78,0.0074036299999999996,3.2243900000000001,16.4389,28.295500000000001,48.360399999999998,56.306899999999999,58.686300000000003,56.127000000000002,52.933999999999997,48.743099999999998,48.019399999999997,42.396999999999998,26.2058,24.3004,21.475999999999999,28.586400000000001,9.5391399999999997,14.6061,12.273099999999999,11.0869,8.16587,3.7685300000000002,12.8256,6.3452500000000001,3.6483400000000001,25.314,0.25520199999999998,2.7068500000000002,7.5214299999999996,12.299099999999999,19.883299999999998,24.765599999999999,30.030899999999999,24.7301,32.385100000000001,25.319800000000001,19.315999999999999,21.810600000000001,13.6921,11.020899999999999,12.497999999999999,17.0398,8.2073499999999999,8.8961100000000002,5.6386099999999999,1.60117,6.2107999999999999,3.1211199999999999,3.9975100000000001,4.0014000000000003,2.8927499999999999,15.345599999999999,4.7744400000000002,7.4418600000000001,390.86700000000002,828.67200000000003,843.79399999999998,858.923,716.64700000000005,499.62900000000002,432.35300000000001,412.959,243.79499999999999,195.64099999999999,174.994,102.89700000000001,75.671000000000006,82.279200000000003,50.616700000000002,31.0044,28.941500000000001,10.468999999999999,18.5794,9.5874600000000001,5.3186,-2.1409500000000001,5.5697999999999999,20.700600000000001,46.174599999999998,102.048,1115.53,1872.77,2212.2399999999998,2341.0999999999999,2027.1600000000001,1904.0999999999999,1533.0899999999999,1290.0899999999999,933.60199999999998,742.33000000000004,567.41099999999994,403.63900000000001,327.64800000000002,211.268,206.233,119.22499999999999,88.904700000000005,98.9726,30.283300000000001,54.462000000000003,14.658099999999999,32.0379,5.7228500000000002,79.040000000000006
79,0.087762800000000002,25.427499999999998,152.82599999999999,274.53699999999998,523.04300000000001,613.12900000000002,616.91499999999996,567.48900000000003,594.24300000000005,517.51300000000003,537.63699999999994,426.96499999999997,290.83499999999998,289.06400000000002,240.52099999999999,250.61699999999999,149.81200000000001,127.93600000000001,128.22999999999999,137.37200000000001,87.822699999999998,59.165300000000002,96.230699999999999,59.392400000000002,59.554900000000004,320.767,1.1285499999999999,31.258500000000002,73.892099999999999,88.899199999999993,205.65299999999999,222.63900000000001,312.714,268.166,302.81900000000002,274.58699999999999,223.09899999999999,187.86199999999999,145.47800000000001,119.57299999999999,104.461,172.92099999999999,68.992999999999995,77.601500000000001,43.046399999999998,25.985499999999998,68.862899999999996,22.293199999999999,53.542999999999999,39.643900000000002,34.011099999999999,189.42500000000001,18.876300000000001,68.109999999999999,3679.5,8617.2299999999996,9583.8400000000001,9223.2000000000007,7920.2600000000002,5878.6300000000001,4417.8199999999997,4000.4000000000001,2413.75,1927.04,1923.04,960.19000000000005,602.01499999999999,731.09000000000003,484.11900000000003,259.05000000000001,129.613,160.49700000000001,77.3673,63.9923,77.284599999999998,-13.325200000000001,45.862000000000002,214.04300000000001,102.048,1392.1600000000001,12817.200000000001,20722.5,23632.200000000001,24565.900000000001,21279,19128,14573.799999999999,12047.6,8373.6100000000006,7052.3000000000002,5190.6400000000003,3764.0300000000002,2650.6500000000001,1744.5799999999999,1618.1800000000001,966.78999999999996,670.67100000000005,739.39200000000005,215.77000000000001,232.47900000000001,41.343200000000003,359.68400000000003,82.160399999999996,886.30799999999999
80,1.1108,346.56400000000002,2124.5100000000002,3610.7800000000002,6827.4300000000003,8482.2299999999996,8841.4099999999999,8609.1599999999999,8821.9099999999999,7628.3500000000004,7837.2299999999996,6377.4399999999996,4871.6700000000001,4290.8800000000001,3825.3000000000002,3369.4400000000001,2643.9099999999999,2315.73,1975.71,1963.2,1409.28,1099.8800000000001,1312.3,994.33799999999997,1002.21,5070.6599999999999,16.630199999999999,402.25,1051.1199999999999,1399.0699999999999,2868.3000000000002,3199.21,4322.8599999999997,3709.0100000000002,4644.2299999999996,3860.5100000000002,3209.8899999999999,2746.4099999999999,2644.9499999999998,1865.8099999999999,1688.79,2330.23,1379.9300000000001,1152.73,853.98000000000002,748.40899999999999,755.495,469.17500000000001,703.60599999999999,715.76199999999994,537.43299999999999,3349.6700000000001,267.45100000000002,903.50699999999995,43789.900000000001,110855,133646,128707,107910,87680.100000000006,66609.899999999994,59894.400000000001,38067,32187.799999999999,27011.200000000001,17769.700000000001,11517.9,11194,7170.4700000000003,5536.5200000000004,3119.5,2247.4099999999999,1640.0899999999999,2061.5100000000002,1175.9200000000001,875.53399999999999,559.24199999999996,3675.4699999999998,1115.53,12817.200000000001,175106,280774,326869,329537,290543,259824,219135,176891,132451,104616,80528.5,59231.900000000001,45960.400000000001,31883.599999999999,25095.599999999999,17672.200000000001,14402.9,12371.299999999999,7626.0600000000004,6342.1899999999996,3480.52,5292.7299999999996,2844.8000000000002,19739.400000000001
81,1.9083000000000001,592.14300000000003,3927.9499999999998,6806.6800000000003,12395.6,15958.5,16474.200000000001,16783.700000000001,16808.400000000001,14758.200000000001,14807.700000000001,11845.5,9478.3400000000001,8028.2600000000002,6943.5600000000004,6391.1999999999998,4875.0500000000002,4584.6800000000003,3823.6399999999999,3406.5700000000002,2516.1599999999999,2069.3499999999999,2646.4000000000001,1920.6900000000001,1592.6400000000001,9354.75,30.512,656.58699999999999,2001.4300000000001,2819.54,5561.7799999999997,6494.8999999999996,8078.5900000000001,7509.5699999999997,8684.5,7477.4799999999996,6066.3800000000001,5693.0200000000004,5075.5,3755.96,3452.27,4390.8400000000001,2905.4099999999999,2514.27,1873.3900000000001,1501.0699999999999,1412.23,1064.28,1427.02,1426.3499999999999,1051.1400000000001,6480.1899999999996,574.69100000000003,1464.3499999999999,76432.300000000003,197811,247097,241166,202871,168720,136397,114316,79120.100000000006,65973.100000000006,54057.800000000003,38684.699999999997,26297.200000000001,23082.5,15681.200000000001,11312.4,7542.8900000000003,5490.0299999999997,4609.8000000000002,3201.0700000000002,2995.0100000000002,1980.45,1260.1700000000001,8188.7799999999997,1872.77,20722.5,280774,496762,595203,621213,551542,504403,427478,357342,274926,214223,166228,124901,100968,71468.5,55746.5,42605.599999999999,31094.400000000001,27786.799999999999,20020.200000000001,15894.299999999999,10817.9,11646.4,7825.6099999999997,49963.5
82,2.1097800000000002,711.32899999999995,4941.6400000000003,8777.3799999999992,15885.5,21533.400000000001,21375.900000000001,22640.599999999999,21691,19452.900000000001,19060,15614.299999999999,12863.1,10023.6,8562.4200000000001,8157.4099999999999,6372.0900000000001,6150.4899999999998,5018.4899999999998,4238.9399999999996,3103.7399999999998,2486.8000000000002,3607.9899999999998,2640.5999999999999,1766.3399999999999,11500.700000000001,38.5505,736.84799999999996,2397.6700000000001,3955.46,7667.1599999999999,8754.8500000000004,10347.299999999999,9974,11074.700000000001,9768.8999999999996,7852.7700000000004,8258.7199999999993,6591.3599999999997,4893.3500000000004,4963.2600000000002,5478.1700000000001,4101.1899999999996,3656.4000000000001,2551.7600000000002,1859.0799999999999,1858.0599999999999,1527.02,1903.05,2020.8,1435.5899999999999,8251.7900000000009,526.39400000000001,1817.8900000000001,90979.300000000003,244729,314703,308365,261785,223283,183956,149625,110779,89317.5,70875.800000000003,52710.599999999999,39068.699999999997,31240.5,23202.400000000001,13572.5,12820.200000000001,7693.9200000000001,7101.7799999999997,3755.0999999999999,4192.4099999999999,2706.1599999999999,2147.25,11922,2212.2399999999998,23632.200000000001,326869,595203,762400,803936,716014,681422,565506,471174,380156,292801,229489,177866,145111,100978,80353.399999999994,64169.400000000001,43918.800000000003,37212.099999999999,30082.299999999999,22369.599999999999,17901.700000000001,17818.5,12429.9,69412.5
83,1.97122,761.35400000000004,5334.3199999999997,9554.6900000000005,17684.200000000001,24004.099999999999,23203.900000000001,25068.099999999999,23874.400000000001,21191.599999999999,21261.299999999999,17222.599999999999,14266.1,10820.1,9176.7700000000004,9076.7299999999996,7196.1000000000004,6619.21,5516.0900000000001,4795.0299999999997,3200.5300000000002,2573.0999999999999,4155.3400000000001,2960.8600000000001,1796.5799999999999,12378.200000000001,29.3872,752.447,2437.4000000000001,4335.9200000000001,8564.3999999999996,9848.4300000000003,11217.9,11274.9,11903.299999999999,10843.5,8592.3999999999996,9318.2199999999993,7081.3800000000001,5487.79,5696.8100000000004,5948.9200000000001,4632.6300000000001,4349.0500000000002,2784.8899999999999,1885.4100000000001,2272.4400000000001,1601.2,2281.2399999999998,2393.5700000000002,1751.8599999999999,9148.5400000000009,597.16499999999996,1683.6600000000001,93106.600000000006,258176,339880,331917,289603,245691,210017,168336,128659,100544,82903.800000000003,59894.400000000001,46676.099999999999,35471,28083,14173,16004.200000000001,9527.8600000000006,8440.2000000000007,3362.8400000000001,5859.4200000000001,3540.0799999999999,2671.6500000000001,14111.1,2341.0999999999999,24565.900000000001,329537,621213,803936,907749,790158,773213,627773,532107,440596,341610,262436,209440,173811,121426,97049.100000000006,78345,50703,42092,36076.300000000003,25023.299999999999,22356.599999999999,21367.700000000001,15968.9,79335.5
84,1.51345,642.46799999999996,4506.8199999999997,8363.3700000000008,14860.6,19994.599999999999,21533.5,22026.599999999999,21914.799999999999,19438.799999999999,19277.900000000001,16061.700000000001,13119,10724.6,9299.9200000000001,8618.2999999999993,7138.4899999999998,6365.0500000000002,5535.6599999999999,4652.5699999999997,3390.8499999999999,2864.0500000000002,3797.4000000000001,2824.98,2192.2800000000002,13995,27.326499999999999,665.92899999999997,2249.6300000000001,3476.9699999999998,6849.4200000000001,8202.8500000000004,10469.5,10163.299999999999,11246.200000000001,9989.0100000000002,8513.2999999999993,8260.7000000000007,7376.4700000000003,5683.1700000000001,5263.7399999999998,6447.6700000000001,4538.5100000000002,3903.3400000000001,2822.4099999999999,2455.6999999999998,2224.7800000000002,1733.75,2280.73,2313.5900000000001,1662.75,10532.4,618.05100000000004,1390.6300000000001,82873.399999999994,224854,295486,300942,264716,232634,189255,158705,117179,98749.399999999994,78454.399999999994,60270.300000000003,42858.099999999999,36107.199999999997,26229.299999999999,18271.200000000001,13770.1,9978.1499999999996,7671.7399999999998,5299.04,5317.2799999999997,3701.23,2838.46,15137.9,2027.1600000000001,21279,290543,551542,716014,790158,747649,699363,609305,523587,425068,332742,266142,208260,169764,123201,100136,78307,56272.199999999997,49274,38481.5,29066.400000000001,22560.200000000001,22869.400000000001,16900.400000000001,93132.5
85,1.35565,560.00400000000002,4454.9899999999998,8157.8900000000003,14990.200000000001,21142.099999999999,19976.099999999999,22361.400000000001,20173.400000000001,18649.799999999999,18385.5,15315.299999999999,13061.1,9521.8099999999995,7857.9700000000003,8130.1700000000001,6851.7200000000003,6086.0299999999997,5272.8999999999996,4373.8199999999997,2942.0999999999999,2130.73,4045.0599999999999,2995.04,1469.4300000000001,11532.799999999999,28.346299999999999,498.52199999999999,1885.8,3894.7399999999998,7622.3000000000002,8600.6399999999994,9648.5200000000004,10271.5,10313.1,9585.5900000000001,7983.5900000000001,9169.6800000000003,6529.0500000000002,5136.1400000000003,5697.7200000000003,5402.3699999999999,4512.6800000000003,4357.4799999999996,2776.6799999999998,1775.4100000000001,2242.9200000000001,1693.5,2218.6199999999999,2401.1900000000001,1745.4200000000001,8834.5599999999995,56.413600000000002,1537,75259.600000000006,215464,289532,279519,252368,221868,192247,148258,123860,93393.699999999997,74847,58935.800000000003,47976.5,33640.599999999999,29619.599999999999,12766.700000000001,19092.599999999999,9967.1900000000005,9753.8500000000004,2528.8000000000002,5731.1400000000003,3372.9099999999999,3321.0599999999999,15016.799999999999,1904.0999999999999,19128,259824,504403,681422,773213,699363,737768,578775,489105,430809,337109,262394,217185,182010,126294,104326,83798.300000000003,53877.199999999997,43473.099999999999,39279.800000000003,27115.299999999999,26476,25107.200000000001,18779.5,82920.300000000003
86,1.04833,474.13799999999998,3573.1999999999998,6451.1199999999999,11096.799999999999,14882.700000000001,17560.400000000001,17690.400000000001,18028.299999999999,16296.1,15829.6,13494.9,11197,9576.9599999999991,8543.3299999999999,7350.8100000000004,6595.1499999999996,5645.1300000000001,5010.0600000000004,4051.4899999999998,3207.46,2766.75,3299.0100000000002,2503.6799999999998,2140.0500000000002,13541.799999999999,23.602799999999998,524.75300000000004,1899.3,2622.79,4941.1400000000003,6377.5699999999997,8628.7099999999991,8340.7199999999993,9778.6599999999999,8348.6700000000001,7340.3999999999996,6772.3900000000003,7048.7200000000003,5123.1700000000001,4696.2200000000003,5977.8900000000003,4240.1700000000001,3296.6999999999998,2851.77,2696.4000000000001,1870.3800000000001,1709.4100000000001,2036.24,2120.2399999999998,1504.98,10597.9,629.04899999999998,1138.8299999999999,63739.800000000003,170302,225259,240773,212217,195393,159858,136586,102683,88907,68371,58085.599999999999,39237.300000000003,34860.5,23811.5,19600.400000000001,13584.799999999999,9377.2299999999996,7576,6393.0600000000004,4904.3699999999999,4074.5500000000002,2710.2199999999998,14742.299999999999,1533.0899999999999,14573.799999999999,219135,427478,565506,627773,609305,578775,550873,468256,383412,306595,249545,195630,164135,122318,97923.600000000006,76756.399999999994,58844.300000000003,52485.699999999997,38843.900000000001,32023.400000000001,24711.799999999999,22393.599999999999,17248.400000000001,98371.899999999994
87,0.78969699999999998,395.59899999999999,3006.21,5400.8000000000002,9198.1399999999994,11755.200000000001,14714.5,14724.4,15791,13853.6,13738.6,11452.5,9352.7099999999991,8458.4899999999998,7556.4300000000003,6569.6599999999999,5775.0200000000004,4830.7600000000002,4374.0100000000002,3550.2399999999998,2849.6599999999999,2570.1799999999998,2829.25,2112.98,1994.5799999999999,12174.299999999999,17.207699999999999,451.95100000000002,1720.3299999999999,2012.4000000000001,3768.4000000000001,5403.7200000000003,7460.96,7361.6199999999999,8490.8999999999996,7242.1400000000003,6381.8400000000001,5468.2700000000004,6249.1599999999999,4661.2399999999998,3965.1100000000001,5422.1599999999999,3674.8200000000002,2863.3099999999999,2535.1799999999998,2508.21,1638.1600000000001,1535.6500000000001,1851.24,1790.3800000000001,1240.72,9454.1900000000005,913.14700000000005,598.29600000000005,51681.699999999997,138593,185370,203883,180968,165159,138091,118413,89019.300000000003,77826.800000000003,61905.800000000003,50778.800000000003,34882.900000000001,30543.900000000001,19652.599999999999,18647.799999999999,10498.799999999999,8634.9799999999996,6380.8599999999997,5750.2299999999996,4652.9499999999998,3748.4499999999998,2386.1399999999999,13028.6,1290.0899999999999,12047.6,176891,357342,471174,532107,523587,489105,468256,433599,338567,271126,221299,169820,145280,111353,88087.800000000003,69805.800000000003,53212,49084.5,36225.800000000003,29911.799999999999,22682.799999999999,18942.900000000001,15792.799999999999,92007.800000000003
88,0.61114900000000005,324.72199999999998,2559.6900000000001,4643.25,7937.4799999999996,10957.799999999999,11707.700000000001,12980,12162.299999999999,11237.799999999999,10932.4,9409.8700000000008,8178.46,6191.2799999999997,5495.1599999999999,5254.1800000000003,4725.9300000000003,4109.29,3528.3499999999999,2847.7800000000002,2134.3400000000001,1774.8900000000001,2641.5100000000002,2065.4099999999999,1211.48,8844.7099999999991,14.571999999999999,263.09300000000002,1237.6500000000001,2172.6799999999998,3859.5700000000002,5094.0900000000001,5751.3500000000004,6344.7299999999996,6579.6999999999998,5941.46,5102.6199999999999,5453.3000000000002,4772.8599999999997,3818.9899999999998,3668.7600000000002,3832.6199999999999,3198.77,2870.8800000000001,2104.98,1728.26,1437.6700000000001,1286.75,1556.5999999999999,1700.6500000000001,1185.5899999999999,7110.3800000000001,326.55900000000003,604.69500000000005,39014.5,112538,159415,159065,145773,135201,119461,96071.800000000003,78198,64373.800000000003,50470.199999999997,43098.099999999999,33865.5,24080.599999999999,19585.700000000001,12460.9,12124.299999999999,7813.1999999999998,6677.3400000000001,3242.73,4500.5100000000002,3301.9400000000001,2364.6100000000001,11171.299999999999,933.60199999999998,8373.6100000000006,132451,274926,380156,440596,425068,430809,383412,338567,307373,230023,186204,152700,131188,96775.399999999994,77548.899999999994,63353.800000000003,44505.800000000003,37065.099999999999,33526,23938.299999999999,21241,17509.299999999999,15477.299999999999,72352.100000000006
89,0.45708100000000002,191.137,1828.75,3249.1500000000001,5871,7870.7600000000002,9057.9200000000001,9542,9720.6000000000004,8836.5900000000001,8862.2700000000004,7313.5299999999997,6309.6999999999998,5521.9799999999996,4732.4300000000003,4113.4399999999996,4089.1100000000001,3046.4400000000001,2935.48,2422.46,1841,1559.5799999999999,1969.95,1514.04,1178.53,8049.9700000000003,6.8824699999999996,244.66999999999999,959.03599999999994,1307.6400000000001,2661.2800000000002,3466.9000000000001,4565.1599999999999,4885.7399999999998,5257.4799999999996,4749.9899999999998,4203.6700000000001,3931.3699999999999,4019.9899999999998,2989.8800000000001,2868.79,3430.21,2527.9499999999998,2061.5700000000002,1759.76,1569.0699999999999,1212.6600000000001,1031.1400000000001,1317.3900000000001,1315.1800000000001,972.94799999999998,6458.9499999999998,220.38,535.38999999999999,29927.099999999999,83806.899999999994,115681,122667,113461,106482,92543.5,74855.199999999997,62516.199999999997,50698.900000000001,40737.900000000001,35538.800000000003,25096.299999999999,20709.900000000001,15722,11199.5,9742.1499999999996,6429.0500000000002,5201.0799999999999,3175.8699999999999,3621.29,2665.1900000000001,1880.55,9543.1700000000001,742.33000000000004,7052.3000000000002,104616,214223,292801,341610,332742,337109,306595,271126,230023,196995,151913,124507,107242,80779,64553.900000000001,51136.5,37609.199999999997,33517.400000000001,25583.299999999999,20903.299999999999,18462.099999999999,15610.299999999999,12435.9,64027.800000000003
90,0.37774799999999997,162.70699999999999,1323.47,2496.8699999999999,4260.3400000000001,5847.2299999999996,7445.3999999999996,7350.7200000000003,7735.2399999999998,6916.6700000000001,6865.3599999999997,6013.54,5040.1499999999996,4526.1400000000003,3823.29,3330.6399999999999,3324.8800000000001,2562.04,2398.6399999999999,1892.8099999999999,1615.6500000000001,1350.3699999999999,1534.48,1274.6700000000001,1056.8599999999999,6884.1199999999999,7.96204,178.31200000000001,726.20299999999997,1000.61,1940.9000000000001,2545.3400000000001,3695.5300000000002,3681.0700000000002,4198.3199999999997,3714.3899999999999,3440.2800000000002,3166.7199999999998,3318,2558.7800000000002,2298.9699999999998,2962.4200000000001,2074.6399999999999,1622.3,1443.03,1400.96,1000.9,916.02599999999995,1076.51,1066.9300000000001,771.88599999999997,5546.1599999999999,134.67699999999999,434.17899999999997,23822,64835.199999999997,88457.899999999994,97846.600000000006,89613,86749,71028.399999999994,60586,49514.599999999999,42333.800000000003,32243.799999999999,28644.599999999999,19975.900000000001,17120.700000000001,12372.4,10123.700000000001,7318.2299999999996,5363.5600000000004,3848.3800000000001,3391.5500000000002,2662.6900000000001,2066.3699999999999,1623.99,7956.0100000000002,567.41099999999994,5190.6400000000003,80528.5,166228,229489,262436,266142,262394,249545,221299,186204,151913,131818,101198,84757,66492.899999999994,53029.199999999997,41927.099999999999,32011.799999999999,28764,21628.400000000001,18134.700000000001,14912.200000000001,13291.1,10183.200000000001,54060.099999999999
91,0.296927,116.393,1038.97,1968.28,3490.1100000000001,5007.1800000000003,5631.7600000000002,5995.8800000000001,5802.5900000000001,5358.1000000000004,5373.3299999999999,4578.4399999999996,4106.3800000000001,3377.4499999999998,2833.3099999999999,2497.8600000000001,2733.9699999999998,1971.03,1922.1099999999999,1554.8,1180.8299999999999,974.77599999999995,1297.6199999999999,1081.9100000000001,710.13400000000001,5318.6800000000003,2.3532000000000002,122.092,531.72500000000002,859.21100000000001,1805.05,2174.4400000000001,2759.71,3088.8200000000002,3164.8000000000002,3000.3800000000001,2743.5100000000002,2759.5300000000002,2561.7800000000002,1995.96,1921.03,2193.5700000000002,1659.4200000000001,1456.0999999999999,1106.5,1032.3699999999999,846.61000000000001,717.53200000000004,912.90800000000002,930.31399999999996,696.79100000000005,4408.1599999999999,-72.8386,405.12799999999999,17685.700000000001,50257.400000000001,72292.699999999997,73855.300000000003,69873.300000000003,68552.600000000006,58961.800000000003,47634.699999999997,40380.900000000001,33254.400000000001,25908,23508.400000000001,17097.599999999999,13385.200000000001,11490.700000000001,7091.8999999999996,7043.9799999999996,4802.3000000000002,3493.6999999999998,2050.9099999999999,2553.8499999999999,1828.28,1430.5599999999999,6761.4499999999998,403.63900000000001,3764.0300000000002,59231.900000000001,124901,177866,209440,208260,217185,195630,169820,152700,124507,101198,90487.199999999997,72134.800000000003,54833.699999999997,44474.400000000001,35222.300000000003,25876.799999999999,22278.599999999999,18297.200000000001,14198.6,12923.799999999999,11765.299999999999,9223.2399999999998,44372.099999999999
92,0.22170100000000001,92.274799999999999,994.60299999999995,1717.48,2982.1799999999998,4158.2600000000002,4455.6000000000004,5180.7200000000003,4865.3699999999999,4695.0100000000002,4556.3900000000003,3759.4400000000001,3476.3299999999999,2770.0900000000001,2441.2199999999998,2145.73,2226.4099999999999,1683.48,1580.4200000000001,1258.05,950.90499999999997,798.15999999999997,1139.47,864.73800000000006,535.15599999999995,4130.1000000000004,3.6187200000000002,101.64400000000001,502.40800000000002,784.41099999999994,1476.4400000000001,1961.8599999999999,2251.5799999999999,2665.5500000000002,2728.6399999999999,2513.7800000000002,2190.6199999999999,2289.6799999999998,2191.0599999999999,1579.46,1662.4400000000001,1701.75,1460.54,1223.9200000000001,1000.76,836.37900000000002,624.82299999999998,600.51900000000001,706.96600000000001,775.69500000000005,553.68899999999996,3478.3400000000001,85.064800000000005,278.68200000000002,13895.9,40453.900000000001,59309,60774.099999999999,57003.5,55318.599999999999,51623.900000000001,39724,35392,28072.700000000001,22108.400000000001,20650.799999999999,15442.299999999999,11444.4,9524.1800000000003,5872.1800000000003,6465.8000000000002,3737.27,3465.7199999999998,1474.6900000000001,2200.9000000000001,1645.1400000000001,1141.3399999999999,5598.3599999999997,327.64800000000002,2650.6500000000001,45960.400000000001,100968,145111,173811,169764,182010,164135,145280,131188,107242,84757,72134.800000000003,67265.399999999994,47196.099999999999,38047.599999999999,30876.099999999999,22194.099999999999,19092.099999999999,15815.6,12579.4,11700.5,9225.9300000000003,7850.4499999999998,37810.699999999997
93,0.117995,57.974899999999998,557.42700000000002,1024.6700000000001,1792.04,2360.27,3272.7600000000002,3285.0100000000002,3688.5599999999999,3176.8200000000002,3352.1799999999998,2835.5900000000001,2456.4499999999998,2371.54,1875.8699999999999,1610.3,1820.9300000000001,1259.5699999999999,1221.8499999999999,952.59500000000003,851.49300000000005,740.48699999999997,784.11699999999996,695.33600000000001,527.46900000000005,3699.4000000000001,1.2510300000000001,67.732399999999998,334.44499999999999,427.81999999999999,815.053,1236.29,1668.55,1847.5699999999999,2017.02,1831.6600000000001,1702.04,1539.1199999999999,1689.1199999999999,1348.45,1177.6600000000001,1520.28,1073.8900000000001,862.95299999999997,792.28499999999997,752.73599999999999,540.74599999999998,474.65600000000001,594.56899999999996,592.06899999999996,453.24200000000002,3082.7199999999998,18.2471,149.07900000000001,8543.0699999999997,25060.5,37761.599999999999,41382.599999999999,39332.099999999999,39551.400000000001,35737.300000000003,28877.599999999999,25899.799999999999,21350.099999999999,16670.900000000001,15704.4,10974.1,8900.5200000000004,6956.6499999999996,5527.7299999999996,4239.1000000000004,3312.1100000000001,2306.4099999999999,1648.05,1801.55,1348.72,864.03300000000002,4464.1599999999999,211.268,1744.5799999999999,31883.599999999999,71468.5,100978,121426,123201,126294,122318,111353,96775.399999999994,80779,66492.899999999994,54833.699999999997,47196.099999999999,41478.400000000001,29401.900000000001,23343.099999999999,17763.099999999999,16097.4,12760.299999999999,10818.5,9613.8700000000008,7666.21,6305.3599999999997,31890.799999999999
94,0.14008699999999999,62.873100000000001,509.79700000000003,968.63400000000001,1591.46,2157.25,2723.3899999999999,2815.1999999999998,2898.3200000000002,2633.9899999999998,2657.3899999999999,2248.98,1981.72,1743,1469.6099999999999,1326.3199999999999,1366.3,995.34100000000001,986.14400000000001,772.95500000000004,630.54899999999998,512.86199999999997,654.27499999999998,519.69799999999998,392.30099999999999,2799.04,1.6453,51.0717,259.25999999999999,367.80099999999999,725.14099999999996,968.77499999999998,1344.8299999999999,1485.78,1594.3099999999999,1431.9300000000001,1400.3900000000001,1295.3,1318.54,1022.55,951.59500000000003,1188.78,874.05999999999995,697.45899999999995,557.63499999999999,566.51900000000001,434.78899999999999,384.72699999999998,460.72899999999998,472.38999999999999,333.82900000000001,2324.9899999999998,45.352600000000002,115.483,8301.4400000000005,22236.400000000001,32032.799999999999,34800.099999999999,33538.199999999997,33186.5,28938,24072.400000000001,20581.099999999999,17510.799999999999,13362.5,12306.700000000001,8724.6599999999999,7140.5100000000002,5817.8599999999997,4197.4200000000001,3516.8400000000001,2511.0700000000002,1931.21,1226,1248.26,978.17600000000004,761.66700000000003,3625.7600000000002,206.233,1618.1800000000001,25095.599999999999,55746.5,80353.399999999994,97049.100000000006,100136,104326,97923.600000000006,88087.800000000003,77548.899999999994,64553.900000000001,53029.199999999997,44474.400000000001,38047.599999999999,29401.900000000001,26279,18719.400000000001,14159.1,12772.4,9808.4699999999993,8348.8400000000001,7143.6899999999996,6240.0100000000002,4923.9799999999996,24855.099999999999
95,0.082288500000000001,38.420400000000001,429.15199999999999,760.50999999999999,1310.4100000000001,1886.3099999999999,2045,2384.7600000000002,2232.8299999999999,2151.1300000000001,2057.0100000000002,1767.1400000000001,1625.79,1273.3199999999999,1113,995.69000000000005,1058.3900000000001,796.24800000000005,732.80200000000002,572.70799999999997,468.57299999999998,385.89600000000002,533.26300000000003,428.709,255.88300000000001,1972.0699999999999,1.5038899999999999,40.791400000000003,222.84,361.42000000000002,672.14999999999998,897.95799999999997,1038.3699999999999,1235.5699999999999,1230.0899999999999,1176.21,1010.13,1107.4300000000001,1029.03,790.69899999999996,807.98699999999997,815.64300000000003,727.42399999999998,606.01199999999994,490.89499999999998,409.51100000000002,308.64999999999998,309.49299999999999,352.85599999999999,373.16399999999999,264.678,1680.3199999999999,45.841900000000003,105.023,5686.3500000000004,17223.200000000001,25875.599999999999,27235.200000000001,25730.5,25610.599999999999,23426.400000000001,18250.799999999999,16643.700000000001,13372.799999999999,10527.6,9672.7700000000004,7621.3400000000001,5469.8100000000004,4525.2700000000004,2853.5599999999999,3016.6300000000001,1868.48,1559.8,826.904,1081.1900000000001,779.59900000000005,612.63999999999999,2767.9400000000001,119.22499999999999,966.78999999999996,17672.200000000001,42605.599999999999,64169.400000000001,78345,78307,83798.300000000003,76756.399999999994,69805.800000000003,63353.800000000003,51136.5,41927.099999999999,35222.300000000003,30876.099999999999,23343.099999999999,18719.400000000001,17396.400000000001,11093.5,9566.7800000000007,8173.6000000000004,6376,6020.7700000000004,4615.4899999999998,3993.29,18970.400000000001
96,0.058576799999999998,29.299099999999999,255.41999999999999,450.63499999999999,721.09500000000003,937.70600000000002,1532.1500000000001,1445.8099999999999,1657.49,1487.1199999999999,1468.1500000000001,1295.3800000000001,1129.8,1096.0899999999999,997.28200000000004,742.82500000000005,862.43399999999997,593.97000000000003,592.90700000000004,472.286,421.69600000000003,377.58699999999999,339.27199999999999,292.55000000000001,312.87200000000001,1914.99,0.65148499999999998,40.937199999999997,169.65000000000001,137.75399999999999,275.67700000000002,444.13600000000002,773.47500000000002,773.50400000000002,972.55200000000002,818.78800000000001,808.476,625.22799999999995,886.77700000000004,634.17899999999997,530.74599999999998,763.92999999999995,536.173,354.31,377.20400000000001,436.61200000000002,228.779,242.77099999999999,274.14400000000001,270.24299999999999,193.15199999999999,1603.8399999999999,65.567400000000006,75.255200000000002,4458.4899999999998,11252.5,15993.5,19657,18111.799999999999,19105.099999999999,15511.299999999999,14098.9,11045.5,10340,7735.4700000000003,7449.4300000000003,4758.2700000000004,4530.2299999999996,3019.0500000000002,3076.9699999999998,1785.49,1438.8599999999999,959.30499999999995,1143.9200000000001,725.73800000000006,681.77800000000002,423.577,2223.1999999999998,88.904700000000005,670.67100000000005,14402.9,31094.400000000001,43918.800000000003,50703,56272.199999999997,53877.199999999997,58844.300000000003,53212,44505.800000000003,37609.199999999997,32011.799999999999,25876.799999999999,22194.099999999999,17763.099999999999,14159.1,11093.5,10293.200000000001,8411.1599999999999,6010.54,5369.2799999999997,4258.4899999999998,3567.1999999999998,2904.3800000000001,16425.900000000001
97,0.051942700000000001,14.205299999999999,191.96100000000001,331.23899999999998,487.54000000000002,533.75800000000004,1318.9100000000001,1071.3299999999999,1517.55,1315.9100000000001,1308.95,1081.4000000000001,917.30200000000002,1111.95,972.97699999999998,693.36699999999996,746.13300000000004,514.29499999999996,545.37099999999998,402.71300000000002,415.13600000000002,387.52600000000001,276.29899999999998,225.45099999999999,314.50200000000001,1908.24,0.99726499999999996,44.377200000000002,176.90600000000001,37.031199999999998,124.86,294.36099999999999,714.36500000000001,661.83699999999999,894.827,750.01499999999999,747.10799999999995,437.28300000000002,838.58399999999995,580.70399999999995,413.53100000000001,799.18700000000001,455.37099999999998,254.14400000000001,355.49599999999998,433.197,206.56999999999999,226.08699999999999,245.60900000000001,216.80699999999999,154.34100000000001,1568.4400000000001,92.311999999999998,37.879600000000003,3725.6599999999999,8531.6399999999994,11289,16822.700000000001,15335.799999999999,16191.799999999999,12936,12115.799999999999,9058.8600000000006,9207.8600000000006,6969.25,6919.1300000000001,3549.2600000000002,4328.79,2470.0999999999999,3272.4299999999998,1227.27,1346.0999999999999,824.50800000000004,1113.8499999999999,612.59199999999998,537.64200000000005,329.74799999999999,2006.3199999999999,98.9726,739.39200000000005,12371.299999999999,27786.799999999999,37212.099999999999,42092,49274,43473.099999999999,52485.699999999997,49084.5,37065.099999999999,33517.400000000001,28764,22278.599999999999,19092.099999999999,16097.4,12772.4,9566.7800000000007,8411.1599999999999,9691.8899999999994,5125.8800000000001,5356.6899999999996,3823.0900000000001,3209.1700000000001,2440.5,16410.900000000001
98,0.034563099999999999,18.029900000000001,185.33799999999999,346.637,544.45600000000002,792.24199999999996,1001.1,1124.0799999999999,1106.74,1000.03,1004.4299999999999,860.476,825.19399999999996,653.76499999999999,554.74400000000003,500.995,552.62199999999996,441.322,383.95100000000002,286.72399999999999,253.905,233.34399999999999,267.10599999999999,248.86799999999999,142.857,1134,0.43227500000000002,10.4026,112.565,171.55600000000001,303.14499999999998,451.57299999999998,497.399,625.22000000000003,611.20699999999999,583.846,542.64999999999998,538.46100000000001,540.048,471.23000000000002,385.29300000000001,442.01400000000001,371.53800000000001,322.10599999999999,258.52499999999998,248.941,160.96000000000001,169.77199999999999,194.52799999999999,207.124,147.71199999999999,965.49800000000005,13.0571,13.292999999999999,1852.71,7023.71,12448.1,12446.299999999999,12124,12731.5,11737.200000000001,9169.2700000000004,7986.6400000000003,7105.0600000000004,5403.0200000000004,5216.6700000000001,3968.25,2712.54,2339.2600000000002,1786.1099999999999,1393.6199999999999,1171.6600000000001,818.85299999999995,447.71300000000002,640.77099999999996,494.28100000000001,308.09899999999999,1521.21,30.283300000000001,215.77000000000001,7626.0600000000004,20020.200000000001,30082.299999999999,36076.300000000003,38481.5,39279.800000000003,38843.900000000001,36225.800000000003,33526,25583.299999999999,21628.400000000001,18297.200000000001,15815.6,12760.299999999999,9808.4699999999993,8173.6000000000004,6010.54,5125.8800000000001,5632.3999999999996,3533.6900000000001,3158.6999999999998,2412.5300000000002,2342.77,11173.299999999999
99,0.019258600000000001,11.2384,118.28,225.19999999999999,257.57100000000003,306.495,769.45500000000004,695.923,917.83799999999997,828.46799999999996,787.92499999999995,665.755,582.84100000000001,672.96799999999996,556.30999999999995,427.05000000000001,444.89699999999999,345.91899999999998,330.20499999999998,208.09700000000001,267.178,238.31,190.14599999999999,156.917,164.48500000000001,1100.5599999999999,1.7823500000000001,17.914300000000001,108.307,72.712599999999995,89.224800000000002,233.82599999999999,413.27199999999999,419.185,551.95799999999997,446.20499999999998,451.42200000000003,337.75200000000001,503.36099999999999,354.32600000000002,278.15899999999999,453.21899999999999,295.779,176.429,221.56100000000001,250.03700000000001,118.43300000000001,151.78200000000001,136.101,146.40899999999999,98.412000000000006,939.60199999999998,43.473300000000002,18.254899999999999,1937.9300000000001,4481.7600000000002,6745.5600000000004,9653.1599999999999,8429.4699999999993,9443.2099999999991,8386.7600000000002,7226.0299999999997,6299.2299999999996,6012.6999999999998,4100.1599999999999,4552.4099999999999,2619.2800000000002,2628.0599999999999,1706.72,2003.4000000000001,948.25699999999995,891.24099999999999,675.14099999999996,637.33799999999997,355.452,337.59300000000002,208.214,1286.1700000000001,54.462000000000003,232.47900000000001,6342.1899999999996,15894.299999999999,22369.599999999999,25023.299999999999,29066.400000000001,27115.299999999999,32023.400000000001,29911.799999999999,23938.299999999999,20903.299999999999,18134.700000000001,14198.6,12579.4,10818.5,8348.8400000000001,6376,5369.2799999999997,5356.6899999999996,3533.6900000000001,4471.6400000000003,2822.8699999999999,2110.96,1648.4300000000001,10538.200000000001
100,0.0098219499999999994,-0.29754900000000001,96.933899999999994,163.56100000000001,285.822,436.41800000000001,546.35900000000004,665.65099999999995,696.35299999999995,656.25999999999999,651.82600000000002,534.11599999999999,523.41899999999998,495.69799999999998,362.45600000000002,300.17500000000001,406.488,260.06,256.92099999999999,176.63399999999999,188.21600000000001,153.19300000000001,173.52799999999999,157.02099999999999,85.875799999999998,758.89200000000005,0.329316,6.3834400000000002,65.745699999999999,94.882999999999996,174.876,264.29599999999999,300.66899999999998,415.26100000000002,393.41199999999998,382.31200000000001,339.02699999999999,364.846,363.11500000000001,272.30099999999999,286.03100000000001,291.19799999999998,254.60499999999999,199.94300000000001,190.619,159.68000000000001,106.184,117.81399999999999,127.538,132.34299999999999,102.215,674.58399999999995,-21.037099999999999,39.057299999999998,824.92700000000002,3344.0799999999999,6171.6899999999996,6706.6800000000003,6557.75,7485.9799999999996,7642.25,5219.3100000000004,6065.3400000000001,4446.75,3372.6399999999999,3686.27,2742.48,1952.4400000000001,1736.4300000000001,1117.9400000000001,1245.05,780.59000000000003,659.755,284.36799999999999,429.37799999999999,305.94799999999998,217.88300000000001,1072.6500000000001,14.658099999999999,41.343200000000003,3480.52,10817.9,17901.700000000001,22356.599999999999,22560.200000000001,26476,24711.799999999999,22682.799999999999,21241,18462.099999999999,14912.200000000001,12923.799999999999,11700.5,9613.8700000000008,7143.6899999999996,6020.7700000000004,4258.4899999999998,3823.0900000000001,3158.6999999999998,2822.8699999999999,3646.3499999999999,1947.4100000000001,1603.6500000000001,7874.5299999999997
101,0.0261575,5.6170900000000001,59.347900000000003,165.84200000000001,303.18400000000003,479.58600000000001,646.56299999999999,586.49900000000002,648.971,561.51499999999999,613.36699999999996,531.53300000000002,473.96100000000001,460.61900000000003,314.23599999999999,270.08300000000003,379.97399999999999,219.65700000000001,250.58699999999999,191.185,169.45599999999999,127.92400000000001,142.857,142.81999999999999,98.238500000000002,795.33500000000004,-0.30445299999999997,6.1643999999999997,34.146299999999997,59.275100000000002,183.441,169.87100000000001,302.21899999999999,331.63299999999998,325.94200000000001,335.36599999999999,373.09800000000001,344.44099999999997,305.58600000000001,255.97999999999999,238.15100000000001,322.77100000000002,205.221,169.50399999999999,122.90900000000001,143.47200000000001,131.876,100.14,131.733,124.23399999999999,100.349,671.42100000000005,-71.995800000000003,52.7286,1426.04,4247.6400000000003,6559.8500000000004,7075.96,7255.71,7958.5600000000004,6289.3999999999996,5084.1599999999999,4985.4300000000003,4096.71,2911.5599999999999,2973.5700000000002,1955.5999999999999,1707.1700000000001,1638.5899999999999,990.15999999999997,962.24900000000002,757.39200000000005,437.26100000000002,325.12900000000002,317.99700000000001,217.13999999999999,230.89500000000001,1066.8199999999999,32.0379,359.68400000000003,5292.7299999999996,11646.4,17818.5,21367.700000000001,22869.400000000001,25107.200000000001,22393.599999999999,18942.900000000001,17509.299999999999,15610.299999999999,13291.1,11765.299999999999,9225.9300000000003,7666.21,6240.0100000000002,4615.4899999999998,3567.1999999999998,3209.1700000000001,2412.5300000000002,2110.96,1947.4100000000001,2509.5900000000001,1350.1500000000001,6756.8199999999997
102,0.0217153,4.1038399999999999,70.238799999999998,135.71299999999999,252.881,371.767,435.88600000000002,494.26100000000002,483.99599999999998,430.93400000000003,470.38999999999999,380.51100000000002,382.91699999999997,307.53899999999999,244.352,210.08600000000001,289.57900000000001,183.191,184.803,151.488,109.108,102.31399999999999,124.265,120.533,67.640000000000001,571.86300000000006,-0.71047400000000005,2.5024799999999998,39.051200000000001,61.972799999999999,145.78100000000001,185.90100000000001,208.36799999999999,297.363,254.98599999999999,270.65899999999999,267.65800000000002,253.404,243.39500000000001,216.45500000000001,188.56299999999999,206.99100000000001,173.71899999999999,160.84,118.328,111.996,90.793499999999995,76.514600000000002,104.066,107.402,82.441500000000005,492.84500000000003,-22.7041,7.75603,596.53800000000001,2733.25,5345.4799999999996,4924.1499999999996,5338.9200000000001,5728.7200000000003,5371.25,3966.6599999999999,3757.25,3131.46,2516.8200000000002,2450.9899999999998,1831.0899999999999,1240.3299999999999,1250.5,766.23500000000001,779.60000000000002,617.76599999999996,409.541,160.16800000000001,353.94600000000003,261.08699999999999,166.37700000000001,821.221,5.7228500000000002,82.160399999999996,2844.8000000000002,7825.6099999999997,12429.9,15968.9,16900.400000000001,18779.5,17248.400000000001,15792.799999999999,15477.299999999999,12435.9,10183.200000000001,9223.2399999999998,7850.4499999999998,6305.3599999999997,4923.9799999999996,3993.29,2904.3800000000001,2440.5,2342.77,1648.4300000000001,1603.6500000000001,1350.1500000000001,1607.96,5600.2200000000003
103,0.110791,11.521699999999999,354.959,662.84500000000003,966.25999999999999,1122.3699999999999,2541.1300000000001,2199.2600000000002,3012.1999999999998,2641.5999999999999,2669.1500000000001,2010.22,1896.3499999999999,2135.1300000000001,1857.1900000000001,1198.9100000000001,1540.6199999999999,986.71400000000006,1077.05,793.66399999999999,720.71699999999998,793.64200000000005,528.54300000000001,472.81200000000001,564.38199999999995,3951.3699999999999,-1.61511,75.124799999999993,369.86399999999998,70.692499999999995,349.13,684.822,1326.2,1463.02,1676.04,1502.8499999999999,1542.99,903.39099999999996,1664.74,1165.3099999999999,813.78099999999995,1566.4400000000001,898.63900000000001,560.36199999999997,682.51599999999996,847.29600000000005,384.58499999999998,444.32499999999999,507.86900000000003,473.33800000000002,349.56099999999998,3319.29,99.525599999999997,22.589400000000001,5086.5200000000004,13778.299999999999,22861.299999999999,30346,28222.200000000001,31592.599999999999,26176.099999999999,22224.900000000001,17557.299999999999,17734,13318,14100.4,7117.8699999999999,8131.46,5214.7399999999998,6218.7200000000003,2572.1599999999999,3086.0500000000002,1743.8699999999999,1841.3599999999999,1489.1900000000001,1299.3699999999999,701.49300000000005,4694.6599999999999,79.040000000000006,886.30799999999999,19739.400000000001,49963.5,69412.5,79335.5,93132.5,82920.300000000003,98371.899999999994,92007.800000000003,72352.100000000006,64027.800000000003,54060.099999999999,44372.099999999999,37810.699999999997,31890.799999999999,24855.099999999999,18970.400000000001,16425.900000000001,16410.900000000001,11173.299999999999,10538.200000000001,7874.5299999999997,6756.8199999999997,5600.2200000000003,38412.099999999999
