0.096087292950600006,0.030572999999999999,0.052729699999999997,0.078100299999999998,0.059075299999999997,0.10144400000000001,0.048753100000000001,0.067883899999999997,0.0692493,0.0166771,0.082147499999999998,0.0271851,-0.051758100000000001,0.0051081700000000004,0.0019024000000000001,0.0135978,-0.015643299999999999,0.0162513,0.027357900000000001,-0.0034839900000000002,0.00226254,-0.020550100000000002,-0.0067992399999999998,0.0050911699999999999,-0.0261604,-0.097770999999999997,-7.7960900000000001e-05,0.00273471,0.0142276,-0.00031872399999999999,0.016201900000000002,0.036966400000000003,0.0110432,-0.0118926,-0.0071762700000000002,0.031872400000000002,0.034036200000000003,-0.034514099999999999,0.0065864900000000004,0.032221800000000002,-0.0080330699999999998,-0.021942400000000001,0.0032217499999999998,-0.0143179,0.0041557399999999998,0.0022621199999999998,0.0034299199999999999,-0.021579899999999999,-0.0059649100000000004,0.0021788599999999999,-0.0320591,-0.13988,0.0043395300000000003,0.12853200000000001,4.5765399999999996,8.2326099999999993,5.9428799999999997,6.97621,2.6304500000000002,2.9834200000000002,1.5314300000000001,5.9236000000000004,0.51750700000000005,2.4279500000000001,-0.35364699999999999,-2.31257,2.7806299999999999,-1.8136399999999999,0.45022099999999998,-0.066078300000000006,0.175652,-0.79354199999999997,0.014965300000000001,0.020085599999999999,-0.51391600000000004,-0.18409300000000001,0.041090099999999997,-0.34737600000000002,-0.065401000000000001,1.32999,9.4783299999999997,9.0352999999999994,14.831200000000001,2.1767599999999998,8.9446899999999996,0.53516399999999997,1.43319,-0.43326900000000002,3.7715999999999998,-6.4695299999999998,-0.44412699999999999,0.054954700000000002,-2.13632,1.3110299999999999,-0.26983400000000002,-0.55980300000000005,-0.238651,-0.012163999999999999,0.72083900000000001,-0.047156499999999997,-0.40491500000000002,-1.1914100000000001,-1.2257499999999999,-2.0395300000000001
0.030572999999999999,4.1952220000000002,1.91428,2.7554799999999999,2.16961,3.53552,2.1192500000000001,2.2511399999999999,3.1163599999999998,0.40567199999999998,2.1642700000000001,1.20309,-0.041341099999999999,-0.20882500000000001,0.830785,0.34627400000000003,-0.29333799999999999,0.50661500000000004,0.368618,-0.29760700000000001,0.50283800000000001,-0.74287300000000001,-0.116462,0.076475299999999996,-0.69043600000000005,-3.4005100000000001,-0.0019622400000000001,0.0051686700000000002,0.34441100000000002,0.208343,0.88534000000000002,1.43872,0.68032499999999996,-0.0194901,0.094639200000000007,1.2664500000000001,0.96001000000000003,-0.60772300000000001,0.218197,0.99456100000000003,0.213251,-0.12521599999999999,0.36551299999999998,-0.60767199999999999,0.23252500000000001,0.42120400000000002,0.0031053299999999999,-0.333283,0.087399400000000002,-0.123278,-0.84253400000000001,-3.6932499999999999,0.26494200000000001,7.0882800000000001,162.91900000000001,352.31400000000002,313.459,386.52999999999997,191.21799999999999,275.70600000000002,207.88900000000001,255.32900000000001,69.016199999999998,60.953400000000002,-0.78873400000000005,-87.681700000000006,65.258200000000002,-37.341700000000003,22.560500000000001,-1.0527299999999999,14.683299999999999,-21.4086,0.034813499999999997,-0.34417199999999998,-12.804600000000001,-3.8517299999999999,1.18425,3.56732,-0.38951799999999998,43.670699999999997,311.07999999999998,388.61599999999999,678.58799999999997,392.77100000000002,623.226,307.90899999999999,206.69399999999999,90.912300000000002,221.589,-107.14400000000001,61.991100000000003,49.657499999999999,-21.2895,75.657700000000006,-1.7236499999999999,-14.7715,6.8032199999999996,7.8498700000000001,24.040400000000002,19.8674,-13.8178,-34.605400000000003,-24.6631,-92.592100000000002
0.052729699999999997,1.91428,13.04316,7.58962,6.4296199999999999,8.3305299999999995,6.9688600000000003,5.7787899999999999,8.1565300000000001,1.5266900000000001,4.6557000000000004,2.4539,0.24451400000000001,-1.4920100000000001,1.6819599999999999,0.60556900000000002,-0.29417700000000002,0.366672,0.24643000000000001,-0.60261399999999998,0.13192499999999999,-2.0512700000000001,-0.098252000000000006,-0.53535500000000003,-1.47445,-8.9443199999999994,-0.00329956,0.170345,1.1850400000000001,0.72125799999999995,2.6169099999999998,3.3226499999999999,2.0306899999999999,-0.044861199999999997,0.55883899999999997,2.6704500000000002,1.8979900000000001,-1.4553100000000001,0.00113743,1.58012,-0.068409200000000003,0.119451,0.54886699999999999,-1.96427,0.51269900000000002,0.66974100000000003,-0.27324900000000002,-1.18282,-0.17288200000000001,-0.80681700000000001,-1.7385299999999999,-7.5793799999999996,3.17231,20.614999999999998,419.887,925.16200000000003,899.78099999999995,1036.1700000000001,617.09500000000003,715.53999999999996,468.85399999999998,536.63599999999997,92.911699999999996,70.212599999999995,-22.692399999999999,-260.33800000000002,102.423,-133.209,33.278799999999997,-1.2577,30.388100000000001,-45.3367,7.3644600000000002,-13.5617,-22.651,-13.0968,-5.1141100000000002,1.7286600000000001,-1.3649500000000001,119.77200000000001,796.11900000000003,1096.23,1732.0899999999999,1024.9100000000001,1287.9400000000001,561.17999999999995,286.99799999999999,10.0893,264.714,-425.07299999999998,-9.6669300000000007,47.788600000000002,-117.666,107.65300000000001,-68.685500000000005,-71.677599999999998,-12.190799999999999,19.960000000000001,28.847799999999999,41.520000000000003,-30.909300000000002,-82.668899999999994,-41.177100000000003,-202.27500000000001
0.078100299999999998,2.7554799999999999,7.58962,28.176079999999999,10.193,13.361000000000001,12.1061,10.724600000000001,13.8413,4.5809699999999998,9.5511900000000001,5.3148900000000001,2.5309400000000002,-0.74044500000000002,4.2092299999999998,1.86147,0.73045400000000005,1.5886,1.9098200000000001,0.028218400000000001,1.02746,-2.0627300000000002,0.30008499999999999,-0.219384,-1.56915,-9.1648499999999995,-0.0060754399999999997,0.24373900000000001,1.7501899999999999,1.2410699999999999,4.4467499999999998,5.1204499999999999,3.9767700000000001,1.2463299999999999,2.09307,4.9796100000000001,3.8896000000000002,-0.43268499999999999,1.4020900000000001,3.17971,0.781366,1.0330999999999999,1.32338,-1.80362,1.6747099999999999,1.1115200000000001,0.150893,-1.01837,0.28048899999999999,-0.035798700000000003,-2.2926299999999999,-6.7180099999999996,4.5428499999999996,27.172499999999999,613.47500000000002,1398.8900000000001,1501.26,1719.99,1229.23,1313.29,956.44100000000003,1011.8200000000001,411.43000000000001,273.589,93.205399999999997,-263.82999999999998,215.09100000000001,-147.46199999999999,82.316599999999994,15.578799999999999,68.127600000000001,-49.960799999999999,10.035399999999999,-12.176399999999999,-41.344799999999999,-15.932,-6.6322599999999996,4.5502900000000004,1.0883400000000001,178.20699999999999,1207.5,2051.0100000000002,3089.04,2235.3200000000002,2585.2399999999998,1535.8299999999999,1109.6500000000001,562.51300000000003,783.78899999999999,-313.46300000000002,181.625,240.44200000000001,-49.454999999999998,212.80199999999999,-35.246699999999997,-64.334999999999994,32.467399999999998,66.449700000000007,53.407200000000003,58.934600000000003,-31.534300000000002,-105.79900000000001,-59.462299999999999,-249.72399999999999
0.059075299999999997,2.16961,6.4296199999999999,10.193,28.968430000000001,13.2729,14.2776,12.8931,14.1518,8.7877299999999998,11.0863,7.76065,4.8750799999999996,3.1374900000000001,5.1690500000000004,4.4420000000000002,3.0674899999999998,3.1926399999999999,2.4013100000000001,1.5443100000000001,1.2900799999999999,0.15961600000000001,0.86412100000000003,1.02562,-0.35085300000000003,-2.8512200000000001,-0.00076807299999999998,0.39726299999999998,1.8297699999999999,1.76786,4.3182099999999997,5.0825800000000001,4.9125800000000002,3.2766899999999999,3.7793299999999999,5.5088400000000002,4.3802700000000003,1.5233300000000001,2.8388200000000001,3.9412799999999999,1.66537,2.1220300000000001,1.7369399999999999,-0.0016955500000000001,2.2733300000000001,1.4090499999999999,1.2490000000000001,0.091383599999999995,0.57051300000000005,0.326326,-1.2748600000000001,-1.77488,5.5742399999999996,27.265699999999999,574.00900000000001,1444.5899999999999,1715.3699999999999,1917.1700000000001,1675.8499999999999,1659.05,1219.04,1163.6600000000001,573.17899999999997,436.875,229.17699999999999,-72.627899999999997,232.70099999999999,-51.781700000000001,71.439800000000005,-2.5825399999999998,54.860999999999997,-44.808999999999997,21.990100000000002,-3.3161200000000002,-19.113,-12.708600000000001,-8.8068899999999992,-6.8190999999999997,9.5121900000000004,159.012,1245.99,2412.52,3722.1799999999998,3365.0100000000002,3467.8600000000001,2494.4299999999998,1890.99,1187.6099999999999,1061.4200000000001,111.377,312.63400000000001,311.35899999999998,-10.5589,188.679,25.351800000000001,-47.956899999999997,23.4602,63.500999999999998,44.898800000000001,38.279499999999999,-29.848700000000001,-63.380800000000001,-36.000500000000002,-168.59700000000001
0.10144400000000001,3.53552,8.3305299999999995,13.361000000000001,13.2729,51.172529999999995,17.121300000000002,18.513300000000001,20.923999999999999,10.840400000000001,17.0184,11.5352,7.2808599999999997,5.8894000000000002,8.4797200000000004,6.45756,3.4058000000000002,5.8844900000000004,4.5955599999999999,1.96319,3.6684199999999998,0.071670600000000001,1.3201400000000001,2.08399,-0.98682599999999998,-3.3182399999999999,-0.00473128,0.22208,2.42591,2.3064900000000002,6.0344199999999999,7.8654500000000001,6.5696899999999996,4.8624200000000002,4.9580000000000002,8.8130600000000001,6.9958799999999997,3.0918000000000001,4.74838,6.6669700000000001,3.79128,2.15964,3.3883399999999999,0.35291699999999998,2.9972799999999999,2.6418300000000001,2.0642100000000001,0.36132799999999998,1.8245499999999999,1.2664800000000001,-2.0150399999999999,-3.53993,3.2764500000000001,32.941200000000002,752.35299999999995,1943.21,2227.3000000000002,2582.0100000000002,2126.1999999999998,2340.5799999999999,1806.5899999999999,1771.3900000000001,836.37099999999998,696.36400000000003,338.36000000000001,-119.426,353.18099999999998,-27.836300000000001,133.096,16.361599999999999,95.125100000000003,-68.847800000000007,21.575500000000002,1.0907,-46.172800000000002,-12.5349,-2.7366600000000001,11.0075,4.5504899999999999,202.07400000000001,1743.05,3229.9699999999998,5296.25,4751.9300000000003,5453.4499999999998,3709.23,2982.25,1997.1800000000001,1893.0799999999999,339.62700000000001,625.84100000000001,537.077,113.55500000000001,396.88099999999997,100.236,-7.6334499999999998,67.253699999999995,91.250200000000007,102.575,73.726699999999994,-56.494100000000003,-100.024,-84.867599999999996,-254.447
0.048753100000000001,2.1192500000000001,6.9688600000000003,12.1061,14.2776,17.121300000000002,59.446669999999997,20.6252,20.883299999999998,18.782599999999999,19.158200000000001,14.678599999999999,10.8179,8.9776699999999998,8.9946199999999994,10.294,8.2239900000000006,6.8945999999999996,4.6273200000000001,5.1475299999999997,2.1606100000000001,2.3522500000000002,2.3833000000000002,3.09815,1.6299399999999999,5.6645000000000003,0.0029345199999999999,0.79828900000000003,2.8371,3.0064099999999998,5.8310899999999997,7.55931,8.6364400000000003,7.4147800000000004,8.8971499999999999,9.0648599999999995,8.7124900000000007,5.3495900000000001,6.4908000000000001,7.37913,3.0120300000000002,6.0172800000000004,3.1798199999999999,3.2608999999999999,5.2378499999999999,2.6671800000000001,3.5998700000000001,1.66157,1.3186100000000001,0.97545499999999996,-0.59458200000000005,6.7090699999999996,10.636799999999999,33.185400000000001,636.76099999999997,1911.1600000000001,2553.5500000000002,2795.54,2944.0999999999999,2924.8600000000001,2112.98,1996.7,1264.1800000000001,955.67499999999995,709.25400000000002,219.54900000000001,481.75999999999999,75.988,147.66200000000001,13.7174,87.7333,-34.462899999999998,45.125,4.91594,8.0842600000000004,-11.0997,-10.0367,-14.1327,22.749199999999998,226.06,1601.54,3773.71,6126,6307.1400000000003,6089.71,5208.7299999999996,4127.2200000000003,2955.0799999999999,2383.9299999999998,1005.66,1015.14,772.60599999999999,237.06200000000001,418.66500000000002,184.91900000000001,9.07761,92.378399999999999,115.554,104.059,60.550600000000003,-19.194700000000001,-29.728300000000001,-0.33749400000000002,-121.24299999999999
0.067883899999999997,2.2511399999999999,5.7787899999999999,10.724600000000001,12.8931,18.513300000000001,20.6252,51.833110000000005,21.837499999999999,18.089600000000001,21.3858,15.414199999999999,12.113799999999999,11.7676,11.1088,10.8908,8.3316999999999997,9.0025999999999993,7.2983700000000002,5.7951600000000001,4.6899800000000003,3.6047400000000001,3.1528200000000002,3.9382600000000001,1.56671,11.4398,-0.00093379499999999996,0.40057100000000001,2.7959299999999998,2.77474,6.00143,7.6009399999999996,8.4276700000000009,8.3361300000000007,8.5912400000000009,10.420199999999999,9.5144099999999998,7.6110499999999996,7.8964499999999997,8.4580699999999993,5.4173400000000003,5.3323499999999999,4.8375899999999996,4.3312499999999998,5.4709000000000003,3.35893,4.1185400000000003,2.2866300000000002,2.8593899999999999,2.9166099999999999,0.065826200000000001,10.653,4.9347799999999999,23.989899999999999,564.77499999999998,1779.5799999999999,2366.3600000000001,2714.8899999999999,2875.3400000000001,2917.1799999999998,2284.29,2179.3800000000001,1361.23,1116.8,775.61800000000005,295.99900000000002,472.15199999999999,153.46600000000001,180.405,55.244100000000003,112.693,-14.710000000000001,42.397199999999998,14.654500000000001,-20.6569,-2.57328,-2.4420799999999998,0.71267599999999998,9.2815700000000003,177.50899999999999,1596.45,3762.3000000000002,6195.8100000000004,6534.8299999999999,6851.5500000000002,5513,4700.9399999999996,3519.48,2851.4000000000001,1370.28,1167.76,965.178,446.61700000000002,515.07600000000002,265.39499999999998,121.717,154.696,143.83000000000001,133.999,64.423400000000001,-15.5114,-26.719100000000001,-36.4925,-20.3871
0.0692493,3.1163599999999998,8.1565300000000001,13.8413,14.1518,20.923999999999999,20.883299999999998,21.837499999999999,56.639489999999995,13.440899999999999,21.412199999999999,13.9321,11.078799999999999,5.6744000000000003,12.5045,8.1232199999999999,6.3787500000000001,7.50014,7.33141,3.87174,5.2338699999999996,0.247637,3.5228999999999999,2.1200800000000002,-0.63808799999999999,0.80759599999999998,-0.0101063,0.110705,2.3757100000000002,2.0547300000000002,8.0934699999999999,8.7701100000000007,8.3968000000000007,6.0126200000000001,6.9745400000000002,11.890599999999999,9.4419900000000005,4.6553500000000003,6.5408299999999997,8.5103899999999992,5.1391,5.0270099999999998,5.6128099999999996,0.80750200000000005,5.9402699999999999,4.0879899999999996,2.8803700000000001,0.95897299999999996,2.9544100000000002,2.0280300000000002,-1.3033600000000001,4.0116899999999998,5.5349899999999996,35.936599999999999,602.71900000000005,1957.3599999999999,2263.1599999999999,2927.7800000000002,2521.1799999999998,2854,2333.71,2369.9699999999998,1310.0899999999999,1046.3,687.40700000000004,-71.399199999999993,515.10400000000004,9.4272200000000002,232.81299999999999,71.099800000000002,158.34800000000001,-36.599899999999998,37.408000000000001,-4.0921500000000002,-58.099699999999999,-14.4132,-8.7156500000000001,23.995999999999999,-4.25624,230.714,1746.8499999999999,3591.71,6376.2700000000004,6064.9499999999998,7067.54,5196.21,4371.2399999999998,3253.3299999999999,2945.0500000000002,869.26999999999998,1087.1099999999999,1100.75,419.80900000000003,642.45399999999995,155.95599999999999,63.747599999999998,180.35599999999999,204.446,144.41,125.086,-34.2288,-124.871,-66.980099999999993,-196.535
0.0166771,0.40567199999999998,1.5266900000000001,4.5809699999999998,8.7877299999999998,10.840400000000001,18.782599999999999,18.089600000000001,13.440899999999999,49.869619999999998,17.366800000000001,16.024100000000001,13.802300000000001,16.800999999999998,9.5068699999999993,13.5802,12.134600000000001,9.9685100000000002,6.6676900000000003,8.2542600000000004,4.0852399999999998,7.4989999999999997,4.5892099999999996,5.9126200000000004,4.5603499999999997,27.4284,0.00894117,0.779914,2.1812999999999998,3.0614400000000002,2.9611900000000002,4.36212,7.4747000000000003,10.3048,10.742699999999999,7.7404900000000003,8.5277600000000007,9.4776399999999992,9.2951499999999996,7.55769,4.4200799999999996,7.2611699999999999,4.48691,8.4949200000000005,5.9031200000000004,3.39127,6.2830399999999997,4.4421600000000003,2.8009599999999999,2.67502,3.3419099999999999,24.230499999999999,3.7567300000000001,13.000299999999999,328.31700000000001,1282.6199999999999,1999.8199999999999,2089.8899999999999,2894.2800000000002,2775.6100000000001,2101.0300000000002,1839.1800000000001,1423.79,1239.6800000000001,1024.1600000000001,761.71000000000004,466.73700000000002,426.55399999999997,139.071,54.617199999999997,46.728299999999997,48.1997,56.2545,28.308499999999999,58.346200000000003,12.979699999999999,0.42192000000000002,-9.2470999999999997,21.5335,91.034199999999998,1138.27,3121.7600000000002,5215.6899999999996,6508.3199999999997,5891.8900000000003,5636.3999999999996,4746.0500000000002,3816.79,2719.8099999999999,2266.1500000000001,1430.9400000000001,1020.92,643.38300000000004,427.61200000000002,469.71699999999998,231.27000000000001,183.59100000000001,155.529,137.78899999999999,-0.78843799999999997,43.805999999999997,110.19199999999999,71.5608,251.29900000000001
0.082147499999999998,2.1642700000000001,4.6557000000000004,9.5511900000000001,11.0863,17.0184,19.158200000000001,21.3858,21.412199999999999,17.366800000000001,50.551650000000002,15.203799999999999,11.823700000000001,11.8429,11.715999999999999,11.3362,8.7070100000000004,9.6338600000000003,8.5792199999999994,6.5806399999999998,5.2426599999999999,3.6589900000000002,3.4575100000000001,4.3824100000000001,1.5658099999999999,13.1234,-0.0041594500000000003,0.27136399999999999,2.3867600000000002,2.2831999999999999,5.5826099999999999,7.6838600000000001,8.0082400000000007,8.2049699999999994,8.7860800000000001,11.1755,10.4552,7.7657800000000003,8.7460100000000001,9.3845899999999993,5.6485099999999999,5.7266399999999997,5.2686700000000002,4.9932999999999996,6.0138100000000003,3.7410600000000001,4.8468200000000001,2.4970699999999999,3.42543,3.5560399999999999,0.13917399999999999,12.673400000000001,3.4010099999999999,16.2456,425.10199999999998,1483.23,1960,2359.9400000000001,2664.9499999999998,2785.0300000000002,2209.0999999999999,2214.9499999999998,1368.21,1191.3199999999999,840.87,283.82600000000002,546.88800000000003,162.327,205.602,95.6751,123.41500000000001,-18.221399999999999,33.6999,14.177199999999999,-30.045200000000001,2.62263,1.1411899999999999,3.04121,2.2042999999999999,175.41300000000001,1382.6199999999999,3345.9400000000001,5853.2399999999998,6062.3800000000001,6683.1000000000004,5424.3900000000003,4899.3299999999999,3722.29,3115.9699999999998,1502.22,1296.0999999999999,1097.2,554.12300000000005,582.25,317.56299999999999,159.768,193.47800000000001,161.584,155.732,55.119300000000003,-13.3713,-26.932700000000001,-46.352899999999998,2.9104299999999999
0.0271851,1.20309,2.4539,5.3148900000000001,7.76065,11.5352,14.678599999999999,15.414199999999999,13.9321,16.024100000000001,15.203799999999999,36.508679999999998,11.7517,12.6783,9.3824699999999996,10.597099999999999,8.3564799999999995,8.5532900000000005,5.6071600000000004,5.8130300000000004,4.59659,4.8565100000000001,3.4685000000000001,4.5754900000000003,2.8113700000000001,17.411200000000001,0.0035453300000000002,0.36577799999999999,1.65873,2.4499399999999998,3.15605,5.0219100000000001,6.0216799999999999,7.7997800000000002,7.8729800000000001,7.5889899999999999,7.3669200000000004,7.56881,7.4798799999999996,7.1045999999999996,4.8191699999999997,5.4199700000000002,4.2650199999999998,5.8806500000000002,4.5239799999999999,3.4304800000000002,4.79183,3.4422899999999998,3.0025200000000001,2.2947099999999998,1.84616,15.491,1.14333,13.3325,330.548,1173.73,1679.5599999999999,1866.26,2232.46,2377.2399999999998,1879.03,1662.6500000000001,1138.9000000000001,1006.8200000000001,751.83000000000004,451.66500000000002,382.601,297.66300000000001,136.00399999999999,53.6126,66.395799999999994,10.5557,33.246699999999997,16.559899999999999,23.452000000000002,10.4343,3.39506,19.227699999999999,12.6111,97.599999999999994,1099.02,2601.3600000000001,4473.9499999999998,5163.2700000000004,5224.1000000000004,4539.2600000000002,3866.5999999999999,3027.0100000000002,2357.6999999999998,1658.21,1166.72,834.16200000000003,521.08500000000004,446.02300000000002,353.53899999999999,168.69800000000001,150.59299999999999,125.649,122.887,37.999000000000002,7.7567700000000004,52.4148,25.012899999999998,82.090100000000007
-0.051758100000000001,-0.041341099999999999,0.24451400000000001,2.5309400000000002,4.8750799999999996,7.2808599999999997,10.8179,12.113799999999999,11.078799999999999,13.802300000000001,11.823700000000001,11.7517,39.714799999999997,12.512,10.7653,9.4718400000000003,9.05748,8.4070400000000003,5.4678300000000002,6.29826,6.11219,6.3290100000000002,4.0147500000000003,4.4460499999999996,4.3713100000000003,25.462800000000001,0.0056359000000000001,0.037249900000000002,1.32073,2.5939199999999998,2.6917200000000001,3.25237,5.3306399999999998,8.7500400000000003,7.9149500000000002,6.3419800000000004,5.7969200000000001,10.689399999999999,7.5231599999999998,5.6329000000000002,6.7219699999999998,6.7286099999999998,4.8133900000000001,7.1480699999999997,4.3445,3.5805099999999999,4.6199599999999998,4.98672,4.35921,3.40286,4.0790199999999999,26.150700000000001,-1.7032400000000001,2.0195400000000001,158.57900000000001,829.46799999999996,1473.8299999999999,1626.3299999999999,2204.29,2338.5999999999999,2001.6099999999999,1478.3800000000001,1255.1199999999999,963.37300000000005,848.87300000000005,623.97900000000004,227.21000000000001,436.46300000000002,150.90899999999999,102.42100000000001,88.046400000000006,75.3887,21.750800000000002,25.545400000000001,30.569400000000002,28.3996,7.1130500000000003,58.712200000000003,8.9200300000000006,35.677100000000003,842.37900000000002,2586.8600000000001,3920.23,5203.3999999999996,5009.5,4553.7700000000004,3973.5,3256.4899999999998,2374.48,2174.9400000000001,1299.2,945.86199999999997,809.02700000000004,435.71499999999997,409.54899999999998,269.37400000000002,218.56299999999999,133.82499999999999,102.06699999999999,58.921399999999998,33.271900000000002,123.182,78.714399999999998,245.84899999999999
0.0051081700000000004,-0.20882500000000001,-1.4920100000000001,-0.74044500000000002,3.1374900000000001,5.8894000000000002,8.9776699999999998,11.7676,5.6744000000000003,16.800999999999998,11.8429,12.6783,12.512,40.419330000000002,7.6930899999999998,11.9033,9.6889199999999995,9.8572500000000005,5.9505100000000004,7.5024199999999999,5.0076700000000001,8.5220699999999994,3.78932,6.26363,5.1137899999999998,31.826699999999999,0.011446599999999999,0.38605600000000001,1.63574,2.6017399999999999,0.229185,2.2561,4.4996799999999997,9.3781199999999991,8.1281999999999996,5.04969,6.1613899999999999,10.996499999999999,8.3782899999999998,6.1519899999999996,5.9970800000000004,5.3823499999999997,4.23231,9.6682500000000005,3.7321300000000002,3.0401899999999999,5.9163300000000003,5.1388400000000001,3.6623100000000002,3.5559099999999999,4.4560899999999997,25.8414,-3.4324499999999998,-6.8417500000000002,148.102,626.51199999999994,1313.76,1214.5699999999999,2111.0300000000002,2033.77,1646.21,1253.1600000000001,1095.3,1030.3399999999999,821.31700000000001,846.00400000000002,264.19099999999997,504.06299999999999,90.416899999999998,71.729299999999995,22.968800000000002,67.775899999999993,35.977200000000003,34.746699999999997,59.796399999999998,28.8643,13.235099999999999,13.1257,14.8652,-14.6942,707.11400000000003,2133.7600000000002,3301.7399999999998,4798.4799999999996,4344.04,4258.3599999999997,3826.8699999999999,3219.6199999999999,2200.6599999999999,2354.9200000000001,1298.28,767.77099999999996,717.846,361.10599999999999,507.29199999999997,314.15699999999998,164.31899999999999,87.966999999999999,117.65000000000001,-5.0185700000000004,49.856499999999997,171.428,67.229100000000003,374.25200000000001
0.0019024000000000001,0.830785,1.6819599999999999,4.2092299999999998,5.1690500000000004,8.4797200000000004,8.9946199999999994,11.1088,12.5045,9.5068699999999993,11.715999999999999,9.3824699999999996,10.7653,7.6930899999999998,27.984650000000002,6.5449000000000002,5.9859600000000004,6.6477500000000003,5.7274000000000003,4.3931399999999998,5.1440799999999998,3.45987,3.4727600000000001,3.0557300000000001,1.9234800000000001,14.9519,-0.0023210599999999998,-0.0767814,0.88529000000000002,1.41736,3.3525900000000002,3.5097299999999998,4.3548499999999999,5.6004500000000004,5.2959100000000001,6.6271899999999997,5.4486600000000003,6.6091699999999998,5.85426,5.4437899999999999,5.2847499999999998,4.5214999999999996,4.45113,3.96915,4.1107300000000002,3.2236500000000001,3.3357299999999999,3.0453000000000001,3.4478399999999998,2.8505099999999999,1.9655400000000001,15.9438,-1.2363299999999999,7.0083299999999999,181.69499999999999,770.34299999999996,1093.9000000000001,1391.5799999999999,1547.8900000000001,1722.6600000000001,1555.6400000000001,1350.73,982.29899999999998,803.20100000000002,606.14999999999998,305.61200000000002,279.97800000000001,241.09299999999999,153.02199999999999,86.235799999999998,95.2804,37.862299999999998,19.928799999999999,14.2784,-8.4677600000000002,12.101699999999999,2.5897700000000001,40.739400000000003,-0.65201399999999998,55.008499999999998,756.03599999999994,1914.9400000000001,3248.0300000000002,3773.8099999999999,4202.5100000000002,3484.7800000000002,3134.7600000000002,2573.04,2057.1500000000001,1413.28,994.85500000000002,868.44200000000001,599.37900000000002,444.76100000000002,288.12099999999998,192.709,189.655,157.03700000000001,100.178,63.865900000000003,18.421700000000001,29.273199999999999,15.391500000000001,113.485
0.0135978,0.34627400000000003,0.60556900000000002,1.86147,4.4420000000000002,6.45756,10.294,10.8908,8.1232199999999999,13.5802,11.3362,10.597099999999999,9.4718400000000003,11.9033,6.5449000000000002,27.242650000000001,7.5072799999999997,7.2126400000000004,4.6263100000000001,5.7458999999999998,3.34368,5.16296,3.1615099999999998,4.3339999999999996,3.1801900000000001,19.3629,0.0062473199999999998,0.40047700000000003,1.3184199999999999,1.8865700000000001,1.39486,3.06413,4.3034800000000004,6.6372799999999996,6.6457300000000004,5.3244499999999997,5.8038499999999997,6.8432700000000004,6.3529999999999998,5.6121100000000004,3.9443700000000002,4.8286499999999997,3.44021,6.1308999999999996,3.7991799999999998,2.7845599999999999,4.4740000000000002,3.3202099999999999,2.4887299999999999,2.0075400000000001,2.52807,16.6464,0.73766900000000002,3.8765499999999999,173.25399999999999,701.995,1147.22,1204.73,1750.6800000000001,1772.8900000000001,1379.02,1199,895.28099999999995,841.59500000000003,664.56500000000005,499.62400000000002,306.13499999999999,301.65199999999999,96.733500000000006,56.133299999999998,34.558100000000003,29.0244,32.126899999999999,16.424800000000001,38.8093,13.3635,4.30884,6.1772799999999997,10.959899999999999,46.003700000000002,677.07299999999998,1783.96,3112.3000000000002,3928.98,3783.4099999999999,3589.3499999999999,3140.1399999999999,2563.71,1898.48,1600.55,1025.5799999999999,700.02999999999997,495.79199999999997,351.93299999999999,345.63200000000001,184.12899999999999,128.946,97.349400000000003,99.840400000000002,14.9285,27.390799999999999,84.954800000000006,43.840699999999998,183.34299999999999
-0.015643299999999999,-0.29333799999999999,-0.29417700000000002,0.73045400000000005,3.0674899999999998,3.4058000000000002,8.2239900000000006,8.3316999999999997,6.3787500000000001,12.134600000000001,8.7070100000000004,8.3564799999999995,9.05748,9.6889199999999995,5.9859600000000004,7.5072799999999997,24.0779,5.80281,4.5194099999999997,5.5746700000000002,3.2264200000000001,5.19773,3.5922999999999998,3.6948099999999999,3.2482700000000002,21.507100000000001,0.0053413200000000001,0.34049200000000002,1.0981700000000001,1.53687,1.3467100000000001,1.52305,3.78444,6.1749900000000002,6.2206700000000001,4.2339099999999998,4.5869499999999999,6.3981700000000004,5.6439899999999996,4.1197800000000004,3.4445299999999999,5.2347099999999998,3.5882999999999998,5.6830100000000003,3.9776500000000001,2.5837500000000002,3.9357899999999999,3.2688600000000001,2.3871600000000002,1.9755499999999999,3.3650199999999999,20.396599999999999,0.36169000000000001,1.6395999999999999,81.799400000000006,512.226,897.38900000000001,1012.25,1564.4300000000001,1492.79,1198.6800000000001,995.31899999999996,862.98199999999997,736.005,682.053,511.13299999999998,245.887,311.404,94.923900000000003,71.380399999999995,29.4345,63.732100000000003,32.544400000000003,17.442299999999999,40.045400000000001,15.334199999999999,2.6713800000000001,5.6139299999999999,6.1379999999999999,21.906300000000002,508.11700000000002,1552.5899999999999,2569.8400000000001,3522.4099999999999,3154.7199999999998,3206.71,2796.29,2388.3000000000002,1720.4200000000001,1623.54,978.24099999999999,746.14999999999998,553.36500000000001,291.18299999999999,331.97899999999998,209.053,160.386,115.242,89.007900000000006,16.075099999999999,58.335500000000003,89.379599999999996,69.666700000000006,269.60399999999998
0.0162513,0.50661500000000004,0.366672,1.5886,3.1926399999999999,5.8844900000000004,6.8945999999999996,9.0025999999999993,7.50014,9.9685100000000002,9.6338600000000003,8.5532900000000005,8.4070400000000003,9.8572500000000005,6.6477500000000003,7.2126400000000004,5.80281,21.61206,4.6543799999999997,4.5339600000000004,4.0583099999999996,4.3057400000000001,2.9606300000000001,3.5804,2.4378199999999999,17.259399999999999,0.0021402299999999999,0.113702,1.0363899999999999,1.40805,1.44228,2.5246499999999998,3.4141900000000001,5.4641799999999998,5.0148599999999997,4.8118600000000002,4.9186500000000004,6.2932800000000002,5.4857199999999997,4.8554899999999996,4.2148099999999999,3.8128500000000001,3.58338,5.0705900000000002,3.2482000000000002,2.6420400000000002,3.6235400000000002,2.9198,2.7388300000000001,2.43804,2.24214,15.0017,-1.89716,1.0935600000000001,131.08000000000001,546.70399999999995,870.01499999999999,985.86000000000001,1333.6199999999999,1410.3800000000001,1206.3900000000001,1051.55,797.85400000000004,730.26499999999999,561.36099999999999,419.62200000000001,244.59800000000001,269.685,107.267,66.942300000000003,49.755499999999998,37.680500000000002,23.8386,17.828499999999998,15.4495,13.9979,7.3951599999999997,20.614799999999999,2.7005400000000002,26.453800000000001,593.98099999999999,1498.8800000000001,2530.5700000000002,3214.8000000000002,3339.5900000000001,2976.8800000000001,2701.5700000000002,2263.77,1749.5599999999999,1428.96,930.95299999999997,676.90200000000004,519.995,355.30900000000003,307.00700000000001,204.785,144.77000000000001,98.8429,99.784599999999998,32.217100000000002,27.231400000000001,61.100999999999999,23.432600000000001,169.38499999999999
0.027357900000000001,0.368618,0.24643000000000001,1.9098200000000001,2.4013100000000001,4.5955599999999999,4.6273200000000001,7.2983700000000002,7.33141,6.6676900000000003,8.5792199999999994,5.6071600000000004,5.4678300000000002,5.9505100000000004,5.7274000000000003,4.6263100000000001,4.5194099999999997,4.6543799999999997,18.355564000000001,3.6406700000000001,3.3753000000000002,2.9380600000000001,2.8518500000000002,2.4825200000000001,1.3903799999999999,14.490500000000001,-0.0035768000000000002,-0.0073799800000000004,0.66679600000000006,0.46439399999999997,1.90398,1.5018100000000001,2.6731799999999999,3.6881499999999998,3.5116499999999999,4.4709199999999996,4.2229200000000002,4.5270400000000004,4.5217700000000001,3.8846500000000002,3.55416,2.90347,3.4275199999999999,3.4241299999999999,3.48516,2.0043600000000001,2.5401500000000001,2.0037199999999999,2.3279399999999999,2.8301500000000002,1.6283099999999999,13.7507,-1.36991,-1.78363,66.3887,336.54700000000003,525.62199999999996,728.10299999999995,947.10000000000002,915.35599999999999,872.90800000000002,877.75900000000001,729.28700000000003,614.66300000000001,469.14999999999998,295.73099999999999,256.88400000000001,173.429,122.104,77.237099999999998,65.936300000000003,53.295099999999998,18.6877,20.0596,-13.713699999999999,7.9293199999999997,4.4592999999999998,6.7758700000000003,-5.3516599999999999,9.1079100000000004,335.755,1070.3800000000001,1819.3199999999999,2209.6999999999998,2536.7399999999998,2275.52,2218.5999999999999,1964.3199999999999,1569.96,1103.3499999999999,790.05700000000002,721.07600000000002,507.44099999999997,350.85000000000002,259.31999999999999,202.40100000000001,171.80000000000001,137.63999999999999,92.460300000000004,34.937899999999999,45.968600000000002,23.6966,0.23033699999999999,205.239
-0.0034839900000000002,-0.29760700000000001,-0.60261399999999998,0.028218400000000001,1.5443100000000001,1.96319,5.1475299999999997,5.7951600000000001,3.87174,8.2542600000000004,6.5806399999999998,5.8130300000000004,6.29826,7.5024199999999999,4.3931399999999998,5.7458999999999998,5.5746700000000002,4.5339600000000004,3.6406700000000001,16.122710000000001,2.2873199999999998,3.88313,2.54,2.8196699999999999,2.5981999999999998,17.021699999999999,0.0034289300000000002,0.234296,0.87068299999999998,0.99661299999999997,0.60372199999999998,1.0300400000000001,2.5607199999999999,4.4144100000000002,4.3249500000000003,3.0496099999999999,3.6583100000000002,5.1433600000000004,4.2215999999999996,3.19468,2.84341,3.72377,2.53708,4.6240500000000004,2.9103300000000001,1.7451300000000001,2.9756999999999998,2.3978799999999998,1.91795,1.9647600000000001,2.4753099999999999,15.822800000000001,-0.075473100000000001,-3.7302599999999999,33.306399999999996,257.04199999999997,575.30200000000002,615.024,1089.8199999999999,1000.13,830.40899999999999,691.84799999999996,653.51900000000001,566.73699999999997,506.32400000000001,415.197,196.18199999999999,231.398,79.009900000000002,67.0672,29.8308,55.972200000000001,21.884899999999998,16.294799999999999,25.103400000000001,13.7475,4.7815300000000001,4.5758299999999998,3.17408,6.5728799999999996,286.30799999999999,1069.95,1679.9000000000001,2373.1500000000001,2160.0500000000002,2289.5799999999999,2109.3200000000002,1834.48,1337.8599999999999,1258.3099999999999,774.476,569.67700000000002,464.01400000000001,252.83699999999999,266.399,182.95599999999999,128.04300000000001,83.727000000000004,72.610399999999998,15.1731,47.896099999999997,73.489900000000006,45.426000000000002,235.822
0.00226254,0.50283800000000001,0.13192499999999999,1.02746,1.2900799999999999,3.6684199999999998,2.1606100000000001,4.6899800000000003,5.2338699999999996,4.0852399999999998,5.2426599999999999,4.59659,6.11219,5.0076700000000001,5.1440799999999998,3.34368,3.2264200000000001,4.0583099999999996,3.3753000000000002,2.2873199999999998,14.728569999999999,2.2488100000000002,2.1814100000000001,1.9413100000000001,1.24211,11.4419,-0.0020314700000000001,-0.19932800000000001,0.51099499999999998,0.73908799999999997,1.1983699999999999,1.51573,1.7796000000000001,3.1739099999999998,2.4273600000000002,3.20723,2.8559299999999999,4.0704399999999996,3.2198699999999998,2.85703,3.3633799999999998,2.3738999999999999,2.8920599999999999,2.8499400000000001,2.08786,2.1032299999999999,1.98996,1.9983900000000001,2.4236300000000002,1.9457599999999999,1.70767,10.6867,-3.9499,-0.12603800000000001,72.870199999999997,323.79500000000002,423.55200000000002,605.64999999999998,641.12,807.21600000000001,800.03499999999997,670.97400000000005,521.428,444.98099999999999,362.65300000000002,234.26900000000001,122.339,195.715,96.2761,62.717599999999997,50.985999999999997,42.067399999999999,7.74688,16.342300000000002,-5.6364000000000001,13.3119,9.0697200000000002,39.381999999999998,-6.1149800000000001,7.1163400000000001,405.53399999999999,923.98400000000004,1468.6400000000001,1871.21,2158.8899999999999,1765.48,1625.1800000000001,1421.4300000000001,1205.96,968.07899999999995,647.32500000000005,520.67399999999998,449.64100000000002,281.72000000000003,207.52799999999999,177.465,137.58500000000001,80.899000000000001,81.950400000000002,47.4664,23.470600000000001,27.4312,13.3172,109.39400000000001
-0.020550100000000002,-0.74287300000000001,-2.0512700000000001,-2.0627300000000002,0.15961600000000001,0.071670600000000001,2.3522500000000002,3.6047400000000001,0.247637,7.4989999999999997,3.6589900000000002,4.8565100000000001,6.3290100000000002,8.5220699999999994,3.45987,5.16296,5.19773,4.3057400000000001,2.9380600000000001,3.88313,2.2488100000000002,14.316108,2.0741000000000001,3.07057,3.0134099999999999,19.4663,0.0070685000000000001,0.161049,0.36636600000000002,1.0159800000000001,-0.35030299999999998,-0.39710899999999999,1.5669200000000001,4.5767699999999998,3.6783600000000001,1.44425,1.77094,5.6169099999999998,3.9544999999999999,2.0420099999999999,3.09267,2.8912900000000001,2.0900300000000001,5.0566599999999999,1.85606,1.33195,2.8433299999999999,3.0373999999999999,1.9137200000000001,2.11877,3.1793300000000002,17.1449,-2.2192699999999999,-8.4948300000000003,-11.465199999999999,92.636499999999998,439.25900000000001,382.61000000000001,938.48800000000006,767.649,683.69100000000003,416.57400000000001,516.94000000000005,453.50999999999999,402.58999999999997,494.60300000000001,80.068600000000004,287.01400000000001,31.670999999999999,44.616799999999998,1.6985699999999999,58.484499999999997,16.914100000000001,21.7026,35.364800000000002,18.648499999999999,5.0314199999999998,3.5290300000000001,8.1167899999999999,-45.210500000000003,146.934,813.90999999999997,1069.02,2031.55,1636.99,1856.8199999999999,1724.27,1521.4100000000001,916.31600000000003,1297.8099999999999,606.39300000000003,395.19499999999999,401.834,112.791,270.84199999999998,177.518,97.814499999999995,54.735500000000002,36.185400000000001,-16.790700000000001,49.155999999999999,114.349,56.136499999999998,285.69099999999997
-0.0067992399999999998,-0.116462,-0.098252000000000006,0.30008499999999999,0.86412100000000003,1.3201400000000001,2.3833000000000002,3.1528200000000002,3.5228999999999999,4.5892099999999996,3.4575100000000001,3.4685000000000001,4.0147500000000003,3.78932,3.4727600000000001,3.1615099999999998,3.5922999999999998,2.9606300000000001,2.8518500000000002,2.54,2.1814100000000001,2.0741000000000001,10.852996000000001,1.3651800000000001,1.28854,11.366899999999999,-0.00094361499999999997,0.079087000000000005,0.29690299999999997,0.41208099999999998,0.715951,0.36704500000000001,1.3823399999999999,2.3885900000000002,2.3339099999999999,2.2188500000000002,2.2389000000000001,2.6629800000000001,2.5463399999999998,1.9801599999999999,1.7417899999999999,2.4057499999999998,2.3456600000000001,2.4972599999999998,2.2547799999999998,1.70356,2.06114,1.4075299999999999,1.47993,1.0506800000000001,2.06718,11.406499999999999,-1.63774,1.6852799999999999,20.295999999999999,179.816,265.82900000000001,402.97300000000001,523.20100000000002,569.03800000000001,549.21100000000001,492.05399999999997,416.33100000000002,416.36599999999999,352.31099999999998,232.70599999999999,140.946,169.715,71.034899999999993,60.440100000000001,27.807200000000002,55.209200000000003,21.473500000000001,3.8774999999999999,15.6172,7.1734900000000001,0.79537800000000003,17.735800000000001,-5.0152900000000002,-1.9561900000000001,231.244,474.87,944.99400000000003,1358.21,1404.8199999999999,1363.3299999999999,1255.6600000000001,1192.21,932.41999999999996,885.04200000000003,547.48000000000002,502.46699999999998,386.68200000000002,234.11099999999999,189.755,158.69300000000001,113.193,108.386,61.243899999999996,23.479900000000001,45.439900000000002,31.618500000000001,39.414099999999998,169.08699999999999
0.0050911699999999999,0.076475299999999996,-0.53535500000000003,-0.219384,1.02562,2.08399,3.09815,3.9382600000000001,2.1200800000000002,5.9126200000000004,4.3824100000000001,4.5754900000000003,4.4460499999999996,6.26363,3.0557300000000001,4.3339999999999996,3.6948099999999999,3.5804,2.4825200000000001,2.8196699999999999,1.9413100000000001,3.07057,1.3651800000000001,10.6028,1.6427,12.194800000000001,0.0039665000000000004,0.14249400000000001,0.37132500000000002,0.79839199999999999,0.24095900000000001,0.73802000000000001,1.49031,3.2804199999999999,3.04732,1.99499,2.1329500000000001,3.3596900000000001,3.2931900000000001,2.39175,2.2303500000000001,2.0705200000000001,1.75698,3.3419300000000001,1.6973100000000001,1.3158000000000001,2.2361399999999998,2.1465299999999998,1.42936,1.3107200000000001,1.6667799999999999,10.019299999999999,-1.16476,-2.1460699999999999,53.136099999999999,249.39099999999999,435.18400000000003,420.59300000000002,724.05399999999997,713.68499999999995,566.54600000000005,452.84500000000003,404.411,357.774,300.315,284.57900000000001,129.905,190.27600000000001,38.302999999999997,21.265000000000001,6.3688500000000001,20.9344,8.7244100000000007,18.407299999999999,20.255400000000002,10.7409,5.6333000000000002,0.88156999999999996,6.6319400000000002,-9.7091999999999992,218.971,682.88499999999999,1164.9100000000001,1620.48,1519.47,1533.24,1330.0699999999999,1149.8,804.23099999999999,825.14300000000003,488.26900000000001,306.56299999999999,260.25700000000001,141.28999999999999,209.84100000000001,102.816,75.087299999999999,41.237499999999997,48.876600000000003,-2.3855,21.684100000000001,61.760100000000001,23.960699999999999,134.32400000000001
-0.0261604,-0.69043600000000005,-1.47445,-1.56915,-0.35085300000000003,-0.98682599999999998,1.6299399999999999,1.56671,-0.63808799999999999,4.5603499999999997,1.5658099999999999,2.8113700000000001,4.3713100000000003,5.1137899999999998,1.9234800000000001,3.1801900000000001,3.2482700000000002,2.4378199999999999,1.3903799999999999,2.5981999999999998,1.24211,3.0134099999999999,1.28854,1.6427,8.2531359999999996,12.4199,0.00492611,0.14476,0.33760499999999999,0.73038199999999998,-0.58678900000000001,-0.33873700000000001,0.98492000000000002,2.79399,2.4254600000000002,0.47365000000000002,1.2457400000000001,3.8671099999999998,2.2094800000000001,1.1292500000000001,1.6844300000000001,2.2959499999999999,0.98984399999999995,3.54427,1.1936800000000001,0.70088700000000004,1.75753,1.9210199999999999,1.0981300000000001,1.20503,2.0793200000000001,11.622999999999999,-0.57854799999999995,-6.3523899999999998,-30.826899999999998,-19.413699999999999,262.99000000000001,169.27199999999999,565.726,465.42099999999999,402.68700000000001,211.78100000000001,362.31700000000001,283.11399999999998,282.69999999999999,354.44900000000001,53.027200000000001,190.08199999999999,28.575500000000002,34.493699999999997,6.8285999999999998,51.1235,11.2104,13.3499,30.3231,13.489000000000001,4.3375899999999996,10.106999999999999,7.1416500000000003,-24.165500000000002,26.561900000000001,503.33800000000002,531.56200000000001,1207.3399999999999,810.28999999999996,1157.5,1059.9000000000001,961.71299999999997,595.53800000000001,886.55399999999997,459.34500000000003,262.81099999999998,301.65300000000002,104.572,177.20599999999999,130.79900000000001,68.109399999999994,32.2515,27.616499999999998,3.0415199999999998,37.249899999999997,82.671000000000006,51.338500000000003,187.994
-0.097770999999999997,-3.4005100000000001,-8.9443199999999994,-9.1648499999999995,-2.8512200000000001,-3.3182399999999999,5.6645000000000003,11.4398,0.80759599999999998,27.4284,13.1234,17.411200000000001,25.462800000000001,31.826699999999999,14.9519,19.3629,21.507100000000001,17.259399999999999,14.490500000000001,17.021699999999999,11.4419,19.4663,11.366899999999999,12.194800000000001,12.4199,125.41144,0.018441699999999998,0.497195,1.86504,3.36435,-1.54619,-2.8605299999999998,5.5523100000000003,17.486000000000001,14.603300000000001,5.8964299999999996,8.7309300000000007,22.180399999999999,15.888,8.0939999999999994,11.978999999999999,13.1038,9.9649999999999999,21.095500000000001,9.7436799999999995,6.2696800000000001,11.8141,12.1622,8.7314799999999995,9.22682,14.407,80.195599999999999,-11.984299999999999,-37.604900000000001,-198.66300000000001,70.293199999999999,1193.6700000000001,1043.03,3152.3499999999999,2674.48,2474.1399999999999,1628.73,2276.1799999999998,1940.02,1919.21,2076.9000000000001,451.92500000000001,1270.6199999999999,247.624,257.93799999999999,56.392400000000002,355.31400000000002,70.925299999999993,105.101,137.96199999999999,83.332499999999996,33.981699999999996,51.2423,8.7518100000000008,-219.05600000000001,292.642,2671.2199999999998,3392.1599999999999,7184.6000000000004,5676.1800000000003,7035.9099999999999,6596.5799999999999,6392.8199999999997,4169.4399999999996,5588.1000000000004,2912.54,2072.8000000000002,2143.77,790.92100000000005,1253.24,931.84000000000003,580.31200000000001,340.49299999999999,272.69,4.2002600000000001,267.762,446.87,266.23200000000003,1354.1900000000001
-7.7960900000000001e-05,-0.0019622400000000001,-0.00329956,-0.0060754399999999997,-0.00076807299999999998,-0.00473128,0.0029345199999999999,-0.00093379499999999996,-0.0101063,0.00894117,-0.0041594500000000003,0.0035453300000000002,0.0056359000000000001,0.011446599999999999,-0.0023210599999999998,0.0062473199999999998,0.0053413200000000001,0.0021402299999999999,-0.0035768000000000002,0.0034289300000000002,-0.0020314700000000001,0.0070685000000000001,-0.00094361499999999997,0.0039665000000000004,0.00492611,0.018441699999999998,0.029862011020229999,0.00073196199999999996,0.00068165499999999998,0.0023385699999999999,-0.0034155700000000002,-0.00191954,0.00069409099999999998,0.0054125199999999997,0.0042768099999999998,-0.0037113300000000001,-0.0022709900000000001,0.0055835600000000004,0.00193742,-0.00116957,0.0013441900000000001,0.00241413,-0.00137488,0.0058823199999999999,-0.00143133,-0.000457768,0.0023260300000000002,0.0035891899999999999,-0.00019974399999999999,-0.00088286699999999996,0.0038907,0.013105500000000001,0.00245152,-0.0116046,0.043433899999999998,0.097846000000000002,0.801095,0.21609500000000001,1.26536,0.82356700000000005,0.35115499999999999,-0.30837700000000001,0.0909856,0.037647899999999998,0.191992,0.63788800000000001,-0.17283399999999999,0.340285,-0.15915399999999999,-0.058649300000000001,-0.12488299999999999,0.0097983800000000006,0.0109392,0.017874500000000001,0.12570799999999999,0.024617199999999999,0.00344334,-0.041804099999999997,0.042440699999999998,-0.067895300000000006,0.12970400000000001,0.93473899999999999,0.67744099999999996,2.1343299999999998,0.35903600000000002,1.3487,0.75490999999999997,0.47724899999999998,-0.32263799999999998,1.0951900000000001,0.18251999999999999,-0.410472,-0.066815299999999994,-0.33180199999999999,0.195495,-0.0107344,-0.120474,-0.171849,-0.076651499999999997,-0.092514299999999994,0.025725600000000001,0.22969999999999999,0.126553,0.25989499999999999
0.00273471,0.0051686700000000002,0.170345,0.24373900000000001,0.39726299999999998,0.22208,0.79828900000000003,0.40057100000000001,0.110705,0.779914,0.27136399999999999,0.36577799999999999,0.037249900000000002,0.38605600000000001,-0.0767814,0.40047700000000003,0.34049200000000002,0.113702,-0.0073799800000000004,0.234296,-0.19932800000000001,0.161049,0.079087000000000005,0.14249400000000001,0.14476,0.497195,0.00073196199999999996,1.3245960000000001,0.098474000000000006,0.107474,-0.0096555700000000005,0.086981900000000001,0.204956,0.218997,0.30757499999999999,0.055940799999999999,0.18490500000000001,0.0121902,0.13723299999999999,0.12895499999999999,-0.118266,0.19947500000000001,-0.0377626,0.21338099999999999,0.12675400000000001,0.0050040099999999997,0.163856,0.0107557,-0.112204,-0.109585,0.069515199999999999,0.309087,0.59351799999999999,0.82971399999999995,26.4391,55.808100000000003,88.017099999999999,74.157600000000002,100.355,72.566199999999995,33.841200000000001,28.3429,29.435300000000002,27.4055,21.6769,21.6248,18.330100000000002,4.2972400000000004,-1.2168699999999999,-1.63147,-3.97573,1.0450900000000001,2.79311,-0.239292,5.41648,-0.53690700000000002,-0.55430999999999997,-4.2361700000000004,1.9304600000000001,6.3700999999999999,48.434100000000001,97.984899999999996,133.411,147.92599999999999,67.113100000000003,118.758,69.671700000000001,51.5578,28.156700000000001,34.033099999999997,25.9145,5.6700799999999996,-3.9226999999999999,2.0091199999999998,10.161,-0.99303600000000003,-3.12209,1.3691599999999999,1.6811499999999999,-2.0457100000000001,3.6607099999999999,3.9971700000000001,4.9368299999999996,8.3351500000000005
0.0142276,0.34441100000000002,1.1850400000000001,1.7501899999999999,1.8297699999999999,2.42591,2.8371,2.7959299999999998,2.3757100000000002,2.1812999999999998,2.3867600000000002,1.65873,1.32073,1.63574,0.88529000000000002,1.3184199999999999,1.0981700000000001,1.0363899999999999,0.66679600000000006,0.87068299999999998,0.51099499999999998,0.36636600000000002,0.29690299999999997,0.37132500000000002,0.33760499999999999,1.86504,0.00068165499999999998,0.098474000000000006,8.4158499999999989,0.542049,0.58236299999999996,1.1897500000000001,1.19051,1.1870000000000001,1.11314,1.0496700000000001,1.44499,1.1365799999999999,0.68070600000000003,0.87571900000000003,0.53305800000000003,0.82208899999999996,0.55071000000000003,0.75110699999999997,0.51193,0.33040199999999997,0.44507999999999998,-0.032175099999999998,0.28016400000000002,0.22989799999999999,0.118173,1.3831899999999999,0.63144800000000001,2.7412800000000002,122.70999999999999,290.48500000000001,391.70600000000002,400.28399999999999,417.803,396.51299999999998,267.03500000000003,234.24000000000001,147.535,107.983,105.74299999999999,43.514899999999997,36.245399999999997,9.1610499999999995,20.122,15.4076,8.1616900000000001,5.90496,6.1333099999999998,1.30359,-0.12842999999999999,0.80722400000000005,2.2893599999999998,0.583951,-0.81560900000000003,35.922800000000002,319.36500000000001,675.24800000000005,860.03899999999999,871.35299999999995,748.79300000000001,619.95500000000004,496.94,360.58800000000002,334.45699999999999,151.97399999999999,152.28999999999999,79.325299999999999,65.006600000000006,58.201999999999998,23.377199999999998,30.468499999999999,13.552099999999999,-6.9133899999999997,25.468900000000001,16.782599999999999,2.63889,-4.0401600000000002,-1.83487,8.8548799999999996
-0.00031872399999999999,0.208343,0.72125799999999995,1.2410699999999999,1.76786,2.3064900000000002,3.0064099999999998,2.77474,2.0547300000000002,3.0614400000000002,2.2831999999999999,2.4499399999999998,2.5939199999999998,2.6017399999999999,1.41736,1.8865700000000001,1.53687,1.40805,0.46439399999999997,0.99661299999999997,0.73908799999999997,1.0159800000000001,0.41208099999999998,0.79839199999999999,0.73038199999999998,3.36435,0.0023385699999999999,0.107474,0.542049,6.1593859999999996,0.43187900000000001,0.99226199999999998,1.20533,1.72079,1.5637700000000001,1.0159100000000001,1.1345400000000001,1.7037,1.1489100000000001,0.97752899999999998,0.84760800000000003,1.0426800000000001,0.54753099999999999,1.21322,0.45978000000000002,0.484682,0.79157500000000003,0.62116300000000002,0.48749799999999999,0.263322,0.48862499999999998,2.9485899999999998,0.140072,2.9091900000000002,109.419,294.358,434.73700000000002,423.601,503.459,503.80200000000002,368.44499999999999,259.09100000000001,184.72,145.21600000000001,125.871,96.612399999999994,31.876300000000001,62.695700000000002,13.143000000000001,7.7366999999999999,5.59666,3.91933,5.1620799999999996,3.1838299999999999,9.9380900000000008,3.5514600000000001,1.5982400000000001,6.1471900000000002,3.6671,23.0608,291.60000000000002,671.51800000000003,930.327,1097.8800000000001,941.92200000000003,824.98000000000002,646.05600000000004,465.81599999999997,341.77800000000002,301.82999999999998,184.316,86.267799999999994,80.040300000000002,47.875999999999998,57.648400000000002,27.962800000000001,14.141299999999999,1.1266099999999999,17.065899999999999,6.3826000000000001,-0.029777499999999998,18.498999999999999,11.604200000000001,14.9968
0.016201900000000002,0.88534000000000002,2.6169099999999998,4.4467499999999998,4.3182099999999997,6.0344199999999999,5.8310899999999997,6.00143,8.0934699999999999,2.9611900000000002,5.5826099999999999,3.15605,2.6917200000000001,0.229185,3.3525900000000002,1.39486,1.3467100000000001,1.44228,1.90398,0.60372199999999998,1.1983699999999999,-0.35030299999999998,0.715951,0.24095900000000001,-0.58678900000000001,-1.54619,-0.0034155700000000002,-0.0096555700000000005,0.58236299999999996,0.43187900000000001,10.814727000000001,2.2300300000000002,2.2665000000000002,1.26983,1.63683,3.1815799999999999,2.0372400000000002,0.72600600000000004,1.4633700000000001,1.8702000000000001,1.29094,1.0873299999999999,1.4498500000000001,-0.63139599999999996,1.53975,0.933751,0.28219499999999997,0.128165,0.67278199999999999,0.49693500000000002,-0.62095299999999998,0.190745,2.1097600000000001,11.828200000000001,174.66300000000001,570.82000000000005,612.52499999999998,810.10699999999997,639.23699999999997,707.88699999999994,574.41899999999998,595.55100000000004,305.65300000000002,202.44999999999999,132.12200000000001,-92.997299999999996,114.404,-34.443300000000001,56.774700000000003,9.8476300000000005,45.5974,-17.436900000000001,7.1036099999999998,-1.31402,-24.774000000000001,-6.4281800000000002,-5.0068900000000003,1.9791399999999999,-1.61206,64.831299999999999,477.98599999999999,1001.5,1749.1400000000001,1554.5599999999999,1847.55,1248.8,1017.21,723.75300000000004,651.73500000000001,50.9206,178.833,257.31799999999998,51.925699999999999,126.773,1.07274,-19.357199999999999,41.430900000000001,54.786700000000003,23.797000000000001,30.653400000000001,-16.054200000000002,-47.5458,-26.212399999999999,-79.143900000000002
0.036966400000000003,1.43872,3.3226499999999999,5.1204499999999999,5.0825800000000001,7.8654500000000001,7.55931,7.6009399999999996,8.7701100000000007,4.36212,7.6838600000000001,5.0219100000000001,3.25237,2.2561,3.5097299999999998,3.06413,1.52305,2.5246499999999998,1.5018100000000001,1.0300400000000001,1.51573,-0.39710899999999999,0.36704500000000001,0.73802000000000001,-0.33873700000000001,-2.8605299999999998,-0.00191954,0.086981900000000001,1.1897500000000001,0.99226199999999998,2.2300300000000002,15.333580000000001,2.8651599999999999,2.03545,2.3239200000000002,4.0574599999999998,3.69529,1.40483,1.9165000000000001,3.2138399999999998,1.50109,1.5032000000000001,1.36713,0.296931,1.30192,1.30555,0.94511500000000004,-0.052670399999999999,0.76719099999999996,0.237344,-1.0604100000000001,-2.6488,2.0384899999999999,11.882099999999999,267.79599999999999,734.47799999999995,854.99400000000003,1033.03,866.38099999999997,1030.1400000000001,763.56899999999996,765.399,333.548,284.54300000000001,160.16800000000001,-81.675700000000006,154.30500000000001,-40.758400000000002,60.715299999999999,18.377199999999998,40.073999999999998,-39.268500000000003,5.8774699999999998,-5.3467799999999999,-17.034500000000001,-4.2341300000000004,0.83648599999999995,10.414199999999999,0.36035099999999998,104.855,695.34000000000003,1325.1400000000001,2284.9699999999998,2031.8499999999999,2376.4299999999998,1701.4400000000001,1401.8099999999999,911.30600000000004,945.12900000000002,158.328,325.28399999999999,230.292,54.138300000000001,197.50999999999999,22.4999,-8.0270200000000003,19.030899999999999,12.651999999999999,48.713799999999999,44.779299999999999,-29.2743,-49.073399999999999,-32.926299999999998,-147.40799999999999
0.0110432,0.68032499999999996,2.0306899999999999,3.9767700000000001,4.9125800000000002,6.5696899999999996,8.6364400000000003,8.4276700000000009,8.3968000000000007,7.4747000000000003,8.0082400000000007,6.0216799999999999,5.3306399999999998,4.4996799999999997,4.3548499999999999,4.3034800000000004,3.78444,3.4141900000000001,2.6731799999999999,2.5607199999999999,1.7796000000000001,1.5669200000000001,1.3823399999999999,1.49031,0.98492000000000002,5.5523100000000003,0.00069409099999999998,0.204956,1.19051,1.20533,2.2665000000000002,2.8651599999999999,17.218579999999999,3.4804900000000001,3.8038699999999999,4.0363100000000003,3.8946200000000002,3.4600399999999998,3.1355599999999999,3.2282500000000001,2.1388699999999998,2.79982,1.9787999999999999,2.05261,2.3644699999999998,1.3836999999999999,1.6813899999999999,1.06884,1.1097699999999999,1.07039,0.32484099999999999,5.8329700000000004,2.5379499999999999,8.6724499999999995,206.96000000000001,668.61000000000001,956.36000000000001,1095.98,1197.54,1185.76,923.36099999999999,835.58600000000001,578.36199999999997,431.78899999999999,333.709,146.071,178.602,66.686000000000007,72.2059,27.340199999999999,42.683599999999998,5.1147499999999999,17.7776,5.2044300000000003,-1.20651,0.086872000000000005,-0.79432999999999998,2.32348,4.9371299999999998,73.198400000000007,599.98000000000002,1550.0699999999999,2466.6599999999999,2721.0999999999999,2706.8800000000001,2340.77,1962.28,1477.51,1198.8499999999999,647.12699999999995,534.69100000000003,409.755,213.053,209.85300000000001,112.58499999999999,60.545000000000002,68.021299999999997,54.9026,52.110700000000001,34.445900000000002,5.4753299999999996,-1.8182,2.4201299999999999,11.535500000000001
-0.0118926,-0.0194901,-0.044861199999999997,1.2463299999999999,3.2766899999999999,4.8624200000000002,7.4147800000000004,8.3361300000000007,6.0126200000000001,10.3048,8.2049699999999994,7.7997800000000002,8.7500400000000003,9.3781199999999991,5.6004500000000004,6.6372799999999996,6.1749900000000002,5.4641799999999998,3.6881499999999998,4.4144100000000002,3.1739099999999998,4.5767699999999998,2.3885900000000002,3.2804199999999999,2.79399,17.486000000000001,0.0054125199999999997,0.218997,1.1870000000000001,1.72079,1.26983,2.03545,3.4804900000000001,23.308199999999999,5.30227,3.9003000000000001,4.0706300000000004,6.5845799999999999,5.0478300000000003,3.6935600000000002,3.7600799999999999,3.9222399999999999,2.8864700000000001,5.0551500000000003,2.6749399999999999,1.96557,3.2019199999999999,2.8835999999999999,2.26302,2.0811700000000002,2.5913300000000001,15.928900000000001,-0.82086599999999998,-0.27426299999999998,149.15100000000001,569.67100000000005,1009.71,1070.3199999999999,1518.05,1456.51,1170.1500000000001,882.5,743.024,606.80700000000002,519.03300000000002,433.70400000000001,160.69399999999999,267.01600000000002,70.5167,55.1462,26.8764,44.689399999999999,19.019600000000001,19.324200000000001,26.793800000000001,16.0867,5.3175100000000004,11.9421,7.4258699999999997,18.113,554.27099999999996,1695.51,2580.29,3443.73,3166.8400000000001,3006.0500000000002,2603.8499999999999,2114.52,1506.52,1408.1400000000001,820.43499999999995,544.03999999999996,453.53899999999999,229.89400000000001,282.04500000000002,173.34399999999999,116.279,65.533500000000004,67.727000000000004,12.1365,33.334899999999998,82.835899999999995,43.004800000000003,199.22300000000001
-0.0071762700000000002,0.094639200000000007,0.55883899999999997,2.09307,3.7793299999999999,4.9580000000000002,8.8971499999999999,8.5912400000000009,6.9745400000000002,10.742699999999999,8.7860800000000001,7.8729800000000001,7.9149500000000002,8.1281999999999996,5.2959100000000001,6.6457300000000004,6.2206700000000001,5.0148599999999997,3.5116499999999999,4.3249500000000003,2.4273600000000002,3.6783600000000001,2.3339099999999999,3.04732,2.4254600000000002,14.603300000000001,0.0042768099999999998,0.30757499999999999,1.11314,1.5637700000000001,1.63683,2.3239200000000002,3.8038699999999999,5.30227,21.367470000000001,4.0345599999999999,4.3945100000000004,5.4835000000000003,4.9392500000000004,3.8724799999999999,2.8008099999999998,4.2117800000000001,2.7141299999999999,4.3978900000000003,3.1564299999999998,1.9609099999999999,3.0563099999999999,2.5713300000000001,1.7586599999999999,1.52355,1.93712,13.9567,1.6054600000000001,3.9603799999999998,131.488,588.99599999999998,971.48299999999995,1041.05,1464.0799999999999,1448.25,1099.3599999999999,927.30499999999995,743.04499999999996,594.53700000000003,531.30100000000004,362.37299999999999,220.02199999999999,218.501,79.134699999999995,43.171599999999998,29.215499999999999,29.815200000000001,22.1128,14.5731,27.8306,9.7882899999999999,2.2337199999999999,3.2164799999999998,8.7090999999999994,43.735100000000003,506.06999999999999,1565.0799999999999,2634.4000000000001,3307.6599999999999,3041.5500000000002,2945.2399999999998,2510.7600000000002,2035.6500000000001,1496.22,1229.3900000000001,809.15999999999997,565.87900000000002,397.28500000000003,248.72399999999999,252.97999999999999,133.02699999999999,113.69,76.392700000000005,71.946600000000004,16.188199999999998,26.507400000000001,62.926499999999997,40.945399999999999,141.928
0.031872400000000002,1.2664500000000001,2.6704500000000002,4.9796100000000001,5.5088400000000002,8.8130600000000001,9.0648599999999995,10.420199999999999,11.890599999999999,7.7404900000000003,11.1755,7.5889899999999999,6.3419800000000004,5.04969,6.6271899999999997,5.3244499999999997,4.2339099999999998,4.8118600000000002,4.4709199999999996,3.0496099999999999,3.20723,1.44425,2.2188500000000002,1.99499,0.47365000000000002,5.8964299999999996,-0.0037113300000000001,0.055940799999999999,1.0496700000000001,1.0159100000000001,3.1815799999999999,4.0574599999999998,4.0363100000000003,3.9003000000000001,4.0345599999999999,22.205359999999999,5.1235900000000001,3.6374599999999999,4.3156999999999996,4.9021800000000004,3.3480799999999999,3.1850999999999998,3.3281499999999999,2.0539700000000001,3.2823899999999999,2.43336,2.3271799999999998,1.3189299999999999,2.0247099999999998,1.62636,0.27083499999999999,6.3842800000000004,1.0657099999999999,10.2203,224.66,777.60400000000004,978.89400000000001,1291.5,1289.4300000000001,1423.24,1192.5599999999999,1173.4400000000001,702.12599999999998,605.40700000000004,412.24799999999999,86.990700000000004,271.44299999999998,73.233900000000006,116.812,58.309399999999997,70.211200000000005,-3.43004,17.776,3.0741800000000001,-17.946100000000001,0.32757199999999997,-0.095474000000000003,13.7095,-2.3095500000000002,86.095299999999995,715.90499999999997,1597.1300000000001,2947.7800000000002,3052.3800000000001,3561.77,2850.23,2528.9200000000001,1964.73,1706.6800000000001,820.38699999999994,730.55399999999997,644.01800000000003,335.34199999999998,358.49900000000002,167.512,98.1661,118.08799999999999,106.78,84.703000000000003,53.380400000000002,1.7727200000000001,-26.462,-18.416499999999999,-4.8075400000000004
0.034036200000000003,0.96001000000000003,1.8979900000000001,3.8896000000000002,4.3802700000000003,6.9958799999999997,8.7124900000000007,9.5144099999999998,9.4419900000000005,8.5277600000000007,10.4552,7.3669200000000004,5.7969200000000001,6.1613899999999999,5.4486600000000003,5.8038499999999997,4.5869499999999999,4.9186500000000004,4.2229200000000002,3.6583100000000002,2.8559299999999999,1.77094,2.2389000000000001,2.1329500000000001,1.2457400000000001,8.7309300000000007,-0.0022709900000000001,0.18490500000000001,1.44499,1.1345400000000001,2.0372400000000002,3.69529,3.8946200000000002,4.0706300000000004,4.3945100000000004,5.1235900000000001,21.333870000000001,4.0817300000000003,4.1693300000000004,4.8214600000000001,2.6129899999999999,3.5268899999999999,2.8013699999999999,3.34179,3.30803,2.1229800000000001,2.6491099999999999,1.1735,1.72776,1.6644399999999999,0.49237799999999998,7.9751099999999999,1.4240200000000001,5.8277099999999997,186.00899999999999,618.29200000000003,877.99099999999999,1064.8199999999999,1208.1300000000001,1300.22,1043.0899999999999,1058.3599999999999,726.64400000000001,622.49300000000005,478.39800000000002,219.999,287.29700000000003,107.051,120.044,63.321599999999997,61.075200000000002,19.266999999999999,22.2607,8.3237299999999994,-3.9200499999999998,3.53877,5.4746699999999997,12.9055,-1.32043,82.286000000000001,600.54200000000003,1498.1500000000001,2593.5300000000002,2835.5700000000002,3057.71,2711.6799999999998,2438.77,1951.8699999999999,1731.8800000000001,954.20100000000002,837.077,632.04200000000003,403.74400000000003,385.01900000000001,200.53,151.93600000000001,125.47499999999999,87.915899999999993,109.20099999999999,56.4559,18.418299999999999,-4.4717599999999997,-1.1017300000000001,50.218699999999998
-0.034514099999999999,-0.60772300000000001,-1.4553100000000001,-0.43268499999999999,1.5233300000000001,3.0918000000000001,5.3495900000000001,7.6110499999999996,4.6553500000000003,9.4776399999999992,7.7657800000000003,7.56881,10.689399999999999,10.996499999999999,6.6091699999999998,6.8432700000000004,6.3981700000000004,6.2932800000000002,4.5270400000000004,5.1433600000000004,4.0704399999999996,5.6169099999999998,2.6629800000000001,3.3596900000000001,3.8671099999999998,22.180399999999999,0.0055835600000000004,0.0121902,1.1365799999999999,1.7037,0.72600600000000004,1.40483,3.4600399999999998,6.5845799999999999,5.4835000000000003,3.6374599999999999,4.0817300000000003,26.403379999999999,5.3201299999999998,3.7316199999999999,5.3510200000000001,4.5210699999999999,3.3694500000000001,6.6032700000000002,2.77562,2.0135999999999998,3.40781,3.7594799999999999,3.1229200000000001,3.4475500000000001,3.3068399999999998,21.282499999999999,-2.22166,-10.190099999999999,24.617599999999999,237.33699999999999,848.24800000000005,830.03899999999999,1472.3599999999999,1376.6300000000001,1247.8499999999999,856.48099999999999,879.80100000000004,680.24900000000002,576.48099999999999,588.35199999999998,116.999,324.505,92.358999999999995,91.108400000000003,55.122599999999998,77.720799999999997,20.204899999999999,22.143899999999999,22.882899999999999,23.7925,8.6702899999999996,29.866,5.2958800000000004,-14.286300000000001,343.32600000000002,1623.3499999999999,2167.9899999999998,3383.8400000000001,3135.0700000000002,3101.6999999999998,2947.8800000000001,2467.9899999999998,1750.9400000000001,1781.79,1015.35,658.50199999999995,650.82600000000002,304.27300000000002,322.226,270.40100000000001,154.95699999999999,76.813999999999993,66.992099999999994,37.035299999999999,46.551600000000001,120.371,51.800800000000002,298.404
0.0065864900000000004,0.218197,0.00113743,1.4020900000000001,2.8388200000000001,4.74838,6.4908000000000001,7.8964499999999997,6.5408299999999997,9.2951499999999996,8.7460100000000001,7.4798799999999996,7.5231599999999998,8.3782899999999998,5.85426,6.3529999999999998,5.6439899999999996,5.4857199999999997,4.5217700000000001,4.2215999999999996,3.2198699999999998,3.9544999999999999,2.5463399999999998,3.2931900000000001,2.2094800000000001,15.888,0.00193742,0.13723299999999999,0.68070600000000003,1.1489100000000001,1.4633700000000001,1.9165000000000001,3.1355599999999999,5.0478300000000003,4.9392500000000004,4.3156999999999996,4.1693300000000004,5.3201299999999998,19.830279999999998,4.0034099999999997,3.5522900000000002,3.5520900000000002,3.11653,4.5133900000000002,3.12459,2.14398,3.1995300000000002,2.8165399999999998,2.3158699999999999,2.25135,2.0571299999999999,14.536099999999999,-0.71373299999999995,0.025261200000000001,93.753699999999995,457.75599999999997,771.59500000000003,872.30499999999995,1254.9200000000001,1261.8900000000001,1054.72,914.59199999999998,739.51999999999998,630.98099999999999,499.92500000000001,372.75099999999998,229.24100000000001,236.49000000000001,90.960400000000007,54.084000000000003,40.845500000000001,33.939100000000003,17.578900000000001,18.9817,14.2818,12.055300000000001,4.0971900000000003,8.4833300000000005,5.2522399999999996,16.2121,416.97300000000001,1297.3699999999999,2244.4499999999998,2872.0999999999999,2908.8000000000002,2722.3299999999999,2466.6999999999998,2062.3499999999999,1529.8800000000001,1277.8599999999999,824.279,621.43499999999995,454.29399999999998,286.721,286.69299999999998,168.202,138.40799999999999,101.791,77.709800000000001,15.7453,29.653500000000001,63.298000000000002,25.140799999999999,174.958
0.032221800000000002,0.99456100000000003,1.58012,3.17971,3.9412799999999999,6.6669700000000001,7.37913,8.4580699999999993,8.5103899999999992,7.55769,9.3845899999999993,7.1045999999999996,5.6329000000000002,6.1519899999999996,5.4437899999999999,5.6121100000000004,4.1197800000000004,4.8554899999999996,3.8846500000000002,3.19468,2.85703,2.0420099999999999,1.9801599999999999,2.39175,1.1292500000000001,8.0939999999999994,-0.00116957,0.12895499999999999,0.87571900000000003,0.97752899999999998,1.8702000000000001,3.2138399999999998,3.2282500000000001,3.6935600000000002,3.8724799999999999,4.9021800000000004,4.8214600000000001,3.7316199999999999,4.0034099999999997,17.938099999999999,2.8002500000000001,2.9398499999999999,2.7126999999999999,2.9947599999999999,2.8930600000000002,2.15645,2.5866600000000002,1.6083700000000001,1.80063,1.56073,0.56452100000000005,7.0041200000000003,0.57667199999999996,5.7590599999999998,168.417,577.21900000000005,797.03999999999996,976.60799999999995,1090.8599999999999,1204.79,1002.41,983.15899999999999,651.80100000000004,584.947,403.06299999999999,195.14400000000001,262.77499999999998,117.60899999999999,101.217,46.123399999999997,52.450400000000002,4.6193799999999996,17.375,8.3304299999999998,-1.62507,3.74797,3.5860400000000001,11.811,2.4972500000000002,63.007599999999996,550.30399999999997,1271.04,2329.98,2549.3099999999999,2876.8699999999999,2484.2199999999998,2227.4099999999999,1780.5799999999999,1520.55,890.65300000000002,738.63099999999997,563.72500000000002,334.81099999999998,339.80000000000001,201.732,118.57899999999999,105.69799999999999,87.974500000000006,86.963700000000003,43.7455,9.2852399999999999,6.7369500000000002,-3.5911400000000002,32.3842
-0.0080330699999999998,0.213251,-0.068409200000000003,0.781366,1.66537,3.79128,3.0120300000000002,5.4173400000000003,5.1391,4.4200799999999996,5.6485099999999999,4.8191699999999997,6.7219699999999998,5.9970800000000004,5.2847499999999998,3.9443700000000002,3.4445299999999999,4.2148099999999999,3.55416,2.84341,3.3633799999999998,3.09267,1.7417899999999999,2.2303500000000001,1.6844300000000001,11.978999999999999,0.0013441900000000001,-0.118266,0.53305800000000003,0.84760800000000003,1.29094,1.50109,2.1388699999999998,3.7600799999999999,2.8008099999999998,3.3480799999999999,2.6129899999999999,5.3510200000000001,3.5522900000000002,2.8002500000000001,16.754390000000001,2.39934,2.7769699999999999,3.1973099999999999,1.92509,1.79573,1.8889800000000001,2.4079600000000001,2.4675199999999999,2.3924799999999999,1.7968900000000001,11.500500000000001,-2.2652700000000001,-4.15571,73.801900000000003,291.09300000000002,589.07799999999997,716.33500000000004,916.13900000000001,920.51999999999998,896.87699999999995,663.81200000000001,558.95399999999995,430.79399999999998,308.20600000000002,255.58199999999999,93.298400000000001,166.417,72.1327,60.695700000000002,48.871600000000001,32.099600000000002,6.78057,13.298400000000001,-4.8001300000000002,13.304,5.5206900000000001,22.958400000000001,0.37587100000000001,-4.5462400000000001,338.56599999999997,1086,1571.23,2098.1500000000001,2333.7199999999998,2008.1700000000001,1907.29,1583.02,1197.9200000000001,1009.03,617.35299999999995,462.517,396.714,236.35900000000001,196.29900000000001,151.08699999999999,108.79000000000001,64.420100000000005,43.136800000000001,40.951300000000003,22.5366,48.4251,8.1844999999999999,148.72499999999999
-0.021942400000000001,-0.12521599999999999,0.119451,1.0330999999999999,2.1220300000000001,2.15964,6.0172800000000004,5.3323499999999999,5.0270099999999998,7.2611699999999999,5.7266399999999997,5.4199700000000002,6.7286099999999998,5.3823499999999997,4.5214999999999996,4.8286499999999997,5.2347099999999998,3.8128500000000001,2.90347,3.72377,2.3738999999999999,2.8912900000000001,2.4057499999999998,2.0705200000000001,2.2959499999999999,13.1038,0.00241413,0.19947500000000001,0.82208899999999996,1.0426800000000001,1.0873299999999999,1.5032000000000001,2.79982,3.9222399999999999,4.2117800000000001,3.1850999999999998,3.5268899999999999,4.5210699999999999,3.5520900000000002,2.9398499999999999,2.39934,17.22035,2.3914599999999999,3.67442,2.9543499999999998,1.9326000000000001,2.4443100000000002,2.1630099999999999,1.7370000000000001,1.3226,2.0924200000000002,13.622999999999999,1.2769600000000001,1.27434,55.640700000000002,331.65800000000002,628.67200000000003,745.90800000000002,1049.1300000000001,1050.29,865.56799999999998,707.80600000000004,643.92700000000002,489.27100000000002,470.83199999999999,317.66300000000001,175.97499999999999,182.15000000000001,86.047499999999999,60.763300000000001,37.194200000000002,48.017800000000001,19.743099999999998,9.3987499999999997,23.446999999999999,10.0428,2.76355,16.9483,4.2339900000000004,35.036200000000001,329.755,1122.6700000000001,1757.6900000000001,2367.9000000000001,2157.4899999999998,2272.6900000000001,1975.8199999999999,1675.9400000000001,1311.28,1118.8900000000001,762.26700000000005,568.072,430.93099999999998,265.161,212.22999999999999,153.68600000000001,124.74299999999999,82.648700000000005,66.616200000000006,44.741,43.713799999999999,52.743099999999998,54.456299999999999,153.124
0.0032217499999999998,0.36551299999999998,0.54886699999999999,1.32338,1.7369399999999999,3.3883399999999999,3.1798199999999999,4.8375899999999996,5.6128099999999996,4.48691,5.2686700000000002,4.2650199999999998,4.8133900000000001,4.23231,4.45113,3.44021,3.5882999999999998,3.58338,3.4275199999999999,2.53708,2.8920599999999999,2.0900300000000001,2.3456600000000001,1.75698,0.98984399999999995,9.9649999999999999,-0.00137488,-0.0377626,0.55071000000000003,0.54753099999999999,1.4498500000000001,1.36713,1.9787999999999999,2.8864700000000001,2.7141299999999999,3.3281499999999999,2.8013699999999999,3.3694500000000001,3.11653,2.7126999999999999,2.7769699999999999,2.3914599999999999,14.28509,2.1623800000000002,2.2979799999999999,2.0034700000000001,1.883,1.61348,1.8935,1.4201900000000001,1.6056999999999999,9.7782199999999992,-1.65629,2.1202100000000002,70.048599999999993,325.72699999999998,440.024,642.59100000000001,705.98900000000003,784.78700000000003,729.08799999999997,654.971,471.85300000000001,412.15699999999998,330.35399999999998,169.28800000000001,138.24299999999999,134.82300000000001,78.529600000000002,58.912799999999997,38.095999999999997,32.672600000000003,14.8941,6.2241,-0.044715600000000001,6.3325100000000001,2.6825299999999999,16.968299999999999,-5.7509199999999998,16.432600000000001,357.88200000000001,783.45100000000002,1438.1900000000001,1763.78,2006.6300000000001,1706.5799999999999,1571.49,1372.26,1131.9300000000001,846.39099999999996,587.13999999999999,512.279,368.274,250.64699999999999,176.655,143.648,116.79900000000001,89.665099999999995,64.794600000000003,40.726900000000001,31.201499999999999,17.174700000000001,14.3161,120.136
-0.0143179,-0.60767199999999999,-1.96427,-1.80362,-0.0016955500000000001,0.35291699999999998,3.2608999999999999,4.3312499999999998,0.80750200000000005,8.4949200000000005,4.9932999999999996,5.8806500000000002,7.1480699999999997,9.6682500000000005,3.96915,6.1308999999999996,5.6830100000000003,5.0705900000000002,3.4241299999999999,4.6240500000000004,2.8499400000000001,5.0566599999999999,2.4972599999999998,3.3419300000000001,3.54427,21.095500000000001,0.0058823199999999999,0.21338099999999999,0.75110699999999997,1.21322,-0.63139599999999996,0.296931,2.05261,5.0551500000000003,4.3978900000000003,2.0539700000000001,3.34179,6.6032700000000002,4.5133900000000002,2.9947599999999999,3.1973099999999999,3.67442,2.1623800000000002,18.055970000000002,2.2534000000000001,1.57487,3.38314,3.10859,2.1480100000000002,2.31196,3.1834099999999999,18.358499999999999,-2.1321500000000002,-9.6197599999999994,-2.1540400000000002,95.249399999999994,503.60899999999998,415.62400000000002,1022.1900000000001,926.74099999999999,797.99000000000001,557.18399999999997,666.46799999999996,578.798,518.11000000000001,573.90200000000004,150.49199999999999,318.78699999999998,67.452500000000001,67.041700000000006,17.6511,75.225899999999996,19.888200000000001,24.088899999999999,40.664200000000001,21.6753,10.604699999999999,15.3177,7.19015,-26.6511,183.06800000000001,952.76400000000001,1256.6199999999999,2264.5700000000002,1844.54,2214.8200000000002,2065.9899999999998,1844.8900000000001,1296.71,1544.0799999999999,871.16700000000003,531.52700000000004,544.39999999999998,248.80500000000001,330.017,244.922,132.99799999999999,66.053700000000006,77.598600000000005,10.165100000000001,57.909199999999998,118.953,64.421800000000005,296.99000000000001
0.0041557399999999998,0.23252500000000001,0.51269900000000002,1.6747099999999999,2.2733300000000001,2.9972799999999999,5.2378499999999999,5.4709000000000003,5.9402699999999999,5.9031200000000004,6.0138100000000003,4.5239799999999999,4.3445,3.7321300000000002,4.1107300000000002,3.7991799999999998,3.9776500000000001,3.2482000000000002,3.48516,2.9103300000000001,2.08786,1.85606,2.2547799999999998,1.6973100000000001,1.1936800000000001,9.7436799999999995,-0.00143133,0.12675400000000001,0.51193,0.45978000000000002,1.53975,1.30192,2.3644699999999998,2.6749399999999999,3.1564299999999998,3.2823899999999999,3.30803,2.77562,3.12459,2.8930600000000002,1.92509,2.9543499999999998,2.2979799999999999,2.2534000000000001,13.04773,1.5392699999999999,1.87843,1.4378599999999999,1.35724,1.3619300000000001,1.1459999999999999,9.9478299999999997,1.38228,3.8271799999999998,50.7059,311.72399999999999,454.20699999999999,603.72199999999998,755.32799999999997,766.19000000000005,663.88099999999997,677.12699999999995,570.755,450.44999999999999,389.23399999999998,214.31800000000001,216.93899999999999,122.71899999999999,92.715100000000007,42.549900000000001,45.492800000000003,36.4604,18.960799999999999,11.4573,2.9281100000000002,2.9218500000000001,0.76776900000000003,4.8785600000000002,0.40096799999999999,28.401499999999999,253.59999999999999,821.33199999999999,1497.1500000000001,1811.53,1896.45,1850.23,1643.9200000000001,1447.0799999999999,1169.1600000000001,795.82799999999997,624.29499999999996,549.24699999999996,347.18599999999998,267.26100000000002,174.95400000000001,121.794,121.58499999999999,106.121,70.511200000000002,36.289499999999997,34.154299999999999,14.358000000000001,20.223500000000001,112.21899999999999
0.0022621199999999998,0.42120400000000002,0.66974100000000003,1.1115200000000001,1.4090499999999999,2.6418300000000001,2.6671800000000001,3.35893,4.0879899999999996,3.39127,3.7410600000000001,3.4304800000000002,3.5805099999999999,3.0401899999999999,3.2236500000000001,2.7845599999999999,2.5837500000000002,2.6420400000000002,2.0043600000000001,1.7451300000000001,2.1032299999999999,1.33195,1.70356,1.3158000000000001,0.70088700000000004,6.2696800000000001,-0.000457768,0.0050040099999999997,0.33040199999999997,0.484682,0.933751,1.30555,1.3836999999999999,1.96557,1.9609099999999999,2.43336,2.1229800000000001,2.0135999999999998,2.14398,2.15645,1.79573,1.9326000000000001,2.0034700000000001,1.57487,1.5392699999999999,10.47228,1.4552099999999999,1.10991,1.3179700000000001,0.63723099999999999,1.0882799999999999,6.0913399999999998,-1.18327,3.70465,71.267399999999995,285.988,333.10199999999998,477.01499999999999,487.024,612.15300000000002,542.14200000000005,491.25400000000002,311.36399999999998,304.14800000000002,241.01400000000001,103.66,114.152,103.78400000000001,56.672600000000003,38.727699999999999,25.1142,15.6195,11.1974,1.4212199999999999,6.0014599999999998,4.6893000000000002,2.26173,18.386500000000002,-2.8475000000000001,22.2941,306.97699999999998,535.32299999999998,1095.04,1271.1300000000001,1464.9100000000001,1237.1700000000001,1087.6900000000001,933.18700000000001,812.38400000000001,595.95000000000005,428.58300000000003,357.036,249.71000000000001,193.78800000000001,129.36500000000001,91.740499999999997,76.732399999999998,62.310600000000001,51.465299999999999,30.945799999999998,16.066099999999999,10.3658,15.7117,49.290700000000001
0.0034299199999999999,0.0031053299999999999,-0.27324900000000002,0.150893,1.2490000000000001,2.0642100000000001,3.5998700000000001,4.1185400000000003,2.8803700000000001,6.2830399999999997,4.8468200000000001,4.79183,4.6199599999999998,5.9163300000000003,3.3357299999999999,4.4740000000000002,3.9357899999999999,3.6235400000000002,2.5401500000000001,2.9756999999999998,1.98996,2.8433299999999999,2.06114,2.2361399999999998,1.75753,11.8141,0.0023260300000000002,0.163856,0.44507999999999998,0.79157500000000003,0.28219499999999997,0.94511500000000004,1.6813899999999999,3.2019199999999999,3.0563099999999999,2.3271799999999998,2.6491099999999999,3.40781,3.1995300000000002,2.5866600000000002,1.8889800000000001,2.4443100000000002,1.883,3.38314,1.87843,1.4552099999999999,10.67178,1.68177,1.4139299999999999,1.1237200000000001,1.78928,10.558400000000001,-1.2427900000000001,-0.0070007200000000002,53.487299999999998,242.56399999999999,421.31700000000001,457.78699999999998,733.35900000000004,764.06600000000003,635.33600000000001,536.80999999999995,433.72199999999998,445.27300000000002,360.94299999999998,289.036,155.32499999999999,191.834,55.006999999999998,46.5931,15.702,32.425699999999999,16.950800000000001,8.4769400000000008,23.357299999999999,10.5761,3.5615100000000002,11.3527,2.67449,8.2128599999999992,285.61000000000001,691.93499999999995,1250.1800000000001,1707.22,1642.6600000000001,1632.98,1490.2,1275.95,967.42399999999998,939.97199999999998,570.02300000000002,412.78899999999999,329.86500000000001,198.30500000000001,212.96600000000001,135.11600000000001,86.084000000000003,69.409000000000006,59.555300000000003,5.4659700000000004,28.079699999999999,52.396799999999999,34.388300000000001,139.28399999999999
-0.021579899999999999,-0.333283,-1.18282,-1.01837,0.091383599999999995,0.36132799999999998,1.66157,2.2866300000000002,0.95897299999999996,4.4421600000000003,2.4970699999999999,3.4422899999999998,4.98672,5.1388400000000001,3.0453000000000001,3.3202099999999999,3.2688600000000001,2.9198,2.0037199999999999,2.3978799999999998,1.9983900000000001,3.0373999999999999,1.4075299999999999,2.1465299999999998,1.9210199999999999,12.1622,0.0035891899999999999,0.0107557,-0.032175099999999998,0.62116300000000002,0.128165,-0.052670399999999999,1.06884,2.8835999999999999,2.5713300000000001,1.3189299999999999,1.1735,3.7594799999999999,2.8165399999999998,1.6083700000000001,2.4079600000000001,2.1630099999999999,1.61348,3.10859,1.4378599999999999,1.10991,1.68177,11.6694,1.4395100000000001,1.4164300000000001,1.9069400000000001,11.3314,-1.3002899999999999,-4.0058999999999996,-24.317699999999999,63.789299999999997,264.04500000000002,238.96000000000001,562.02099999999996,535.21400000000006,494.71100000000001,320.67899999999997,379.28699999999998,292.16300000000001,264.06200000000001,298.74599999999998,67.425200000000004,196.78,36.080399999999997,23.282900000000001,15.0131,33.496000000000002,6.2007399999999997,17.125399999999999,20.255600000000001,12.4755,3.9140199999999998,11.6945,6.4880300000000002,-29.1355,45.804099999999998,474.61399999999998,733.32299999999998,1329.9000000000001,1203.26,1302.5599999999999,1177.2,1061.71,672.29899999999998,860.58399999999995,460.14499999999998,314.05399999999997,297.23099999999999,121.155,189.77600000000001,113.038,83.293800000000005,51.580300000000001,28.5867,3.9055399999999998,25.2715,73.903499999999994,36.998399999999997,151.88999999999999
-0.0059649100000000004,0.087399400000000002,-0.17288200000000001,0.28048899999999999,0.57051300000000005,1.8245499999999999,1.3186100000000001,2.8593899999999999,2.9544100000000002,2.8009599999999999,3.42543,3.0025200000000001,4.35921,3.6623100000000002,3.4478399999999998,2.4887299999999999,2.3871600000000002,2.7388300000000001,2.3279399999999999,1.91795,2.4236300000000002,1.9137200000000001,1.47993,1.42936,1.0981300000000001,8.7314799999999995,-0.00019974399999999999,-0.112204,0.28016400000000002,0.48749799999999999,0.67278199999999999,0.76719099999999996,1.1097699999999999,2.26302,1.7586599999999999,2.0247099999999998,1.72776,3.1229200000000001,2.3158699999999999,1.80063,2.4675199999999999,1.7370000000000001,1.8935,2.1480100000000002,1.35724,1.3179700000000001,1.4139299999999999,1.4395100000000001,8.4149899999999995,1.3429500000000001,1.3805499999999999,8.6592500000000001,-2.3714599999999999,-2.2158500000000001,22.6934,155.239,263.92700000000002,352.197,477.38299999999998,551.66099999999994,539.05600000000004,420.16500000000002,343.29199999999997,298.87299999999999,249.012,173.88900000000001,74.685299999999998,140.95099999999999,57.818800000000003,50.386699999999998,32.484499999999997,30.347100000000001,4.95146,8.8115100000000002,0.33877299999999999,10.883800000000001,4.3878899999999996,22.389600000000002,-3.1629299999999998,-3.36775,207.37899999999999,568.05799999999999,903.75699999999995,1216.02,1370.79,1173.46,1143.21,993.93600000000004,785.60699999999997,699.63800000000003,429.29399999999998,347.762,312.31599999999997,176.98500000000001,150.453,117.111,88.913700000000006,54.786200000000001,43.0214,23.7273,16.792899999999999,32.320900000000002,14.3003,103.691
0.0021788599999999999,-0.123278,-0.80681700000000001,-0.035798700000000003,0.326326,1.2664800000000001,0.97545499999999996,2.9166099999999999,2.0280300000000002,2.67502,3.5560399999999999,2.2947099999999998,3.40286,3.5559099999999999,2.8505099999999999,2.0075400000000001,1.9755499999999999,2.43804,2.8301500000000002,1.9647600000000001,1.9457599999999999,2.11877,1.0506800000000001,1.3107200000000001,1.20503,9.22682,-0.00088286699999999996,-0.109585,0.22989799999999999,0.263322,0.49693500000000002,0.237344,1.07039,2.0811700000000002,1.52355,1.62636,1.6644399999999999,3.4475500000000001,2.25135,1.56073,2.3924799999999999,1.3226,1.4201900000000001,2.31196,1.3619300000000001,0.63723099999999999,1.1237200000000001,1.4164300000000001,1.3429500000000001,7.7685050000000002,0.96957899999999997,8.7872800000000009,-1.5211600000000001,-6.7995000000000001,-15.6174,6.7541000000000002,186.05500000000001,213.94999999999999,435.01400000000001,348.892,402.45600000000002,326.43700000000001,378.71300000000002,277.39699999999999,209.93700000000001,224.78200000000001,75.742000000000004,111.95399999999999,55.155900000000003,42.308999999999997,37.808300000000003,36.563899999999997,3.6249199999999999,16.796600000000002,-10.672800000000001,9.1183700000000005,4.8557100000000002,8.3284199999999995,-0.32950800000000002,-19.251799999999999,39.195300000000003,535.65499999999997,628.04899999999998,997.35400000000004,1085.3800000000001,1046.78,1119.1700000000001,987.18499999999995,718.56700000000001,640.154,386.97899999999998,317.13999999999999,286.28300000000002,142.69900000000001,136.602,120.116,88.463300000000004,51.9133,31.9419,12.926399999999999,23.034800000000001,35.895200000000003,0.28612300000000002,142.27699999999999
-0.0320591,-0.84253400000000001,-1.7385299999999999,-2.2926299999999999,-1.2748600000000001,-2.0150399999999999,-0.59458200000000005,0.065826200000000001,-1.3033600000000001,3.3419099999999999,0.13917399999999999,1.84616,4.0790199999999999,4.4560899999999997,1.9655400000000001,2.52807,3.3650199999999999,2.24214,1.6283099999999999,2.4753099999999999,1.70767,3.1793300000000002,2.06718,1.6667799999999999,2.0793200000000001,14.407,0.0038907,0.069515199999999999,0.118173,0.48862499999999998,-0.62095299999999998,-1.0604100000000001,0.32484099999999999,2.5913300000000001,1.93712,0.27083499999999999,0.49237799999999998,3.3068399999999998,2.0571299999999999,0.56452100000000005,1.7968900000000001,2.0924200000000002,1.6056999999999999,3.1834099999999999,1.1459999999999999,1.0882799999999999,1.78928,1.9069400000000001,1.3805499999999999,0.96957899999999997,8.9020200000000003,13.582599999999999,-2.8911199999999999,-6.80715,-55.243200000000002,-63.950099999999999,94.222899999999996,89.061400000000006,414.58300000000003,341.04700000000003,346.80500000000001,137.25800000000001,266.58300000000003,259.42899999999997,282.13499999999999,319.27300000000002,15.6622,218.79400000000001,21.4377,53.320700000000002,-4.8193700000000002,65.941100000000006,11.5367,9.4023699999999995,32.407299999999999,15.8384,3.6755499999999999,15.1106,-0.963534,-48.528799999999997,19.035399999999999,227.19999999999999,228.38499999999999,898.846,600.50199999999995,874.64800000000002,823.35400000000004,855.21900000000005,507.22699999999998,935.09500000000003,407.815,303.673,355.74599999999998,90.349199999999996,197.05500000000001,154.887,84.456199999999995,53.271900000000002,27.764700000000001,-2.8566500000000001,51.9833,82.7667,61.342799999999997,245.357
-0.13988,-3.6932499999999999,-7.5793799999999996,-6.7180099999999996,-1.77488,-3.53993,6.7090699999999996,10.653,4.0116899999999998,24.230499999999999,12.673400000000001,15.491,26.150700000000001,25.8414,15.9438,16.6464,20.396599999999999,15.0017,13.7507,15.822800000000001,10.6867,17.1449,11.406499999999999,10.019299999999999,11.622999999999999,80.195599999999999,0.013105500000000001,0.309087,1.3831899999999999,2.9485899999999998,0.190745,-2.6488,5.8329700000000004,15.928900000000001,13.9567,6.3842800000000004,7.9751099999999999,21.282499999999999,14.536099999999999,7.0041200000000003,11.500500000000001,13.622999999999999,9.7782199999999992,18.358499999999999,9.9478299999999997,6.0913399999999998,10.558400000000001,11.3314,8.6592500000000001,8.7872800000000009,13.582599999999999,116.693,-9.1636399999999991,-31.678899999999999,-254.91300000000001,-0.000471158,1092.71,1091.3699999999999,3044.48,2635.1799999999998,2520.9299999999998,1652.9400000000001,2253.9200000000001,1832.6500000000001,1863.75,1828.8399999999999,413.96699999999998,1145.6500000000001,271.65699999999998,295.09899999999999,101.836,354.56,67.630499999999998,80.364999999999995,114.80800000000001,77.420100000000005,20.5124,70.057199999999995,2.3040400000000001,-177.12200000000001,211.20599999999999,2633.9699999999998,3405.9000000000001,6916.0699999999997,5648.6400000000003,6818.0699999999997,6520.0500000000002,6227.8100000000004,4103.9799999999996,5275.4700000000003,2779.8600000000001,2174.54,2135.73,796.67399999999998,1123.3199999999999,867.173,586.64800000000002,389.488,221.99299999999999,29.785399999999999,252.37899999999999,400.19,269.74799999999999,1253.6900000000001
0.0043395300000000003,0.26494200000000001,3.17231,4.5428499999999996,5.5742399999999996,3.2764500000000001,10.636799999999999,4.9347799999999999,5.5349899999999996,3.7567300000000001,3.4010099999999999,1.14333,-1.7032400000000001,-3.4324499999999998,-1.2363299999999999,0.73766900000000002,0.36169000000000001,-1.89716,-1.36991,-0.075473100000000001,-3.9499,-2.2192699999999999,-1.63774,-1.16476,-0.57854799999999995,-11.984299999999999,0.00245152,0.59351799999999999,0.63144800000000001,0.140072,2.1097600000000001,2.0384899999999999,2.5379499999999999,-0.82086599999999998,1.6054600000000001,1.0657099999999999,1.4240200000000001,-2.22166,-0.71373299999999995,0.57667199999999996,-2.2652700000000001,1.2769600000000001,-1.65629,-2.1321500000000002,1.38228,-1.18327,-1.2427900000000001,-1.3002899999999999,-2.3714599999999999,-1.5211600000000001,-2.8911199999999999,-9.1636399999999991,37.7502,24.4011,142.15100000000001,419.01100000000002,662.98800000000006,605.20699999999999,593.39400000000001,390.47500000000002,35.067,248.25399999999999,165.15000000000001,-77.9876,-45.1126,-169.048,149.352,-262.41800000000001,-1.0075099999999999,-96.165499999999994,17.601299999999998,-65.390600000000006,17.6541,2.64438,-0.63114899999999996,-28.1599,-17.591899999999999,-56.345599999999997,24.589600000000001,114.374,58.270800000000001,744.33699999999999,1210.5,860.89800000000002,463.31200000000001,757.36099999999999,360.125,30.439800000000002,-40.253999999999998,-729.19200000000001,-120.242,-68.984700000000004,-370.75700000000001,-41.369900000000001,-185.36600000000001,-208.41800000000001,-87.517600000000002,-24.049099999999999,-46.131100000000004,20.184899999999999,-45.756799999999998,-59.213900000000002,-18.7699,-207.733
0.12853200000000001,7.0882800000000001,20.614999999999998,27.172499999999999,27.265699999999999,32.941200000000002,33.185400000000001,23.989899999999999,35.936599999999999,13.000299999999999,16.2456,13.3325,2.0195400000000001,-6.8417500000000002,7.0083299999999999,3.8765499999999999,1.6395999999999999,1.0935600000000001,-1.78363,-3.7302599999999999,-0.12603800000000001,-8.4948300000000003,1.6852799999999999,-2.1460699999999999,-6.3523899999999998,-37.604900000000001,-0.0116046,0.82971399999999995,2.7412800000000002,2.9091900000000002,11.828200000000001,11.882099999999999,8.6724499999999995,-0.27426299999999998,3.9603799999999998,10.2203,5.8277099999999997,-10.190099999999999,0.025261200000000001,5.7590599999999998,-4.15571,1.27434,2.1202100000000002,-9.6197599999999994,3.8271799999999998,3.70465,-0.0070007200000000002,-4.0058999999999996,-2.2158500000000001,-6.7995000000000001,-6.80715,-31.678899999999999,24.4011,265.85284000000001,1558.27,4079.9499999999998,3433.0599999999999,4092.2800000000002,1998.8699999999999,2984.6399999999999,1798.3099999999999,2304.1300000000001,257.952,418.762,181.01599999999999,-974.94899999999996,505.48399999999998,-345.48000000000002,138.11600000000001,-262.73000000000002,102.377,-203.107,80.305000000000007,18.746300000000002,-26.5398,-75.723799999999997,-43.880699999999997,10.4185,12.9154,449.04700000000003,3124.6300000000001,3717.0300000000002,7748.6899999999996,5337.8500000000004,6124.6899999999996,3062.5799999999999,1171.3,274.49099999999999,832.26400000000001,-1887.3099999999999,-221.56299999999999,432.66800000000001,-639.97799999999995,374.774,-283.5,-404.43599999999998,-85.145600000000002,165.245,116.369,111.107,-255.50899999999999,-358.94900000000001,-97.097899999999996,-1003.25
4.5765399999999996,162.91900000000001,419.887,613.47500000000002,574.00900000000001,752.35299999999995,636.76099999999997,564.77499999999998,602.71900000000005,328.31700000000001,425.10199999999998,330.548,158.57900000000001,148.102,181.69499999999999,173.25399999999999,81.799400000000006,131.08000000000001,66.3887,33.306399999999996,72.870199999999997,-11.465199999999999,20.295999999999999,53.136099999999999,-30.826899999999998,-198.66300000000001,0.043433899999999998,26.4391,122.70999999999999,109.419,174.66300000000001,267.79599999999999,206.96000000000001,149.15100000000001,131.488,224.66,186.00899999999999,24.617599999999999,93.753699999999995,168.417,73.801900000000003,55.640700000000002,70.048599999999993,-2.1540400000000002,50.7059,71.267399999999995,53.487299999999998,-24.317699999999999,22.6934,-15.6174,-55.243200000000002,-254.91300000000001,142.15100000000001,1558.27,50218.703999999998,95968.199999999997,110224,116876,92416.600000000006,90435.399999999994,64800.800000000003,55102,24776.5,19237,7511.0299999999997,-3647.0500000000002,10464.200000000001,-1143.26,3011.3800000000001,698.673,1661.1300000000001,-1447.45,861.83399999999995,130.05699999999999,-499.37700000000001,-345.85300000000001,32.952100000000002,333.387,494.61200000000002,8703.1800000000003,84704.100000000006,140648,190917,161040,159546,110474,74350.800000000003,41926.300000000003,47345.099999999999,7320.2200000000003,19413.900000000001,10719.200000000001,1812.0999999999999,11832.700000000001,4686.1899999999996,348.16800000000001,1134.8699999999999,1717.7,3795.9200000000001,2819.8000000000002,-605.79899999999998,-2817.9499999999998,-1644.1700000000001,-8156.7399999999998
8.2326099999999993,352.31400000000002,925.16200000000003,1398.8900000000001,1444.5899999999999,1943.21,1911.1600000000001,1779.5799999999999,1957.3599999999999,1282.6199999999999,1483.23,1173.73,829.46799999999996,626.51199999999994,770.34299999999996,701.995,512.226,546.70399999999995,336.54700000000003,257.04199999999997,323.79500000000002,92.636499999999998,179.816,249.39099999999999,-19.413699999999999,70.293199999999999,0.097846000000000002,55.808100000000003,290.48500000000001,294.358,570.82000000000005,734.47799999999995,668.61000000000001,569.67100000000005,588.99599999999998,777.60400000000004,618.29200000000003,237.33699999999999,457.75599999999997,577.21900000000005,291.09300000000002,331.65800000000002,325.72699999999998,95.249399999999994,311.72399999999999,285.988,242.56399999999999,63.789299999999997,155.239,6.7541000000000002,-63.950099999999999,-0.000471158,419.01100000000002,4079.9499999999998,95968.199999999997,256404.19200000001,279013,311841,271012,283826,207195,185092,95862.899999999994,75441.5,50853.800000000003,1564.4300000000001,36472.300000000003,8432.2199999999993,12573.700000000001,1906.27,6787.8900000000003,-3680.6599999999999,2927.73,885.20100000000002,-810.48199999999997,-657.61900000000003,-171.49000000000001,1119.4300000000001,1070.3900000000001,21995.099999999999,211845,387663,596919,559608,565919,419012,305390,210506,189851,64824.400000000001,76493.699999999997,58357.800000000003,19833.099999999999,37894.400000000001,17811.5,1304.77,8574.4699999999993,8651.3099999999995,11759.799999999999,7040.8299999999999,-2836.8200000000002,-6330.9300000000003,-2690.25,-18473.599999999999
5.9428799999999997,313.459,899.78099999999995,1501.26,1715.3699999999999,2227.3000000000002,2553.5500000000002,2366.3600000000001,2263.1599999999999,1999.8199999999999,1960,1679.5599999999999,1473.8299999999999,1313.76,1093.9000000000001,1147.22,897.38900000000001,870.01499999999999,525.62199999999996,575.30200000000002,423.55200000000002,439.25900000000001,265.82900000000001,435.18400000000003,262.99000000000001,1193.6700000000001,0.801095,88.017099999999999,391.70600000000002,434.73700000000002,612.52499999999998,854.99400000000003,956.36000000000001,1009.71,971.48299999999995,978.89400000000001,877.99099999999999,848.24800000000005,771.59500000000003,797.03999999999996,589.07799999999997,628.67200000000003,440.024,503.60899999999998,454.20699999999999,333.10199999999998,421.31700000000001,264.04500000000002,263.92700000000002,186.05500000000001,94.222899999999996,1092.71,662.98800000000006,3433.0599999999999,110224,279013,405687.89000000001,409624,415760,401505,306065,248076,168185,123046,85319.800000000003,44248.199999999997,46844.400000000001,24104,16934.400000000001,6504.5900000000001,9548.9200000000001,896.79399999999998,4366.3199999999997,1859.3,1769.27,469.97800000000001,0.33087100000000003,1346.73,2741.5900000000001,23810.299999999999,247741,547118,784651,832461,789088,665741,520259,377165,301246,178422,143558,91905.800000000003,51772.400000000001,54549,36412.400000000001,14126.299999999999,14474.700000000001,11259.1,13028.4,9745.6000000000004,1513.21,2461.4499999999998,1367.72,-324.24700000000001
6.97621,386.52999999999997,1036.1700000000001,1719.99,1917.1700000000001,2582.0100000000002,2795.54,2714.8899999999999,2927.7800000000002,2089.8899999999999,2359.9400000000001,1866.26,1626.3299999999999,1214.5699999999999,1391.5799999999999,1204.73,1012.25,985.86000000000001,728.10299999999995,615.024,605.64999999999998,382.61000000000001,402.97300000000001,420.59300000000002,169.27199999999999,1043.03,0.21609500000000001,74.157600000000002,400.28399999999999,423.601,810.10699999999997,1033.03,1095.98,1070.3199999999999,1041.05,1291.5,1064.8199999999999,830.03899999999999,872.30499999999995,976.60799999999995,716.33500000000004,745.90800000000002,642.59100000000001,415.62400000000002,603.72199999999998,477.01499999999999,457.78699999999998,238.96000000000001,352.197,213.94999999999999,89.061400000000006,1091.3699999999999,605.20699999999999,4092.2800000000002,116876,311841,409624,503589.24599999998,454002,453440,361463,306161,197308,149281,100990,34128.099999999999,58663.300000000003,21112.299999999999,23621.700000000001,10788.1,13314.6,987.20000000000005,5130.9499999999998,1087.3299999999999,-695.16099999999994,10.7094,-267.29500000000002,2828.8099999999999,1617.1800000000001,28457.900000000001,282087,598112,907838,944437,958938,785494,624115,458843,385164,202291,171223,128741,66171.800000000003,72852.699999999997,37997,17640.099999999999,20645.900000000001,18296.5,16255.5,14476.1,2708.1100000000001,-3384.7399999999998,-115.163,-3915.0799999999999
2.6304500000000002,191.21799999999999,617.09500000000003,1229.23,1675.8499999999999,2126.1999999999998,2944.0999999999999,2875.3400000000001,2521.1799999999998,2894.2800000000002,2664.9499999999998,2232.46,2204.29,2111.0300000000002,1547.8900000000001,1750.6800000000001,1564.4300000000001,1333.6199999999999,947.10000000000002,1089.8199999999999,641.12,938.48800000000006,523.20100000000002,724.05399999999997,565.726,3152.3499999999999,1.26536,100.355,417.803,503.459,639.23699999999997,866.38099999999997,1197.54,1518.05,1464.0799999999999,1289.4300000000001,1208.1300000000001,1472.3599999999999,1254.9200000000001,1090.8599999999999,916.13900000000001,1049.1300000000001,705.98900000000003,1022.1900000000001,755.32799999999997,487.024,733.35900000000004,562.02099999999996,477.38299999999998,435.01400000000001,414.58300000000003,3044.48,593.39400000000001,1998.8699999999999,92416.600000000006,271012,415760,454002,566721.88399999996,505633,400172,323241,244684,188970,146892,95267.300000000003,65516.199999999997,51712.699999999997,24234.200000000001,16359.9,12257.4,7476.5900000000001,6432.3199999999997,3141.1700000000001,4533.4700000000003,2469.7199999999998,153.06,763.77200000000005,2909.29,21325.099999999999,246696,636901,948456,1105810,1044740,948446,796417,614089,461831,340230,229542,160336,105750,75194,65397.699999999997,33992.900000000001,28421.5,20104.099999999999,17210.599999999999,8394.2999999999993,7256.29,12562.1,7115.6800000000003,31672.5
2.9834200000000002,275.70600000000002,715.53999999999996,1313.29,1659.05,2340.5799999999999,2924.8600000000001,2917.1799999999998,2854,2775.6100000000001,2785.0300000000002,2377.2399999999998,2338.5999999999999,2033.77,1722.6600000000001,1772.8900000000001,1492.79,1410.3800000000001,915.35599999999999,1000.13,807.21600000000001,767.649,569.03800000000001,713.68499999999995,465.42099999999999,2674.48,0.82356700000000005,72.566199999999995,396.51299999999998,503.80200000000002,707.88699999999994,1030.1400000000001,1185.76,1456.51,1448.25,1423.24,1300.22,1376.6300000000001,1261.8900000000001,1204.79,920.51999999999998,1050.29,784.78700000000003,926.74099999999999,766.19000000000005,612.15300000000002,764.06600000000003,535.21400000000006,551.66099999999994,348.892,341.04700000000003,2635.1799999999998,390.47500000000002,2984.6399999999999,90435.399999999994,283826,401505,453440,505633,555083.08600000001,416693,351209,243974,198290,155307,80515.600000000006,72485,54621.400000000001,29730.599999999999,17210.900000000001,15276.6,4767.9899999999998,6171.3000000000002,2429.23,3816.1500000000001,2483.1799999999998,558.28399999999999,4991.1999999999998,1997.52,25267.5,266272,622064,993042,1119730,1116440,966051,807916,624060,499062,338055,246386,175037,114282,92764.600000000006,66823.899999999994,33853.5,31133.400000000001,22033.799999999999,22555.400000000001,12433.799999999999,3130.46,8330.6399999999994,5942.9899999999998,14127.5
1.5314300000000001,207.88900000000001,468.85399999999998,956.44100000000003,1219.04,1806.5899999999999,2112.98,2284.29,2333.71,2101.0300000000002,2209.0999999999999,1879.03,2001.6099999999999,1646.21,1555.6400000000001,1379.02,1198.6800000000001,1206.3900000000001,872.90800000000002,830.40899999999999,800.03499999999997,683.69100000000003,549.21100000000001,566.54600000000005,402.68700000000001,2474.1399999999999,0.35115499999999999,33.841200000000001,267.03500000000003,368.44499999999999,574.41899999999998,763.56899999999996,923.36099999999999,1170.1500000000001,1099.3599999999999,1192.5599999999999,1043.0899999999999,1247.8499999999999,1054.72,1002.41,896.87699999999995,865.56799999999998,729.08799999999997,797.99000000000001,663.88099999999997,542.14200000000005,635.33600000000001,494.71100000000001,539.05600000000004,402.45600000000002,346.80500000000001,2520.9299999999998,35.067,1798.3099999999999,64800.800000000003,207195,306065,361463,400172,416693,377778.65000000002,294692,217707,178020,133551,76308.300000000003,60841.800000000003,50624.400000000001,28699.299999999999,18080.599999999999,16010.299999999999,7619.2299999999996,5249.29,2278.1599999999999,1772.1199999999999,2555.6700000000001,626.22400000000005,6272.6199999999999,1091.03,17370.5,207868,495966,783599,910328,940607,816297,702863,558527,447201,318300,224273,168523,115810,88279.199999999997,61037.599999999999,37693.300000000003,31731.5,24032.400000000001,19032.5,12740.700000000001,5047.9799999999996,7781.9499999999998,5160.54,20022.599999999999
5.9236000000000004,255.32900000000001,536.63599999999997,1011.8200000000001,1163.6600000000001,1771.3900000000001,1996.7,2179.3800000000001,2369.9699999999998,1839.1800000000001,2214.9499999999998,1662.6500000000001,1478.3800000000001,1253.1600000000001,1350.73,1199,995.31899999999996,1051.55,877.75900000000001,691.84799999999996,670.97400000000005,416.57400000000001,492.05399999999997,452.84500000000003,211.78100000000001,1628.73,-0.30837700000000001,28.3429,234.24000000000001,259.09100000000001,595.55100000000004,765.399,835.58600000000001,882.5,927.30499999999995,1173.4400000000001,1058.3599999999999,856.48099999999999,914.59199999999998,983.15899999999999,663.81200000000001,707.80600000000004,654.971,557.18399999999997,677.12699999999995,491.25400000000002,536.80999999999995,320.67899999999997,420.16500000000002,326.43700000000001,137.25800000000001,1652.9400000000001,248.25399999999999,2304.1300000000001,55102,185092,248076,306161,323241,351209,294692,297872.304,190046,162093,119822,52617.900000000001,68446.800000000003,34890.900000000001,29681.599999999999,14890.5,16388.400000000001,4137.4700000000003,5288.5500000000002,1745.9400000000001,-769.53599999999994,927,299.07799999999997,3937.6999999999998,290.81799999999998,19317,181277,410102,703768,768362,836032,706906,615399,493632,415346,245838,198437,161071,95907.899999999994,88359.699999999997,49378.5,29833.099999999999,29578,25081.599999999999,20688.200000000001,12179,2784.0799999999999,-286.55599999999998,253.55600000000001,7164.6599999999999
0.51750700000000005,69.016199999999998,92.911699999999996,411.43000000000001,573.17899999999997,836.37099999999998,1264.1800000000001,1361.23,1310.0899999999999,1423.79,1368.21,1138.9000000000001,1255.1199999999999,1095.3,982.29899999999998,895.28099999999995,862.98199999999997,797.85400000000004,729.28700000000003,653.51900000000001,521.428,516.94000000000005,416.33100000000002,404.411,362.31700000000001,2276.1799999999998,0.0909856,29.435300000000002,147.535,184.72,305.65300000000002,333.548,578.36199999999997,743.024,743.04499999999996,702.12599999999998,726.64400000000001,879.80100000000004,739.51999999999998,651.80100000000004,558.95399999999995,643.92700000000002,471.85300000000001,666.46799999999996,570.755,311.36399999999998,433.72199999999998,379.28699999999998,343.29199999999997,378.71300000000002,266.58300000000003,2253.9200000000001,165.15000000000001,257.952,24776.5,95862.899999999994,168185,197308,244684,243974,217707,190046,191794.397,133156,107727,77678.899999999994,53344.099999999999,41680.699999999997,25059.400000000001,12904.700000000001,13241.799999999999,11124.9,4061.3000000000002,3842.27,1401.48,1916.4400000000001,910.38099999999997,3352.3699999999999,1121.0699999999999,7564.8999999999996,98277.899999999994,305868,461228,579972,578859,566682,497043,423226,334165,253494,184431,138966,100084,71999.699999999997,51228.900000000001,35312,29572.799999999999,21605.299999999999,16193.200000000001,9948.5599999999995,8077.2399999999998,8256.4500000000007,5774.4899999999998,28791.099999999999
2.4279500000000001,60.953400000000002,70.212599999999995,273.589,436.875,696.36400000000003,955.67499999999995,1116.8,1046.3,1239.6800000000001,1191.3199999999999,1006.8200000000001,963.37300000000005,1030.3399999999999,803.20100000000002,841.59500000000003,736.005,730.26499999999999,614.66300000000001,566.73699999999997,444.98099999999999,453.50999999999999,416.36599999999999,357.774,283.11399999999998,1940.02,0.037647899999999998,27.4055,107.983,145.21600000000001,202.44999999999999,284.54300000000001,431.78899999999999,606.80700000000002,594.53700000000003,605.40700000000004,622.49300000000005,680.24900000000002,630.98099999999999,584.947,430.79399999999998,489.27100000000002,412.15699999999998,578.798,450.44999999999999,304.14800000000002,445.27300000000002,292.16300000000001,298.87299999999999,277.39699999999999,259.42899999999997,1832.6500000000001,-77.9876,418.762,19237,75441.5,123046,149281,188970,198290,178020,162093,133156,134678.41899999999,91730,63682.699999999997,46951.699999999997,38149.5,20114,12672.799999999999,9708.3099999999995,8667.4400000000005,4312.3599999999997,2131.1700000000001,2243.7800000000002,1725.0599999999999,592.71699999999998,3080.9099999999999,320.48500000000001,6144.6899999999996,89823.800000000003,223785,376157,467769,487079,459302,415756,356107,283698,221864,153110,120441,85453.399999999994,62503.599999999999,45862.699999999997,31524,23084.599999999999,19765,14493.299999999999,5812.5500000000002,6024.2600000000002,6625.7200000000003,4672.96,24877.599999999999
-0.35364699999999999,-0.78873400000000005,-22.692399999999999,93.205399999999997,229.17699999999999,338.36000000000001,709.25400000000002,775.61800000000005,687.40700000000004,1024.1600000000001,840.87,751.83000000000004,848.87300000000005,821.31700000000001,606.14999999999998,664.56500000000005,682.053,561.36099999999999,469.14999999999998,506.32400000000001,362.65300000000002,402.58999999999997,352.31099999999998,300.315,282.69999999999999,1919.21,0.191992,21.6769,105.74299999999999,125.871,132.12200000000001,160.16800000000001,333.709,519.03300000000002,531.30100000000004,412.24799999999999,478.39800000000002,576.48099999999999,499.92500000000001,403.06299999999999,308.20600000000002,470.83199999999999,330.35399999999998,518.11000000000001,389.23399999999998,241.01400000000001,360.94299999999998,264.06200000000001,249.012,209.93700000000001,282.13499999999999,1863.75,-45.1126,181.01599999999999,7511.0299999999997,50853.800000000003,85319.800000000003,100990,146892,155307,133551,119822,107727,91730,93112.407999999996,57387.900000000001,35161.400000000001,36350.800000000003,16594.5,10567.799999999999,7191.0200000000004,9171.9599999999991,3361.4499999999998,2522.29,2914.8800000000001,1889.4200000000001,775.97400000000005,2598.1300000000001,71.341300000000004,3691.1100000000001,60793.300000000003,175556,286817,376673,363197,363043,323791,286341,224647,189187,127757,99109.800000000003,76660.399999999994,47917.400000000001,39135.300000000003,27546.700000000001,21295.200000000001,14482.5,12916.700000000001,4604.8299999999999,5762.96,7323.9700000000003,6344.1400000000003,25366.099999999999
-2.31257,-87.681700000000006,-260.33800000000002,-263.82999999999998,-72.627899999999997,-119.426,219.54900000000001,295.99900000000002,-71.399199999999993,761.71000000000004,283.82600000000002,451.66500000000002,623.97900000000004,846.00400000000002,305.61200000000002,499.62400000000002,511.13299999999998,419.62200000000001,295.73099999999999,415.197,234.26900000000001,494.60300000000001,232.70599999999999,284.57900000000001,354.44900000000001,2076.9000000000001,0.63788800000000001,21.6248,43.514899999999997,96.612399999999994,-92.997299999999996,-81.675700000000006,146.071,433.70400000000001,362.37299999999999,86.990700000000004,219.999,588.35199999999998,372.75099999999998,195.14400000000001,255.58199999999999,317.66300000000001,169.28800000000001,573.90200000000004,214.31800000000001,103.66,289.036,298.74599999999998,173.88900000000001,224.78200000000001,319.27300000000002,1828.8399999999999,-169.048,-974.94899999999996,-3647.0500000000002,1564.4300000000001,44248.199999999997,34128.099999999999,95267.300000000003,80515.600000000006,76308.300000000003,52617.900000000001,77678.899999999994,63682.699999999997,57387.900000000001,74072.442999999999,17287.200000000001,36252.599999999999,8472.9599999999991,6394.9200000000001,2844.2800000000002,10123.6,2473.46,3274.3499999999999,4382.4200000000001,2188.1900000000001,984.44899999999996,1517.9100000000001,1002.84,-4401.5299999999997,12642.200000000001,97971.600000000006,116427,234206,183007,236587,216832,203083,136897,170884,96077.399999999994,62024.199999999997,61402.400000000001,27134.5,35452.900000000001,26528.5,14889.799999999999,8573.5300000000007,7225.7399999999998,814.83000000000004,6918.5699999999997,12893,7599.2799999999997,33466.800000000003
2.7806299999999999,65.258200000000002,102.423,215.09100000000001,232.70099999999999,353.18099999999998,481.75999999999999,472.15199999999999,515.10400000000004,466.73700000000002,546.88800000000003,382.601,227.21000000000001,264.19099999999997,279.97800000000001,306.13499999999999,245.887,244.59800000000001,256.88400000000001,196.18199999999999,122.339,80.068600000000004,140.946,129.905,53.027200000000001,451.92500000000001,-0.17283399999999999,18.330100000000002,36.245399999999997,31.876300000000001,114.404,154.30500000000001,178.602,160.69399999999999,220.02199999999999,271.44299999999998,287.29700000000003,116.999,229.24100000000001,262.77499999999998,93.298400000000001,175.97499999999999,138.24299999999999,150.49199999999999,216.93899999999999,114.152,155.32499999999999,67.425200000000004,74.685299999999998,75.742000000000004,15.6622,413.96699999999998,149.352,505.48399999999998,10464.200000000001,36472.300000000003,46844.400000000001,58663.300000000003,65516.199999999997,72485,60841.800000000003,68446.800000000003,53344.099999999999,46951.699999999997,35161.400000000001,17287.200000000001,30899.256999999998,9878.0200000000004,9569.1900000000005,3845.0599999999999,4438.1300000000001,2105.6199999999999,1700.1800000000001,948.55200000000002,227.15100000000001,136.52600000000001,179.02000000000001,247.20699999999999,275.44200000000001,4563.9099999999999,33741.400000000001,80246.300000000003,153798,163478,182751,174927,154705,133257,115934,68334.300000000003,62266.5,50577,29072,29460.900000000001,17451.700000000001,9445.4099999999999,9629.1700000000001,9216.6000000000004,7268.5100000000002,3037.79,1974.8699999999999,-22.175599999999999,564.88699999999994,4064.5300000000002
-1.8136399999999999,-37.341700000000003,-133.209,-147.46199999999999,-51.781700000000001,-27.836300000000001,75.988,153.46600000000001,9.4272200000000002,426.55399999999997,162.327,297.66300000000001,436.46300000000002,504.06299999999999,241.09299999999999,301.65199999999999,311.404,269.685,173.429,231.398,195.715,287.01400000000001,169.715,190.27600000000001,190.08199999999999,1270.6199999999999,0.340285,4.2972400000000004,9.1610499999999995,62.695700000000002,-34.443300000000001,-40.758400000000002,66.686000000000007,267.01600000000002,218.501,73.233900000000006,107.051,324.505,236.49000000000001,117.60899999999999,166.417,182.15000000000001,134.82300000000001,318.78699999999998,122.71899999999999,103.78400000000001,191.834,196.78,140.95099999999999,111.95399999999999,218.79400000000001,1145.6500000000001,-262.41800000000001,-345.48000000000002,-1143.26,8432.2199999999993,24104,21112.299999999999,51712.699999999997,54621.400000000001,50624.400000000001,34890.900000000001,41680.699999999997,38149.5,36350.800000000003,36252.599999999999,9878.0200000000004,29183.444899999999,5343.0699999999997,4350.1999999999998,1599.8499999999999,5844.04,1259.5899999999999,1802.8399999999999,2763.0100000000002,1587.9200000000001,637.37800000000004,1940.27,271.709,-3013.8400000000001,13691.299999999999,51370.199999999997,78388.600000000006,142611,123931,137641,123823,118762,82058,104798,57463.699999999997,39858.699999999997,39996.900000000001,17897.400000000001,23834.900000000001,15825.9,10175.799999999999,6337.2399999999998,5353.5500000000002,211.99799999999999,3410.5900000000001,7579.6400000000003,4876.8299999999999,18407.599999999999
0.45022099999999998,22.560500000000001,33.278799999999997,82.316599999999994,71.439800000000005,133.096,147.66200000000001,180.405,232.81299999999999,139.071,205.602,136.00399999999999,150.90899999999999,90.416899999999998,153.02199999999999,96.733500000000006,94.923900000000003,107.267,122.104,79.009900000000002,96.2761,31.670999999999999,71.034899999999993,38.302999999999997,28.575500000000002,247.624,-0.15915399999999999,-1.2168699999999999,20.122,13.143000000000001,56.774700000000003,60.715299999999999,72.2059,70.5167,79.134699999999995,116.812,120.044,92.358999999999995,90.960400000000007,101.217,72.1327,86.047499999999999,78.529600000000002,67.452500000000001,92.715100000000007,56.672600000000003,55.006999999999998,36.080399999999997,57.818800000000003,55.155900000000003,21.4377,271.65699999999998,-1.0075099999999999,138.11600000000001,3011.3800000000001,12573.700000000001,16934.400000000001,23621.700000000001,24234.200000000001,29730.599999999999,28699.299999999999,29681.599999999999,25059.400000000001,20114,16594.5,8472.9599999999991,9569.1900000000005,5343.0699999999997,7122.3850000000002,2632,2883.8699999999999,1912.0999999999999,637.24099999999999,559.16700000000003,-359.16199999999998,227.65199999999999,206.36199999999999,1026.9000000000001,-130.08799999999999,1640.6700000000001,14120.299999999999,37888,63260.800000000003,72231.399999999994,83569.399999999994,76492.300000000003,70450.300000000003,62703,56108.699999999997,35384.900000000001,30669.299999999999,25853.400000000001,18424.200000000001,14987.299999999999,7804.7200000000003,6471.9499999999998,5811.6800000000003,4387.1199999999999,3609.6399999999999,2431.9099999999999,1048.8199999999999,40.567300000000003,367.96300000000002,2896.9400000000001
-0.066078300000000006,-1.0527299999999999,-1.2577,15.578799999999999,-2.5825399999999998,16.361599999999999,13.7174,55.244100000000003,71.099800000000002,54.617199999999997,95.6751,53.6126,102.42100000000001,71.729299999999995,86.235799999999998,56.133299999999998,71.380399999999995,66.942300000000003,77.237099999999998,67.0672,62.717599999999997,44.616799999999998,60.440100000000001,21.265000000000001,34.493699999999997,257.93799999999999,-0.058649300000000001,-1.63147,15.4076,7.7366999999999999,9.8476300000000005,18.377199999999998,27.340199999999999,55.1462,43.171599999999998,58.309399999999997,63.321599999999997,91.108400000000003,54.084000000000003,46.123399999999997,60.695700000000002,60.763300000000001,58.912799999999997,67.041700000000006,42.549900000000001,38.727699999999999,46.5931,23.282900000000001,50.386699999999998,42.308999999999997,53.320700000000002,295.09899999999999,-96.165499999999994,-262.73000000000002,698.673,1906.27,6504.5900000000001,10788.1,16359.9,17210.900000000001,18080.599999999999,14890.5,12904.700000000001,12672.799999999999,10567.799999999999,6394.9200000000001,3845.0599999999999,4350.1999999999998,2632,5142.0781999999999,1328.49,1964.5999999999999,406.97699999999998,-242.19800000000001,40.723799999999997,444.92200000000003,159.226,853.23199999999997,-348.87,490.75599999999997,7865.4200000000001,19086.400000000001,27618.200000000001,37271.5,42928,41107.800000000003,44949.699999999997,39885.800000000003,35794.400000000001,30961.599999999999,20735,17045,15174.799999999999,8888.6599999999999,6171.8699999999999,6047.7200000000003,3914.75,2775.98,1920.4000000000001,1208.1700000000001,1667.4400000000001,918.21100000000001,812.40999999999997,5305.75
0.175652,14.683299999999999,30.388100000000001,68.127600000000001,54.860999999999997,95.125100000000003,87.7333,112.693,158.34800000000001,46.728299999999997,123.41500000000001,66.395799999999994,88.046400000000006,22.968800000000002,95.2804,34.558100000000003,29.4345,49.755499999999998,65.936300000000003,29.8308,50.985999999999997,1.6985699999999999,27.807200000000002,6.3688500000000001,6.8285999999999998,56.392400000000002,-0.12488299999999999,-3.97573,8.1616900000000001,5.59666,45.5974,40.073999999999998,42.683599999999998,26.8764,29.215499999999999,70.211200000000005,61.075200000000002,55.122599999999998,40.845500000000001,52.450400000000002,48.871600000000001,37.194200000000002,38.095999999999997,17.6511,45.492800000000003,25.1142,15.702,15.0131,32.484499999999997,37.808300000000003,-4.8193700000000002,101.836,17.601299999999998,102.377,1661.1300000000001,6787.8900000000003,9548.9200000000001,13314.6,12257.4,15276.6,16010.299999999999,16388.400000000001,13241.799999999999,9708.3099999999995,7191.0200000000004,2844.2800000000002,4438.1300000000001,1599.8499999999999,2883.8699999999999,1328.49,3133.1561999999999,679.96400000000006,244.364,242.05699999999999,-624.61400000000003,62.373699999999999,38.457599999999999,663.56899999999996,-74.350899999999996,1076.4000000000001,7335.3100000000004,22321.5,34920.099999999999,37019.099999999999,46806.599999999999,38383.099999999999,37602.900000000001,31942.799999999999,28760.700000000001,14545.700000000001,14270,13303.5,8859.6399999999994,7924.04,2811.5599999999999,2872,2905.3699999999999,2345.2800000000002,1531.0999999999999,1505.0599999999999,124.334,-435.73599999999999,-273.99900000000002,307.37599999999998
-0.79354199999999997,-21.4086,-45.3367,-49.960799999999999,-44.808999999999997,-68.847800000000007,-34.462899999999998,-14.710000000000001,-36.599899999999998,48.1997,-18.221399999999999,10.5557,75.3887,67.775899999999993,37.862299999999998,29.0244,63.732100000000003,37.680500000000002,53.295099999999998,55.972200000000001,42.067399999999999,58.484499999999997,55.209200000000003,20.9344,51.1235,355.31400000000002,0.0097983800000000006,1.0450900000000001,5.90496,3.91933,-17.436900000000001,-39.268500000000003,5.1147499999999999,44.689399999999999,29.815200000000001,-3.43004,19.266999999999999,77.720799999999997,33.939100000000003,4.6193799999999996,32.099600000000002,48.017800000000001,32.672600000000003,75.225899999999996,36.4604,15.6195,32.425699999999999,33.496000000000002,30.347100000000001,36.563899999999997,65.941100000000006,354.56,-65.390600000000006,-203.107,-1447.45,-3680.6599999999999,896.79399999999998,987.20000000000005,7476.5900000000001,4767.9899999999998,7619.2299999999996,4137.4700000000003,11124.9,8667.4400000000005,9171.9599999999991,10123.6,2105.6199999999999,5844.04,1912.0999999999999,1964.5999999999999,679.96400000000006,3997.7112000000002,385.95400000000001,458.83499999999998,531.899,394.43099999999998,174.304,612.98500000000001,-108.46599999999999,-1257.6400000000001,-1325.5999999999999,7364.4700000000003,1779.8299999999999,19889.200000000001,12384.4,24809.200000000001,24447.900000000001,27978.299999999999,20501.599999999999,27901.799999999999,16264.5,12762.799999999999,13553.200000000001,5981.1999999999998,6120.3699999999999,6032.9099999999999,3625.8000000000002,2469.48,1555.97,724.90300000000002,1971.03,1798.28,1620.7,7506.7799999999997
0.014965300000000001,0.034813499999999997,7.3644600000000002,10.035399999999999,21.990100000000002,21.575500000000002,45.125,42.397199999999998,37.408000000000001,56.2545,33.6999,33.246699999999997,21.750800000000002,35.977200000000003,19.928799999999999,32.126899999999999,32.544400000000003,23.8386,18.6877,21.884899999999998,7.74688,16.914100000000001,21.473500000000001,8.7244100000000007,11.2104,70.925299999999993,0.0109392,2.79311,6.1333099999999998,5.1620799999999996,7.1036099999999998,5.8774699999999998,17.7776,19.019600000000001,22.1128,17.776,22.2607,20.204899999999999,17.578900000000001,17.375,6.78057,19.743099999999998,14.8941,19.888200000000001,18.960799999999999,11.1974,16.950800000000001,6.2007399999999997,4.95146,3.6249199999999999,11.5367,67.630499999999998,17.6541,80.305000000000007,861.83399999999995,2927.73,4366.3199999999997,5130.9499999999998,6432.3199999999997,6171.3000000000002,5249.29,5288.5500000000002,4061.3000000000002,4312.3599999999997,3361.4499999999998,2473.46,1700.1800000000001,1259.5899999999999,637.24099999999999,406.97699999999998,244.364,385.95400000000001,835.06670000000008,-41.414000000000001,207.05500000000001,-16.706700000000001,-48.316600000000001,-25.004200000000001,3.5374699999999999,282.20100000000002,3294.0999999999999,6741.2700000000004,12724.200000000001,17102.5,16036.6,15792.6,14165.799999999999,12575,9796.3700000000008,8068.3400000000001,5577.8699999999999,4877.5500000000002,2972.8200000000002,2356.1100000000001,1529.49,1329.8499999999999,743.94799999999998,989.92200000000003,540.423,237.94399999999999,334.77999999999997,178.11199999999999,320.28100000000001,1210.45
0.020085599999999999,-0.34417199999999998,-13.5617,-12.176399999999999,-3.3161200000000002,1.0907,4.91594,14.654500000000001,-4.0921500000000002,28.308499999999999,14.177199999999999,16.559899999999999,25.545400000000001,34.746699999999997,14.2784,16.424800000000001,17.442299999999999,17.828499999999998,20.0596,16.294799999999999,16.342300000000002,21.7026,3.8774999999999999,18.407299999999999,13.3499,105.101,0.017874500000000001,-0.239292,1.30359,3.1838299999999999,-1.31402,-5.3467799999999999,5.2044300000000003,19.324200000000001,14.5731,3.0741800000000001,8.3237299999999994,22.143899999999999,18.9817,8.3304299999999998,13.298400000000001,9.3987499999999997,6.2241,24.088899999999999,11.4573,1.4212199999999999,8.4769400000000008,17.125399999999999,8.8115100000000002,16.796600000000002,9.4023699999999995,80.364999999999995,2.64438,18.746300000000002,130.05699999999999,885.20100000000002,1859.3,1087.3299999999999,3141.1700000000001,2429.23,2278.1599999999999,1745.9400000000001,3842.27,2131.1700000000001,2522.29,3274.3499999999999,948.55200000000002,1802.8399999999999,559.16700000000003,-242.19800000000001,242.05699999999999,458.83499999999998,-41.414000000000001,875.21379999999999,9.5410799999999991,104.01600000000001,110.556,27.9329,81.802899999999994,-428.512,-390.709,5040.3100000000004,4858.0200000000004,9448.0200000000004,7297.9099999999999,10038.4,8388.5799999999999,8709.6700000000001,5630.1800000000003,6114.6499999999996,4126.6999999999998,2709.0300000000002,2925.1399999999999,1205.9300000000001,1881.6500000000001,1238.6700000000001,997.05100000000004,214.215,562.25,58.040500000000002,106.821,578.27599999999995,138.73400000000001,1516.02
-0.51391600000000004,-12.804600000000001,-22.651,-41.344799999999999,-19.113,-46.172800000000002,8.0842600000000004,-20.6569,-58.099699999999999,58.346200000000003,-30.045200000000001,23.452000000000002,30.569400000000002,59.796399999999998,-8.4677600000000002,38.8093,40.045400000000001,15.4495,-13.713699999999999,25.103400000000001,-5.6364000000000001,35.364800000000002,15.6172,20.255400000000002,30.3231,137.96199999999999,0.12570799999999999,5.41648,-0.12842999999999999,9.9380900000000008,-24.774000000000001,-17.034500000000001,-1.20651,26.793800000000001,27.8306,-17.946100000000001,-3.9200499999999998,22.882899999999999,14.2818,-1.62507,-4.8001300000000002,23.446999999999999,-0.044715600000000001,40.664200000000001,2.9281100000000002,6.0014599999999998,23.357299999999999,20.255600000000001,0.33877299999999999,-10.672800000000001,32.407299999999999,114.80800000000001,-0.63114899999999996,-26.5398,-499.37700000000001,-810.48199999999997,1769.27,-695.16099999999994,4533.4700000000003,3816.1500000000001,1772.1199999999999,-769.53599999999994,1401.48,2243.7800000000002,2914.8800000000001,4382.4200000000001,227.15100000000001,2763.0100000000002,-359.16199999999998,40.723799999999997,-624.61400000000003,531.899,207.05500000000001,9.5410799999999991,1211.8699000000001,133.36600000000001,6.9385000000000003,1.62219,152.56800000000001,-449.66800000000001,-463.49799999999999,-463.34100000000001,-306.10899999999998,8772.3600000000006,-423.50200000000001,7952.7700000000004,4732.2700000000004,5551.96,1368.8399999999999,10196.6,4054.8099999999999,1012.25,2147.3499999999999,38.876600000000003,2229.29,1068.79,92.331800000000001,87.098600000000005,130.018,-354.52600000000001,515.85199999999998,1339.9300000000001,1167.1300000000001,2204.9099999999999
-0.18409300000000001,-3.8517299999999999,-13.0968,-15.932,-12.708600000000001,-12.5349,-11.0997,-2.57328,-14.4132,12.979699999999999,2.62263,10.4343,28.3996,28.8643,12.101699999999999,13.3635,15.334199999999999,13.9979,7.9293199999999997,13.7475,13.3119,18.648499999999999,7.1734900000000001,10.7409,13.489000000000001,83.332499999999996,0.024617199999999999,-0.53690700000000002,0.80722400000000005,3.5514600000000001,-6.4281800000000002,-4.2341300000000004,0.086872000000000005,16.0867,9.7882899999999999,0.32757199999999997,3.53877,23.7925,12.055300000000001,3.74797,13.304,10.0428,6.3325100000000001,21.6753,2.9218500000000001,4.6893000000000002,10.5761,12.4755,10.883800000000001,9.1183700000000005,15.8384,77.420100000000005,-28.1599,-75.723799999999997,-345.85300000000001,-657.61900000000003,469.97800000000001,10.7094,2469.7199999999998,2483.1799999999998,2555.6700000000001,927,1916.4400000000001,1725.0599999999999,1889.4200000000001,2188.1900000000001,136.52600000000001,1587.9200000000001,227.65199999999999,444.92200000000003,62.373699999999999,394.43099999999998,-16.706700000000001,104.01600000000001,133.36600000000001,355.59137999999996,61.9968,174.15000000000001,-5.5621900000000002,-297.69900000000001,83.104200000000006,2325.1399999999999,1907.47,5908.8000000000002,4718.6700000000001,6157.9799999999996,6313.21,6001.2600000000002,4220.3100000000004,6490.0500000000002,3221.4499999999998,1874.45,2714.5100000000002,839.245,1459.74,1103.3299999999999,598.43299999999999,154.75800000000001,251.143,9.1379599999999996,224.75399999999999,591.04499999999996,320.76100000000002,1363.9200000000001
0.041090099999999997,1.18425,-5.1141100000000002,-6.6322599999999996,-8.8068899999999992,-2.7366600000000001,-10.0367,-2.4420799999999998,-8.7156500000000001,0.42192000000000002,1.1411899999999999,3.39506,7.1130500000000003,13.235099999999999,2.5897700000000001,4.30884,2.6713800000000001,7.3951599999999997,4.4592999999999998,4.7815300000000001,9.0697200000000002,5.0314199999999998,0.79537800000000003,5.6333000000000002,4.3375899999999996,33.981699999999996,0.00344334,-0.55430999999999997,2.2893599999999998,1.5982400000000001,-5.0068900000000003,0.83648599999999995,-0.79432999999999998,5.3175100000000004,2.2337199999999999,-0.095474000000000003,5.4746699999999997,8.6702899999999996,4.0971900000000003,3.5860400000000001,5.5206900000000001,2.76355,2.6825299999999999,10.604699999999999,0.76776900000000003,2.26173,3.5615100000000002,3.9140199999999998,4.3878899999999996,4.8557100000000002,3.6755499999999999,20.5124,-17.591899999999999,-43.880699999999997,32.952100000000002,-171.49000000000001,0.33087100000000003,-267.29500000000002,153.06,558.28399999999999,626.22400000000005,299.07799999999997,910.38099999999997,592.71699999999998,775.97400000000005,984.44899999999996,179.02000000000001,637.37800000000004,206.36199999999999,159.226,38.457599999999999,174.304,-48.316600000000001,110.556,6.9385000000000003,61.9968,199.7586,93.728499999999997,-12.144399999999999,-97.126599999999996,211.24100000000001,1154.8099999999999,176.126,1263.8,1053.5999999999999,1848.01,1717.7,2061.04,2246.3899999999999,2404.5599999999999,1857.0999999999999,672.53399999999999,1330.8800000000001,669.21699999999998,716.00699999999995,650.09699999999998,359.524,-55.3399,342.43799999999999,139.971,111.29900000000001,176.738,48.692500000000003,438.75799999999998
-0.34737600000000002,3.56732,1.7286600000000001,4.5502900000000004,-6.8190999999999997,11.0075,-14.1327,0.71267599999999998,23.995999999999999,-9.2470999999999997,3.04121,19.227699999999999,58.712200000000003,13.1257,40.739400000000003,6.1772799999999997,5.6139299999999999,20.614799999999999,6.7758700000000003,4.5758299999999998,39.381999999999998,3.5290300000000001,17.735800000000001,0.88156999999999996,10.106999999999999,51.2423,-0.041804099999999997,-4.2361700000000004,0.583951,6.1471900000000002,1.9791399999999999,10.414199999999999,2.32348,11.9421,3.2164799999999998,13.7095,12.9055,29.866,8.4833300000000005,11.811,22.958400000000001,16.9483,16.968299999999999,15.3177,4.8785600000000002,18.386500000000002,11.3527,11.6945,22.389600000000002,8.3284199999999995,15.1106,70.057199999999995,-56.345599999999997,10.4185,333.387,1119.4300000000001,1346.73,2828.8099999999999,763.77200000000005,4991.1999999999998,6272.6199999999999,3937.6999999999998,3352.3699999999999,3080.9099999999999,2598.1300000000001,1517.9100000000001,247.20699999999999,1940.27,1026.9000000000001,853.23199999999997,663.56899999999996,612.98500000000001,-25.004200000000001,27.9329,1.62219,174.15000000000001,93.728499999999997,1441.4268999999999,-107.48,109,3114.8800000000001,4422.8699999999999,5669.7399999999998,8529.3999999999996,12061.9,8833.0499999999993,8559.2700000000004,8023.4300000000003,8797.2199999999993,8497.4799999999996,5936.8199999999997,4440.9700000000003,5107.1499999999996,3335.6799999999998,1648.74,2013.22,1312.1600000000001,756.67600000000004,786.73500000000001,822.88199999999995,153.01900000000001,273.90800000000002,435.81900000000002,341.43799999999999
-0.065401000000000001,-0.38951799999999998,-1.3649500000000001,1.0883400000000001,9.5121900000000004,4.5504899999999999,22.749199999999998,9.2815700000000003,-4.25624,21.5335,2.2042999999999999,12.6111,8.9200300000000006,14.8652,-0.65201399999999998,10.959899999999999,6.1379999999999999,2.7005400000000002,-5.3516599999999999,3.17408,-6.1149800000000001,8.1167899999999999,-5.0152900000000002,6.6319400000000002,7.1416500000000003,8.7518100000000008,0.042440699999999998,1.9304600000000001,-0.81560900000000003,3.6671,-1.61206,0.36035099999999998,4.9371299999999998,7.4258699999999997,8.7090999999999994,-2.3095500000000002,-1.32043,5.2958800000000004,5.2522399999999996,2.4972500000000002,0.37587100000000001,4.2339900000000004,-5.7509199999999998,7.19015,0.40096799999999999,-2.8475000000000001,2.67449,6.4880300000000002,-3.1629299999999998,-0.32950800000000002,-0.963534,2.3040400000000001,24.589600000000001,12.9154,494.61200000000002,1070.3900000000001,2741.5900000000001,1617.1800000000001,2909.29,1997.52,1091.03,290.81799999999998,1121.0699999999999,320.48500000000001,71.341300000000004,1002.84,275.44200000000001,271.709,-130.08799999999999,-348.87,-74.350899999999996,-108.46599999999999,3.5374699999999999,81.802899999999994,152.56800000000001,-5.5621900000000002,-12.144399999999999,-107.48,305.17126000000002,22.749099999999999,115.753,2888.0999999999999,3102.3800000000001,4817.5299999999997,2157.29,4263.2299999999996,2403.3400000000001,1351.6800000000001,-242.72800000000001,948.65700000000004,419.16500000000002,-551.59100000000001,-622.41800000000001,-345.80799999999999,267.072,-344.88400000000001,-207.84100000000001,-124.505,-157.47900000000001,-117.764,-36.133499999999998,295.95299999999997,124.011,-98.684200000000004
1.32999,43.670699999999997,119.77200000000001,178.20699999999999,159.012,202.07400000000001,226.06,177.50899999999999,230.714,91.034199999999998,175.41300000000001,97.599999999999994,35.677100000000003,-14.6942,55.008499999999998,46.003700000000002,21.906300000000002,26.453800000000001,9.1079100000000004,6.5728799999999996,7.1163400000000001,-45.210500000000003,-1.9561900000000001,-9.7091999999999992,-24.165500000000002,-219.05600000000001,-0.067895300000000006,6.3700999999999999,35.922800000000002,23.0608,64.831299999999999,104.855,73.198400000000007,18.113,43.735100000000003,86.095299999999995,82.286000000000001,-14.286300000000001,16.2121,63.007599999999996,-4.5462400000000001,35.036200000000001,16.432600000000001,-26.6511,28.401499999999999,22.2941,8.2128599999999992,-29.1355,-3.36775,-19.251799999999999,-48.528799999999997,-177.12200000000001,114.374,449.04700000000003,8703.1800000000003,21995.099999999999,23810.299999999999,28457.900000000001,21325.099999999999,25267.5,17370.5,19317,7564.8999999999996,6144.6899999999996,3691.1100000000001,-4401.5299999999997,4563.9099999999999,-3013.8400000000001,1640.6700000000001,490.75599999999997,1076.4000000000001,-1257.6400000000001,282.20100000000002,-428.512,-449.66800000000001,-297.69900000000001,-97.126599999999996,109,22.749099999999999,5405.3265000000001,22514.099999999999,38250.199999999997,61075.5,46875.599999999999,51538.800000000003,35401.199999999997,26765.299999999999,14529.299999999999,19845.200000000001,-3323.9899999999998,6073.7700000000004,4839.04,-1218.5799999999999,4277.9200000000001,-1385.72,-1438.6199999999999,-104.738,160.65799999999999,1082.3299999999999,1320.95,-815.46199999999999,-2056.9099999999999,-856.851,-5893.46
9.4783299999999997,311.07999999999998,796.11900000000003,1207.5,1245.99,1743.05,1601.54,1596.45,1746.8499999999999,1138.27,1382.6199999999999,1099.02,842.37900000000002,707.11400000000003,756.03599999999994,677.07299999999998,508.11700000000002,593.98099999999999,335.755,286.30799999999999,405.53399999999999,146.934,231.244,218.971,26.561900000000001,292.642,0.12970400000000001,48.434100000000001,319.36500000000001,291.60000000000002,477.98599999999999,695.34000000000003,599.98000000000002,554.27099999999996,506.06999999999999,715.90499999999997,600.54200000000003,343.32600000000002,416.97300000000001,550.30399999999997,338.56599999999997,329.755,357.88200000000001,183.06800000000001,253.59999999999999,306.97699999999998,285.61000000000001,45.804099999999998,207.37899999999999,39.195300000000003,19.035399999999999,211.20599999999999,58.270800000000001,3124.6300000000001,84704.100000000006,211845,247741,282087,246696,266272,207868,181277,98277.899999999994,89823.800000000003,60793.300000000003,12642.200000000001,33741.400000000001,13691.299999999999,14120.299999999999,7865.4200000000001,7335.3100000000004,-1325.5999999999999,3294.0999999999999,-390.709,-463.49799999999999,83.104200000000006,211.24100000000001,3114.8800000000001,115.753,22514.099999999999,241876.09700000001,396894,585383,561103,569831,420375,330012,234208,216245,102624,91355.300000000003,67904.399999999994,34571.900000000001,42083.400000000001,19884,9509.0699999999997,8813.5,7304.3299999999999,11765.6,7842.3800000000001,-1375.6199999999999,-5002.96,-1763.1900000000001,-12766
9.0352999999999994,388.61599999999999,1096.23,2051.0100000000002,2412.52,3229.9699999999998,3773.71,3762.3000000000002,3591.71,3121.7600000000002,3345.9400000000001,2601.3600000000001,2586.8600000000001,2133.7600000000002,1914.9400000000001,1783.96,1552.5899999999999,1498.8800000000001,1070.3800000000001,1069.95,923.98400000000004,813.90999999999997,474.87,682.88499999999999,503.33800000000002,2671.2199999999998,0.93473899999999999,97.984899999999996,675.24800000000005,671.51800000000003,1001.5,1325.1400000000001,1550.0699999999999,1695.51,1565.0799999999999,1597.1300000000001,1498.1500000000001,1623.3499999999999,1297.3699999999999,1271.04,1086,1122.6700000000001,783.45100000000002,952.76400000000001,821.33199999999999,535.32299999999998,691.93499999999995,474.61399999999998,568.05799999999999,535.65499999999997,227.19999999999999,2633.9699999999998,744.33699999999999,3717.0300000000002,140648,387663,547118,598112,636901,622064,495966,410102,305868,223785,175556,97971.600000000006,80246.300000000003,51370.199999999997,37888,19086.400000000001,22321.5,7364.4700000000003,6741.2700000000004,5040.3100000000004,-463.34100000000001,2325.1399999999999,1154.8099999999999,4422.8699999999999,2888.0999999999999,38250.199999999997,396894,975960.42299999995,1319850,1442080,1381580,1179520,976207,735983,591466,366274,279833,195089,125557,100657,65292.800000000003,37253.699999999997,33883.099999999999,18168.700000000001,24303.099999999999,17172,3098.1399999999999,4721.6000000000004,1734.02,10847
14.831200000000001,678.58799999999997,1732.0899999999999,3089.04,3722.1799999999998,5296.25,6126,6195.8100000000004,6376.2700000000004,5215.6899999999996,5853.2399999999998,4473.9499999999998,3920.23,3301.7399999999998,3248.0300000000002,3112.3000000000002,2569.8400000000001,2530.5700000000002,1819.3199999999999,1679.9000000000001,1468.6400000000001,1069.02,944.99400000000003,1164.9100000000001,531.56200000000001,3392.1599999999999,0.67744099999999996,133.411,860.03899999999999,930.327,1749.1400000000001,2284.9699999999998,2466.6599999999999,2580.29,2634.4000000000001,2947.7800000000002,2593.5300000000002,2167.9899999999998,2244.4499999999998,2329.98,1571.23,1757.6900000000001,1438.1900000000001,1256.6199999999999,1497.1500000000001,1095.04,1250.1800000000001,733.32299999999998,903.75699999999995,628.04899999999998,228.38499999999999,3405.9000000000001,1210.5,7748.6899999999996,190917,596919,784651,907838,948456,993042,783599,703768,461228,376157,286817,116427,153798,78388.600000000006,63260.800000000003,27618.200000000001,34920.099999999999,1779.8299999999999,12724.200000000001,4858.0200000000004,-306.10899999999998,1907.47,176.126,5669.7399999999998,3102.3800000000001,61075.5,585383,1319850,2180471.6349999998,2280980,2334120,1938870,1615750,1232430,1005780,569986,454591,347281,190082,180465,105686,47703.400000000001,54141.5,41328.699999999997,42895.400000000001,23973.5,-1994.8599999999999,-1871.54,-853.35400000000004,-6790.1800000000003
2.1767599999999998,392.77100000000002,1024.9100000000001,2235.3200000000002,3365.0100000000002,4751.9300000000003,6307.1400000000003,6534.8299999999999,6064.9499999999998,6508.3199999999997,6062.3800000000001,5163.2700000000004,5203.3999999999996,4798.4799999999996,3773.8099999999999,3928.98,3522.4099999999999,3214.8000000000002,2209.6999999999998,2373.1500000000001,1871.21,2031.55,1358.21,1620.48,1207.3399999999999,7184.6000000000004,2.1343299999999998,147.92599999999999,871.35299999999995,1097.8800000000001,1554.5599999999999,2031.8499999999999,2721.0999999999999,3443.73,3307.6599999999999,3052.3800000000001,2835.5700000000002,3383.8400000000001,2872.0999999999999,2549.3099999999999,2098.1500000000001,2367.9000000000001,1763.78,2264.5700000000002,1811.53,1271.1300000000001,1707.22,1329.9000000000001,1216.02,997.35400000000004,898.846,6916.0699999999997,860.89800000000002,5337.8500000000004,161040,559608,832461,944437,1105810,1119730,910328,768362,579972,467769,376673,234206,163478,142611,72231.399999999994,37271.5,37019.099999999999,19889.200000000001,17102.5,9448.0200000000004,8772.3600000000006,5908.8000000000002,1263.8,8529.3999999999996,4817.5299999999997,46875.599999999999,561103,1442080,2280980,2764096.8399999999,2654160,2363020,2002950,1588480,1223030,883502,607464,443764,291529,212675,160731,91663.300000000003,76127.5,52739.400000000001,49040.099999999999,24515.400000000001,10597.299999999999,23523.099999999999,15208.700000000001,56169
8.9446899999999996,623.226,1287.9400000000001,2585.2399999999998,3467.8600000000001,5453.4499999999998,6089.71,6851.5500000000002,7067.54,5891.8900000000003,6683.1000000000004,5224.1000000000004,5009.5,4344.04,4202.5100000000002,3783.4099999999999,3154.7199999999998,3339.5900000000001,2536.7399999999998,2160.0500000000002,2158.8899999999999,1636.99,1404.8199999999999,1519.47,810.28999999999996,5676.1800000000003,0.35903600000000002,67.113100000000003,748.79300000000001,941.92200000000003,1847.55,2376.4299999999998,2706.8800000000001,3166.8400000000001,3041.5500000000002,3561.77,3057.71,3135.0700000000002,2908.8000000000002,2876.8699999999999,2333.7199999999998,2157.4899999999998,2006.6300000000001,1844.54,1896.45,1464.9100000000001,1642.6600000000001,1203.26,1370.79,1085.3800000000001,600.50199999999995,5648.6400000000003,463.31200000000001,6124.6899999999996,159546,565919,789088,958938,1044740,1116440,940607,836032,578859,487079,363197,183007,182751,123931,83569.399999999994,42928,46806.599999999999,12384.4,16036.6,7297.9099999999999,-423.50200000000001,4718.6700000000001,1053.5999999999999,12061.9,2157.29,51538.800000000003,569831,1381580,2334120,2654160,2889164.9199999999,2389150,2074390,1643210,1323320,847013,623175,487449,299353,250521,155865,90937.800000000003,82051.899999999994,64031.300000000003,53457.900000000001,32016.5,4495.2700000000004,7882.2700000000004,2278.1700000000001,27888.299999999999
0.53516399999999997,307.90899999999999,561.17999999999995,1535.8299999999999,2494.4299999999998,3709.23,5208.7299999999996,5513,5196.21,5636.3999999999996,5424.3900000000003,4539.2600000000002,4553.7700000000004,4258.3599999999997,3484.7800000000002,3589.3499999999999,3206.71,2976.8800000000001,2275.52,2289.5799999999999,1765.48,1856.8199999999999,1363.3299999999999,1533.24,1157.5,7035.9099999999999,1.3487,118.758,619.95500000000004,824.98000000000002,1248.8,1701.4400000000001,2340.77,3006.0500000000002,2945.2399999999998,2850.23,2711.6799999999998,3101.6999999999998,2722.3299999999999,2484.2199999999998,2008.1700000000001,2272.6900000000001,1706.5799999999999,2214.8200000000002,1850.23,1237.1700000000001,1632.98,1302.5599999999999,1173.46,1046.78,874.64800000000002,6818.0699999999997,757.36099999999999,3062.5799999999999,110474,419012,665741,785494,948446,966051,816297,706906,566682,459302,363043,236587,174927,137641,76492.300000000003,41107.800000000003,38383.099999999999,24809.200000000001,15792.6,10038.4,7952.7700000000004,6157.9799999999996,1848.01,8833.0499999999993,4263.2299999999996,35401.199999999997,420375,1179520,1938870,2363020,2389150,2270684.2000000002,1916490,1565890,1227090,897523,634539,469313,313589,234850,170049,103449,83909.800000000003,61604,50287.099999999999,27909,17014.400000000001,24348.900000000001,16101.5,69610.5
1.43319,206.69399999999999,286.99799999999999,1109.6500000000001,1890.99,2982.25,4127.2200000000003,4700.9399999999996,4371.2399999999998,4746.0500000000002,4899.3299999999999,3866.5999999999999,3973.5,3826.8699999999999,3134.7600000000002,3140.1399999999999,2796.29,2701.5700000000002,2218.5999999999999,2109.3200000000002,1625.1800000000001,1724.27,1255.6600000000001,1330.0699999999999,1059.9000000000001,6596.5799999999999,0.75490999999999997,69.671700000000001,496.94,646.05600000000004,1017.21,1401.8099999999999,1962.28,2603.8499999999999,2510.7600000000002,2528.9200000000001,2438.77,2947.8800000000001,2466.6999999999998,2227.4099999999999,1907.29,1975.8199999999999,1571.49,2065.9899999999998,1643.9200000000001,1087.6900000000001,1490.2,1177.2,1143.21,1119.1700000000001,823.35400000000004,6520.0500000000002,360.125,1171.3,74350.800000000003,305390,520259,624115,796417,807916,702863,615399,497043,415756,323791,216832,154705,123823,70450.300000000003,44949.699999999997,37602.900000000001,24447.900000000001,14165.799999999999,8388.5799999999999,4732.2700000000004,6313.21,1717.7,8559.2700000000004,2403.3400000000001,26765.299999999999,330012,976207,1615750,2002950,2074390,1916490,1779297.7139999999,1419060,1115450,828226,576867,438013,301930,217324,155843,104263,79731.800000000003,58963.900000000001,44617.300000000003,23505.700000000001,16116.5,23549.900000000001,12003.299999999999,75332.399999999994
-0.43326900000000002,90.912300000000002,10.0893,562.51300000000003,1187.6099999999999,1997.1800000000001,2955.0799999999999,3519.48,3253.3299999999999,3816.79,3722.29,3027.0100000000002,3256.4899999999998,3219.6199999999999,2573.04,2563.71,2388.3000000000002,2263.77,1964.3199999999999,1834.48,1421.4300000000001,1521.4100000000001,1192.21,1149.8,961.71299999999997,6392.8199999999997,0.47724899999999998,51.5578,360.58800000000002,465.81599999999997,723.75300000000004,911.30600000000004,1477.51,2114.52,2035.6500000000001,1964.73,1951.8699999999999,2467.9899999999998,2062.3499999999999,1780.5799999999999,1583.02,1675.9400000000001,1372.26,1844.8900000000001,1447.0799999999999,933.18700000000001,1275.95,1061.71,993.93600000000004,987.18499999999995,855.21900000000005,6227.8100000000004,30.439800000000002,274.49099999999999,41926.300000000003,210506,377165,458843,614089,624060,558527,493632,423226,356107,286341,203083,133257,118762,62703,39885.800000000003,31942.799999999999,27978.299999999999,12575,8709.6700000000001,5551.96,6001.2600000000002,2061.04,8023.4300000000003,1351.6800000000001,14529.299999999999,234208,735983,1232430,1588480,1643210,1565890,1419060,1248728.247,940886,737047,507577,391353,282312,194253,144873,100905,76114.300000000003,56294.099999999999,41789.300000000003,20474.099999999999,18575.900000000001,23980.099999999999,14082.6,83757.699999999997
3.7715999999999998,221.589,264.714,783.78899999999999,1061.4200000000001,1893.0799999999999,2383.9299999999998,2851.4000000000001,2945.0500000000002,2719.8099999999999,3115.9699999999998,2357.6999999999998,2374.48,2200.6599999999999,2057.1500000000001,1898.48,1720.4200000000001,1749.5599999999999,1569.96,1337.8599999999999,1205.96,916.31600000000003,932.41999999999996,804.23099999999999,595.53800000000001,4169.4399999999996,-0.32263799999999998,28.156700000000001,334.45699999999999,341.77800000000002,651.73500000000001,945.12900000000002,1198.8499999999999,1506.52,1496.22,1706.6800000000001,1731.8800000000001,1750.9400000000001,1529.8800000000001,1520.55,1197.9200000000001,1311.28,1131.9300000000001,1296.71,1169.1600000000001,812.38400000000001,967.42399999999998,672.29899999999998,785.60699999999997,718.56700000000001,507.22699999999998,4103.9799999999996,-40.253999999999998,832.26400000000001,47345.099999999999,189851,301246,385164,461831,499062,447201,415346,334165,283698,224647,136897,115934,82058,56108.699999999997,35794.400000000001,28760.700000000001,20501.599999999999,9796.3700000000008,5630.1800000000003,1368.8399999999999,4220.3100000000004,2246.3899999999999,8797.2199999999993,-242.72800000000001,19845.200000000001,216245,591466,1005780,1223030,1323320,1227090,1115450,940886,818992.87899999996,554234,417820,323411,228260,175141,111009,82518,63676.300000000003,46087.099999999999,39853.199999999997,23559.599999999999,14111.4,10210.6,7502.9200000000001,49396.199999999997
-6.4695299999999998,-107.14400000000001,-425.07299999999998,-313.46300000000002,111.377,339.62700000000001,1005.66,1370.28,869.26999999999998,2266.1500000000001,1502.22,1658.21,2174.9400000000001,2354.9200000000001,1413.28,1600.55,1623.54,1428.96,1103.3499999999999,1258.3099999999999,968.07899999999995,1297.8099999999999,885.04200000000003,825.14300000000003,886.55399999999997,5588.1000000000004,1.0951900000000001,34.033099999999997,151.97399999999999,301.82999999999998,50.9206,158.328,647.12699999999995,1408.1400000000001,1229.3900000000001,820.38699999999994,954.20100000000002,1781.79,1277.8599999999999,890.65300000000002,1009.03,1118.8900000000001,846.39099999999996,1544.0799999999999,795.82799999999997,595.95000000000005,939.97199999999998,860.58399999999995,699.63800000000003,640.154,935.09500000000003,5275.4700000000003,-729.19200000000001,-1887.3099999999999,7320.2200000000003,64824.400000000001,178422,202291,340230,338055,318300,245838,253494,221864,189187,170884,68334.300000000003,104798,35384.900000000001,30961.599999999999,14545.700000000001,27901.799999999999,8068.3400000000001,6114.6499999999996,10196.6,6490.0500000000002,2404.5599999999999,8497.4799999999996,948.65700000000004,-3323.9899999999998,102624,366274,569986,883502,847013,897523,828226,737047,554234,584524.13699999999,342824,246462,213173,118590,113695,84668.100000000006,53688.699999999997,36573.5,27073.5,10347,20222.200000000001,29933.299999999999,19881.200000000001,85597.199999999997
-0.44412699999999999,61.991100000000003,-9.6669300000000007,181.625,312.63400000000001,625.84100000000001,1015.14,1167.76,1087.1099999999999,1430.9400000000001,1296.0999999999999,1166.72,1299.2,1298.28,994.85500000000002,1025.5799999999999,978.24099999999999,930.95299999999997,790.05700000000002,774.476,647.32500000000005,606.39300000000003,547.48000000000002,488.26900000000001,459.34500000000003,2912.54,0.18251999999999999,25.9145,152.28999999999999,184.316,178.833,325.28399999999999,534.69100000000003,820.43499999999995,809.15999999999997,730.55399999999997,837.077,1015.35,824.279,738.63099999999997,617.35299999999995,762.26700000000005,587.13999999999999,871.16700000000003,624.29499999999996,428.58300000000003,570.02300000000002,460.14499999999998,429.29399999999998,386.97899999999998,407.815,2779.8600000000001,-120.242,-221.56299999999999,19413.900000000001,76493.699999999997,143558,171223,229542,246386,224273,198437,184431,153110,127757,96077.399999999994,62266.5,57463.699999999997,30669.299999999999,20735,14270,16264.5,5577.8699999999999,4126.6999999999998,4054.8099999999999,3221.4499999999998,1857.0999999999999,5936.8199999999997,419.16500000000002,6073.7700000000004,91355.300000000003,279833,454591,607464,623175,634539,576867,507577,417820,342824,268504.413,180641,142379,99767.300000000003,72978.899999999994,54952.800000000003,38974.800000000003,27126.5,23768.599999999999,13405.5,12006,12527,9345.8500000000004,40706.800000000003
0.054954700000000002,49.657499999999999,47.788600000000002,240.44200000000001,311.35899999999998,537.077,772.60599999999999,965.178,1100.75,1020.92,1097.2,834.16200000000003,945.86199999999997,767.77099999999996,868.44200000000001,700.02999999999997,746.14999999999998,676.90200000000004,721.07600000000002,569.67700000000002,520.67399999999998,395.19499999999999,502.46699999999998,306.56299999999999,262.81099999999998,2072.8000000000002,-0.410472,5.6700799999999996,79.325299999999999,86.267799999999994,257.31799999999998,230.292,409.755,544.03999999999996,565.87900000000002,644.01800000000003,632.04200000000003,658.50199999999995,621.43499999999995,563.72500000000002,462.517,568.072,512.279,531.52700000000004,549.24699999999996,357.036,412.78899999999999,314.05399999999997,347.762,317.13999999999999,303.673,2174.54,-68.984700000000004,432.66800000000001,10719.200000000001,58357.800000000003,91905.800000000003,128741,160336,175037,168523,161071,138966,120441,99109.800000000003,62024.199999999997,50577,39858.699999999997,25853.400000000001,17045,13303.5,12762.799999999999,4877.5500000000002,2709.0300000000002,1012.25,1874.45,672.53399999999999,4440.9700000000003,-551.59100000000001,4839.04,67904.399999999994,195089,347281,443764,487449,469313,438013,391353,323411,246462,180641,166831.495,109850,78526.399999999994,52060.300000000003,40977.599999999999,32640.599999999999,27096.799999999999,17759.599999999999,10062.6,8757.5400000000009,5624.6800000000003,5669.2700000000004,31210.400000000001
-2.13632,-21.2895,-117.666,-49.454999999999998,-10.5589,113.55500000000001,237.06200000000001,446.61700000000002,419.80900000000003,643.38300000000004,554.12300000000005,521.08500000000004,809.02700000000004,717.846,599.37900000000002,495.79199999999997,553.36500000000001,519.995,507.44099999999997,464.01400000000001,449.64100000000002,401.834,386.68200000000002,260.25700000000001,301.65300000000002,2143.77,-0.066815299999999994,-3.9226999999999999,65.006600000000006,80.040300000000002,51.925699999999999,54.138300000000001,213.053,453.53899999999999,397.28500000000003,335.34199999999998,403.74400000000003,650.82600000000002,454.29399999999998,334.81099999999998,396.714,430.93099999999998,368.274,544.39999999999998,347.18599999999998,249.71000000000001,329.86500000000001,297.23099999999999,312.31599999999997,286.28300000000002,355.74599999999998,2135.73,-370.75700000000001,-639.97799999999995,1812.0999999999999,19833.099999999999,51772.400000000001,66171.800000000003,105750,114282,115810,95907.899999999994,100084,85453.399999999994,76660.399999999994,61402.400000000001,29072,39996.900000000001,18424.200000000001,15174.799999999999,8859.6399999999994,13553.200000000001,2972.8200000000002,2925.1399999999999,2147.3499999999999,2714.5100000000002,1330.8800000000001,5107.1499999999996,-622.41800000000001,-1218.5799999999999,34571.900000000001,125557,190082,291529,299353,313589,301930,282312,228260,213173,142379,109850,106955.534,57304.400000000001,45871.900000000001,39150,26950.099999999999,18086.5,14172.1,7317.4799999999996,8703.0599999999995,9477.6000000000004,7071.25,35401.699999999997
1.3110299999999999,75.657700000000006,107.65300000000001,212.80199999999999,188.679,396.88099999999997,418.66500000000002,515.07600000000002,642.45399999999995,427.61200000000002,582.25,446.02300000000002,435.71499999999997,361.10599999999999,444.76100000000002,351.93299999999999,291.18299999999999,355.30900000000003,350.85000000000002,252.83699999999999,281.72000000000003,112.791,234.11099999999999,141.28999999999999,104.572,790.92100000000005,-0.33180199999999999,2.0091199999999998,58.201999999999998,47.875999999999998,126.773,197.50999999999999,209.85300000000001,229.89400000000001,248.72399999999999,358.49900000000002,385.01900000000001,304.27300000000002,286.721,339.80000000000001,236.35900000000001,265.161,250.64699999999999,248.80500000000001,267.26100000000002,193.78800000000001,198.30500000000001,121.155,176.98500000000001,142.69900000000001,90.349199999999996,796.67399999999998,-41.369900000000001,374.774,11832.700000000001,37894.400000000001,54549,72852.699999999997,75194,92764.600000000006,88279.199999999997,88359.699999999997,71999.699999999997,62503.599999999999,47917.400000000001,27134.5,29460.900000000001,17897.400000000001,14987.299999999999,8888.6599999999999,7924.04,5981.1999999999998,2356.1100000000001,1205.9300000000001,38.876600000000003,839.245,669.21699999999998,3335.6799999999998,-345.80799999999999,4277.9200000000001,42083.400000000001,100657,180465,212675,250521,234850,217324,194253,175141,118590,99767.300000000003,78526.399999999994,57304.400000000001,56229.580000000002,26555.799999999999,21713.200000000001,16914.599999999999,13597.9,11439.799999999999,7816.29,3967.7600000000002,1235.8900000000001,1848.8800000000001,10298.9
-0.26983400000000002,-1.7236499999999999,-68.685500000000005,-35.246699999999997,25.351800000000001,100.236,184.91900000000001,265.39499999999998,155.95599999999999,469.71699999999998,317.56299999999999,353.53899999999999,409.54899999999998,507.29199999999997,288.12099999999998,345.63200000000001,331.97899999999998,307.00700000000001,259.31999999999999,266.399,207.52799999999999,270.84199999999998,189.755,209.84100000000001,177.20599999999999,1253.24,0.195495,10.161,23.377199999999998,57.648400000000002,1.07274,22.4999,112.58499999999999,282.04500000000002,252.97999999999999,167.512,200.53,322.226,286.69299999999998,201.732,196.29900000000001,212.22999999999999,176.655,330.017,174.95400000000001,129.36500000000001,212.96600000000001,189.77600000000001,150.453,136.602,197.05500000000001,1123.3199999999999,-185.36600000000001,-283.5,4686.1899999999996,17811.5,36412.400000000001,37997,65397.699999999997,66823.899999999994,61037.599999999999,49378.5,51228.900000000001,45862.699999999997,39135.300000000003,35452.900000000001,17451.700000000001,23834.900000000001,7804.7200000000003,6171.8699999999999,2811.5599999999999,6120.3699999999999,1529.49,1881.6500000000001,2229.29,1459.74,716.00699999999995,1648.74,267.072,-1385.72,19884,65292.800000000003,105686,160731,155865,170049,155843,144873,111009,113695,72978.899999999994,52060.300000000003,45871.900000000001,26555.799999999999,33209.873,18239.900000000001,12576.5,8965.0100000000002,7311.5699999999997,1760.53,4571.8800000000001,6669.2799999999997,4086.6300000000001,19262.599999999999
-0.55980300000000005,-14.7715,-71.677599999999998,-64.334999999999994,-47.956899999999997,-7.6334499999999998,9.07761,121.717,63.747599999999998,231.27000000000001,159.768,168.69800000000001,269.37400000000002,314.15699999999998,192.709,184.12899999999999,209.053,204.785,202.40100000000001,182.95599999999999,177.465,177.518,158.69300000000001,102.816,130.79900000000001,931.84000000000003,-0.0107344,-0.99303600000000003,30.468499999999999,27.962800000000001,-19.357199999999999,-8.0270200000000003,60.545000000000002,173.34399999999999,133.02699999999999,98.1661,151.93600000000001,270.40100000000001,168.202,118.57899999999999,151.08699999999999,153.68600000000001,143.648,244.922,121.794,91.740499999999997,135.11600000000001,113.038,117.111,120.116,154.887,867.173,-208.41800000000001,-404.43599999999998,348.16800000000001,1304.77,14126.299999999999,17640.099999999999,33992.900000000001,33853.5,37693.300000000003,29833.099999999999,35312,31524,27546.700000000001,26528.5,9445.4099999999999,15825.9,6471.9499999999998,6047.7200000000003,2872,6032.9099999999999,1329.8499999999999,1238.6700000000001,1068.79,1103.3299999999999,650.09699999999998,2013.22,-344.88400000000001,-1438.6199999999999,9509.0699999999997,37253.699999999997,47703.400000000001,91663.300000000003,90937.800000000003,103449,104263,100905,82518,84668.100000000006,54952.800000000003,40977.599999999999,39150,21713.200000000001,18239.900000000001,21456.465,10302.299999999999,6657.5500000000002,5768.4300000000003,2821.9099999999999,4254.25,4304.5299999999997,2935.1300000000001,16775.900000000001
-0.238651,6.8032199999999996,-12.190799999999999,32.467399999999998,23.4602,67.253699999999995,92.378399999999999,154.696,180.35599999999999,183.59100000000001,193.47800000000001,150.59299999999999,218.56299999999999,164.31899999999999,189.655,128.946,160.386,144.77000000000001,171.80000000000001,128.04300000000001,137.58500000000001,97.814499999999995,113.193,75.087299999999999,68.109399999999994,580.31200000000001,-0.120474,-3.12209,13.552099999999999,14.141299999999999,41.430900000000001,19.030899999999999,68.021299999999997,116.279,113.69,118.08799999999999,125.47499999999999,154.95699999999999,138.40799999999999,105.69799999999999,108.79000000000001,124.74299999999999,116.79900000000001,132.99799999999999,121.58499999999999,76.732399999999998,86.084000000000003,83.293800000000005,88.913700000000006,88.463300000000004,84.456199999999995,586.64800000000002,-87.517600000000002,-85.145600000000002,1134.8699999999999,8574.4699999999993,14474.700000000001,20645.900000000001,28421.5,31133.400000000001,31731.5,29578,29572.799999999999,23084.599999999999,21295.200000000001,14889.799999999999,9629.1700000000001,10175.799999999999,5811.6800000000003,3914.75,2905.3699999999999,3625.8000000000002,743.94799999999998,997.05100000000004,92.331800000000001,598.43299999999999,359.524,1312.1600000000001,-207.84100000000001,-104.738,8813.5,33883.099999999999,54141.5,76127.5,82051.899999999994,83909.800000000003,79731.800000000003,76114.300000000003,63676.300000000003,53688.699999999997,38974.800000000003,32640.599999999999,26950.099999999999,16914.599999999999,12576.5,10302.299999999999,11564.064999999999,5957.9099999999999,4520.3500000000004,2352.8699999999999,2587.6700000000001,1893.5899999999999,1600.72,9241.9200000000001
-0.012163999999999999,7.8498700000000001,19.960000000000001,66.449700000000007,63.500999999999998,91.250200000000007,115.554,143.83000000000001,204.446,155.529,161.584,125.649,133.82499999999999,87.966999999999999,157.03700000000001,97.349400000000003,115.242,98.8429,137.63999999999999,83.727000000000004,80.899000000000001,54.735500000000002,108.386,41.237499999999997,32.2515,340.49299999999999,-0.171849,1.3691599999999999,-6.9133899999999997,1.1266099999999999,54.786700000000003,12.651999999999999,54.9026,65.533500000000004,76.392700000000005,106.78,87.915899999999993,76.813999999999993,101.791,87.974500000000006,64.420100000000005,82.648700000000005,89.665099999999995,66.053700000000006,106.121,62.310600000000001,69.409000000000006,51.580300000000001,54.786200000000001,51.9133,53.271900000000002,389.488,-24.049099999999999,165.245,1717.7,8651.3099999999995,11259.1,18296.5,20104.099999999999,22033.799999999999,24032.400000000001,25081.599999999999,21605.299999999999,19765,14482.5,8573.5300000000007,9216.6000000000004,6337.2399999999998,4387.1199999999999,2775.98,2345.2800000000002,2469.48,989.92200000000003,214.215,87.098600000000005,154.75800000000001,-55.3399,756.67600000000004,-124.505,160.65799999999999,7304.3299999999999,18168.700000000001,41328.699999999997,52739.400000000001,64031.300000000003,61604,58963.900000000001,56294.099999999999,46087.099999999999,36573.5,27126.5,27096.799999999999,18086.5,13597.9,8965.0100000000002,6657.5500000000002,5957.9099999999999,9357.5933999999997,2849.21,1361.05,1939.6600000000001,621.69399999999996,1121.47,6037.79
0.72083900000000001,24.040400000000002,28.847799999999999,53.407200000000003,44.898800000000001,102.575,104.059,133.999,144.41,137.78899999999999,155.732,122.887,102.06699999999999,117.65000000000001,100.178,99.840400000000002,89.007900000000006,99.784599999999998,92.460300000000004,72.610399999999998,81.950400000000002,36.185400000000001,61.243899999999996,48.876600000000003,27.616499999999998,272.69,-0.076651499999999997,1.6811499999999999,25.468900000000001,17.065899999999999,23.797000000000001,48.713799999999999,52.110700000000001,67.727000000000004,71.946600000000004,84.703000000000003,109.20099999999999,66.992099999999994,77.709800000000001,86.963700000000003,43.136800000000001,66.616200000000006,64.794600000000003,77.598600000000005,70.511200000000002,51.465299999999999,59.555300000000003,28.5867,43.0214,31.9419,27.764700000000001,221.99299999999999,-46.131100000000004,116.369,3795.9200000000001,11759.799999999999,13028.4,16255.5,17210.599999999999,22555.400000000001,19032.5,20688.200000000001,16193.200000000001,14493.299999999999,12916.700000000001,7225.7399999999998,7268.5100000000002,5353.5500000000002,3609.6399999999999,1920.4000000000001,1531.0999999999999,1555.97,540.423,562.25,130.018,251.143,342.43799999999999,786.73500000000001,-157.47900000000001,1082.3299999999999,11765.6,24303.099999999999,42895.400000000001,49040.099999999999,53457.900000000001,50287.099999999999,44617.300000000003,41789.300000000003,39853.199999999997,27073.5,23768.599999999999,17759.599999999999,14172.1,11439.799999999999,7311.5699999999997,5768.4300000000003,4520.3500000000004,2849.21,5671.1133,1572.5899999999999,1016.67,258.11500000000001,518.44500000000005,3044.6300000000001
-0.047156499999999997,19.8674,41.520000000000003,58.934600000000003,38.279499999999999,73.726699999999994,60.550600000000003,64.423400000000001,125.086,-0.78843799999999997,55.119300000000003,37.999000000000002,58.921399999999998,-5.0185700000000004,63.865900000000003,14.9285,16.075099999999999,32.217100000000002,34.937899999999999,15.1731,47.4664,-16.790700000000001,23.479900000000001,-2.3855,3.0415199999999998,4.2002600000000001,-0.092514299999999994,-2.0457100000000001,16.782599999999999,6.3826000000000001,30.653400000000001,44.779299999999999,34.445900000000002,12.1365,16.188199999999998,53.380400000000002,56.4559,37.035299999999999,15.7453,43.7455,40.951300000000003,44.741,40.726900000000001,10.165100000000001,36.289499999999997,30.945799999999998,5.4659700000000004,3.9055399999999998,23.7273,12.926399999999999,-2.8566500000000001,29.785399999999999,20.184899999999999,111.107,2819.8000000000002,7040.8299999999999,9745.6000000000004,14476.1,8394.2999999999993,12433.799999999999,12740.700000000001,12179,9948.5599999999995,5812.5500000000002,4604.8299999999999,814.83000000000004,3037.79,211.99799999999999,2431.9099999999999,1208.1700000000001,1505.0599999999999,724.90300000000002,237.94399999999999,58.040500000000002,-354.52600000000001,9.1379599999999996,139.971,822.88199999999995,-117.764,1320.95,7842.3800000000001,17172,23973.5,24515.400000000001,32016.5,27909,23505.700000000001,20474.099999999999,23559.599999999999,10347,13405.5,10062.6,7317.4799999999996,7816.29,1760.53,2821.9099999999999,2352.8699999999999,1361.05,1572.5899999999999,3948.9917,515.61900000000003,-709.76700000000005,55.558799999999998,-226.077
-0.40491500000000002,-13.8178,-30.909300000000002,-31.534300000000002,-29.848700000000001,-56.494100000000003,-19.194700000000001,-15.5114,-34.2288,43.805999999999997,-13.3713,7.7567700000000004,33.271900000000002,49.856499999999997,18.421700000000001,27.390799999999999,58.335500000000003,27.231400000000001,45.968600000000002,47.896099999999997,23.470600000000001,49.155999999999999,45.439900000000002,21.684100000000001,37.249899999999997,267.762,0.025725600000000001,3.6607099999999999,2.63889,-0.029777499999999998,-16.054200000000002,-29.2743,5.4753299999999996,33.334899999999998,26.507400000000001,1.7727200000000001,18.418299999999999,46.551600000000001,29.653500000000001,9.2852399999999999,22.5366,43.713799999999999,31.201499999999999,57.909199999999998,34.154299999999999,16.066099999999999,28.079699999999999,25.2715,16.792899999999999,23.034800000000001,51.9833,252.37899999999999,-45.756799999999998,-255.50899999999999,-605.79899999999998,-2836.8200000000002,1513.21,2708.1100000000001,7256.29,3130.46,5047.9799999999996,2784.0799999999999,8077.2399999999998,6024.2600000000002,5762.96,6918.5699999999997,1974.8699999999999,3410.5900000000001,1048.8199999999999,1667.4400000000001,124.334,1971.03,334.77999999999997,106.821,515.85199999999998,224.75399999999999,111.29900000000001,153.01900000000001,-36.133499999999998,-815.46199999999999,-1375.6199999999999,3098.1399999999999,-1994.8599999999999,10597.299999999999,4495.2700000000004,17014.400000000001,16116.5,18575.900000000001,14111.4,20222.200000000001,12006,8757.5400000000009,8703.0599999999995,3967.7600000000002,4571.8800000000001,4254.25,2587.6700000000001,1939.6600000000001,1016.67,515.61900000000003,3305.9773,1285.29,1262.29,6118.4099999999999
-1.1914100000000001,-34.605400000000003,-82.668899999999994,-105.79900000000001,-63.380800000000001,-100.024,-29.728300000000001,-26.719100000000001,-124.871,110.19199999999999,-26.932700000000001,52.4148,123.182,171.428,29.273199999999999,84.954800000000006,89.379599999999996,61.100999999999999,23.6966,73.489900000000006,27.4312,114.349,31.618500000000001,61.760100000000001,82.671000000000006,446.87,0.22969999999999999,3.9971700000000001,-4.0401600000000002,18.498999999999999,-47.5458,-49.073399999999999,-1.8182,82.835899999999995,62.926499999999997,-26.462,-4.4717599999999997,120.371,63.298000000000002,6.7369500000000002,48.4251,52.743099999999998,17.174700000000001,118.953,14.358000000000001,10.3658,52.396799999999999,73.903499999999994,32.320900000000002,35.895200000000003,82.7667,400.19,-59.213900000000002,-358.94900000000001,-2817.9499999999998,-6330.9300000000003,2461.4499999999998,-3384.7399999999998,12562.1,8330.6399999999994,7781.9499999999998,-286.55599999999998,8256.4500000000007,6625.7200000000003,7323.9700000000003,12893,-22.175599999999999,7579.6400000000003,40.567300000000003,918.21100000000001,-435.73599999999999,1798.28,178.11199999999999,578.27599999999995,1339.9300000000001,591.04499999999996,176.738,273.90800000000002,295.95299999999997,-2056.9099999999999,-5002.96,4721.6000000000004,-1871.54,23523.099999999999,7882.2700000000004,24348.900000000001,23549.900000000001,23980.099999999999,10210.6,29933.299999999999,12527,5624.6800000000003,9477.6000000000004,1235.8900000000001,6669.2799999999997,4304.5299999999997,1893.5899999999999,621.69399999999996,258.11500000000001,-709.76700000000005,1285.29,4921.5199999999995,1987.6900000000001,7731.6099999999997
-1.2257499999999999,-24.6631,-41.177100000000003,-59.462299999999999,-36.000500000000002,-84.867599999999996,-0.33749400000000002,-36.4925,-66.980099999999993,71.5608,-46.352899999999998,25.012899999999998,78.714399999999998,67.229100000000003,15.391500000000001,43.840699999999998,69.666700000000006,23.432600000000001,0.23033699999999999,45.426000000000002,13.3172,56.136499999999998,39.414099999999998,23.960699999999999,51.338500000000003,266.23200000000003,0.126553,4.9368299999999996,-1.83487,11.604200000000001,-26.212399999999999,-32.926299999999998,2.4201299999999999,43.004800000000003,40.945399999999999,-18.416499999999999,-1.1017300000000001,51.800800000000002,25.140799999999999,-3.5911400000000002,8.1844999999999999,54.456299999999999,14.3161,64.421800000000005,20.223500000000001,15.7117,34.388300000000001,36.998399999999997,14.3003,0.28612300000000002,61.342799999999997,269.74799999999999,-18.7699,-97.097899999999996,-1644.1700000000001,-2690.25,1367.72,-115.163,7115.6800000000003,5942.9899999999998,5160.54,253.55600000000001,5774.4899999999998,4672.96,6344.1400000000003,7599.2799999999997,564.88699999999994,4876.8299999999999,367.96300000000002,812.40999999999997,-273.99900000000002,1620.7,320.28100000000001,138.73400000000001,1167.1300000000001,320.76100000000002,48.692500000000003,435.81900000000002,124.011,-856.851,-1763.1900000000001,1734.02,-853.35400000000004,15208.700000000001,2278.1700000000001,16101.5,12003.299999999999,14082.6,7502.9200000000001,19881.200000000001,9345.8500000000004,5669.2700000000004,7071.25,1848.8800000000001,4086.6300000000001,2935.1300000000001,1600.72,1121.47,518.44500000000005,55.558799999999998,1262.29,1987.6900000000001,2937.0376999999999,4649.1000000000004
-2.0395300000000001,-92.592100000000002,-202.27500000000001,-249.72399999999999,-168.59700000000001,-254.447,-121.24299999999999,-20.3871,-196.535,251.29900000000001,2.9104299999999999,82.090100000000007,245.84899999999999,374.25200000000001,113.485,183.34299999999999,269.60399999999998,169.38499999999999,205.239,235.822,109.39400000000001,285.69099999999997,169.08699999999999,134.32400000000001,187.994,1354.1900000000001,0.25989499999999999,8.3351500000000005,8.8548799999999996,14.9968,-79.143900000000002,-147.40799999999999,11.535500000000001,199.22300000000001,141.928,-4.8075400000000004,50.218699999999998,298.404,174.958,32.3842,148.72499999999999,153.124,120.136,296.99000000000001,112.21899999999999,49.290700000000001,139.28399999999999,151.88999999999999,103.691,142.27699999999999,245.357,1253.6900000000001,-207.733,-1003.25,-8156.7399999999998,-18473.599999999999,-324.24700000000001,-3915.0799999999999,31672.5,14127.5,20022.599999999999,7164.6599999999999,28791.099999999999,24877.599999999999,25366.099999999999,33466.800000000003,4064.5300000000002,18407.599999999999,2896.9400000000001,5305.75,307.37599999999998,7506.7799999999997,1210.45,1516.02,2204.9099999999999,1363.9200000000001,438.75799999999998,341.43799999999999,-98.684200000000004,-5893.46,-12766,10847,-6790.1800000000003,56169,27888.299999999999,69610.5,75332.399999999994,83757.699999999997,49396.199999999997,85597.199999999997,40706.800000000003,31210.400000000001,35401.699999999997,10298.9,19262.599999999999,16775.900000000001,9241.9200000000001,6037.79,3044.6300000000001,-226.077,6118.4099999999999,7731.6099999999997,4649.1000000000004,31426.901999999998
